customer_id,full_name,email,phone,city,signup_date,notes
269,Mary Nguyen,mary.nguyen269@yahoo.com,8728923567,Montreal,2022-01-15,Prefers text reminders
578,John Campbell,john_campbell578@hotmail.com,4659426815,Montreal,2019-05-28,
482,Joseph Roy,joseph.roy482@hotmail.com,921.818.9302,Edmonton,2020-12-23,Prefers text reminders
1501,Nancy Taaylor,nancytaaylor1501@outlook.com,7821678948,Montreal,2023-02-12,
1506,Kevin Halll,kevinhalll1506@yahoo.com,(763) 054-4575,Moncton,2025-07-13,Opted out of email marketing
1447,James Chan,jameschan1447@outlook.com,(450) 586-8444,Regina,2024-02-06,Gold member - loyalty since 2024
302,Kevin Hall,kevin_hall302@hotmail.com,7166175547,Moncton,2023-02-11,Opted out of email marketing
816,Jessica Patel,jessicapatel816@hotmail.com,336-402-6886,waterloo,2020-10-08,Gold member - loyalty since 2020
624,David Lee,david_lee624@yahoo.com,256-766-1252,Winnipeg,2020-08-13,Opted out of email marketing
202,Daniel MacDonald,daniel.macdonald202@gmail.com,0116550039,montreal,2020-10-08,
725,Jessica Young,jessica.young725@outlook.com,788.941.7634,TORONTO,2019-12-06,Silver member - loyalty since 2022
988,Daniel Anderson,daniel.anderson988@hotmail.com,613.544.5961,Vancouver,2024-06-05,
422,Susan Clark,susan_clark422@yahoo.com,9959199820,"Regina, SK",2023-07-20,Platinum member - loyalty since 2022
554,Andrew Smith,andrew.smith554@yahoo.com,6986581545,Calgary,2024-09-05,
1355,James Young,james.young1355@gmail.com,589.567.2430,Waterloo,2023-08-12,Gold member - loyalty since 2021
443,Brian MacDonald,brian_macdonald443@yahoo.com,(959) 223-2587,Montreal,2025-03-19,Gold member - loyalty since 2023
1180,Sarah Nguyen,sarahnguyen1180@gmail.com,676-379-9939,"Winnipeg, MB",2022-09-08,
454,David Gagnon,davidgagnon454@yahoo.com,(569) 552-2465,Waterloo,2024-08-12,
1434,Daniel Anderson,danielanderson1434@outlook.com,(522) 598-4096,Vancouver,2022-02-19,
1456,Jason Anderson,jasonanderson1456@gmail.com,819-728-4437,Quebec City,2020-08-23,Requested large-print labels
1220,Kevin Anderson,kevin_anderson1220@gmail.com,(672) 740-3143,Kitchener,2020-07-04,"Prefers pickup, not delivery"
1202,Justin Chan,justin_chan1202@outlook.com,838.372.8371,Toronto,2021-03-14,Gold member - loyalty since 2024
943,Jason Nguyen,jasonnguyen943@hotmail.com,(177) 788-9646,toronto,2021-03-26,
61,Mary Wilson,mary.wilson61@yahoo.com,(821) 740-5275,Saskatoon,2024-06-04,Prefers text reminders
102,Robert Tremblay,roberttremblay102@yahoo.com,193-187-0074,London,2021-02-14,Platinum member - loyalty since 2021
108,Linda Lee,lindalee108@hotmail.com,776-455-2265,"Calgary, AB",2025-01-10,Gold member - loyalty since 2023
1476,Joseph Patel,joseph.patel1476@yahoo.com,316-520-9239,Vancouver,2023-07-18,
1242,Susan Campbell,susancampbell1242@gmail.com,970-334-4308,Toronto,2021-11-18,Gold member - loyalty since 2020
1297,John Chan,john.chan1297@outlook.com,4977185208,REGINA,2025-01-14,Silver member - loyalty since 2022
1006,Justin Smith,justin_smith1006@outlook.com,589-910-0608,Toronto,2022-11-23,Platinum member - loyalty since 2020
404,Mary Chan,mary.chan404@gmail.com,(200) 089-4298,Ottawa,2024-04-01,Silver member - loyalty since 2019
1511,Ryyan Anderson,ryyananderson1511@outlook.com,138-750-6072,Waterloo,2021-04-04,
463,Lisa Patel,lisapatel463@gmail.com,925.181.9793,Montreal,2021-05-28,
538,Sarah Brown,sarahbrown538@outlook.com,631.670.4970,Quebec City,2021-09-10,
702,John Hall,john_hall702@hotmail.com,467-827-2036,Vancouver,2025-05-11,Prefers text reminders
1069,Andrew Young,andrew.young1069@hotmail.com,0535762250,Saskatoon,2020-01-09,Prefers text reminders
1325,Jennifer Wilson,jennifer.wilson1325@hotmail.com,(420) 926-9837,Quebec City,2019-07-03,Platinum member - loyalty since 2022
1271,Brian Gagnon,briangagnon1271@hotmail.com,743-681-6521,Vancouver,2020-03-21,
645,Michelle Chan,michelle.chan645@gmail.com,9612734670,Toronto,2022-04-25,
159,Patricia Chan,patricia_chan159@yahoo.com,950-747-2950,CALGARY,2024-09-15,
1332,Jessica Nguyen,jessicanguyen1332@yahoo.com,488.147.0379,Winnipeg,2025-04-11,
376,Jason Gagnon,jasongagnon376@hotmail.com,1520638992,Vancouver,2023-03-03,Opted out of email marketing
1085,Andrew Campbell,andrew.campbell1085@gmail.com,(531) 162-1929,"Vancouver, BC",2020-03-23,
401,Mary Anderson,mary.anderson401@hotmail.com,133.639.5114,London,2020-05-30,Silver member - loyalty since 2019
112,Brandon Hall,brandon_hall112@outlook.com,878.428.3017,Edmonton,2020-03-16,
1288,Justin Tremblay,justin_tremblay1288@hotmail.com,107-098-3552,waterloo,2025-05-08,Requested large-print labels
1197,Matthew Tremblay,matthewtremblay1197@hotmail.com,823-104-3915,Ottawa,2019-07-28,Gold member - loyalty since 2020
794,Amanda White,amanda.white794@yahoo.com,(668) 334-8138,Edmonton,2021-08-29,Gold member - loyalty since 2025
626,Elizabeth Campbell,elizabeth_campbell626@outlook.com,832.998.6895,Montreal,2021-02-20,
651,Emily Gagnon,emily.gagnon651@outlook.com,(713) 624-9685,Halifax,2022-01-16,
1283,Jason Roy,jason.roy1283@gmail.com,394-556-9274,Edmonton,2021-06-22,Silver member - loyalty since 2019
66,Karen Wilson,karen.wilson66@outlook.com,6731355506,Moncton,2024-01-28,
49,Nancy Chan,nancychan49@hotmail.com,6682801619,Toronto,2019-01-14,Requested large-print labels
960,Ryan Smith,ryan_smith960@outlook.com,3696433653,Vancouver,2019-11-15,Requested large-print labels
1196,Patricia Anderson,patriciaanderson1196@hotmail.com,488.929.9193,Edmonton,2024-06-20,
1004,Jennifer Smith,jennifer_smith1004@outlook.com,425-381-0689,Toronto,2022-08-23,
1483,Robert Campbell,robert_campbell1483@yahoo.com,1748892868,Halifax,2022-01-01,Prefers text reminders
609,Karen White,karen.white609@yahoo.com,(493) 981-7383,Vancouver,2020-10-28,Requested large-print labels
532,Lisa Gagnon,lisagagnon532@outlook.com,7958243515,Saskatoon,2024-03-10,
76,Justin Chan,justinchan76@outlook.com,237.920.1997,Quebec city,2024-01-26,
249,James Singh,jamessingh249@yahoo.com,(517) 845-3144,Toronto,2022-09-27,
1241,Brian Lee,brian.lee1241@hotmail.com,269.719.6406,CALGARY,2020-10-20,Prefers text reminders
944,Karen Tremblay,karentremblay944@outlook.com,6996713831,Montreal,2023-11-11,Gold member - loyalty since 2019
178,Susan Roy,susan.roy178@gmail.com,361-739-0104,Saskatoon,2021-06-04,
1384,James Brown,jamesbrown1384@hotmail.com,482-845-1116,Montreal,2024-03-16,
1523,Matthew MacDonnald,matthew.macdonnald1523@hotmail.com,(034) 671-8657,Vancouvr,2020-03-12,Platinum member - loyalty since 2023
614,Michelle Martin,michellemartin614@hotmail.com,981-666-6403,"Ottawa, ON",2023-04-20,
1348,James Taylor,james.taylor1348@outlook.com,154-667-3949,Calgary,2021-05-15,
1095,Jennifer Clark,jennifer_clark1095@gmail.com,5107925148,Ottawa,2024-01-15,Requested large-print labels
170,Joseph Smith,josephsmith170@hotmail.com,376.195.3907,"Ottawa, ON",2023-05-26,Requested large-print labels
492,Susan Lee,susan_lee492@outlook.com,(045) 830-5856,Vancouver,2020-11-28,
409,Emily Nguyen,emily.nguyen409@outlook.com,(200) 478-9914,"Montreal, QC",2025-06-30,
670,Emily Nguyen,emily_nguyen670@outlook.com,(976) 497-3534,Vancouver,2024-03-23,
1029,Patricia MacDonald,patriciamacdonald1029@hotmail.com,(026) 731-6895,Waterloo,2024-10-08,Gold member - loyalty since 2023
706,Susan Chan,susanchan706@yahoo.com,061-893-6446,REGINA,2023-06-04,Silver member - loyalty since 2021
1017,Justin Clark,justin_clark1017@hotmail.com,1418453024,Montreal,2019-05-31,Platinum member - loyalty since 2023
38,Michelle Lee,michelle.lee38@gmail.com,(284) 089-8068,London,2024-07-23,
1146,Patricia Roy,patriciaroy1146@outlook.com,814.545.4644,Toronto,2025-04-14,"Prefers pickup, not delivery"
256,Michael Roy,michaelroy256@gmail.com,(834) 881-1857,Quebec City,2025-05-20,Prefers text reminders
703,Nancy Gagnon,nancy_gagnon703@gmail.com,9694008324,London,2023-06-11,
594,Sarah Hall,sarahhall594@gmail.com,8892778044,Halifax,2020-06-24,Silver member - loyalty since 2024
293,Elizabeth Tremblay,elizabethtremblay293@gmail.com,852-712-6089,Montreal,2023-06-30,
436,James Patel,james_patel436@yahoo.com,(228) 132-6587,Saskatoon,2022-08-24,Silver member - loyalty since 2021
1134,Linda Brown,lindabrown1134@yahoo.com,941.877.0365,Halifax,2019-01-24,Gold member - loyalty since 2021
237,John Young,john.young237@outlook.com,7637934719,Vancouver,2024-10-25,
963,Michelle Patel,michellepatel963@outlook.com,8694265779,Vancouver,2024-12-03,
92,Nancy Hall,nancy_hall92@yahoo.com,208.230.2039,Quebec City,2022-10-07,
373,Michael Campbell,michael.campbell373@gmail.com,146-748-2786,Halifax,2021-04-10,Gold member - loyalty since 2020
1046,Michael Wilson,michael_wilson1046@yahoo.com,3511582388,Toronto,2023-04-11,
303,Susan Clark,susan.clark303@gmail.com,(984) 050-4520,Moncton,2024-11-26,Silver member - loyalty since 2021
809,Justin Taylor,justintaylor809@outlook.com,146.314.5789,Calgary,2021-04-16,
383,Elizabeth Chan,elizabethchan383@yahoo.com,7503940180,Ottawa,2022-02-26,Gold member - loyalty since 2025
1354,Daniel Lee,daniel.lee1354@outlook.com,665-493-4673,Quebec city,2023-05-24,Silver member - loyalty since 2024
1534,Keevin Young,keevin_young1534@yahoo.com,6819081876,Regina,2022-05-30,
1075,Justin Hall,justin_hall1075@gmail.com,5579291845,Montreal,2020-09-15,
778,Jason Anderson,jasonanderson778@hotmail.com,2206738394,"Halifax, NS",2024-01-31,Requested large-print labels
598,Brandon Lee,brandonlee598@outlook.com,4717716765,Moncton,2022-11-20,
973,Nancy MacDonald,nancy_macdonald973@gmail.com,(808) 589-7696,Montreal,2022-10-29,
1082,Susan Hall,susanhall1082@hotmail.com,9830886468,Vancouver,2022-03-13,
1532,Susan Cllark,susan_cllark1532@gmail.com,(251) 983-6473,Toronto,2022-12-06,
1059,Daniel Singh,danielsingh1059@yahoo.com,358.847.3798,Vancouver,2021-08-25,"Prefers pickup, not delivery"
1265,Michelle Tremblay,michelletremblay1265@outlook.com,(468) 632-7845,Calgary,2025-01-22,Prefers text reminders
195,Patricia Gagnon,patricia.gagnon195@outlook.com,(986) 224-6680,Winnipeg,2019-12-21,Silver member - loyalty since 2019
791,Jason Roy,jasonroy791@hotmail.com,(978) 136-0787,"Ottawa, ON",2023-12-03,
1090,Jennifer Tremblay,jennifer.tremblay1090@yahoo.com,3954325615,Quebec city,2023-06-20,
1543,Laura Leee,laura.leee1543@outlook.com,(286) 153-9636,Ottawa,2024-07-12,
103,Michael Tremblay,michaeltremblay103@hotmail.com,3189580031,TORONTO,2020-07-19,Gold member - loyalty since 2023
930,John Roy,johnroy930@yahoo.com,(905) 933-3764,Quebec City,2025-02-03,
608,Patricia White,patricia_white608@outlook.com,(158) 223-9301,Calgary,2020-06-30,
481,Jennifer Lee,jennifer_lee481@gmail.com,(290) 793-4556,Moncton,2024-10-15,Gold member - loyalty since 2023
81,Lisa Smith,lisa_smith81@hotmail.com,492.509.3009,CALGARY,2023-03-18,
54,Michael Campbell,michaelcampbell54@hotmail.com,487.714.7203,Winnipeg,2020-10-08,Platinum member - loyalty since 2021
402,Robert Clark,robert.clark402@yahoo.com,012.886.4117,Kitchener,2022-05-20,
640,Justin Campbell,justin.campbell640@hotmail.com,(872) 637-6265,edmonton,2020-04-21,
1021,Joseph Gagnon,josephgagnon1021@outlook.com,7857508961,"Montreal, QC",2022-12-11,Silver member - loyalty since 2022
847,Daniel MacDonald,daniel.macdonald847@gmail.com,(656) 409-4199,Edmonton,2023-04-15,
444,Jessica Brown,jessicabrown444@outlook.com,272.481.8948,Ottawa,2020-07-04,
664,Jessica Hall,jessica.hall664@gmail.com,843.733.8023,Calgary,2020-04-25,Prefers text reminders
1114,Joseph Singh,joseph.singh1114@outlook.com,5443602590,Hamilton,2021-10-26,
1007,Ryan Patel,ryanpatel1007@outlook.com,(218) 213-6374,waterloo,2020-02-16,Platinum member - loyalty since 2022
331,Sarah Nguyen,sarah.nguyen331@hotmail.com,9288787833,Montreal,2020-02-27,
1170,Elizabeth Singh,elizabeth.singh1170@outlook.com,578.757.7076,"Calgary, AB",2024-01-13,
287,Nancy Roy,nancy_roy287@gmail.com,608-456-0751,Kitchener,2019-05-30,
1458,Kevin Wilson,kevin_wilson1458@hotmail.com,464-684-1958,Toronto,2023-04-09,Platinum member - loyalty since 2021
953,Brian Wilson,brian.wilson953@hotmail.com,6343162008,Edmonton,2020-04-21,
1101,David Anderson,davidanderson1101@hotmail.com,768.245.8348,Montreal,2025-01-06,Gold member - loyalty since 2019
997,Brian White,brianwhite997@gmail.com,(195) 293-3131,Regina,2025-05-10,
629,Robert White,robert.white629@yahoo.com,(886) 784-1047,Toronto,2024-07-30,
526,Michelle Anderson,michelle.anderson526@outlook.com,3276992379,vancouver,2019-10-15,
992,Mary Gagnon,marygagnon992@outlook.com,944.547.3221,Toronto,2020-10-22,
881,Michelle Brown,michellebrown881@yahoo.com,(324) 994-6298,Toronto,2021-05-04,Silver member - loyalty since 2023
760,Justin Taylor,justin.taylor760@gmail.com,479.177.0349,Calgary,2021-09-13,Gold member - loyalty since 2019
284,James Hall,jameshall284@hotmail.com,414-842-6274,Calgary,2024-06-02,Opted out of email marketing
831,Mary Brown,marybrown831@gmail.com,(453) 244-1932,"Toronto, ON",2023-01-14,"Prefers pickup, not delivery"
738,Justin White,justin_white738@hotmail.com,(682) 306-0284,Montreal,2023-10-02,Platinum member - loyalty since 2024
268,Nancy Lee,nancylee268@outlook.com,447.739.0560,Ottawa,2024-04-06,Platinum member - loyalty since 2024
882,Jessica White,jessicawhite882@outlook.com,598.019.1736,TORONTO,2025-03-16,"Prefers pickup, not delivery"
1386,Jason Martin,jason.martin1386@yahoo.com,6408119931,Toronto,2024-04-01,Prefers text reminders
547,Sarah Brown,sarah.brown547@hotmail.com,149-869-3469,Waterloo,2023-04-03,
362,Robert Martin,robert.martin362@yahoo.com,115.367.1143,Toronto,2025-07-21,Silver member - loyalty since 2021
1178,Michelle Nguyen,michelle_nguyen1178@gmail.com,(066) 801-5344,Halifax,2023-01-11,
1277,Nancy Patel,nancy_patel1277@outlook.com,(477) 395-0998,Montreal,2024-05-02,Gold member - loyalty since 2025
259,Jennifer Smith,jennifer_smith259@hotmail.com,(605) 688-6460,Montréal,2020-07-10,Silver member - loyalty since 2024
286,Kevin Lee,kevinlee286@yahoo.com,150-945-9106,Regina,2020-10-29,
322,Joseph Taylor,joseph.taylor322@yahoo.com,981.019.4771,TORONTO,2021-03-14,
1451,Sarah White,sarahwhite1451@gmail.com,010-362-7518,Toronto,2023-02-21,Silver member - loyalty since 2019
814,Jason Young,jasonyoung814@yahoo.com,0612711359,Edmonton,2023-04-21,
1014,John Clark,johnclark1014@hotmail.com,096.984.2855,Montreal,2021-01-23,
182,Jessica Clark,jessica_clark182@outlook.com,1918453122,Toronto,2019-05-04,
1315,Emily Lee,emily.lee1315@outlook.com,767-176-5874,Toronto,2020-10-02,
120,James Young,jamesyoung120@outlook.com,(758) 737-3496,Edmonton,2023-07-19,Gold member - loyalty since 2020
397,Kevin MacDonald,kevin_macdonald397@yahoo.com,2819465092,REGINA,2021-07-07,
1272,Patricia Gagnon,patricia_gagnon1272@outlook.com,140-732-9107,Winnipeg,2020-10-15,Platinum member - loyalty since 2019
573,Mary Brown,marybrown573@yahoo.com,5649403088,Halifax,2021-10-08,
617,Elizabeth Roy,elizabeth_roy617@outlook.com,221.615.7715,Halifax,2024-11-02,Silver member - loyalty since 2023
564,Amanda Wilson,amanda_wilson564@yahoo.com,660.164.6273,Waterloo,2021-10-15,
914,Emily Young,emily_young914@hotmail.com,266.948.9785,Toronto,2023-04-23,
600,Robert Tremblay,roberttremblay600@outlook.com,373-770-5977,Vancouver,2024-12-27,
777,John Young,johnyoung777@yahoo.com,245.020.6196,Halifax,2024-06-24,
1086,Ryan White,ryan.white1086@yahoo.com,2499946922,"Waterloo, ON",2019-02-21,Requested large-print labels
400,Robert MacDonald,robert.macdonald400@outlook.com,579-971-1277,REGINA,2024-12-30,Silver member - loyalty since 2021
1116,Karen Smith,karen.smith1116@gmail.com,2294419982,Toronto,2020-01-28,Prefers text reminders
522,Ryan Tremblay,ryantremblay522@outlook.com,5211170275,Regina,2025-04-21,
853,Amanda Taylor,amanda_taylor853@outlook.com,3168137837,TORONTO,2019-05-25,"Prefers pickup, not delivery"
1292,Ryan MacDonald,ryan.macdonald1292@hotmail.com,535-226-8039,Winnipeg,2022-02-09,Platinum member - loyalty since 2021
917,Jason Roy,jasonroy917@yahoo.com,(649) 408-6147,Quebec City,2020-01-06,
224,Michelle Martin,michelle_martin224@hotmail.com,6770382530,montreal,2025-06-16,
720,Michelle Taylor,michelletaylor720@outlook.com,697-190-9601,Vancouver,2022-12-17,
352,Michelle Chan,michelle_chan352@outlook.com,380.532.0439,Quebec City,2022-11-22,Silver member - loyalty since 2020
557,Daniel Smith,danielsmith557@hotmail.com,567-599-9666,Edmonton,2024-10-31,
644,Sarah Nguyen,sarahnguyen644@gmail.com,747.754.1069,Vancouver,2023-09-29,
209,Daniel White,daniel.white209@yahoo.com,(319) 800-6963,Toronto,2021-04-28,
680,David Brown,david_brown680@outlook.com,520-912-6514,montreal,2020-04-11,
1018,John Roy,johnroy1018@yahoo.com,(711) 003-7770,Toronto,2021-06-26,
1167,Patricia Singh,patricia_singh1167@outlook.com,103.545.1405,Winnipeg,2020-02-28,Platinum member - loyalty since 2019
1013,Karen Chan,karen.chan1013@hotmail.com,773.124.0434,Hamilton,2025-01-27,Silver member - loyalty since 2023
205,Karen Gagnon,karen.gagnon205@yahoo.com,(186) 533-1045,Toronto,2019-10-14,Platinum member - loyalty since 2024
977,Ryan Taylor,ryan.taylor977@outlook.com,684-761-1309,Kitchener,2019-09-30,Gold member - loyalty since 2024
910,James Martin,james_martin910@gmail.com,015.620.6153,Ottawa,2021-11-23,
886,Mary Chan,mary.chan886@yahoo.com,995-988-1815,Ottawa,2023-01-06,Silver member - loyalty since 2020
419,Elizabeth Singh,elizabeth_singh419@hotmail.com,870.742.7274,MONCTON,2021-02-04,
369,David Martin,david.martin369@gmail.com,(146) 637-6943,Moncton,2021-08-17,
821,Amanda Clark,amandaclark821@hotmail.com,9266833055,Quebec City,2024-06-23,
749,Brian Smith,briansmith749@gmail.com,732-172-6144,Waterloo,2023-12-23,
20,Jennifer Tremblay,jennifer_tremblay20@hotmail.com,(199) 688-3705,Vancouver,2023-08-31,
654,Elizabeth Chan,elizabeth.chan654@outlook.com,2307745322,Hamilton,2022-08-10,Platinum member - loyalty since 2021
289,Jessica Clark,jessica.clark289@gmail.com,013-049-2161,OTTAWA,2022-12-23,Gold member - loyalty since 2020
855,Lisa Tremblay,lisa_tremblay855@gmail.com,2051850347,Vancouver,2020-11-16,
448,Emily Patel,emilypatel448@yahoo.com,043.832.5943,Vancouvr,2021-03-19,Silver member - loyalty since 2022
1250,Joseph Tremblay,josephtremblay1250@hotmail.com,988.874.8616,REGINA,2023-04-15,Requested large-print labels
867,Emily Patel,emily.patel867@gmail.com,(209) 288-9605,Vancouver,2023-10-28,
1323,Brian Martin,brian_martin1323@gmail.com,0928957874,Calgary,2025-03-10,"Prefers pickup, not delivery"
4,Matthew Chan,matthew_chan4@outlook.com,286-222-8767,Vancouver,2020-09-18,Platinum member - loyalty since 2022
709,David MacDonald,david.macdonald709@gmail.com,579.265.0146,Calgary,2020-11-01,
116,Jason Wilson,jason_wilson116@gmail.com,143-337-0282,Calgary,2024-02-02,
141,Joseph Anderson,joseph.anderson141@hotmail.com,566-499-4597,Vancouver,2024-06-22,Gold member - loyalty since 2019
1450,Brian Clark,brian.clark1450@gmail.com,195.733.1497,Saskatoon,2020-01-19,
1030,Brandon Chan,brandonchan1030@gmail.com,(186) 819-3596,Halifax,2023-11-07,
168,Robert Smith,robert.smith168@outlook.com,936-041-1189,Calgary,2020-08-03,
826,Patricia Tremblay,patriciatremblay826@gmail.com,(222) 368-9369,Winnipeg,2022-06-30,Opted out of email marketing
1290,Amanda Patel,amanda_patel1290@gmail.com,891.677.0909,winnipeg,2021-01-24,
1298,David Smith,david.smith1298@outlook.com,047.641.1253,Calgary,2020-10-21,
1132,Matthew Smith,matthew_smith1132@yahoo.com,3995469023,Saskatoon,2025-02-26,
50,Andrew Brown,andrew.brown50@outlook.com,311.089.2095,Moncton,2022-12-25,Gold member - loyalty since 2023
95,John White,john.white95@gmail.com,637.983.1931,Toronto,2019-02-22,Silver member - loyalty since 2022
271,Lisa Taylor,lisa_taylor271@yahoo.com,350-631-3710,Regina,2021-02-04,Silver member - loyalty since 2021
1520,RRobert MacDonald,rrobert.macdonald1520@outlook.com,983-627-6785,edmonton,2023-11-21,
615,Sarah Patel,sarah.patel615@yahoo.com,936-111-9249,Ottawa,2021-05-16,
932,Michelle Roy,michelle.roy932@gmail.com,708.072.3969,Moncton,2022-10-01,Platinum member - loyalty since 2024
105,Laura Anderson,lauraanderson105@gmail.com,080-827-7612,Vancouver,2021-12-05,
1478,Emily Tremblay,emily_tremblay1478@gmail.com,(438) 763-8779,London,2022-03-03,Prefers text reminders
1209,Michael Young,michaelyoung1209@gmail.com,867-512-3108,"Calgary, AB",2020-09-11,
949,Emily Hall,emilyhall949@hotmail.com,(315) 617-8455,Winnipeg,2024-04-22,
305,Justin Young,justinyoung305@hotmail.com,5336507083,Quebec City,2019-10-05,
767,Jessica Clark,jessica.clark767@gmail.com,(995) 868-5156,Quebec City,2024-12-17,
191,James Smith,james.smith191@gmail.com,(402) 798-2867,Waterloo,2024-06-06,
300,Patricia Hall,patricia.hall300@yahoo.com,125.961.7805,Quebec,2025-04-20,
1257,Mary Smith,mary_smith1257@yahoo.com,406.594.1741,Vancouver,2024-10-27,Silver member - loyalty since 2021
585,Robert Hall,robert.hall585@gmail.com,897-170-5588,Montreal,2024-04-22,
1330,Brian Wilson,brian.wilson1330@hotmail.com,893-714-7051,Vancouver,2021-11-23,"Prefers pickup, not delivery"
832,Sarah Smith,sarah_smith832@outlook.com,(645) 619-3525,Vancouver,2023-09-11,
1280,Sarah Tremblay,sarahtremblay1280@hotmail.com,198.189.5466,Edmonton,2023-09-11,
260,Robert Campbell,robert.campbell260@hotmail.com,6931566749,Kitchener,2024-10-17,Platinum member - loyalty since 2020
730,Elizabeth Gagnon,elizabeth.gagnon730@yahoo.com,5923803907,Edmonton,2019-03-27,
410,Patricia Gagnon,patricia_gagnon410@outlook.com,327.114.9990,Halifax,2023-03-30,Silver member - loyalty since 2019
655,Mary Campbell,mary.campbell655@outlook.com,351.578.3479,"Toronto, ON",2024-10-07,Platinum member - loyalty since 2019
461,Andrew Wilson,andrew_wilson461@gmail.com,611.433.8098,Quebec City,2023-11-13,Prefers text reminders
415,Susan Martin,susan_martin415@outlook.com,888-054-7977,Hamilton,2020-01-28,Opted out of email marketing
769,Mary Patel,mary.patel769@outlook.com,366-811-5865,Moncton,2025-04-29,Platinum member - loyalty since 2021
52,Amanda White,amandawhite52@gmail.com,6733839202,Moncton,2019-01-01,Silver member - loyalty since 2019
447,Amanda Lee,amanda.lee447@hotmail.com,863.823.9292,Vancouver,2022-08-29,
662,Michael Tremblay,michael.tremblay662@outlook.com,204.624.9067,Quebec City,2022-08-08,Prefers text reminders
1344,Patricia Taylor,patriciataylor1344@gmail.com,122.772.7433,Kitchener,2020-08-31,Platinum member - loyalty since 2025
109,David White,david_white109@hotmail.com,553-460-9545,Winnipeg,2021-07-04,Prefers text reminders
479,Patricia Hall,patricia.hall479@yahoo.com,(005) 344-2805,Toronto,2024-10-10,Gold member - loyalty since 2021
229,Robert Patel,robertpatel229@yahoo.com,169.701.0894,Halifax,2020-10-30,
548,Jason Smith,jason.smith548@hotmail.com,9613938757,Montreal,2022-09-17,
825,Joseph Gagnon,joseph.gagnon825@gmail.com,1336177531,Ottawa,2019-08-12,Opted out of email marketing
871,Michelle White,michelle_white871@outlook.com,(858) 527-0529,Winnipeg,2020-10-17,
1214,Daniel Lee,daniellee1214@yahoo.com,5986596219,Halifax,2021-06-03,
1529,Anddrew Taylor,anddrew.taylor1529@hotmail.com,(012) 031-2738,Waterloo,2023-12-26,
31,Ryan Nguyen,ryan.nguyen31@hotmail.com,779.919.3670,Hamilton,2021-06-27,Requested large-print labels
1314,Daniel Anderson,daniel_anderson1314@gmail.com,348-907-7652,Hamilton,2024-03-06,
661,Nancy Singh,nancy_singh661@hotmail.com,6960208646,"Vancouver, BC",2023-10-22,
1514,Patricia Chan,patricia.chan1514@gmail.com,950-747-2950,CALGARY,2024-09-15,
877,Ryan Lee,ryanlee877@outlook.com,449.731.7797,"Edmonton, AB",2021-05-06,
1275,Joseph Chan,joseph.chan1275@hotmail.com,8659431360,Hamilton,2023-02-21,
1129,Amanda Wilson,amanda.wilson1129@hotmail.com,(336) 472-7888,Winnipeg,2023-10-24,
1426,John Patel,john.patel1426@gmail.com,9506570770,Halifax,2022-06-14,Silver member - loyalty since 2021
993,Jessica Chan,jessica_chan993@yahoo.com,651-190-9180,Calgary,2024-08-07,Silver member - loyalty since 2024
265,Lisa Roy,lisa.roy265@yahoo.com,(487) 777-7996,Waterloo,2024-02-18,Opted out of email marketing
232,Joseph Young,joseph.young232@outlook.com,399-193-1598,"Vancouver, BC",2019-02-15,
875,Kevin Hall,kevin_hall875@outlook.com,361.502.8470,Vancouvr,2024-08-11,
1270,Laura Martin,laura_martin1270@hotmail.com,7438056597,Winnipeg,2022-12-03,
513,Joseph Tremblay,joseph_tremblay513@yahoo.com,(422) 702-1957,QC City,2022-08-09,
942,Laura Anderson,laura.anderson942@hotmail.com,740-411-3396,Toronto,2021-07-26,"Prefers pickup, not delivery"
1459,Jason Tremblay,jason_tremblay1459@yahoo.com,(841) 533-2085,Calgary,2020-10-26,
212,Ryan Gagnon,ryangagnon212@outlook.com,417-824-8525,Calgary,2019-12-01,Silver member - loyalty since 2020
433,Elizabeth Clark,elizabethclark433@yahoo.com,982-350-4949,Montreal,2023-01-24,
89,Michael Smith,michael.smith89@hotmail.com,8150636800,Quebec City,2020-11-24,"Prefers pickup, not delivery"
332,Jessica MacDonald,jessica.macdonald332@hotmail.com,4683658884,Montreal,2022-01-22,Requested large-print labels
660,Brian Taylor,brian_taylor660@hotmail.com,4831204812,"Vancouver, BC",2020-03-10,Platinum member - loyalty since 2024
704,Brian White,brian.white704@gmail.com,(647) 493-5237,Calgary,2019-12-22,Platinum member - loyalty since 2024
1413,James MacDonald,james.macdonald1413@hotmail.com,544.888.6987,vancouver,2019-12-19,
1087,Kevin MacDonald,kevin.macdonald1087@gmail.com,5533159252,Halifax,2022-05-13,Gold member - loyalty since 2019
1224,Lisa Brown,lisabrown1224@hotmail.com,(884) 194-3595,toronto,2022-12-14,Requested large-print labels
1425,David Martin,david_martin1425@gmail.com,(460) 207-1558,Toronto,2020-01-01,
1378,Daniel Campbell,daniel_campbell1378@yahoo.com,7521212802,London,2023-12-25,"Prefers pickup, not delivery"
326,Matthew Clark,matthewclark326@outlook.com,441.540.8615,Waterloo,2019-10-25,Silver member - loyalty since 2024
1512,Daniel Gaagnon,daniel.gaagnon1512@yahoo.com,(629) 674-3145,Quebec City,2022-02-02,"Prefers pickup, not delivery"
1037,Justin Chan,justinchan1037@hotmail.com,944.732.9174,Calgary,2022-08-26,Gold member - loyalty since 2025
387,Amanda Anderson,amanda_anderson387@outlook.com,(538) 321-2070,Quebec City,2021-08-21,
1353,Jennifer Gagnon,jennifer.gagnon1353@gmail.com,772.724.0697,"Winnipeg, MB",2021-02-28,
1001,Michael Nguyen,michael.nguyen1001@outlook.com,092-647-6600,"Edmonton, AB",2023-07-04,
1368,Andrew Taylor,andrew_taylor1368@outlook.com,(012) 031-2738,Waterloo,2023-12-26,
1341,Brian Brown,brian_brown1341@gmail.com,654-128-6910,Toronto,2022-01-21,Silver member - loyalty since 2021
1340,Brian Roy,brianroy1340@yahoo.com,320.278.8435,Calgary,2020-07-15,
693,Michelle Smith,michelle.smith693@yahoo.com,817-332-9380,Montreal,2020-04-02,
1291,Justin Lee,justin.lee1291@hotmail.com,193.529.2046,OTTAWA,2025-03-21,
1225,Elizabeth Singh,elizabeth_singh1225@outlook.com,6138405412,Halifax,2020-11-09,
637,Jessica Singh,jessica_singh637@gmail.com,6747903534,Toronto,2024-01-31,
621,Amanda Martin,amandamartin621@gmail.com,101-330-7977,Vancouver,2022-03-16,
310,John Lee,john_lee310@outlook.com,3343109688,REGINA,2020-07-12,
582,John Nguyen,john.nguyen582@hotmail.com,536-115-4511,Winnipeg,2024-07-30,
1010,Lisa Tremblay,lisa.tremblay1010@hotmail.com,(205) 212-4488,Halifax,2024-08-06,
630,Patricia Hall,patricia.hall630@outlook.com,3337609531,"Calgary, AB",2021-01-19,Prefers text reminders
1464,Amanda Taylor,amanda_taylor1464@hotmail.com,348-719-2840,Montreal,2020-04-25,
762,Sarah Anderson,sarahanderson762@yahoo.com,829-349-8462,Calgary,2024-05-23,
1070,Lisa White,lisa_white1070@hotmail.com,(720) 981-6726,Vancouver,2019-08-08,
57,Matthew Roy,matthew_roy57@hotmail.com,446-328-2416,Montreal,2020-12-08,Requested large-print labels
143,Sarah Clark,sarahclark143@yahoo.com,310.677.5673,Toronto,2022-11-07,
714,Matthew White,matthew.white714@gmail.com,(428) 600-5308,CALGARY,2022-01-26,
536,Jennifer Campbell,jennifer_campbell536@outlook.com,6451609948,Halifax,2019-01-04,
491,Michael Campbell,michael_campbell491@outlook.com,453-586-1587,waterloo,2019-05-05,
981,Susan Clark,susanclark981@outlook.com,(654) 824-4770,Halifax,2019-04-14,Platinum member - loyalty since 2022
562,Michael Smith,michaelsmith562@yahoo.com,7644075461,Montréal,2023-01-16,Requested large-print labels
199,Brian Campbell,brian_campbell199@hotmail.com,5118550773,Toronto,2019-09-03,
160,Kevin Nguyen,kevin.nguyen160@yahoo.com,395.249.3928,Vancouvr,2021-01-08,
228,John Anderson,john_anderson228@yahoo.com,355-338-0488,"Ottawa, ON",2023-08-25,
802,Nancy Lee,nancy.lee802@outlook.com,419-163-8859,London,2020-03-12,Silver member - loyalty since 2024
633,Susan Smith,susansmith633@outlook.com,(817) 661-0365,montreal,2021-03-13,
672,Emily Chan,emily_chan672@outlook.com,(112) 274-7382,Toronto,2021-04-06,Platinum member - loyalty since 2025
731,Daniel Tremblay,daniel.tremblay731@gmail.com,(661) 957-7471,Calgary,2019-12-27,Prefers text reminders
995,Jennifer Brown,jennifer.brown995@outlook.com,(881) 741-8346,Edmonton,2024-07-20,
1206,Joseph Roy,joseph.roy1206@gmail.com,6906004941,Vancouver,2019-09-04,Gold member - loyalty since 2019
641,Laura MacDonald,lauramacdonald641@gmail.com,(923) 358-4745,Regina,2022-02-11,Silver member - loyalty since 2023
613,Lisa Chan,lisa.chan613@gmail.com,981.271.4976,Edmonton,2024-09-21,
1182,Laura Patel,laura_patel1182@hotmail.com,8617765130,Winnipeg,2019-01-14,Gold member - loyalty since 2021
698,Joseph Tremblay,joseph.tremblay698@hotmail.com,4300343149,Waterloo,2020-05-03,
88,Amanda MacDonald,amanda.macdonald88@hotmail.com,0107729184,Quebec,2023-08-23,Silver member - loyalty since 2020
773,Susan White,susan_white773@hotmail.com,(426) 026-3699,Vancouvr,2024-09-24,
1133,Michael Wilson,michaelwilson1133@outlook.com,536-992-7628,Vancouver,2020-08-05,
1033,Linda Hall,linda.hall1033@gmail.com,241-252-0661,TORONTO,2021-12-27,
1243,Amanda Patel,amanda.patel1243@hotmail.com,0206999658,Kitchener,2025-03-15,Platinum member - loyalty since 2019
1367,Patricia Tremblay,patricia_tremblay1367@outlook.com,886-984-1855,Ottawa,2023-03-12,
756,Ryan Gagnon,ryangagnon756@gmail.com,(351) 834-6706,Ottawa,2023-10-29,Opted out of email marketing
560,Robert Singh,robert_singh560@hotmail.com,535-034-5412,Edmonton,2024-11-14,
858,Patricia Clark,patricia_clark858@hotmail.com,(760) 853-5117,Vancouver,2020-04-27,
537,Susan Clark,susan_clark537@hotmail.com,880.761.2527,"Ottawa, ON",2023-05-31,
1143,David Singh,davidsingh1143@yahoo.com,2503811199,Ottawa,2021-12-30,
1028,Daniel Nguyen,danielnguyen1028@hotmail.com,860.003.8290,Edmonton,2025-06-27,
1309,Justin Patel,justin_patel1309@gmail.com,1014485292,Kitchener,2022-01-26,
1553,Daniel Trremblay,daniel.trremblay1553@gmail.com,(661) 957-7471,Calgary,2019-12-27,Prefers text reminders
121,David Singh,david_singh121@yahoo.com,414.965.5480,Calgary,2022-11-25,Requested large-print labels
1540,Amanda BBrown,amanda_bbrown1540@gmail.com,8982484003,Calgary,2022-04-27,
1366,Michelle Hall,michellehall1366@outlook.com,083.069.3466,"Regina, SK",2024-05-28,
84,Robert Wilson,robertwilson84@hotmail.com,323-836-0576,montreal,2021-01-15,Requested large-print labels
1331,Patricia Taylor,patricia_taylor1331@yahoo.com,032.947.8489,"Edmonton, AB",2023-12-12,
984,Joseph Anderson,josephanderson984@outlook.com,192-531-0238,Vancouver,2023-01-15,
187,Karen Smith,karen_smith187@gmail.com,(895) 589-4221,Winnipeg,2020-11-08,Silver member - loyalty since 2021
755,Robert Young,robertyoung755@yahoo.com,(715) 546-0935,Kitchener,2023-02-23,Silver member - loyalty since 2021
1247,Nancy White,nancywhite1247@gmail.com,(106) 883-3000,Vancouver,2020-04-10,Platinum member - loyalty since 2022
315,Nancy Patel,nancypatel315@gmail.com,1528285787,vancouver,2021-09-19,Platinum member - loyalty since 2019
1009,Michelle Taylor,michelle_taylor1009@yahoo.com,003-844-2462,Ottawa,2022-03-17,Requested large-print labels
1139,Jason Young,jason_young1139@outlook.com,070.758.2614,TORONTO,2024-04-18,
134,Laura Clark,laura_clark134@hotmail.com,(247) 959-3734,Montréal,2024-11-13,
1305,Elizabeth Wilson,elizabethwilson1305@hotmail.com,8791847730,Waterloo,2021-09-11,
1318,Patricia Wilson,patriciawilson1318@hotmail.com,043-090-4807,Regina,2023-10-25,
82,Susan Singh,susan.singh82@gmail.com,939-259-8507,Edmonton,2020-06-24,Prefers text reminders
1207,David Lee,david_lee1207@outlook.com,206.332.6169,REGINA,2020-04-09,Prefers text reminders
1329,Nancy Anderson,nancyanderson1329@outlook.com,(733) 730-3905,Toronto,2021-09-28,Silver member - loyalty since 2019
539,Karen Nguyen,karen_nguyen539@outlook.com,212.220.2189,Montreal,2023-03-17,
529,Karen Brown,karenbrown529@hotmail.com,5543236629,Regina,2024-08-09,"Prefers pickup, not delivery"
1216,Michael Tremblay,michael_tremblay1216@hotmail.com,(451) 029-2966,Quebec City,2023-10-25,Platinum member - loyalty since 2019
1119,Karen Gagnon,karen.gagnon1119@outlook.com,(405) 312-2069,Edmonton,2023-02-06,Gold member - loyalty since 2020
1411,Jessica Gagnon,jessicagagnon1411@outlook.com,8960246486,Quebec City,2023-06-27,
336,Jessica Young,jessica_young336@hotmail.com,(536) 872-6018,Winnipeg,2020-06-19,
1239,Patricia Singh,patricia_singh1239@hotmail.com,0521978686,Halifax,2023-04-06,Platinum member - loyalty since 2021
429,Linda MacDonald,linda.macdonald429@hotmail.com,330.484.4557,Regina,2022-12-07,Requested large-print labels
1150,Jennifer Singh,jennifersingh1150@outlook.com,356-109-7768,"Winnipeg, MB",2023-02-17,
1535,Andrew Chan,andrewchan1535@outlook.com,(762) 474-1910,Toronto,2021-10-03,Platinum member - loyalty since 2019
1282,Joseph Anderson,josephanderson1282@gmail.com,2133326434,Hamilton,2021-05-04,
1039,Justin Lee,justin.lee1039@hotmail.com,3723184296,Kitchener,2025-03-07,
939,Matthew Roy,matthewroy939@outlook.com,(522) 111-6989,"Halifax, NS",2019-10-09,
1071,Kevin Martin,kevin.martin1071@outlook.com,(313) 715-9225,Vancouver,2023-02-09,
623,Joseph Smith,joseph_smith623@outlook.com,273.280.7479,Calgary,2021-04-07,Platinum member - loyalty since 2025
954,Emily MacDonald,emily_macdonald954@hotmail.com,(268) 675-2097,Calgary,2022-03-13,Prefers text reminders
1144,Brandon Nguyen,brandon_nguyen1144@hotmail.com,651.455.9550,QC City,2020-01-27,Opted out of email marketing
1171,Joseph Nguyen,josephnguyen1171@hotmail.com,(799) 582-9089,Kitchener,2023-11-09,
13,Robert Clark,robert.clark13@hotmail.com,(838) 049-6348,Vancouver,2020-10-02,Gold member - loyalty since 2023
820,Sarah Tremblay,sarah_tremblay820@gmail.com,711-930-2316,TORONTO,2020-07-10,
835,Nancy Campbell,nancy_campbell835@hotmail.com,774.625.2860,Toronto,2020-06-22,Prefers text reminders
74,Nancy Martin,nancymartin74@hotmail.com,(561) 952-6837,Calgary,2024-07-03,Prefers text reminders
496,Sarah Hall,sarahhall496@outlook.com,8553089696,"Halifax, NS",2024-04-03,
1249,Matthew Anderson,matthew.anderson1249@gmail.com,649.561.2208,Edmonton,2020-05-18,Gold member - loyalty since 2023
1300,James White,james.white1300@gmail.com,807-091-0114,Regina,2024-09-07,Platinum member - loyalty since 2020
306,Amanda Nguyen,amanda_nguyen306@outlook.com,492-791-9244,Winnipeg,2022-04-29,
708,Nancy Campbell,nancy.campbell708@hotmail.com,2612182750,toronto,2020-12-16,Prefers text reminders
535,Joseph Lee,josephlee535@hotmail.com,(972) 793-1274,Calgary,2021-03-19,Prefers text reminders
1485,Jason Hall,jason.hall1485@outlook.com,7293605023,Vancouver,2022-03-07,
407,Ryan Campbell,ryancampbell407@outlook.com,289-571-3121,Ottawa,2023-10-01,Opted out of email marketing
907,Daniel Nguyen,daniel.nguyen907@yahoo.com,335-726-1860,Vancouver,2020-12-08,
937,Brian MacDonald,brian.macdonald937@yahoo.com,(067) 638-1412,Quebec City,2025-03-15,
164,Ryan Roy,ryan.roy164@outlook.com,(029) 807-4346,Kitchener,2025-04-04,
48,Matthew Patel,matthewpatel48@gmail.com,(893) 541-0005,Halifax,2021-07-16,Gold member - loyalty since 2024
650,Laura Anderson,lauraanderson650@hotmail.com,8426554356,Montreal,2023-10-15,"Prefers pickup, not delivery"
99,Lisa Gagnon,lisagagnon99@yahoo.com,652.435.0077,Waterloo,2024-10-09,Requested large-print labels
521,Mary Hall,mary_hall521@outlook.com,2214505610,Regina,2025-02-28,Silver member - loyalty since 2024
1550,Nancy WWhite,nancy.wwhite1550@hotmail.com,909-140-5791,Regina,2020-07-25,Platinum member - loyalty since 2024
588,Linda Singh,linda.singh588@gmail.com,763.784.5974,Montreal,2022-10-26,
63,Jessica Taylor,jessica.taylor63@gmail.com,7402767019,Calgary,2019-01-14,
281,Brandon Campbell,brandon.campbell281@outlook.com,665-024-3386,"Waterloo, ON",2023-06-18,
1493,Emily Nguyen,emily_nguyen1493@yahoo.com,407-142-5574,"Calgary, AB",2024-10-03,Silver member - loyalty since 2020
504,Mary Young,mary.young504@gmail.com,5540916914,London,2024-03-05,Silver member - loyalty since 2022
312,Karen Anderson,karen.anderson312@gmail.com,(762) 923-8277,Winnipeg,2023-08-01,
132,Ryan Roy,ryan_roy132@outlook.com,612.389.1910,Montreal,2022-05-19,
1229,Mary Patel,mary_patel1229@gmail.com,701.191.4962,"Toronto, ON",2019-06-13,
1379,Andrew Smith,andrew.smith1379@yahoo.com,125.109.1340,Calgary,2024-10-20,Platinum member - loyalty since 2021
856,Justin Brown,justin.brown856@hotmail.com,889.436.8560,Montreal,2023-05-04,
639,Jennifer Anderson,jennifer_anderson639@hotmail.com,500-128-2759,Vancouver,2022-03-05,Platinum member - loyalty since 2025
675,Ryan Smith,ryansmith675@gmail.com,833-976-3791,Regina,2020-07-17,
216,Susan Roy,susanroy216@yahoo.com,201-657-2551,Quebec City,2021-05-24,
136,Karen Patel,karenpatel136@hotmail.com,335.011.9341,CALGARY,2022-12-27,Platinum member - loyalty since 2023
828,Mary Roy,mary.roy828@yahoo.com,092-892-5516,Vancouver,2024-12-31,
1542,Nancy Hall,nancy.hall1542@hotmail.com,208.230.2039,Quebec City,2022-10-07,
1320,Jason Hall,jasonhall1320@hotmail.com,120-926-7506,Moncton,2024-02-23,Silver member - loyalty since 2023
299,Ryan Singh,ryan.singh299@yahoo.com,310-665-4812,Regina,2020-04-19,Platinum member - loyalty since 2023
1424,Matthew MacDonald,matthewmacdonald1424@gmail.com,(527) 893-4241,Calgary,2021-08-19,Gold member - loyalty since 2019
842,Joseph Young,joseph.young842@yahoo.com,367.848.8267,Montreal,2024-08-11,Gold member - loyalty since 2024
701,Emily Brown,emily_brown701@gmail.com,(941) 270-3587,Winnipeg,2021-01-17,
360,James Tremblay,james.tremblay360@yahoo.com,7261572882,Kitchener,2019-09-03,
559,Jessica Anderson,jessicaanderson559@outlook.com,9487937840,Saskatoon,2022-06-30,
1118,Jennifer Patel,jennifer.patel1118@outlook.com,483-164-6662,"Vancouver, BC",2021-12-29,Platinum member - loyalty since 2024
576,Robert Gagnon,robert.gagnon576@hotmail.com,463-827-2709,"Edmonton, AB",2024-11-14,
196,Linda MacDonald,linda.macdonald196@hotmail.com,2059618426,Calgary,2021-12-27,Gold member - loyalty since 2019
1352,Susan Smith,susan_smith1352@outlook.com,0505066936,Toronto,2019-06-09,Gold member - loyalty since 2020
423,Joseph Taylor,joseph_taylor423@gmail.com,085.610.1227,Calgary,2023-07-29,Prefers text reminders
425,Justin Chan,justin.chan425@gmail.com,581.077.4194,Halifax,2025-04-24,Gold member - loyalty since 2025
1198,Daniel Tremblay,daniel_tremblay1198@hotmail.com,0923072423,MONCTON,2024-03-24,Platinum member - loyalty since 2024
465,Lisa Singh,lisa_singh465@outlook.com,(441) 814-6274,winnipeg,2021-08-12,
772,Susan Patel,susan.patel772@yahoo.com,213-486-7697,Toronto,2022-08-21,Silver member - loyalty since 2023
1467,Amanda Brown,amanda.brown1467@yahoo.com,6409300628,Vancouver,2023-12-22,Silver member - loyalty since 2019
712,Michael Lee,michaellee712@gmail.com,730-347-6182,Calgary,2019-08-18,
1364,Sarah Brown,sarah_brown1364@outlook.com,(102) 099-5237,toronto,2023-01-01,Gold member - loyalty since 2020
342,Nancy Young,nancy.young342@hotmail.com,5236650950,Halifax,2019-11-11,
1518,Michael Paatel,michael_paatel1518@yahoo.com,(307) 010-7286,Moncton,2022-07-22,
1042,Mary Wilson,mary_wilson1042@hotmail.com,803.637.6493,Quebec City,2021-05-27,
1147,Daniel Gagnon,daniel_gagnon1147@gmail.com,(629) 674-3145,Quebec City,2022-02-02,"Prefers pickup, not delivery"
1468,James White,jameswhite1468@yahoo.com,(651) 473-7875,Regina,2023-11-08,
59,Elizabeth Wilson,elizabeth.wilson59@gmail.com,0174286756,Quebec City,2020-08-25,
829,Jason White,jasonwhite829@yahoo.com,874-780-0468,Edmonton,2019-05-10,
946,Kevin Tremblay,kevin.tremblay946@gmail.com,822.924.4479,Vancouver,2022-03-24,
240,David Anderson,david_anderson240@outlook.com,628-750-1750,Kitchener,2022-06-08,
747,Laura Wilson,laura.wilson747@gmail.com,953.551.6872,Vancouver,2025-01-09,
636,Susan Nguyen,susannguyen636@yahoo.com,(038) 767-1460,Edmonton,2019-06-14,Gold member - loyalty since 2019
921,Brandon Martin,brandon_martin921@outlook.com,(834) 813-5006,Montreal,2023-06-05,
1125,Ryan Anderson,ryan.anderson1125@yahoo.com,4000268562,Quebec City,2019-03-28,
1106,Linda Smith,linda.smith1106@hotmail.com,2223454866,Moncton,2021-05-08,
805,John MacDonald,john_macdonald805@gmail.com,(258) 217-2441,Quebec City,2021-08-13,Silver member - loyalty since 2020
590,Sarah MacDonald,sarah.macdonald590@yahoo.com,878-663-0678,Toronto,2022-07-28,
28,Laura Patel,laura.patel28@yahoo.com,9770815856,Waterloo,2023-02-06,Prefers text reminders
860,Amanda Campbell,amanda_campbell860@hotmail.com,884.866.8194,Winnipeg,2022-05-11,
1012,Michelle Patel,michelle_patel1012@outlook.com,035.761.3476,OTTAWA,2025-04-09,Requested large-print labels
737,Matthew Roy,matthewroy737@gmail.com,3031411362,Montreal,2022-07-19,Platinum member - loyalty since 2023
1389,Robert Campbell,robert.campbell1389@hotmail.com,020.949.5003,Montreal,2019-12-04,Silver member - loyalty since 2019
127,John Taylor,john_taylor127@gmail.com,9835426307,Regina,2020-10-09,
758,Linda Wilson,lindawilson758@outlook.com,(146) 992-1133,Winnipeg,2025-07-04,Silver member - loyalty since 2025
1248,Brandon Tremblay,brandon_tremblay1248@outlook.com,549-915-0249,Calgary,2020-07-19,Platinum member - loyalty since 2022
497,Kevin Lee,kevinlee497@outlook.com,667-727-3643,Calgary,2023-05-31,Gold member - loyalty since 2020
1422,Patricia White,patriciawhite1422@yahoo.com,1939890970,Halifax,2019-06-05,
913,Kevin Roy,kevin_roy913@yahoo.com,(863) 911-2504,Vancouvr,2022-03-15,Platinum member - loyalty since 2024
574,James Nguyen,james.nguyen574@hotmail.com,4446519246,London,2019-02-23,
349,Kevin Patel,kevin_patel349@hotmail.com,(163) 379-4257,Quebec,2021-06-09,Prefers text reminders
1510,Karenn Patel,karenn_patel1510@outlook.com,335.011.9341,CALGARY,2022-12-27,Platinum member - loyalty since 2023
603,Jason Nguyen,jason_nguyen603@yahoo.com,9202868682,Winnipeg,2020-03-07,
91,Linda Patel,lindapatel91@outlook.com,8138773093,Vancouver,2020-11-26,"Prefers pickup, not delivery"
766,Nancy MacDonald,nancy_macdonald766@outlook.com,1937504533,Quebec City,2019-10-09,
931,Robert Martin,robert.martin931@yahoo.com,679.766.8471,Ottawa,2019-03-15,
263,Brian Tremblay,brian_tremblay263@hotmail.com,537-354-3675,Winnipeg,2024-10-26,Platinum member - loyalty since 2019
859,Joseph Campbell,joseph.campbell859@gmail.com,460.596.9692,Toronto,2024-11-17,
1195,Justin Smith,justin_smith1195@hotmail.com,434-801-6825,Edmonton,2024-09-30,Prefers text reminders
920,Matthew Patel,matthewpatel920@gmail.com,(822) 361-7131,Moncton,2024-11-01,"Prefers pickup, not delivery"
149,Susan Martin,susan.martin149@outlook.com,938.839.2459,Regina,2019-03-29,Gold member - loyalty since 2022
337,Amanda White,amandawhite337@outlook.com,(769) 116-6594,"Montreal, QC",2025-03-15,Prefers text reminders
1349,John Chan,johnchan1349@gmail.com,3629134027,Ottawa,2024-07-13,
391,Laura Taylor,laura.taylor391@outlook.com,646.870.3467,Toronto,2023-02-13,
1513,Josseph Brown,josseph.brown1513@outlook.com,6592169945,"Vancouver, BC",2020-07-09,Gold member - loyalty since 2022
79,Jason Lee,jason.lee79@hotmail.com,(685) 526-5422,Montreal,2024-11-28,"Prefers pickup, not delivery"
726,Linda Hall,linda_hall726@hotmail.com,991.858.7088,"Halifax, NS",2019-04-22,Prefers text reminders
1262,Matthew MacDonald,matthewmacdonald1262@gmail.com,(034) 671-8657,Vancouvr,2020-03-12,Platinum member - loyalty since 2023
919,Andrew Young,andrew.young919@outlook.com,049.430.6743,Toronto,2022-02-12,Prefers text reminders
36,Laura Hall,laura.hall36@yahoo.com,980-152-1563,Toronto,2019-06-24,
923,Michelle Taylor,michelle.taylor923@hotmail.com,(928) 693-9629,CALGARY,2021-06-01,
800,Michelle MacDonald,michelle_macdonald800@gmail.com,841-457-4164,MONCTON,2020-04-13,
572,Kevin Nguyen,kevin.nguyen572@yahoo.com,2036297182,Quebec City,2023-05-31,Silver member - loyalty since 2025
580,Patricia Nguyen,patricia.nguyen580@outlook.com,604-420-4785,Montréal,2025-05-16,
324,Michelle Hall,michelle.hall324@hotmail.com,(519) 721-7534,Halifax,2023-04-19,
941,Justin Young,justinyoung941@hotmail.com,(666) 608-6605,Moncton,2022-09-02,
7,Laura Anderson,lauraanderson7@outlook.com,5888819964,Calgary,2023-03-25,Platinum member - loyalty since 2023
905,Matthew Smith,matthewsmith905@outlook.com,9437314432,Toronto,2020-03-06,
1041,Matthew Nguyen,matthew_nguyen1041@gmail.com,(239) 299-4324,Montreal,2020-10-31,
1104,Jennifer Wilson,jennifer_wilson1104@gmail.com,215.753.3801,Winnipeg,2022-09-25,
1525,JJason Chan,jjason.chan1525@gmail.com,(312) 282-0605,Vancouver,2022-09-02,
453,Sarah Clark,sarah_clark453@gmail.com,016-905-3268,Moncton,2023-01-15,Prefers text reminders
864,Karen Martin,karen_martin864@hotmail.com,(761) 431-3891,Ottawa,2020-05-20,Opted out of email marketing
304,Andrew Campbell,andrew.campbell304@yahoo.com,221.564.6242,Vancouver,2022-10-28,
1345,Daniel Clark,daniel_clark1345@hotmail.com,(069) 931-0204,Moncton,2023-02-08,
217,Brandon Chan,brandon_chan217@gmail.com,1852960796,Quebec City,2022-08-23,Gold member - loyalty since 2023
648,Kevin Chan,kevin.chan648@yahoo.com,639.668.1782,Vancouver,2021-05-08,
427,Andrew White,andrew_white427@hotmail.com,3666567249,Toronto,2024-08-26,
396,Lisa Wilson,lisa.wilson396@gmail.com,4751180175,Quebec City,2021-12-03,
969,Robert Anderson,robertanderson969@yahoo.com,701.970.8891,Calgary,2019-06-01,
1261,Susan Campbell,susan_campbell1261@yahoo.com,(568) 907-6109,Winnipeg,2022-12-30,
351,Matthew Taylor,matthew_taylor351@outlook.com,423.409.2685,Montreal,2021-09-24,Gold member - loyalty since 2023
1439,Jessica Singh,jessicasingh1439@hotmail.com,7931810029,Waterloo,2021-06-09,
787,Mary MacDonald,mary.macdonald787@hotmail.com,8031019540,Waterloo,2023-02-04,
203,Kevin Brown,kevinbrown203@yahoo.com,554-316-5620,Calgary,2020-03-19,
1056,Andrew Gagnon,andrew_gagnon1056@gmail.com,374-937-6514,Calgary,2023-08-20,"Prefers pickup, not delivery"
488,Joseph Taylor,joseph.taylor488@gmail.com,423-033-3213,Calgary,2019-08-21,
384,John Singh,john.singh384@yahoo.com,7811698982,Toronto,2022-07-22,Opted out of email marketing
597,David Chan,david_chan597@hotmail.com,709.053.9589,"Toronto, ON",2022-04-25,Gold member - loyalty since 2024
311,Jessica Anderson,jessica.anderson311@gmail.com,080-019-5848,Vancouver,2023-05-05,
83,Lisa Brown,lisabrown83@gmail.com,283.787.5854,Toronto,2025-04-13,
1058,James Brown,james.brown1058@hotmail.com,845.300.4263,"Regina, SK",2020-06-20,
495,Daniel Patel,daniel.patel495@hotmail.com,5650324620,"Edmonton, AB",2024-06-29,Platinum member - loyalty since 2020
405,Jessica Clark,jessica_clark405@outlook.com,(854) 054-8624,Hamilton,2023-12-28,
1444,Daniel Patel,daniel.patel1444@yahoo.com,7977361273,"Montreal, QC",2019-01-06,Platinum member - loyalty since 2025
9,Mary Brown,mary.brown9@hotmail.com,893.530.5752,Winnipeg,2023-10-23,
811,Michael MacDonald,michael_macdonald811@gmail.com,7522642084,Kitchener,2022-03-08,
242,Linda Hall,linda.hall242@yahoo.com,(230) 109-1357,Toronto,2020-10-22,Prefers text reminders
155,David Taylor,david.taylor155@yahoo.com,4253165794,"Vancouver, BC",2025-02-16,Gold member - loyalty since 2023
1128,Brandon Chan,brandon.chan1128@gmail.com,0240390602,Ottawa,2020-12-19,Platinum member - loyalty since 2023
1268,Emily Martin,emily_martin1268@hotmail.com,163.881.2792,Calgary,2022-11-19,
1222,Mary Anderson,mary_anderson1222@yahoo.com,747-956-1547,Edmonton,2022-10-22,
206,Laura Clark,laura_clark206@outlook.com,804-483-2250,Calgary,2019-07-31,
869,Jason Campbell,jason.campbell869@gmail.com,174.912.9969,Waterloo,2023-01-25,
1522,Sarrah Chan,sarrah.chan1522@hotmail.com,813-538-9089,"Vancouver, BC",2023-12-05,
593,Joseph Singh,joseph.singh593@gmail.com,(697) 874-3404,Montreal,2023-05-27,Gold member - loyalty since 2025
1145,Joseph Lee,josephlee1145@yahoo.com,302.115.0382,Montréal,2024-07-19,
276,Michelle Smith,michellesmith276@gmail.com,483-856-7990,Calgary,2024-07-24,Requested large-print labels
1154,David Young,david.young1154@yahoo.com,2330082410,Montreal,2023-05-07,
1177,Justin Young,justin.young1177@gmail.com,520-433-8578,Winnipeg,2023-06-14,Silver member - loyalty since 2020
528,Susan Chan,susan_chan528@gmail.com,381-206-9827,Toronto,2024-10-04,
985,Daniel Singh,daniel.singh985@hotmail.com,4467246182,Montreal,2021-06-20,Silver member - loyalty since 2023
530,Jessica Clark,jessicaclark530@hotmail.com,2409676783,Toronto,2025-07-09,Silver member - loyalty since 2024
316,John Wilson,john_wilson316@outlook.com,127-493-5564,Calgary,2023-09-21,
719,Jennifer Wilson,jennifer.wilson719@yahoo.com,0356025595,Toronto,2024-05-26,Platinum member - loyalty since 2025
1498,Daniel Anderson,daniel_anderson1498@gmail.com,774-392-1947,CALGARY,2021-06-14,
1181,Lisa Martin,lisa_martin1181@yahoo.com,773.444.2102,Toronto,2022-01-19,
1208,Susan Hall,susan_hall1208@hotmail.com,176.972.5063,edmonton,2025-06-06,
1337,Justin Patel,justin.patel1337@hotmail.com,8571117043,"Ottawa, ON",2024-09-28,
900,John Campbell,john_campbell900@outlook.com,107-211-4515,Toronto,2025-06-10,Silver member - loyalty since 2020
1094,Sarah Tremblay,sarah_tremblay1094@hotmail.com,954-303-9224,Winnipeg,2023-06-10,
1311,Linda Singh,linda_singh1311@outlook.com,780.232.7644,Montreal,2019-07-30,Opted out of email marketing
889,Ryan Singh,ryansingh889@yahoo.com,(079) 309-1251,Vancouver,2022-11-09,
1226,Joseph Hall,joseph.hall1226@outlook.com,(648) 029-7227,Calgary,2019-10-04,
189,Jason Gagnon,jasongagnon189@outlook.com,358.493.2666,Kitchener,2020-04-13,
190,Justin Hall,justin_hall190@gmail.com,497.130.5520,Ottawa,2021-07-14,
243,John Gagnon,john.gagnon243@yahoo.com,989.636.0950,Kitchener,2024-11-24,Requested large-print labels
1380,Jason Hall,jason.hall1380@outlook.com,4310319832,Ottawa,2020-09-13,"Prefers pickup, not delivery"
499,Michelle Gagnon,michelle.gagnon499@gmail.com,878.123.4919,Kitchener,2019-04-07,Platinum member - loyalty since 2025
42,Brian Martin,brian.martin42@hotmail.com,161-558-9381,Quebec City,2025-02-06,
808,Amanda MacDonald,amanda_macdonald808@outlook.com,007-605-1094,Vancouver,2019-10-12,
100,Laura Taylor,laurataylor100@yahoo.com,(871) 478-5383,"Ottawa, ON",2022-06-29,Gold member - loyalty since 2019
1142,Robert Wilson,robert_wilson1142@gmail.com,(836) 934-0909,Toronto,2024-07-28,Gold member - loyalty since 2021
599,Laura Patel,laura.patel599@hotmail.com,273-979-5291,TORONTO,2025-02-03,
485,Ryan Gagnon,ryangagnon485@yahoo.com,1302074018,Edmonton,2022-11-05,
251,Linda Nguyen,lindanguyen251@outlook.com,239-372-3265,Montreal,2019-11-08,Platinum member - loyalty since 2024
1005,Michelle Young,michelleyoung1005@yahoo.com,208-675-9531,"Halifax, NS",2024-10-13,
77,Laura Anderson,laura_anderson77@outlook.com,637-203-5537,Toronto,2022-07-06,Prefers text reminders
1336,Kevin Singh,kevin.singh1336@gmail.com,449.331.2910,Regina,2022-11-04,
517,Kevin Chan,kevinchan517@gmail.com,328.613.4933,"Ottawa, ON",2019-06-24,
676,James Campbell,james_campbell676@hotmail.com,8192568757,toronto,2020-05-16,Gold member - loyalty since 2023
978,Daniel Nguyen,daniel_nguyen978@yahoo.com,4043943882,Calgary,2020-06-04,
575,Ryan Martin,ryanmartin575@yahoo.com,130-617-9017,MONCTON,2025-07-06,
440,Emily Taylor,emily_taylor440@yahoo.com,(416) 360-5122,"Ottawa, ON",2024-03-02,
420,David Gagnon,david.gagnon420@gmail.com,2955346072,REGINA,2024-05-04,
1083,Brian Campbell,briancampbell1083@yahoo.com,(427) 036-8918,Montréal,2024-08-20,
878,Mary Gagnon,mary.gagnon878@outlook.com,083-377-5324,winnipeg,2020-05-12,Prefers text reminders
1342,Amanda Young,amanda_young1342@hotmail.com,0546480839,"Regina, SK",2025-07-05,
1310,Jennifer Gagnon,jennifer_gagnon1310@outlook.com,782.079.1668,Toronto,2022-02-18,
1044,Joseph Patel,joseph.patel1044@hotmail.com,3177013051,Calgary,2024-06-27,
734,Justin Smith,justin_smith734@yahoo.com,479-916-8683,Hamilton,2021-05-30,Gold member - loyalty since 2019
201,Emily Taylor,emilytaylor201@gmail.com,140.378.0254,Vancouvr,2021-09-13,Requested large-print labels
350,Laura Roy,laura.roy350@outlook.com,0834928508,Winnipeg,2021-03-22,Requested large-print labels
922,Karen Hall,karen.hall922@hotmail.com,344.841.6986,Montreal,2020-08-05,
1211,David Taylor,david.taylor1211@hotmail.com,713.366.2307,winnipeg,2022-05-14,
663,Amanda Hall,amandahall663@yahoo.com,0381050505,"Calgary, AB",2021-04-27,
1072,Brandon Hall,brandon_hall1072@gmail.com,211-215-3029,Calgary,2020-06-03,Prefers text reminders
925,Mary Young,mary_young925@outlook.com,317.587.3708,Ottawa,2021-05-20,Silver member - loyalty since 2022
1025,Karen Smith,karen_smith1025@hotmail.com,6848838749,Ottawa,2025-01-15,Gold member - loyalty since 2024
1266,Michelle Hall,michelle_hall1266@gmail.com,952-385-4878,Quebec,2020-08-20,Platinum member - loyalty since 2025
356,Matthew Campbell,matthew.campbell356@outlook.com,796-004-3772,winnipeg,2024-12-09,
1049,Karen Roy,karen.roy1049@yahoo.com,560.110.2582,Halifax,2024-11-24,Silver member - loyalty since 2024
494,Joseph Patel,joseph_patel494@gmail.com,6688094151,Montreal,2019-09-05,
181,James Anderson,james.anderson181@gmail.com,(643) 991-8341,Edmonton,2020-10-21,Prefers text reminders
245,Laura Patel,laura.patel245@gmail.com,8149968793,Kitchener,2021-10-27,
971,Daniel Taylor,daniel.taylor971@hotmail.com,(259) 097-9313,Calgary,2022-09-11,Requested large-print labels
275,Amanda Chan,amanda_chan275@yahoo.com,281.697.1027,Toronto,2024-03-14,
393,Matthew Patel,matthewpatel393@yahoo.com,850-205-5600,Edmonton,2024-01-11,Gold member - loyalty since 2019
221,Jennifer Tremblay,jennifertremblay221@yahoo.com,(300) 646-9807,Regina,2024-07-20,
235,Mary Tremblay,mary_tremblay235@yahoo.com,375-801-0383,"Vancouver, BC",2021-01-30,Requested large-print labels
35,Linda MacDonald,linda.macdonald35@yahoo.com,2066319485,Trnto,2023-08-14,
86,Nancy Taylor,nancy_taylor86@gmail.com,7821678948,Montreal,2023-02-12,
157,Jessica White,jessicawhite157@gmail.com,521-202-4390,"Edmonton, AB",2022-10-29,
928,Michelle Wilson,michelle_wilson928@outlook.com,5511080585,London,2021-07-22,Gold member - loyalty since 2025
790,Lisa Young,lisa.young790@outlook.com,(887) 660-6950,Vancouver,2021-11-04,
694,Michelle Young,michelle.young694@hotmail.com,980-857-7770,Toronto,2022-06-08,Platinum member - loyalty since 2023
364,Nancy Martin,nancymartin364@yahoo.com,630.986.0421,Vancouvr,2024-09-14,
765,Linda Taylor,linda_taylor765@yahoo.com,912.501.3053,Toronto,2019-06-13,
1031,Jessica Gagnon,jessicagagnon1031@yahoo.com,294.345.5655,Vancouver,2025-03-02,Prefers text reminders
381,Brandon Clark,brandon_clark381@yahoo.com,768.467.8715,Kitchener,2025-06-01,"Prefers pickup, not delivery"
1414,Matthew Young,matthew.young1414@hotmail.com,4876786871,Vancouver,2021-10-04,
1251,Kevin Campbell,kevincampbell1251@outlook.com,662.299.5177,London,2022-10-06,Opted out of email marketing
510,Joseph Smith,josephsmith510@gmail.com,(659) 083-0701,Toronto,2019-11-01,Platinum member - loyalty since 2024
68,Michael Brown,michael_brown68@outlook.com,5106199356,Vancouver,2020-04-19,
1385,Michael Brown,michaelbrown1385@gmail.com,(562) 352-0599,OTTAWA,2019-06-08,Gold member - loyalty since 2022
854,Elizabeth Gagnon,elizabeth.gagnon854@yahoo.com,(435) 512-5323,Montreal,2020-02-05,Platinum member - loyalty since 2021
751,Daniel Tremblay,daniel_tremblay751@hotmail.com,035.800.1664,Vancouver,2022-09-23,"Prefers pickup, not delivery"
822,Robert Gagnon,robert.gagnon822@outlook.com,899.984.1011,TORONTO,2022-01-15,
1130,Linda Roy,lindaroy1130@hotmail.com,0871262138,Hamilton,2021-01-06,
472,Justin Taylor,justin_taylor472@outlook.com,562-292-9508,Vancouver,2025-06-09,Gold member - loyalty since 2019
775,Daniel Patel,daniel_patel775@outlook.com,380.343.8028,Vancouver,2022-05-21,
394,David Wilson,david.wilson394@yahoo.com,4066565914,Quebec City,2020-04-27,
1544,Ryann Singh,ryann.singh1544@gmail.com,0940211340,winnipeg,2019-07-26,
1546,Pattricia Taylor,pattricia.taylor1546@hotmail.com,7110878738,Ottawa,2025-03-03,
1302,Linda Wilson,linda_wilson1302@hotmail.com,713-589-3360,Quebec City,2021-06-15,
348,Michelle Wilson,michellewilson348@gmail.com,0739158423,Vancouver,2019-04-10,
1387,Amanda Chan,amanda_chan1387@outlook.com,9549921513,Toronto,2022-09-12,Gold member - loyalty since 2023
330,Amanda Lee,amandalee330@hotmail.com,672-475-0126,Calgary,2020-09-17,"Prefers pickup, not delivery"
135,Kevin Young,kevinyoung135@gmail.com,(939) 927-7658,Vancouver,2023-05-01,
1016,Ryan Wilson,ryan.wilson1016@hotmail.com,(953) 192-8069,Quebec City,2019-09-15,
10,Ryan Tremblay,ryantremblay10@yahoo.com,798.059.7130,"Calgary, AB",2020-12-18,
1027,Mary Lee,mary.lee1027@yahoo.com,6707775943,Hamilton,2024-09-10,
1159,Brandon Wilson,brandon.wilson1159@gmail.com,550-611-4500,Kitchener,2024-10-03,
11,Nancy Martin,nancymartin11@yahoo.com,123.256.6042,Calgary,2022-11-29,Silver member - loyalty since 2023
1463,Daniel Roy,daniel_roy1463@yahoo.com,022-031-9056,Vancouver,2024-08-01,
699,Lisa Wilson,lisawilson699@yahoo.com,(631) 791-6792,Calgary,2019-02-09,
980,Jason Nguyen,jasonnguyen980@hotmail.com,(289) 679-1261,Toronto,2022-02-20,Gold member - loyalty since 2025
1052,Mary Clark,maryclark1052@outlook.com,(897) 851-4922,Quebec City,2019-07-23,
285,Lisa Lee,lisa_lee285@outlook.com,(595) 268-0330,Ottawa,2025-03-28,
1131,David Gagnon,davidgagnon1131@hotmail.com,109-605-4722,Montreal,2025-02-07,Silver member - loyalty since 2019
371,Jennifer Tremblay,jennifertremblay371@outlook.com,878.698.3234,MONCTON,2019-06-06,
1505,Brian Chan,brian.chan1505@yahoo.com,2364021542,Winnipeg,2019-04-24,Gold member - loyalty since 2022
635,Lisa Chan,lisa_chan635@outlook.com,(560) 851-0018,Edmonton,2024-10-02,
1254,Amanda Wilson,amanda_wilson1254@hotmail.com,131.016.1342,Quebec City,2020-06-24,
126,Susan Clark,susan.clark126@outlook.com,(437) 517-4638,"Calgary, AB",2024-09-01,
408,Michelle Lee,michelle.lee408@hotmail.com,8564903374,Trnto,2023-03-17,
632,Amanda Chan,amanda_chan632@hotmail.com,(574) 096-9868,HALIFAX,2021-03-19,
1316,Elizabeth Campbell,elizabethcampbell1316@outlook.com,873-854-9680,Quebec City,2023-06-03,
1260,Laura Campbell,lauracampbell1260@yahoo.com,890-716-2609,Ottawa,2025-04-01,Silver member - loyalty since 2020
542,Michael Nguyen,michael.nguyen542@hotmail.com,7786729335,Calgary,2022-04-02,
140,Daniel Wilson,daniel.wilson140@gmail.com,483-060-8323,Vancouver,2021-04-30,Platinum member - loyalty since 2019
261,John Wilson,john_wilson261@yahoo.com,(973) 907-3436,Quebec City,2022-01-27,
474,Jason Clark,jasonclark474@gmail.com,(277) 612-6785,Winnipeg,2023-07-22,Requested large-print labels
166,Elizabeth Nguyen,elizabethnguyen166@gmail.com,2118693595,Toronto,2022-12-14,
227,Justin Gagnon,justingagnon227@gmail.com,090.395.8146,Montréal,2024-11-09,
1221,Jessica MacDonald,jessicamacdonald1221@yahoo.com,6113492895,Waterloo,2019-07-19,
192,Emily Tremblay,emilytremblay192@outlook.com,497-160-6532,Quebec City,2024-04-02,
307,Karen White,karen_white307@yahoo.com,6772791314,vancouver,2021-11-10,Gold member - loyalty since 2021
684,Laura Singh,laura.singh684@hotmail.com,(280) 543-0600,REGINA,2024-07-20,Silver member - loyalty since 2019
1184,Matthew Anderson,matthew_anderson1184@outlook.com,(384) 918-5497,Vancouver,2024-01-01,Platinum member - loyalty since 2024
1359,Emily Anderson,emilyanderson1359@gmail.com,(138) 466-5583,Trnto,2022-03-28,
483,Lisa Campbell,lisa.campbell483@outlook.com,9131959048,Winnipeg,2021-05-03,
1252,Joseph Nguyen,josephnguyen1252@outlook.com,188-193-0506,"Montreal, QC",2022-09-10,Silver member - loyalty since 2021
1164,Elizabeth Smith,elizabeth.smith1164@gmail.com,400.351.4942,Edmonton,2020-01-12,"Prefers pickup, not delivery"
1489,Karen Roy,karen.roy1489@yahoo.com,003.008.7416,QC City,2024-06-23,Silver member - loyalty since 2023
321,Patricia Hall,patricia_hall321@yahoo.com,378.111.7154,Toronto,2022-03-11,
1462,Linda Lee,linda_lee1462@yahoo.com,0573575364,Calgary,2024-09-08,Platinum member - loyalty since 2021
1334,Susan MacDonald,susanmacdonald1334@gmail.com,380.396.6693,Toronto,2022-08-25,
18,Patricia Anderson,patricia_anderson18@outlook.com,0507349126,Moncton,2024-12-03,
665,Elizabeth Lee,elizabeth.lee665@yahoo.com,021.589.8942,Hamilton,2023-12-18,Silver member - loyalty since 2019
431,Elizabeth Lee,elizabeth.lee431@hotmail.com,577.510.2263,Edmonton,2021-09-24,
1516,Liisa Young,liisa.young1516@yahoo.com,(373) 974-8699,Vancouver,2021-11-04,
1308,Brian Chan,brian_chan1308@hotmail.com,2364021542,Winnipeg,2019-04-24,Gold member - loyalty since 2022
1370,Joseph Campbell,joseph_campbell1370@gmail.com,995.962.4761,Winnipeg,2025-07-07,
983,Michael Chan,michael_chan983@gmail.com,(887) 306-1799,edmonton,2022-02-06,Silver member - loyalty since 2019
1079,Mary Patel,marypatel1079@gmail.com,390.592.6039,Vancouver,2019-08-01,
208,Matthew MacDonald,matthewmacdonald208@yahoo.com,693-867-9253,"Edmonton, AB",2025-03-14,
238,Brandon Patel,brandon_patel238@yahoo.com,7446325595,Waterloo,2024-07-25,Silver member - loyalty since 2019
956,Elizabeth Hall,elizabeth.hall956@outlook.com,3994669593,Calgary,2019-09-14,Platinum member - loyalty since 2025
346,Brian Brown,brian.brown346@hotmail.com,425.347.3623,Toronto,2023-05-20,
1054,Matthew Singh,matthewsingh1054@hotmail.com,5710067724,"Vancouver, BC",2024-06-06,
1185,Mary Wilson,mary_wilson1185@yahoo.com,4973998668,Waterloo,2020-02-13,Platinum member - loyalty since 2024
341,Brandon White,brandon_white341@outlook.com,(634) 561-9114,London,2025-06-20,
1115,Joseph Lee,joseph_lee1115@gmail.com,616.384.0333,Montreal,2019-10-07,Silver member - loyalty since 2025
458,Mary Singh,marysingh458@gmail.com,7240408158,Vancouvr,2024-11-14,
176,Daniel Singh,daniel_singh176@gmail.com,119.651.0654,"Ottawa, ON",2024-08-08,
550,Elizabeth Tremblay,elizabeth_tremblay550@yahoo.com,204-223-8349,"Halifax, NS",2025-01-08,
301,Ryan Clark,ryanclark301@gmail.com,994-556-8380,Halifax,2022-06-02,Platinum member - loyalty since 2023
460,Joseph Taylor,joseph_taylor460@hotmail.com,690.505.9190,Quebec City,2020-09-12,Silver member - loyalty since 2023
764,David Taylor,davidtaylor764@outlook.com,378.661.8492,edmonton,2022-05-22,Silver member - loyalty since 2023
686,Amanda Patel,amanda_patel686@outlook.com,315.447.0910,CALGARY,2024-02-14,Gold member - loyalty since 2025
1335,Andrew Wilson,andrewwilson1335@yahoo.com,(285) 683-4097,Calgary,2023-08-05,
768,Susan Roy,susanroy768@gmail.com,(057) 575-5722,Moncton,2022-10-17,
1234,James Brown,james_brown1234@hotmail.com,5457053897,"Edmonton, AB",2020-07-30,Opted out of email marketing
1396,Justin Hall,justin.hall1396@outlook.com,630.790.0899,Toronto,2023-01-11,
1200,Justin Campbell,justincampbell1200@outlook.com,(775) 241-5238,Quebec City,2023-12-28,
1527,Miichael Chan,miichaelchan1527@hotmail.com,4453111141,Calgary,2023-07-02,
464,Sarah Brown,sarah_brown464@hotmail.com,(403) 591-2328,Toronto,2022-02-06,
1074,Brian Chan,brianchan1074@hotmail.com,(139) 008-5196,"Winnipeg, MB",2023-01-16,Silver member - loyalty since 2021
327,Linda Hall,linda_hall327@outlook.com,016-265-4989,Saskatoon,2024-03-25,
817,Karen Anderson,karen.anderson817@outlook.com,385-912-6364,"Edmonton, AB",2024-12-24,"Prefers pickup, not delivery"
786,Nancy Brown,nancy.brown786@yahoo.com,035.168.9161,Waterloo,2025-04-19,
896,Jennifer Wilson,jennifer_wilson896@hotmail.com,386-595-4326,REGINA,2019-07-27,Platinum member - loyalty since 2020
1285,Nancy White,nancy_white1285@outlook.com,4332938658,Montréal,2022-02-05,
60,Daniel Martin,danielmartin60@gmail.com,200-061-5097,Calgary,2020-02-02,Silver member - loyalty since 2020
14,David Singh,davidsingh14@gmail.com,5103926654,Montreal,2023-12-28,
1547,Briaan Wilson,briaanwilson1547@hotmail.com,694.882.9623,Edmonton,2020-04-21,
903,Laura Anderson,laura.anderson903@gmail.com,(694) 555-8318,Winnipeg,2024-09-09,
524,Matthew Singh,matthew_singh524@yahoo.com,4621812000,Vancouver,2019-05-11,
852,John White,john.white852@hotmail.com,(650) 175-6744,Montreal,2024-04-17,
1024,Michelle Gagnon,michelle.gagnon1024@yahoo.com,(484) 507-7766,Calgary,2023-01-15,
1061,Michael Nguyen,michael_nguyen1061@outlook.com,159.177.4974,REGINA,2020-06-17,
604,Brian White,brian.white604@gmail.com,5152144127,Ottawa,2020-06-14,
323,John Martin,john_martin323@hotmail.com,(416) 974-0621,Vancouver,2019-04-26,
840,David Smith,david.smith840@gmail.com,0632529281,Regina,2019-03-26,Requested large-print labels
442,Ryan Campbell,ryancampbell442@gmail.com,135.921.0312,Saskatoon,2019-06-28,
1504,Josseph Hall,jossephhall1504@yahoo.com,(648) 029-7227,Calgary,2019-10-04,
780,Emily Wilson,emily_wilson780@gmail.com,(565) 000-0990,Montreal,2024-08-11,Gold member - loyalty since 2023
555,Michelle Hall,michelle_hall555@outlook.com,9047226617,Vancouvr,2021-09-14,Gold member - loyalty since 2023
257,Patricia Patel,patricia.patel257@hotmail.com,774.932.3737,Vancouver,2022-06-01,
561,John Clark,john_clark561@yahoo.com,6358962484,toronto,2021-05-20,
893,Daniel Nguyen,daniel.nguyen893@gmail.com,(205) 033-2355,Edmonton,2021-07-15,
1377,Jessica Taylor,jessica_taylor1377@hotmail.com,7630919242,"Calgary, AB",2022-10-17,Platinum member - loyalty since 2025
1187,Sarah Chan,sarahchan1187@yahoo.com,(521) 353-7876,Ottawa,2022-11-12,Platinum member - loyalty since 2024
73,Jason Taylor,jason.taylor73@gmail.com,(256) 558-3403,Ottawa,2023-09-04,
258,Karen Clark,karenclark258@hotmail.com,082.528.0642,"Winnipeg, MB",2022-01-06,
1038,Justin Taylor,justin.taylor1038@gmail.com,582-315-8149,Winnipeg,2021-04-23,
3,Jessica Roy,jessicaroy3@outlook.com,0811399266,Hamilton,2022-06-06,
1507,Nancy Maartin,nancy.maartin1507@outlook.com,123.256.6042,Calgary,2022-11-29,Silver member - loyalty since 2023
1204,Kevin White,kevin.white1204@yahoo.com,987-965-3657,Quebec,2021-12-03,Platinum member - loyalty since 2024
681,Nancy Martin,nancymartin681@hotmail.com,(202) 134-2946,"Montreal, QC",2021-03-10,Platinum member - loyalty since 2020
1238,John Brown,john_brown1238@yahoo.com,(341) 598-2571,Saskatoon,2022-06-17,
368,Laura MacDonald,lauramacdonald368@yahoo.com,105.874.7151,"Waterloo, ON",2021-09-13,Gold member - loyalty since 2021
695,Robert Nguyen,robert_nguyen695@yahoo.com,689-747-8692,Halifax,2022-07-15,
1166,Nancy Brown,nancy.brown1166@outlook.com,260-765-2370,Toronto,2022-03-26,Silver member - loyalty since 2023
936,Amanda Wilson,amandawilson936@outlook.com,5327176111,Montreal,2019-04-28,Silver member - loyalty since 2020
480,James Anderson,james.anderson480@outlook.com,189-187-6789,Edmonton,2021-06-29,Silver member - loyalty since 2024
558,Lisa Brown,lisa.brown558@gmail.com,(129) 807-6508,Moncton,2024-02-21,Opted out of email marketing
1219,Mary Nguyen,mary.nguyen1219@yahoo.com,960.985.7804,Calgary,2025-02-25,
1080,Ryan Martin,ryanmartin1080@outlook.com,(895) 158-0476,Trnto,2023-08-01,Requested large-print labels
586,David Roy,david_roy586@gmail.com,006-382-5834,Moncton,2021-09-28,Silver member - loyalty since 2024
118,Linda Roy,lindaroy118@outlook.com,(147) 447-4398,vancouver,2023-04-10,
1015,Amanda Tremblay,amanda.tremblay1015@hotmail.com,992.033.2488,MONCTON,2023-01-26,Gold member - loyalty since 2024
683,Ryan Nguyen,ryan_nguyen683@yahoo.com,739.408.6099,Vancouvr,2023-10-15,Silver member - loyalty since 2021
6,Jessica Martin,jessica_martin6@hotmail.com,1580256197,CALGARY,2020-12-27,
1474,Karen Tremblay,karen.tremblay1474@gmail.com,4001164262,Toronto,2023-09-14,
467,James Campbell,jamescampbell467@yahoo.com,(778) 859-6322,Winnipeg,2019-05-12,Requested large-print labels
1199,Amanda Anderson,amanda_anderson1199@yahoo.com,(827) 550-6378,Toronto,2024-12-30,
1393,Jennifer Lee,jenniferlee1393@yahoo.com,080.389.1923,Vancouver,2020-11-06,
743,Linda Chan,lindachan743@outlook.com,(215) 075-3417,Edmonton,2021-04-26,Gold member - loyalty since 2023
446,Joseph Brown,joseph.brown446@yahoo.com,6592169945,"Vancouver, BC",2020-07-09,Gold member - loyalty since 2022
137,Sarah Lee,sarahlee137@gmail.com,478.839.1149,"Waterloo, ON",2022-10-15,Platinum member - loyalty since 2024
12,Patricia Gagnon,patricia.gagnon12@hotmail.com,001.973.9271,Edmonton,2019-06-30,Gold member - loyalty since 2024
1091,Jessica Wilson,jessica.wilson1091@gmail.com,9714786887,Vancouver,2025-07-14,
333,Kevin Campbell,kevin_campbell333@hotmail.com,516-615-3679,toronto,2020-06-26,
605,David Tremblay,david_tremblay605@gmail.com,(479) 335-9448,Regina,2020-01-03,Platinum member - loyalty since 2019
569,Michael Patel,michaelpatel569@outlook.com,125.037.7464,Vancouver,2021-02-15,
1445,Daniel Wilson,daniel.wilson1445@outlook.com,957-746-0423,Moncton,2023-12-01,
824,Lisa Nguyen,lisa_nguyen824@hotmail.com,8319847802,Quebec city,2022-05-17,
1490,Laura Young,laurayoung1490@outlook.com,080-253-1490,Trnto,2019-10-16,
55,Brandon Lee,brandon_lee55@yahoo.com,933.808.6419,Regina,2024-02-12,
926,Justin Tremblay,justintremblay926@hotmail.com,434-011-8523,Regina,2019-10-27,
234,Mary Brown,mary_brown234@yahoo.com,804.795.5270,"Calgary, AB",2022-09-19,
85,Ryan Chan,ryanchan85@outlook.com,3100486159,Vancouver,2022-11-19,Requested large-print labels
642,Patricia MacDonald,patricia_macdonald642@gmail.com,399.431.1738,edmonton,2019-12-23,Requested large-print labels
1549,Matthew Smith,matthewsmith1549@outlook.com,0332175177,TORONTO,2024-11-01,
65,Lisa MacDonald,lisamacdonald65@yahoo.com,604-553-4750,Montreal,2024-11-26,
1264,Brandon Tremblay,brandon.tremblay1264@yahoo.com,573.129.3417,Vancouver,2025-01-02,Silver member - loyalty since 2020
188,Justin Young,justin.young188@hotmail.com,5777961919,Calgary,2023-01-13,
861,Robert Martin,robertmartin861@hotmail.com,724-331-5079,Regina,2021-02-24,Requested large-print labels
152,Elizabeth Singh,elizabethsingh152@hotmail.com,568-448-5633,Edmonton,2021-12-24,
1190,Justin Anderson,justin.anderson1190@hotmail.com,9741880429,Vancouver,2024-03-17,
827,Lisa Nguyen,lisa_nguyen827@outlook.com,987-125-4114,Saskatoon,2022-11-01,Gold member - loyalty since 2019
389,Kevin Patel,kevinpatel389@outlook.com,1474292487,Montreal,2022-10-14,Requested large-print labels
138,Linda Wilson,linda_wilson138@yahoo.com,586.361.4883,Ottawa,2021-12-08,
732,Daniel Taylor,daniel.taylor732@gmail.com,3914256511,Montreal,2020-04-28,
173,Emily Taylor,emily.taylor173@outlook.com,0390717906,Toronto,2020-06-05,
834,Ryan Campbell,ryancampbell834@hotmail.com,179-610-6629,Edmonton,2022-12-27,
531,Brian Smith,brian_smith531@gmail.com,6887251543,Montreal,2023-06-23,Silver member - loyalty since 2024
987,John White,johnwhite987@hotmail.com,343-817-6670,Regina,2021-07-05,Gold member - loyalty since 2024
456,James MacDonald,jamesmacdonald456@gmail.com,516-167-1762,Vancouver,2022-09-08,
736,Michael Taylor,michael_taylor736@yahoo.com,1105448583,Montreal,2019-06-17,
1212,Emily Hall,emily.hall1212@yahoo.com,344-006-0850,Calgary,2019-12-23,
1173,Brian Lee,brian_lee1173@outlook.com,717.354.4996,Hamilton,2023-06-13,
595,Amanda Martin,amandamartin595@yahoo.com,765-381-5953,Saskatoon,2021-11-14,Requested large-print labels
1273,Joseph Young,joseph_young1273@yahoo.com,2286816739,Winnipeg,2019-02-16,
951,John Roy,john_roy951@gmail.com,3291094575,Vancouver,2024-07-14,Platinum member - loyalty since 2020
375,Emily Tremblay,emily.tremblay375@yahoo.com,5979053873,Toronto,2019-01-19,
1409,Kevin Martin,kevin.martin1409@gmail.com,416-158-3400,Quebec city,2022-08-28,Gold member - loyalty since 2022
792,Mary Singh,marysingh792@gmail.com,771.806.1773,Moncton,2022-12-21,Gold member - loyalty since 2025
710,James Smith,james_smith710@gmail.com,514.920.5897,Vancouver,2022-03-08,
161,Elizabeth Gagnon,elizabeth.gagnon161@outlook.com,9646425853,Waterloo,2022-06-29,
1299,Laura Wilson,laura_wilson1299@gmail.com,825.300.7210,Kitchener,2019-07-05,Silver member - loyalty since 2022
51,Michelle Young,michelleyoung51@yahoo.com,6613514421,Toronto,2024-10-27,Platinum member - loyalty since 2019
1477,Karen Clark,karen.clark1477@hotmail.com,712.485.2273,Halifax,2024-09-09,
1099,Jason Campbell,jason_campbell1099@outlook.com,839-721-3366,Quebec City,2025-02-24,
671,Karen Campbell,karen.campbell671@yahoo.com,210.205.1274,Toronto,2024-06-28,
33,Karen Chan,karen_chan33@outlook.com,5658874923,Halifax,2024-06-17,Gold member - loyalty since 2020
962,Laura White,laura.white962@gmail.com,5440450960,Toronto,2021-03-13,
239,Patricia Tremblay,patricia_tremblay239@gmail.com,(322) 215-0575,Calgary,2023-02-21,Platinum member - loyalty since 2022
846,David Patel,david_patel846@gmail.com,358-530-6652,Ottawa,2023-01-20,
355,Michelle MacDonald,michellemacdonald355@outlook.com,(948) 852-1202,Quebec City,2025-01-18,
165,Amanda Young,amanda_young165@hotmail.com,715-373-2434,Vancouver,2021-05-30,
487,John Taylor,john_taylor487@hotmail.com,(663) 046-3671,Vancouver,2021-06-15,
1421,John Brown,john.brown1421@outlook.com,649-465-5798,TORONTO,2023-01-01,
1036,Lisa Patel,lisa_patel1036@yahoo.com,739.123.7857,edmonton,2021-09-29,Gold member - loyalty since 2023
1263,Jason Smith,jason.smith1263@gmail.com,(048) 668-4465,"Waterloo, ON",2024-04-17,Requested large-print labels
296,Robert MacDonald,robert.macdonald296@outlook.com,3538652312,edmonton,2023-11-21,
1067,Daniel Clark,daniel.clark1067@gmail.com,1371710361,Calgary,2025-05-01,
475,Linda Martin,linda.martin475@hotmail.com,284.389.1935,Hamilton,2024-02-29,
813,Jason MacDonald,jasonmacdonald813@hotmail.com,393-663-5793,Hamilton,2022-12-08,
473,Justin MacDonald,justin.macdonald473@outlook.com,831-665-7219,Montreal,2025-02-15,
1093,Karen Young,karenyoung1093@hotmail.com,107-598-8216,Edmonton,2021-06-14,
1438,Matthew Tremblay,matthewtremblay1438@gmail.com,325.824.1879,vancouver,2023-01-16,Gold member - loyalty since 2021
938,Jennifer Chan,jennifer.chan938@gmail.com,795.448.1057,Moncton,2023-12-06,
970,Jennifer Brown,jennifer_brown970@outlook.com,539-619-0888,Montreal,2025-05-16,
98,Amanda Roy,amanda_roy98@gmail.com,377.197.1752,Calgary,2024-01-27,
1109,James Nguyen,james.nguyen1109@gmail.com,(309) 145-0477,Kitchener,2021-07-25,
577,Michelle Clark,michelle_clark577@gmail.com,(960) 109-2802,Regina,2020-05-19,
1135,Joseph Clark,joseph.clark1135@hotmail.com,(878) 375-8905,"Toronto, ON",2021-05-22,Platinum member - loyalty since 2019
1488,Karen Lee,karen_lee1488@yahoo.com,0246508260,Regina,2022-07-23,
721,James Campbell,james.campbell721@hotmail.com,0234412713,Saskatoon,2023-02-28,
450,Linda White,lindawhite450@outlook.com,023-196-8535,Vancouver,2023-04-07,
551,Emily White,emilywhite551@gmail.com,0615344317,Regina,2020-10-21,Requested large-print labels
309,Kevin Smith,kevinsmith309@outlook.com,2298959102,Vancouver,2019-09-07,
1428,Amanda Singh,amanda.singh1428@yahoo.com,124-236-2003,Toronto,2019-12-04,Gold member - loyalty since 2023
873,Jessica MacDonald,jessicamacdonald873@yahoo.com,768.384.8326,Trnto,2019-05-17,
673,Patricia Chan,patricia.chan673@gmail.com,531.539.3933,Saskatoon,2024-02-09,Gold member - loyalty since 2020
986,Joseph Nguyen,joseph_nguyen986@hotmail.com,882-144-7567,Regina,2022-07-14,
434,Matthew Smith,matthew.smith434@yahoo.com,8023081423,Vancouver,2023-01-18,"Prefers pickup, not delivery"
583,Jennifer Nguyen,jennifernguyen583@outlook.com,1961255981,Calgary,2020-07-09,
1517,RRyan Chan,rryanchan1517@yahoo.com,3100486159,Vancouver,2022-11-19,Requested large-print labels
1102,Jason Smith,jason_smith1102@outlook.com,3182582782,Saskatoon,2024-05-16,"Prefers pickup, not delivery"
1232,Matthew Smith,matthewsmith1232@gmail.com,(849) 461-9477,Vancouver,2021-10-02,Platinum member - loyalty since 2021
901,Jason Wilson,jason.wilson901@yahoo.com,834.250.6721,Halifax,2021-09-18,
449,Brandon Taylor,brandon.taylor449@gmail.com,0239787890,"Montreal, QC",2023-08-11,Platinum member - loyalty since 2021
1375,Susan Gagnon,susan.gagnon1375@yahoo.com,0094836129,Kitchener,2023-03-28,
568,Elizabeth Hall,elizabeth_hall568@gmail.com,180.869.5619,Toronto,2023-06-27,Prefers text reminders
620,David Nguyen,davidnguyen620@outlook.com,428-896-0889,Ottawa,2024-09-08,Platinum member - loyalty since 2025
1228,Jennifer Martin,jennifer_martin1228@hotmail.com,806-469-7220,waterloo,2019-02-23,Opted out of email marketing
493,John Gagnon,johngagnon493@gmail.com,3120168880,Edmonton,2021-11-27,Platinum member - loyalty since 2024
386,Brandon Gagnon,brandongagnon386@hotmail.com,277-497-2238,Trnto,2022-01-16,Silver member - loyalty since 2020
742,Nancy White,nancywhite742@hotmail.com,909-140-5791,Regina,2020-07-25,Platinum member - loyalty since 2024
282,Jessica Brown,jessicabrown282@outlook.com,6929380233,Toronto,2024-12-20,
746,Andrew Patel,andrew_patel746@gmail.com,726.033.8089,Halifax,2022-08-04,Platinum member - loyalty since 2023
1269,Kevin Anderson,kevin_anderson1269@hotmail.com,(210) 287-8944,Kitchener,2022-06-30,
484,David Roy,david.roy484@gmail.com,(031) 141-4042,Edmonton,2019-06-24,Silver member - loyalty since 2022
1149,Jennifer MacDonald,jennifer_macdonald1149@gmail.com,022-359-6875,Ottawa,2025-04-24,
283,John Lee,john.lee283@hotmail.com,3970299527,Toronto,2019-03-08,Requested large-print labels
438,Andrew Singh,andrewsingh438@yahoo.com,914-329-5871,Calgary,2025-02-17,
892,Brian Patel,brianpatel892@outlook.com,694-213-0174,Hamilton,2021-11-10,
781,Jennifer Wilson,jennifer_wilson781@hotmail.com,1323432235,TORONTO,2021-01-11,
549,Emily MacDonald,emily_macdonald549@outlook.com,(761) 533-9574,Montreal,2021-10-29,Requested large-print labels
1460,Joseph Lee,joseph_lee1460@gmail.com,2053093129,CALGARY,2021-05-11,"Prefers pickup, not delivery"
1383,Matthew Clark,matthew_clark1383@outlook.com,726.652.8852,Calgary,2022-12-18,
783,Karen Martin,karenmartin783@hotmail.com,7836877095,Moncton,2023-09-24,Prefers text reminders
862,Mary Singh,mary_singh862@yahoo.com,4505048423,Calgary,2024-06-17,
1113,Jason Taylor,jasontaylor1113@hotmail.com,6306247899,Halifax,2019-10-10,Gold member - loyalty since 2024
1343,Andrew Anderson,andrewanderson1343@yahoo.com,(123) 416-5869,Calgary,2025-04-08,
674,Robert Martin,robert_martin674@yahoo.com,0824433639,Halifax,2019-10-17,Gold member - loyalty since 2022
1481,Jason Nguyen,jasonnguyen1481@outlook.com,(091) 910-7417,winnipeg,2024-01-02,Gold member - loyalty since 2021
687,Ryan Campbell,ryan.campbell687@outlook.com,1964401460,Halifax,2024-04-14,
1303,Matthew Clark,matthew.clark1303@yahoo.com,4058613705,"Montreal, QC",2021-01-16,
818,Robert Gagnon,robertgagnon818@outlook.com,(928) 341-9703,Ottawa,2020-01-25,
1470,Matthew Brown,matthew_brown1470@yahoo.com,7537949503,Vancouver,2024-03-31,Silver member - loyalty since 2021
753,David Campbell,david_campbell753@yahoo.com,284.093.7658,Regina,2022-09-25,
122,Mary Gagnon,mary_gagnon122@outlook.com,603.597.6862,Ottawa,2024-06-20,
1230,Amanda Nguyen,amanda_nguyen1230@outlook.com,088.343.7033,Quebec,2022-11-10,
700,Sarah Young,sarah_young700@gmail.com,317-188-7927,Halifax,2020-12-30,
888,Daniel Martin,daniel.martin888@outlook.com,524.595.9665,Edmonton,2022-06-06,Prefers text reminders
891,Linda Chan,linda.chan891@gmail.com,3871815155,Waterloo,2020-12-12,Platinum member - loyalty since 2021
17,Lisa Smith,lisa_smith17@outlook.com,8544126357,"Calgary, AB",2022-11-11,
1537,Sarah Tremblaay,sarah_tremblaay1537@hotmail.com,9828324661,Moncton,2025-03-19,
779,Michelle Anderson,michelleanderson779@yahoo.com,(588) 791-9901,Hamilton,2023-03-13,"Prefers pickup, not delivery"
899,Patricia Clark,patriciaclark899@hotmail.com,2242421725,Moncton,2022-11-08,
1388,Jessica Young,jessica.young1388@gmail.com,(470) 652-9990,Hamilton,2020-09-16,Silver member - loyalty since 2025
1066,Susan Gagnon,susangagnon1066@yahoo.com,501.218.9584,"Montreal, QC",2019-11-07,Platinum member - loyalty since 2023
967,Joseph Patel,joseph.patel967@hotmail.com,408-860-3026,"Edmonton, AB",2020-05-12,Gold member - loyalty since 2025
294,Daniel Campbell,danielcampbell294@gmail.com,231-907-8894,"Vancouver, BC",2024-01-17,Platinum member - loyalty since 2022
952,Amanda Brown,amanda_brown952@hotmail.com,174.255.2666,Vancouver,2023-12-07,Platinum member - loyalty since 2022
40,Susan Wilson,susanwilson40@yahoo.com,1460988784,Toronto,2019-06-14,
107,Justin Lee,justin.lee107@hotmail.com,5877135595,Regina,2023-04-16,
727,Matthew Wilson,matthew.wilson727@yahoo.com,035.383.9716,London,2021-09-28,
24,Jessica Martin,jessica.martin24@yahoo.com,9502422847,Vancouver,2025-03-01,Platinum member - loyalty since 2025
711,Ryan Tremblay,ryan.tremblay711@yahoo.com,(742) 364-3229,Edmonton,2020-02-05,Silver member - loyalty since 2022
70,Sarah Hall,sarahhall70@hotmail.com,313.790.4533,Saskatoon,2024-05-04,
1390,Karen Nguyen,karennguyen1390@outlook.com,796-687-2374,Toronto,2023-07-13,Silver member - loyalty since 2022
426,Jason Chan,jasonchan426@yahoo.com,(312) 282-0605,Vancouver,2022-09-02,
1060,Emily Roy,emilyroy1060@outlook.com,778-973-4954,TORONTO,2024-09-05,Platinum member - loyalty since 2021
1365,Brandon Gagnon,brandongagnon1365@yahoo.com,(447) 999-3794,Toronto,2019-05-26,Silver member - loyalty since 2025
104,Daniel Singh,daniel_singh104@outlook.com,(057) 099-5075,Toronto,2022-04-19,
556,John MacDonald,john.macdonald556@gmail.com,4803788900,Moncton,2020-09-04,
1098,Joseph Nguyen,joseph.nguyen1098@yahoo.com,(079) 239-6833,Winnipeg,2024-02-14,
1495,Matthew Smith,matthew.smith1495@gmail.com,712.662.9462,TORONTO,2024-11-01,
1148,Linda White,linda_white1148@gmail.com,855-575-0091,Quebec City,2021-12-11,Silver member - loyalty since 2025
996,Ryan Campbell,ryancampbell996@outlook.com,470.713.2199,Regina,2024-06-02,Requested large-print labels
1455,Kevin Roy,kevin.roy1455@gmail.com,(369) 017-7247,Ottawa,2019-06-11,
75,Justin Young,justinyoung75@outlook.com,522.231.4768,Vancouver,2020-05-08,Gold member - loyalty since 2024
508,Andrew Martin,andrew_martin508@outlook.com,024.791.3325,Waterloo,2025-05-01,Platinum member - loyalty since 2019
1404,Lisa Hall,lisa_hall1404@outlook.com,492-238-5974,Waterloo,2021-04-06,Gold member - loyalty since 2019
219,Kevin Gagnon,kevin_gagnon219@hotmail.com,809.491.4490,Hamilton,2020-05-01,Silver member - loyalty since 2021
1371,Jason Smith,jasonsmith1371@yahoo.com,6867980257,Ottawa,2020-08-27,
1317,Mary Martin,mary.martin1317@outlook.com,948.466.8464,Toronto,2023-01-24,Requested large-print labels
266,Susan Young,susan.young266@outlook.com,145-806-6709,Calgary,2020-05-28,
991,James Roy,james_roy991@yahoo.com,1698318949,Toronto,2025-05-22,Silver member - loyalty since 2025
1461,Justin Gagnon,justin.gagnon1461@outlook.com,966.491.8885,Montreal,2025-04-09,Prefers text reminders
435,Brian Patel,brianpatel435@hotmail.com,311.719.6009,"Ottawa, ON",2020-01-24,
111,Daniel Brown,daniel.brown111@gmail.com,365-299-0472,Vancouver,2022-08-29,
511,Nancy Campbell,nancy_campbell511@hotmail.com,4005049412,Waterloo,2021-02-22,Requested large-print labels
41,Brandon Clark,brandon_clark41@outlook.com,(068) 284-8769,Quebec city,2021-07-16,"Prefers pickup, not delivery"
505,Amanda Wilson,amanda.wilson505@yahoo.com,939-040-2861,Winnipeg,2024-07-10,Opted out of email marketing
277,John Nguyen,john.nguyen277@hotmail.com,120.921.6659,REGINA,2020-06-14,Gold member - loyalty since 2024
810,Jessica Patel,jessica_patel810@hotmail.com,688-527-2038,Moncton,2022-11-16,
340,Kevin Tremblay,kevintremblay340@hotmail.com,744.788.9816,"Calgary, AB",2020-02-25,Silver member - loyalty since 2025
1163,Karen Patel,karenpatel1163@hotmail.com,(685) 280-4994,Montreal,2021-05-28,
1545,Emilyy Taylor,emilyy.taylor1545@yahoo.com,140.378.0254,Vancouvr,2021-09-13,Requested large-print labels
895,Brian Lee,brian.lee895@gmail.com,2889894583,Waterloo,2019-10-06,Opted out of email marketing
186,Susan Singh,susan_singh186@hotmail.com,3955928949,Vancouver,2022-02-03,Prefers text reminders
799,Michael Campbell,michael.campbell799@hotmail.com,(048) 775-8352,"Regina, SK",2021-09-11,Gold member - loyalty since 2022
1124,Joseph Singh,joseph_singh1124@hotmail.com,5013142589,Toronto,2019-08-19,
745,Elizabeth Singh,elizabeth.singh745@gmail.com,7516538302,Halifax,2024-03-31,
994,Brian Gagnon,brian.gagnon994@gmail.com,931-497-0864,Regina,2020-10-31,Platinum member - loyalty since 2022
1179,Robert Taylor,roberttaylor1179@hotmail.com,0062474983,Vancouver,2022-12-24,
724,Linda Young,lindayoung724@hotmail.com,647-604-6962,Ottawa,2021-06-21,
62,Matthew Lee,matthewlee62@yahoo.com,5260093638,winnipeg,2021-01-18,
1469,Robert Singh,robertsingh1469@outlook.com,(730) 422-6029,Moncton,2020-05-24,
579,James Campbell,james_campbell579@yahoo.com,4878643710,Quebec City,2020-05-31,
798,Laura Campbell,laura_campbell798@yahoo.com,142.680.7394,Vancouver,2023-08-11,
656,Michael Anderson,michael_anderson656@hotmail.com,191.859.8964,Toronto,2023-01-29,Platinum member - loyalty since 2023
1045,Michael Singh,michael.singh1045@yahoo.com,8639039578,Toronto,2023-05-09,Platinum member - loyalty since 2023
388,John Lee,johnlee388@yahoo.com,1288564654,Halifax,2025-03-13,
128,Nancy Roy,nancy_roy128@gmail.com,(518) 368-2224,Winnipeg,2022-08-22,Gold member - loyalty since 2020
1398,David Young,davidyoung1398@outlook.com,6184429178,Moncton,2022-09-10,
252,John Brown,john.brown252@yahoo.com,(905) 281-2850,Quebec City,2023-09-21,
1333,Andrew Chan,andrew.chan1333@hotmail.com,105-502-9787,Regina,2023-12-01,
544,John MacDonald,johnmacdonald544@yahoo.com,(175) 782-7974,"Ottawa, ON",2021-09-21,
308,Patricia Martin,patriciamartin308@hotmail.com,992.435.4942,Waterloo,2023-08-26,Requested large-print labels
194,Linda Patel,linda.patel194@outlook.com,011.136.6073,Winnipeg,2024-11-11,
647,Brandon Brown,brandon_brown647@gmail.com,(288) 170-4677,montreal,2020-06-30,
503,Linda Singh,linda.singh503@yahoo.com,(012) 898-4629,Toronto,2023-03-31,Platinum member - loyalty since 2020
34,Justin Young,justinyoung34@outlook.com,9787926720,Halifax,2021-01-12,Opted out of email marketing
1157,Joseph Campbell,joseph_campbell1157@hotmail.com,5560807919,Edmonton,2019-12-05,Silver member - loyalty since 2021
801,Susan Clark,susan.clark801@gmail.com,156.723.5258,Edmonton,2020-10-02,
1351,Susan Singh,susan_singh1351@gmail.com,(750) 892-0694,Hamilton,2020-06-25,Gold member - loyalty since 2024
58,Justin Taylor,justin_taylor58@gmail.com,(647) 831-1355,Ottawa,2022-08-22,Silver member - loyalty since 2025
1408,Laura Smith,laura.smith1408@outlook.com,297.344.1079,Edmonton,2023-06-23,
359,Andrew Clark,andrew_clark359@outlook.com,4042929785,Calgary,2019-10-21,
1227,Susan Clark,susan.clark1227@yahoo.com,(212) 174-2773,Quebec City,2023-12-20,
46,Andrew Taylor,andrew.taylor46@hotmail.com,3963114220,vancouver,2021-04-27,Prefers text reminders
1231,Susan MacDonald,susanmacdonald1231@gmail.com,2364259821,"Edmonton, AB",2024-10-24,
1174,James Tremblay,jamestremblay1174@hotmail.com,(431) 470-5117,Moncton,2025-01-27,
894,Karen Lee,karenlee894@gmail.com,(553) 661-5490,Montreal,2019-06-24,Platinum member - loyalty since 2023
927,Sarah Tremblay,sarahtremblay927@gmail.com,0667081007,Moncton,2025-03-19,
69,Patricia Campbell,patricia.campbell69@yahoo.com,639.952.7074,Toronto,2022-01-03,
319,Robert Roy,robert_roy319@hotmail.com,4995789977,Montreal,2024-03-20,
292,Mary Taylor,marytaylor292@hotmail.com,259.791.3070,Hamilton,2022-01-09,
47,Nancy Nguyen,nancynguyen47@outlook.com,(355) 435-4901,Moncton,2025-04-12,
924,Jessica Smith,jessica.smith924@outlook.com,6210529127,Toronto,2021-12-15,
278,Jennifer Martin,jennifermartin278@gmail.com,3262897619,London,2019-03-11,
1430,Ryan Smith,ryansmith1430@outlook.com,7904676033,Kitchener,2022-12-09,
298,Patricia Wilson,patriciawilson298@gmail.com,792-426-5094,Montreal,2023-12-27,Platinum member - loyalty since 2019
225,John Campbell,johncampbell225@outlook.com,225.866.0837,London,2020-05-14,Silver member - loyalty since 2024
865,Linda MacDonald,linda.macdonald865@outlook.com,(953) 738-9264,Montreal,2025-04-16,Silver member - loyalty since 2023
979,Laura Smith,laura_smith979@hotmail.com,260-387-2759,winnipeg,2023-09-23,Gold member - loyalty since 2019
1402,Robert Roy,robert.roy1402@gmail.com,030-936-7229,Toronto,2019-11-20,
1117,Michelle MacDonald,michelle.macdonald1117@gmail.com,317.624.0595,HALIFAX,2024-06-16,
365,Matthew MacDonald,matthew.macdonald365@outlook.com,256-989-6060,Toronto,2021-11-05,
428,Emily Chan,emilychan428@yahoo.com,875.894.1847,montreal,2019-10-09,
841,Patricia White,patricia.white841@outlook.com,4991536071,Ottawa,2021-05-18,
367,Daniel Hall,daniel_hall367@yahoo.com,7094870551,CALGARY,2023-02-26,Silver member - loyalty since 2025
1480,Matthew Clark,matthew.clark1480@gmail.com,643.204.2732,Edmonton,2021-12-29,
1,Linda Taylor,lindataylor1@hotmail.com,(873) 810-9652,Waterloo,2022-05-23,Prefers text reminders
774,Brian Martin,brianmartin774@gmail.com,3677617485,Toronto,2022-06-25,Silver member - loyalty since 2023
1048,Kevin Smith,kevin.smith1048@yahoo.com,858-016-1519,Winnipeg,2022-01-16,Gold member - loyalty since 2025
843,Ryan Singh,ryansingh843@yahoo.com,0940211340,winnipeg,2019-07-26,
1023,Laura Anderson,laura.anderson1023@gmail.com,(981) 745-9874,Ottawa,2022-03-22,
1244,Emily Anderson,emily_anderson1244@outlook.com,4693985347,Toronto,2020-06-29,Gold member - loyalty since 2025
67,Karen Taylor,karentaylor67@hotmail.com,(432) 772-4799,Calgary,2024-09-21,Platinum member - loyalty since 2023
1107,Elizabeth Tremblay,elizabeth_tremblay1107@yahoo.com,617.905.2557,Winnipeg,2021-02-16,Prefers text reminders
32,Sarah Tremblay,sarah.tremblay32@gmail.com,054.965.9052,montreal,2024-10-11,Silver member - loyalty since 2023
868,Mary Martin,mary.martin868@hotmail.com,(012) 567-8654,Moncton,2020-01-22,
1081,Kevin Martin,kevin.martin1081@outlook.com,178-975-8735,Edmonton,2021-05-23,
1186,Joseph Taylor,joseph.taylor1186@hotmail.com,2961925834,Montreal,2020-01-19,
29,Daniel Campbell,daniel.campbell29@outlook.com,8408967147,Ottawa,2023-09-17,
295,Andrew Gagnon,andrew.gagnon295@gmail.com,(453) 115-4353,Calgary,2020-06-23,Silver member - loyalty since 2023
1274,Nancy Chan,nancychan1274@yahoo.com,3113349998,Regina,2022-01-23,Gold member - loyalty since 2019
114,Jennifer Martin,jennifermartin114@gmail.com,645-748-0400,"Moncton, NB",2024-03-07,
246,Linda Chan,linda_chan246@hotmail.com,008.373.5310,waterloo,2021-04-04,
416,David Singh,davidsingh416@hotmail.com,9903616455,Ottawa,2019-04-29,
770,Daniel Patel,danielpatel770@hotmail.com,712.507.8184,Toronto,2022-03-24,
162,Jason Lee,jason_lee162@gmail.com,022-191-7723,Vancouver,2019-01-11,Silver member - loyalty since 2022
679,Mary Gagnon,mary_gagnon679@yahoo.com,284-722-2786,"Winnipeg, MB",2023-07-14,
412,Brandon Martin,brandonmartin412@yahoo.com,(036) 506-1713,Ottawa,2023-12-20,
1210,Michelle Lee,michellelee1210@gmail.com,914.615.9765,Regina,2024-05-12,
39,Karen Patel,karen_patel39@outlook.com,(959) 024-6474,Regina,2023-10-30,
117,John Roy,johnroy117@yahoo.com,(439) 789-4032,Moncton,2023-12-21,
1441,Elizabeth Martin,elizabeth.martin1441@outlook.com,0802282213,Calgary,2023-05-16,Opted out of email marketing
2,Matthew Brown,matthew_brown2@hotmail.com,7353845851,Winnipeg,2019-04-18,
1427,David White,david.white1427@yahoo.com,666.227.7723,Winnipeg,2022-06-14,
248,Susan Brown,susanbrown248@gmail.com,232-739-0165,Ottawa,2021-09-05,Requested large-print labels
1423,Linda Singh,lindasingh1423@gmail.com,383-487-0232,Halifax,2023-06-25,Opted out of email marketing
666,Brandon White,brandon.white666@gmail.com,(880) 949-8268,TORONTO,2019-10-10,
1472,Andrew Roy,andrew.roy1472@gmail.com,4756990522,Winnipeg,2019-07-10,
1153,Joseph Lee,joseph.lee1153@gmail.com,427-985-9393,Vancouver,2021-06-04,Opted out of email marketing
1419,Sarah Singh,sarahsingh1419@hotmail.com,341-364-7980,Winnipeg,2019-11-06,Gold member - loyalty since 2024
93,Michael Chan,michael_chan93@yahoo.com,697-705-7997,London,2019-04-04,Silver member - loyalty since 2019
382,Amanda Campbell,amanda_campbell382@yahoo.com,(386) 510-9383,"Halifax, NS",2020-09-16,
115,Susan Brown,susan_brown115@yahoo.com,481.546.6252,toronto,2025-01-11,
1217,Michael MacDonald,michael.macdonald1217@yahoo.com,(537) 916-0745,Vancouvr,2021-01-13,
1126,Michelle Lee,michelle.lee1126@gmail.com,795.218.6998,Calgary,2020-01-24,Gold member - loyalty since 2021
255,Kevin White,kevinwhite255@yahoo.com,(233) 364-6567,Calgary,2021-08-23,
430,Brian Hall,brian_hall430@gmail.com,048.266.9262,Quebec City,2021-03-26,"Prefers pickup, not delivery"
589,Emily Tremblay,emily_tremblay589@hotmail.com,(372) 585-8789,Moncton,2025-03-25,
179,Kevin Wilson,kevin_wilson179@gmail.com,(839) 283-0130,Moncton,2019-10-25,Silver member - loyalty since 2023
1245,Mary White,mary.white1245@gmail.com,5120219539,Saskatoon,2024-07-27,Prefers text reminders
1011,Brian Lee,brian.lee1011@outlook.com,588-500-8245,Regina,2022-05-05,Platinum member - loyalty since 2019
958,Lisa Campbell,lisacampbell958@yahoo.com,(603) 690-7552,Kitchener,2023-10-15,
390,Michelle Chan,michellechan390@hotmail.com,4815663100,Hamilton,2021-05-01,Platinum member - loyalty since 2022
133,Mary Hall,mary_hall133@hotmail.com,774-201-8793,Montreal,2023-06-06,Gold member - loyalty since 2020
1110,Jessica Roy,jessica_roy1110@hotmail.com,813-933-6773,Hamilton,2020-01-11,"Prefers pickup, not delivery"
1453,Michael Patel,michael_patel1453@gmail.com,(307) 010-7286,Moncton,2022-07-22,
571,Andrew Hall,andrew.hall571@gmail.com,4824854748,Toronto,2022-11-04,
290,Michelle Patel,michelle_patel290@yahoo.com,(572) 428-0756,Vancouver,2021-03-29,
247,Emily Young,emily.young247@hotmail.com,5042121910,Toronto,2025-05-28,Silver member - loyalty since 2025
998,Jessica Chan,jessicachan998@outlook.com,3783360683,Quebec City,2024-01-28,Silver member - loyalty since 2023
776,Jason Roy,jason_roy776@yahoo.com,645.347.4917,Waterloo,2022-12-04,Opted out of email marketing
553,Amanda MacDonald,amanda.macdonald553@gmail.com,(696) 501-2044,vancouver,2021-08-22,Gold member - loyalty since 2021
90,Ryan Clark,ryanclark90@hotmail.com,691-736-9175,Montreal,2019-08-29,
193,Laura Singh,laura_singh193@hotmail.com,550.463.1858,Saskatoon,2019-12-05,
1400,Amanda Lee,amanda.lee1400@outlook.com,689-862-2480,"Edmonton, AB",2023-06-20,
1530,Jessica Gaagnon,jessicagaagnon1530@yahoo.com,(824) 749-3342,Quebec City,2023-06-27,
1127,Michael Taylor,michael.taylor1127@gmail.com,351-909-2418,Regina,2023-07-02,
437,Laura Young,laura_young437@yahoo.com,207.131.1294,"Moncton, NB",2022-07-04,Gold member - loyalty since 2024
1499,Linda Campbell,linda_campbell1499@gmail.com,649-877-0487,Edmonton,2025-06-11,"Prefers pickup, not delivery"
1008,Joseph Young,josephyoung1008@hotmail.com,193.606.2627,Regina,2019-10-25,
652,David Martin,david.martin652@gmail.com,8591031662,Halifax,2025-05-30,
354,Robert Singh,robert.singh354@outlook.com,016-995-1098,Vancouvr,2024-09-30,
147,Daniel Brown,daniel.brown147@yahoo.com,600-554-3720,Saskatoon,2023-08-28,Platinum member - loyalty since 2024
119,Michelle Taylor,michelle.taylor119@gmail.com,0392822961,Toronto,2023-12-07,Platinum member - loyalty since 2019
689,Brian Clark,brian.clark689@gmail.com,(740) 692-6735,Regina,2025-01-02,
1088,Justin Nguyen,justinnguyen1088@yahoo.com,0419181159,Vancouvr,2023-04-27,
1494,Laura Brown,laura.brown1494@outlook.com,4812369029,Montreal,2020-12-28,
534,Brian Singh,brian.singh534@gmail.com,(937) 242-9347,REGINA,2020-11-17,
863,Nancy Taylor,nancytaylor863@gmail.com,(395) 246-0259,Ottawa,2025-05-03,Silver member - loyalty since 2021
803,Lisa Roy,lisa.roy803@gmail.com,464-886-3032,Winnipeg,2019-07-24,Prefers text reminders
23,Patricia Hall,patricia.hall23@hotmail.com,(412) 797-9178,London,2025-02-23,
1103,Michael Roy,michael.roy1103@yahoo.com,301-025-7475,Toronto,2024-09-28,
1417,John Clark,johnclark1417@yahoo.com,976-310-1129,montreal,2021-10-07,
1155,Robert Gagnon,robertgagnon1155@gmail.com,983.322.1247,Toronto,2024-08-16,
898,Laura Clark,lauraclark898@hotmail.com,(648) 039-8122,HALIFAX,2021-02-13,Prefers text reminders
1065,James MacDonald,james.macdonald1065@hotmail.com,838-071-7400,Toronto,2024-03-28,
27,Lisa Smith,lisa_smith27@outlook.com,1658553820,montreal,2020-08-26,
677,Brian Tremblay,brian.tremblay677@hotmail.com,499-830-7482,Toronto,2020-10-15,Gold member - loyalty since 2022
15,Mary Singh,mary.singh15@outlook.com,343.214.1111,TORONTO,2023-09-05,
501,Justin Wilson,justinwilson501@gmail.com,(938) 307-0462,winnipeg,2022-10-09,Gold member - loyalty since 2024
1267,Patricia Lee,patricialee1267@yahoo.com,(837) 984-3902,Winnipeg,2022-04-04,
1541,Branndon Taylor,branndontaylor1541@outlook.com,293-049-5031,Vancouver,2023-02-12,"Prefers pickup, not delivery"
601,Justin Brown,justinbrown601@gmail.com,7856540191,"Moncton, NB",2022-01-10,
876,Lisa Patel,lisa_patel876@yahoo.com,2986204921,Winnipeg,2022-02-16,Requested large-print labels
274,Elizabeth Chan,elizabeth.chan274@outlook.com,024-588-9017,Vancouver,2019-05-14,Silver member - loyalty since 2020
685,Andrew White,andrewwhite685@outlook.com,(807) 008-7067,Vancouver,2024-05-21,Prefers text reminders
1286,John Patel,johnpatel1286@gmail.com,(138) 708-9101,Regina,2025-06-26,Gold member - loyalty since 2025
372,Robert Smith,robert.smith372@gmail.com,9336338848,Ottawa,2022-12-09,"Prefers pickup, not delivery"
272,James Singh,jamessingh272@outlook.com,663-446-2466,Toronto,2023-05-20,
606,Brian Nguyen,brian_nguyen606@outlook.com,238-576-0096,Vancouver,2021-02-05,Gold member - loyalty since 2025
215,John Brown,john.brown215@hotmail.com,897-097-8363,Hamilton,2019-06-21,Silver member - loyalty since 2025
1158,Jennifer White,jennifer.white1158@gmail.com,6479671985,London,2019-12-16,
345,Justin Campbell,justin.campbell345@yahoo.com,471.334.5849,Montreal,2022-06-28,
839,James White,jameswhite839@hotmail.com,5659256291,Winnipeg,2024-02-28,
148,Karen Martin,karen_martin148@gmail.com,(422) 185-6107,"Montreal, QC",2024-05-22,
1022,Karen Martin,karenmartin1022@hotmail.com,187.436.8771,Montreal,2025-04-03,Platinum member - loyalty since 2024
1168,Ryan Singh,ryan.singh1168@yahoo.com,(982) 283-6910,London,2021-02-25,
413,Mary Anderson,maryanderson413@outlook.com,725-505-0834,TORONTO,2022-02-05,
784,Jessica Gagnon,jessica_gagnon784@yahoo.com,8714378280,Saskatoon,2022-09-05,Platinum member - loyalty since 2020
343,Robert Nguyen,robert.nguyen343@hotmail.com,(456) 785-6396,Edmonton,2024-11-07,Requested large-print labels
948,James Taylor,james_taylor948@outlook.com,0644138187,Ottawa,2022-03-26,Silver member - loyalty since 2023
748,Jessica Wilson,jessicawilson748@outlook.com,3902049862,Trnto,2019-06-18,Opted out of email marketing
174,Robert Patel,robert_patel174@outlook.com,4254838958,Ottawa,2021-07-29,Silver member - loyalty since 2020
378,Justin Young,justinyoung378@yahoo.com,875.876.5925,Regina,2020-11-30,Platinum member - loyalty since 2023
739,Susan Nguyen,susannguyen739@outlook.com,918.583.5653,Toronto,2020-01-02,Platinum member - loyalty since 2019
1105,Brian Patel,brian.patel1105@outlook.com,(284) 733-9289,Montréal,2020-09-27,Silver member - loyalty since 2025
53,Michael Campbell,michael_campbell53@gmail.com,414-895-2407,"Calgary, AB",2021-09-14,
19,Andrew Lee,andrew_lee19@outlook.com,721-151-3892,Edmonton,2020-04-15,Opted out of email marketing
222,Jennifer Nguyen,jennifer.nguyen222@yahoo.com,(381) 875-4205,Moncton,2020-02-15,
1084,Jason Nguyen,jasonnguyen1084@yahoo.com,5634037560,Regina,2020-06-14,
1172,Andrew Gagnon,andrewgagnon1172@hotmail.com,912.378.2118,Montreal,2024-08-04,Opted out of email marketing
1487,Mary Hall,maryhall1487@gmail.com,7621194755,Halifax,2019-06-17,"Prefers pickup, not delivery"
96,Linda Patel,linda.patel96@outlook.com,003.886.4502,Calgary,2020-01-05,
262,Emily Chan,emily.chan262@gmail.com,219.169.5175,Montreal,2024-10-16,
1246,Michael Campbell,michaelcampbell1246@gmail.com,274-353-9943,Toronto,2021-04-28,
180,Ryan Roy,ryan_roy180@outlook.com,605.261.1372,"Calgary, AB",2021-06-12,Platinum member - loyalty since 2024
717,Jessica Roy,jessica_roy717@yahoo.com,9560186633,Quebec City,2021-11-02,
1465,Susan Wilson,susan.wilson1465@gmail.com,(796) 673-6792,Montreal,2019-08-09,
185,Ryan Martin,ryan.martin185@outlook.com,1159521233,Winnipeg,2022-11-06,Prefers text reminders
468,Joseph Singh,joseph_singh468@gmail.com,767-599-4071,Waterloo,2020-08-27,Opted out of email marketing
904,Mary Smith,mary_smith904@hotmail.com,645-644-5719,QC City,2019-05-05,
72,Brandon Nguyen,brandon_nguyen72@yahoo.com,(007) 028-2100,Vancouver,2024-10-28,Requested large-print labels
1120,Jason Clark,jasonclark1120@hotmail.com,269.985.7077,Montréal,2024-07-21,Gold member - loyalty since 2023
347,Robert Smith,robert_smith347@outlook.com,7839344209,Regina,2022-06-13,"Prefers pickup, not delivery"
30,Robert White,robertwhite30@yahoo.com,631-928-3093,Toronto,2020-08-01,
797,Jennifer MacDonald,jennifermacdonald797@yahoo.com,335.903.0573,Vancouver,2022-12-04,Silver member - loyalty since 2025
1064,Patricia Anderson,patriciaanderson1064@yahoo.com,568.057.3983,"Toronto, ON",2024-01-13,Platinum member - loyalty since 2024
158,Brian Lee,brian.lee158@hotmail.com,296-974-9755,Halifax,2020-10-26,Platinum member - loyalty since 2023
933,Brandon Tremblay,brandon_tremblay933@outlook.com,(282) 772-2947,Winnipeg,2019-02-22,
659,Susan Lee,susan_lee659@hotmail.com,8314049266,Saskatoon,2022-08-13,Silver member - loyalty since 2019
1369,Patricia Gagnon,patricia_gagnon1369@outlook.com,056-379-2663,Montreal,2024-12-11,Platinum member - loyalty since 2022
395,Karen Campbell,karen_campbell395@outlook.com,142-890-6934,Saskatoon,2021-11-13,Silver member - loyalty since 2025
1077,Emily Hall,emily.hall1077@outlook.com,491-811-1146,Winnipeg,2024-05-06,Platinum member - loyalty since 2020
989,Amanda Wilson,amanda.wilson989@hotmail.com,364-985-3932,Montreal,2019-08-05,"Prefers pickup, not delivery"
1235,James Lee,james.lee1235@hotmail.com,(282) 517-0078,Regina,2022-06-07,Requested large-print labels
1508,Michaell Gagnon,michaell_gagnon1508@gmail.com,556-039-9891,Winnipeg,2023-02-16,Gold member - loyalty since 2019
403,Daniel Smith,daniel.smith403@gmail.com,265.525.3078,Vancouver,2024-08-09,
990,Elizabeth Gagnon,elizabeth.gagnon990@gmail.com,5701361972,Toronto,2023-07-22,
678,Robert White,robert_white678@outlook.com,759.977.6626,Quebec City,2021-12-16,
823,Patricia MacDonald,patriciamacdonald823@gmail.com,072-997-5062,"Winnipeg, MB",2024-08-08,Requested large-print labels
964,Jennifer Clark,jennifer_clark964@gmail.com,(562) 365-2962,Montreal,2021-03-23,
836,Brandon Gagnon,brandon.gagnon836@gmail.com,891-038-5976,Montreal,2022-09-14,
1034,Joseph Campbell,josephcampbell1034@hotmail.com,8273218487,Ottawa,2022-05-31,
1287,Jennifer Taylor,jennifer.taylor1287@gmail.com,510-413-7957,Calgary,2020-04-18,
940,Jennifer Anderson,jennifer_anderson940@gmail.com,674.174.8560,Kitchener,2020-12-14,
1055,Laura Taylor,laurataylor1055@yahoo.com,684.335.8000,"Calgary, AB",2021-05-13,Prefers text reminders
692,Emily Anderson,emily.anderson692@gmail.com,6539966083,Quebec city,2024-07-19,
1253,Jennifer White,jenniferwhite1253@hotmail.com,817-243-5689,Toronto,2024-07-08,
335,Michelle Smith,michelle_smith335@gmail.com,651-623-5209,TORONTO,2021-01-24,
874,Jennifer Hall,jenniferhall874@yahoo.com,(342) 530-1739,Waterloo,2019-06-22,Gold member - loyalty since 2019
806,Brandon Tremblay,brandontremblay806@outlook.com,5156393203,Waterloo,2020-06-05,Platinum member - loyalty since 2022
8,Jennifer Wilson,jennifer.wilson8@yahoo.com,809-694-8637,Calgary,2023-10-29,
518,Kevin Hall,kevin_hall518@gmail.com,(763) 054-4575,Moncton,2025-07-13,Opted out of email marketing
198,Linda Hall,lindahall198@hotmail.com,4303906567,Calgary,2024-08-14,
297,Amanda MacDonald,amanda_macdonald297@gmail.com,089.273.7636,Quebec City,2024-07-26,Silver member - loyalty since 2025
1136,Emily White,emily_white1136@gmail.com,9128440918,Vancouver,2025-07-11,
1382,Linda Roy,linda.roy1382@gmail.com,386-163-4031,Calgary,2022-07-29,"Prefers pickup, not delivery"
123,Patricia Martin,patricia.martin123@hotmail.com,932-879-8991,Waterloo,2025-06-19,
379,Emily MacDonald,emily.macdonald379@outlook.com,466-885-5172,Vancouvr,2019-02-12,
1063,Laura Patel,laura_patel1063@yahoo.com,(932) 969-4053,Vancouver,2021-01-09,
1358,Emily Lee,emily.lee1358@gmail.com,(952) 125-4791,London,2023-11-01,Platinum member - loyalty since 2023
1141,Justin Patel,justin_patel1141@yahoo.com,(718) 693-9171,Edmonton,2019-05-21,Silver member - loyalty since 2021
163,Karen Brown,karenbrown163@gmail.com,(845) 613-5342,HALIFAX,2019-11-30,
1092,Joseph Hall,joseph.hall1092@gmail.com,527-288-9983,Vancouver,2021-04-26,"Prefers pickup, not delivery"
125,Emily MacDonald,emily_macdonald125@yahoo.com,983-878-1949,Edmonton,2020-08-16,Gold member - loyalty since 2019
552,Brandon Tremblay,brandon_tremblay552@outlook.com,085-358-8270,Saskatoon,2023-02-06,
5,Ryan Tremblay,ryan_tremblay5@gmail.com,8444841566,CALGARY,2019-07-27,
916,Kevin Martin,kevin.martin916@yahoo.com,566-431-4379,QC City,2020-01-09,
959,Michelle Taylor,michelle_taylor959@yahoo.com,383.550.3895,Quebec City,2019-05-12,Silver member - loyalty since 2024
1324,Amanda Singh,amanda_singh1324@yahoo.com,591-857-6911,Edmonton,2025-02-15,Platinum member - loyalty since 2021
612,Matthew MacDonald,matthew_macdonald612@yahoo.com,017.971.6732,London,2021-12-10,Requested large-print labels
288,Nancy Brown,nancy.brown288@gmail.com,032.597.0674,Edmonton,2022-02-06,Gold member - loyalty since 2021
957,Michelle Nguyen,michellenguyen957@gmail.com,(448) 535-6692,HALIFAX,2023-07-12,Opted out of email marketing
1548,Joseph Youung,joseph_youung1548@hotmail.com,399-193-1598,"Vancouver, BC",2019-02-15,
1433,Daniel Martin,daniel.martin1433@outlook.com,897-687-8729,winnipeg,2023-06-19,Requested large-print labels
909,Karen Clark,karen_clark909@hotmail.com,766-681-5395,Vancouver,2020-04-03,
507,Jessica White,jessicawhite507@yahoo.com,1604794484,HALIFAX,2020-06-18,Opted out of email marketing
357,Daniel Campbell,danielcampbell357@gmail.com,672.798.2114,Montreal,2021-10-10,
353,Ryan Campbell,ryan.campbell353@gmail.com,719.930.1992,Regina,2019-09-02,Prefers text reminders
845,David Young,davidyoung845@hotmail.com,(837) 241-8896,Moncton,2019-05-01,Platinum member - loyalty since 2025
837,James Hall,james.hall837@outlook.com,4554728484,"Edmonton, AB",2021-07-20,Silver member - loyalty since 2024
947,Emily Hall,emily_hall947@yahoo.com,7789518504,winnipeg,2024-05-16,
668,Matthew Clark,matthew_clark668@outlook.com,(684) 631-1411,Calgary,2025-03-16,
887,Jennifer Patel,jenniferpatel887@hotmail.com,685.792.9510,Ottawa,2024-11-30,
1295,Nancy White,nancy.white1295@yahoo.com,9001630736,Ottawa,2023-01-16,Gold member - loyalty since 2025
334,Robert Singh,robert_singh334@yahoo.com,048-137-4799,Waterloo,2025-01-08,
154,Sarah Taylor,sarah.taylor154@yahoo.com,(485) 831-8310,"Toronto, ON",2022-07-20,Silver member - loyalty since 2025
788,Daniel White,daniel_white788@yahoo.com,295-457-5434,Vancouver,2019-03-30,Gold member - loyalty since 2022
502,Elizabeth Patel,elizabeth.patel502@hotmail.com,(054) 136-5958,Toronto,2024-07-18,Silver member - loyalty since 2023
722,Elizabeth Clark,elizabeth_clark722@outlook.com,822-673-0437,Calgary,2019-08-03,
374,Robert Patel,robertpatel374@yahoo.com,877-513-0949,Vancouver,2019-10-26,
591,David Tremblay,david.tremblay591@hotmail.com,866-206-9756,Kitchener,2022-12-29,Platinum member - loyalty since 2024
313,Laura Nguyen,lauranguyen313@outlook.com,1536027092,Vancouver,2025-05-20,
43,Susan Clark,susanclark43@yahoo.com,(251) 983-6473,Toronto,2022-12-06,
1397,Karen Chan,karen_chan1397@outlook.com,(289) 906-4340,Moncton,2022-06-09,
646,Laura Lee,laura_lee646@gmail.com,240-240-1274,Montreal,2023-12-04,
1319,Susan MacDonald,susan.macdonald1319@hotmail.com,(893) 703-9193,Vancouver,2024-04-09,
972,Jessica Lee,jessicalee972@gmail.com,0997500161,Vancouver,2022-01-30,
1356,Nancy Wilson,nancy.wilson1356@hotmail.com,3131332480,edmonton,2022-07-03,
523,Robert Wilson,robertwilson523@yahoo.com,1862829762,Edmonton,2022-10-03,
1258,Daniel Wilson,daniel.wilson1258@yahoo.com,(397) 729-7981,Calgary,2025-06-14,
763,Brian Tremblay,briantremblay763@hotmail.com,590-578-7465,Waterloo,2020-09-26,
1362,Jennifer Taylor,jennifer_taylor1362@outlook.com,708-047-0427,Ottawa,2020-11-13,
1160,Jennifer Anderson,jennifer_anderson1160@hotmail.com,608-291-5144,Saskatoon,2021-03-06,
705,Justin Tremblay,justin_tremblay705@outlook.com,929-257-9109,Winnipeg,2025-01-11,Silver member - loyalty since 2025
1293,James Brown,james.brown1293@yahoo.com,1924722570,edmonton,2023-01-18,
1391,Ryan Young,ryan.young1391@gmail.com,477-583-9091,REGINA,2022-01-12,
945,Jason Smith,jasonsmith945@yahoo.com,5375731588,Moncton,2025-02-05,Silver member - loyalty since 2024
169,John Taylor,john_taylor169@outlook.com,(795) 098-6171,Calgary,2019-06-19,
361,Brian Tremblay,brian.tremblay361@gmail.com,480-003-6123,Montreal,2022-04-22,Opted out of email marketing
1019,Ryan Gagnon,ryan.gagnon1019@hotmail.com,066.947.5067,Calgary,2022-12-24,
1536,Nancy Campbeell,nancycampbeell1536@outlook.com,271.920.0342,Vancouver,2025-03-13,
744,Amanda Taylor,amanda.taylor744@gmail.com,520-760-7917,Montréal,2021-06-06,Prefers text reminders
273,Elizabeth Chan,elizabeth_chan273@yahoo.com,830-432-6835,Calgary,2021-12-01,Requested large-print labels
520,Matthew Young,matthew.young520@yahoo.com,(517) 536-7292,"Ottawa, ON",2022-05-26,Silver member - loyalty since 2023
815,Michael White,michaelwhite815@gmail.com,1818628851,OTTAWA,2021-02-15,Requested large-print labels
819,James Brown,james.brown819@gmail.com,731.307.8278,Toronto,2025-02-23,Opted out of email marketing
735,Sarah Young,sarah.young735@gmail.com,(601) 198-2802,Vancouver,2022-09-09,Platinum member - loyalty since 2019
1457,Matthew Smith,matthew.smith1457@yahoo.com,567.382.7994,Quebec City,2022-06-24,Silver member - loyalty since 2022
1360,Brian MacDonald,brian_macdonald1360@gmail.com,653-035-2015,Toronto,2021-05-18,
1205,Lisa Clark,lisa_clark1205@outlook.com,(271) 818-6327,Vancouver,2025-07-08,
1538,James Andersson,james.andersson1538@hotmail.com,661-987-1578,TORONTO,2021-01-10,Gold member - loyalty since 2024
1122,Michael Anderson,michael.anderson1122@gmail.com,134.939.3538,Kitchener,2021-04-07,Gold member - loyalty since 2025
129,Daniel Hall,danielhall129@hotmail.com,529.806.8429,Vancouver,2022-11-24,"Prefers pickup, not delivery"
999,Amanda Lee,amanda.lee999@gmail.com,131-965-1587,OTTAWA,2024-01-27,
1482,David Lee,davidlee1482@hotmail.com,949-417-2349,Vancouver,2022-01-21,
545,Jason Clark,jason.clark545@hotmail.com,4509991708,Edmonton,2022-11-02,
380,Justin Campbell,justincampbell380@yahoo.com,3426494558,Toronto,2025-06-09,"Prefers pickup, not delivery"
204,Kevin Roy,kevin.roy204@outlook.com,(336) 636-7853,vancouver,2022-04-22,
344,Michelle MacDonald,michelle.macdonald344@gmail.com,0207261429,Trnto,2022-11-19,Gold member - loyalty since 2024
1372,Linda Brown,lindabrown1372@outlook.com,6537935265,Quebec City,2025-02-14,
1442,Nancy White,nancy_white1442@gmail.com,750.497.0564,Vancouver,2022-04-26,
519,Andrew MacDonald,andrewmacdonald519@hotmail.com,(567) 367-5853,Waterloo,2025-04-23,
489,Mary White,mary_white489@yahoo.com,(725) 106-5936,Ottawa,2020-06-17,
1528,Susan Singhh,susansinghh1528@gmail.com,(750) 892-0694,Hamilton,2020-06-25,Gold member - loyalty since 2024
918,Linda Clark,lindaclark918@hotmail.com,6165786796,London,2023-12-14,Platinum member - loyalty since 2019
233,Ryan Martin,ryan.martin233@yahoo.com,(486) 568-2709,Hamilton,2023-03-19,
795,Linda Nguyen,linda.nguyen795@hotmail.com,564-321-6403,Waterloo,2020-09-09,
1454,Ryan Campbell,ryancampbell1454@yahoo.com,(590) 792-2284,Waterloo,2020-08-30,"Prefers pickup, not delivery"
1123,Jessica Lee,jessica.lee1123@yahoo.com,1427277196,Ottawa,2025-02-01,
515,Brandon Tremblay,brandon_tremblay515@gmail.com,715-593-8271,Toronto,2019-10-28,
1539,Jusstin Gagnon,jusstin.gagnon1539@gmail.com,090.395.8146,Montréal,2024-11-09,
512,Susan Roy,susanroy512@outlook.com,223.903.3734,Moncton,2022-08-04,
113,Jessica Tremblay,jessicatremblay113@gmail.com,(154) 870-2476,Edmonton,2022-03-23,
1486,Lisa Chan,lisa.chan1486@outlook.com,617-591-2350,Vancouver,2019-01-24,
218,Lisa MacDonald,lisa.macdonald218@outlook.com,363.404.9932,MONCTON,2025-01-09,
500,James Martin,james_martin500@yahoo.com,345.058.2171,Toronto,2023-08-06,Platinum member - loyalty since 2025
1521,Joseph YYoung,josephyyoung1521@outlook.com,(322) 577-7806,Hamilton,2021-12-23,
935,Michelle Taylor,michelletaylor935@yahoo.com,(025) 214-0478,Halifax,2024-03-09,Requested large-print labels
226,Patricia Smith,patricia_smith226@outlook.com,078.469.1058,Winnipeg,2020-07-21,"Prefers pickup, not delivery"
1043,Sarah White,sarahwhite1043@outlook.com,(014) 968-2415,"Moncton, NB",2020-08-22,Prefers text reminders
1193,Robert Tremblay,robert_tremblay1193@yahoo.com,1155426261,Toronto,2023-06-13,
1326,David Roy,david.roy1326@gmail.com,324.275.5667,Vancouver,2024-11-10,
1437,Emily Singh,emily_singh1437@outlook.com,862.853.9490,Waterloo,2020-12-25,Silver member - loyalty since 2024
398,Susan Martin,susanmartin398@hotmail.com,(422) 479-7758,"Vancouver, BC",2024-10-26,
541,Emily Martin,emily.martin541@yahoo.com,737.938.0505,Saskatoon,2022-11-18,
329,Karen Roy,karen.roy329@gmail.com,(707) 402-6673,London,2020-02-16,
796,Jessica Campbell,jessica.campbell796@yahoo.com,(764) 047-3474,"Vancouver, BC",2022-12-13,Gold member - loyalty since 2019
849,Patricia Clark,patriciaclark849@yahoo.com,911.413.2785,waterloo,2019-11-08,
1497,Patricia Roy,patriciaroy1497@outlook.com,(914) 311-8979,Winnipeg,2022-03-30,
1284,Michelle Patel,michellepatel1284@yahoo.com,337.982.9078,Quebec City,2022-09-18,
94,James MacDonald,james.macdonald94@yahoo.com,740.899.9946,Vancouver,2023-10-10,
214,Robert Clark,robert_clark214@gmail.com,(563) 335-3007,Toronto,2023-08-25,Silver member - loyalty since 2021
771,Matthew Hall,matthew.hall771@outlook.com,(003) 004-1375,Moncton,2022-09-21,
338,Robert Wilson,robertwilson338@yahoo.com,(839) 087-1322,"Toronto, ON",2022-10-09,Prefers text reminders
804,Karen Roy,karen_roy804@hotmail.com,(936) 165-8155,Edmonton,2021-11-19,Silver member - loyalty since 2022
213,Brian Brown,brian_brown213@outlook.com,963.302.8011,Calgary,2021-06-05,
619,Emily Patel,emilypatel619@gmail.com,5794415482,Calgary,2023-09-25,
1140,Brandon Singh,brandonsingh1140@yahoo.com,(047) 925-3714,Calgary,2023-05-19,
1183,Ryan Patel,ryanpatel1183@gmail.com,1584430388,Edmonton,2022-03-17,Requested large-print labels
1169,Matthew Smith,matthew_smith1169@outlook.com,(053) 167-6980,Edmonton,2019-10-04,
1137,Kevin MacDonald,kevin.macdonald1137@yahoo.com,3691481244,Quebec City,2023-02-01,
37,Laura Young,laura.young37@yahoo.com,(982) 148-0576,Toronto,2021-07-15,
106,Nancy Campbell,nancy_campbell106@yahoo.com,410.442.7511,Toronto,2022-02-15,Requested large-print labels
363,Michelle Clark,michelle_clark363@gmail.com,918.893.1277,Toronto,2023-06-28,
851,Laura Singh,laurasingh851@gmail.com,(448) 009-6673,Winnipeg,2020-05-14,
757,Ryan Clark,ryanclark757@yahoo.com,811.308.4256,Toronto,2022-03-29,
759,John Taylor,johntaylor759@gmail.com,420-307-4144,Vancouvr,2022-10-23,
366,Patricia Taylor,patricia.taylor366@hotmail.com,7110878738,Ottawa,2025-03-03,
857,Laura Singh,laura_singh857@hotmail.com,1069314616,Calgary,2021-01-24,Silver member - loyalty since 2023
1473,Elizabeth Campbell,elizabethcampbell1473@yahoo.com,(572) 245-5662,Hamilton,2023-07-18,
1552,Branddon Tremblay,branddon_tremblay1552@gmail.com,5156393203,Waterloo,2020-06-05,Platinum member - loyalty since 2022
566,Joseph Patel,josephpatel566@gmail.com,(693) 619-2140,Quebec City,2022-04-09,
250,Laura Young,laurayoung250@gmail.com,040-283-8502,Calgary,2022-07-27,Gold member - loyalty since 2020
477,Michelle Clark,michelleclark477@outlook.com,9557332874,London,2024-08-28,Platinum member - loyalty since 2025
1189,Sarah MacDonald,sarah.macdonald1189@yahoo.com,(572) 333-6363,Montreal,2025-07-20,
782,Michelle MacDonald,michelle.macdonald782@hotmail.com,(375) 475-0099,Quebec,2024-02-14,
455,Justin Chan,justinchan455@hotmail.com,246.592.6493,winnipeg,2019-07-20,Silver member - loyalty since 2019
1405,Kevin Roy,kevin.roy1405@outlook.com,5268862498,Halifax,2025-04-30,
1201,Laura Anderson,lauraanderson1201@hotmail.com,(468) 401-2208,Moncton,2020-06-29,
1108,Lisa Nguyen,lisa.nguyen1108@gmail.com,(215) 238-6037,edmonton,2019-02-19,
231,John Taylor,john_taylor231@outlook.com,3749941850,Waterloo,2022-01-05,
653,Joseph Hall,joseph.hall653@hotmail.com,(901) 732-9693,Quebec City,2023-04-10,Prefers text reminders
71,Elizabeth Taylor,elizabeth.taylor71@gmail.com,294.522.8157,Montréal,2021-06-15,Opted out of email marketing
611,Laura MacDonald,laura_macdonald611@yahoo.com,4662143748,Calgary,2021-01-11,Platinum member - loyalty since 2023
1175,Daniel Gagnon,danielgagnon1175@outlook.com,558-214-5881,Edmonton,2022-06-02,Platinum member - loyalty since 2024
1492,Brandon Taylor,brandontaylor1492@gmail.com,293-049-5031,Vancouver,2023-02-12,"Prefers pickup, not delivery"
1446,Karen White,karenwhite1446@hotmail.com,023.216.9828,vancouver,2019-11-05,Requested large-print labels
1509,John Whhite,john_whhite1509@hotmail.com,6091391101,Waterloo,2023-11-09,
411,Kevin Young,kevin.young411@outlook.com,6819081876,Regina,2022-05-30,
1432,Patricia Nguyen,patricia_nguyen1432@outlook.com,333.252.5591,"Edmonton, AB",2020-01-09,Silver member - loyalty since 2022
1152,Patricia Chan,patricia.chan1152@gmail.com,4287262527,Halifax,2023-07-13,
339,Patricia Smith,patricia.smith339@yahoo.com,676-819-3129,Calgary,2022-01-28,Prefers text reminders
1026,Patricia Roy,patricia_roy1026@outlook.com,282-220-5292,Montreal,2024-04-14,Silver member - loyalty since 2019
44,Kevin Roy,kevin.roy44@yahoo.com,642-753-8819,Montreal,2019-10-30,
540,Elizabeth Hall,elizabeth.hall540@yahoo.com,560.677.5613,Edmonton,2021-02-20,
602,Laura Wilson,laura_wilson602@outlook.com,(852) 299-1600,Vancouver,2024-03-06,
966,Mary MacDonald,mary.macdonald966@yahoo.com,120-172-8316,Quebec City,2025-05-12,Prefers text reminders
1395,John Singh,john.singh1395@gmail.com,4967682459,Hamilton,2022-04-18,
172,Andrew MacDonald,andrew.macdonald172@outlook.com,175-708-1731,Saskatoon,2023-03-17,Platinum member - loyalty since 2019
418,Karen Chan,karen_chan418@yahoo.com,113-868-3867,Montreal,2019-12-20,Prefers text reminders
838,Joseph Wilson,joseph.wilson838@gmail.com,(814) 263-7047,Montreal,2023-03-26,
1294,Ryan Chan,ryan.chan1294@hotmail.com,6228900157,Toronto,2019-10-15,
807,James Wilson,james_wilson807@outlook.com,746-225-9372,"Toronto, ON",2023-08-13,Platinum member - loyalty since 2021
883,Daniel Gagnon,danielgagnon883@gmail.com,379-329-8240,"Moncton, NB",2025-02-08,
1448,James Chan,james.chan1448@gmail.com,398.629.6223,toronto,2020-11-06,
638,Joseph Roy,josephroy638@hotmail.com,(168) 601-7014,Montreal,2024-06-23,Silver member - loyalty since 2019
424,Joseph Young,joseph.young424@hotmail.com,018.184.3321,Hamilton,2021-12-23,
728,Patricia Wilson,patricia_wilson728@outlook.com,595-721-8794,Moncton,2020-01-17,
968,Sarah Clark,sarah.clark968@yahoo.com,793.304.7766,Montreal,2024-05-01,
377,Karen Tremblay,karentremblay377@yahoo.com,(999) 013-6732,Vancouver,2024-12-25,
525,Jennifer Campbell,jennifer.campbell525@hotmail.com,925.923.1630,Calgary,2020-09-18,
439,Matthew Brown,matthew.brown439@outlook.com,(741) 907-7544,Quebec,2022-11-06,Platinum member - loyalty since 2025
1339,Lisa Martin,lisa.martin1339@gmail.com,6839138747,"Montreal, QC",2019-11-15,
151,Brian Hall,brian_hall151@gmail.com,(285) 154-9441,Vancouver,2019-12-22,Requested large-print labels
1555,Jamees Patel,jamees.patel1555@yahoo.com,782-161-2588,Saskatoon,2022-08-24,Silver member - loyalty since 2021
1410,John Gagnon,john.gagnon1410@yahoo.com,421.963.2199,Toronto,2024-10-13,
982,David Wilson,davidwilson982@gmail.com,559.145.2081,Ottawa,2022-01-11,"Prefers pickup, not delivery"
955,Andrew Anderson,andrew_anderson955@outlook.com,(197) 398-8835,Waterloo,2024-11-17,Opted out of email marketing
1401,David Brown,david_brown1401@hotmail.com,863-058-5408,Vancouver,2022-06-08,
144,Lisa MacDonald,lisa.macdonald144@outlook.com,569-674-1701,Ottawa,2022-10-31,Prefers text reminders
718,Daniel Young,danielyoung718@yahoo.com,939.529.7051,Regina,2023-08-10,
527,Sarah Patel,sarahpatel527@outlook.com,444.489.4889,Toronto,2023-11-26,Silver member - loyalty since 2022
584,Patricia Patel,patricia_patel584@yahoo.com,6058755571,"Montreal, QC",2019-07-25,Platinum member - loyalty since 2022
976,Emily Brown,emily.brown976@gmail.com,9310488007,Calgary,2023-01-16,
567,Jessica MacDonald,jessica_macdonald567@hotmail.com,1557886903,Toronto,2024-04-10,Silver member - loyalty since 2023
1233,Ryan Chan,ryan.chan1233@hotmail.com,643.112.2650,Halifax,2020-02-26,Silver member - loyalty since 2020
441,David Hall,david.hall441@outlook.com,0477966774,TORONTO,2024-12-22,"Prefers pickup, not delivery"
1156,John Tremblay,johntremblay1156@outlook.com,(409) 179-8688,Waterloo,2019-01-01,
175,Patricia Campbell,patricia.campbell175@gmail.com,053.933.0482,Edmonton,2020-03-15,
1449,Kevin Roy,kevin.roy1449@gmail.com,1709003026,Toronto,2020-06-01,
124,Joseph Nguyen,josephnguyen124@hotmail.com,(463) 370-5814,Edmonton,2023-06-07,Opted out of email marketing
139,Michelle White,michellewhite139@gmail.com,(425) 323-0978,"Ottawa, ON",2021-12-14,
880,Jason Smith,jason.smith880@yahoo.com,735.655.7478,Winnipeg,2019-05-29,Silver member - loyalty since 2025
1076,Ryan Nguyen,ryan_nguyen1076@outlook.com,615.085.6413,Toronto,2024-07-05,
733,Brandon Clark,brandonclark733@hotmail.com,367.490.8708,"Calgary, AB",2020-04-18,
625,Brian Lee,brian.lee625@yahoo.com,8500397235,vancouver,2025-02-02,"Prefers pickup, not delivery"
785,Michael White,michaelwhite785@yahoo.com,753.369.5349,Montreal,2021-05-17,
1281,Justin White,justin.white1281@outlook.com,6226071053,Montréal,2025-04-09,
183,Emily Gagnon,emilygagnon183@gmail.com,977-597-2648,"Montreal, QC",2019-09-05,
618,Patricia Hall,patricia_hall618@yahoo.com,2820871992,"Winnipeg, MB",2022-04-07,Platinum member - loyalty since 2022
691,David Singh,david_singh691@outlook.com,(212) 108-9487,Toronto,2025-03-02,
1429,Andrew Smith,andrewsmith1429@outlook.com,534-510-9159,winnipeg,2020-04-16,
241,Joseph Young,joseph.young241@hotmail.com,(719) 420-6862,Vancouver,2024-09-28,Platinum member - loyalty since 2024
1255,Laura Wilson,laura_wilson1255@hotmail.com,927.972.8860,Winnipeg,2022-11-20,Platinum member - loyalty since 2023
459,Elizabeth Young,elizabethyoung459@hotmail.com,506.144.0633,Toronto,2024-06-24,Requested large-print labels
682,David Singh,davidsingh682@hotmail.com,875.873.1859,Montreal,2024-12-13,
466,Jason Young,jasonyoung466@outlook.com,222-239-0299,Saskatoon,2024-11-12,
1188,Brian Lee,brianlee1188@yahoo.com,919-433-3621,Trnto,2019-02-26,Silver member - loyalty since 2023
1192,Karen Nguyen,karen_nguyen1192@hotmail.com,945-098-8063,Vancouver,2019-09-02,Gold member - loyalty since 2024
146,Linda Roy,linda.roy146@yahoo.com,553-832-9801,Calgary,2021-03-29,Gold member - loyalty since 2019
207,Kevin Wilson,kevinwilson207@yahoo.com,064.825.6281,TORONTO,2021-10-16,Platinum member - loyalty since 2025
1213,Kevin Tremblay,kevin_tremblay1213@yahoo.com,(042) 779-7544,Ottawa,2025-07-06,
1374,James Anderson,jamesanderson1374@outlook.com,571.439.2971,Toronto,2019-05-24,
325,Michelle Campbell,michelle_campbell325@gmail.com,636.542.0765,Hamilton,2024-09-10,
658,Daniel Martin,danielmartin658@outlook.com,941.250.5568,Montreal,2023-11-03,
1420,Elizabeth Clark,elizabeth_clark1420@yahoo.com,270.910.0890,Montreal,2023-06-09,Platinum member - loyalty since 2021
715,Michelle Clark,michelle_clark715@yahoo.com,(102) 903-3528,Toronto,2024-12-01,
1435,Joseph Campbell,joseph_campbell1435@outlook.com,(891) 840-3724,"Regina, SK",2025-07-22,Platinum member - loyalty since 2021
1471,Lisa Martin,lisa_martin1471@yahoo.com,340.365.9407,Toronto,2022-10-22,Gold member - loyalty since 2022
80,Laura Patel,laurapatel80@hotmail.com,542-133-9182,Edmonton,2024-01-20,
1416,Susan Roy,susanroy1416@outlook.com,657.827.3133,Kitchener,2019-05-16,Opted out of email marketing
1403,Karen Singh,karensingh1403@gmail.com,(525) 965-5130,Quebec city,2024-07-01,Prefers text reminders
688,Kevin Nguyen,kevinnguyen688@outlook.com,118-793-4839,Toronto,2025-06-21,Gold member - loyalty since 2024
167,Susan Campbell,susancampbell167@hotmail.com,8301476801,Saskatoon,2025-06-13,
230,Justin Singh,justin_singh230@yahoo.com,727-253-7642,Montreal,2023-09-08,Silver member - loyalty since 2025
1502,Jessica Clark,jessica_clark1502@yahoo.com,1918453122,Toronto,2019-05-04,
1376,Elizabeth Singh,elizabeth_singh1376@yahoo.com,845.259.7909,waterloo,2024-06-10,
741,Laura Hall,laurahall741@hotmail.com,035-962-9918,Ottawa,2024-06-20,
101,David Chan,davidchan101@gmail.com,4039276907,Vancouver,2021-01-29,
291,Brandon Clark,brandon_clark291@outlook.com,606.719.1293,Ottawa,2020-09-06,Silver member - loyalty since 2022
445,Susan Gagnon,susan_gagnon445@gmail.com,(772) 490-5801,Halifax,2024-07-24,Gold member - loyalty since 2020
879,Matthew Martin,matthew_martin879@hotmail.com,767-038-5977,Ottawa,2022-02-17,Opted out of email marketing
1078,James Anderson,jamesanderson1078@gmail.com,8500880044,Regina,2023-10-26,
740,Robert Lee,robert.lee740@outlook.com,751.508.9673,Calgary,2023-03-29,
392,Laura Martin,laura_martin392@yahoo.com,361.853.5697,Waterloo,2022-07-31,
87,Patricia Hall,patricia.hall87@gmail.com,089.415.0669,Montréal,2021-11-13,Platinum member - loyalty since 2025
1554,Daniel Taylorr,daniel.taylorr1554@hotmail.com,3914256511,Montreal,2020-04-28,
667,Ryan White,ryan.white667@yahoo.com,114-794-7383,Edmonton,2020-08-19,
1276,Joseph Hall,josephhall1276@outlook.com,3623009265,Winnipeg,2022-07-10,
1399,Laura MacDonald,laura.macdonald1399@hotmail.com,758.932.6026,Quebec City,2020-10-31,Gold member - loyalty since 2021
476,Michael Young,michaelyoung476@outlook.com,594-964-5074,OTTAWA,2019-12-05,
1296,Elizabeth Chan,elizabeth.chan1296@yahoo.com,701-144-5170,London,2019-12-07,Platinum member - loyalty since 2025
45,Brandon Wilson,brandonwilson45@hotmail.com,(838) 979-2961,Winnipeg,2023-10-01,Silver member - loyalty since 2024
789,Nancy MacDonald,nancymacdonald789@hotmail.com,8954744787,Quebec City,2024-04-12,Silver member - loyalty since 2020
1003,Jessica Campbell,jessica_campbell1003@yahoo.com,2880123449,Moncton,2021-07-08,Opted out of email marketing
1138,Andrew Chan,andrew.chan1138@hotmail.com,(762) 474-1910,Toronto,2021-10-03,Platinum member - loyalty since 2019
25,Linda Hall,lindahall25@gmail.com,322.141.1355,Trnto,2022-11-02,"Prefers pickup, not delivery"
1236,Jason Anderson,jasonanderson1236@outlook.com,879.737.6897,TORONTO,2022-08-22,Platinum member - loyalty since 2022
833,Brandon Hall,brandon.hall833@yahoo.com,(079) 409-9092,Edmonton,2023-11-03,
1194,John Brown,johnbrown1194@outlook.com,(711) 390-6154,Ottawa,2021-05-08,Silver member - loyalty since 2021
592,Linda Lee,lindalee592@yahoo.com,743.331.9967,Moncton,2022-02-14,
1531,James Trembllay,jamestrembllay1531@yahoo.com,343-201-8911,Moncton,2025-01-27,
974,Karen Roy,karen_roy974@hotmail.com,787-842-3388,Quebec City,2019-10-08,"Prefers pickup, not delivery"
1057,Matthew Young,matthewyoung1057@outlook.com,158.853.9847,Waterloo,2021-05-22,Silver member - loyalty since 2022
110,Michelle Clark,michelle_clark110@yahoo.com,373-977-1566,"Regina, SK",2019-10-05,Gold member - loyalty since 2022
1161,Daniel Singh,daniel_singh1161@gmail.com,376.605.5975,Toronto,2025-05-08,
223,Robert White,robert_white223@hotmail.com,4709067908,Moncton,2022-12-15,Gold member - loyalty since 2022
1053,Justin Chan,justin.chan1053@gmail.com,(036) 265-0458,Quebec city,2020-08-03,
1312,Matthew Brown,matthew_brown1312@yahoo.com,(443) 468-6082,Quebec City,2021-06-19,"Prefers pickup, not delivery"
723,Robert Chan,robertchan723@hotmail.com,615-368-6175,Regina,2022-03-13,Prefers text reminders
56,Elizabeth Anderson,elizabeth_anderson56@gmail.com,9933317381,Calgary,2023-01-10,
1533,Sarrah Chan,sarrah.chan1533@gmail.com,(521) 353-7876,Ottawa,2022-11-12,Platinum member - loyalty since 2024
254,Patricia Anderson,patriciaanderson254@outlook.com,988-988-2989,Vancouver,2024-12-11,
1475,Jessica Anderson,jessica.anderson1475@outlook.com,3478472629,Toronto,2024-05-11,
1073,John Singh,john.singh1073@yahoo.com,235.019.2460,Ottawa,2019-12-29,Silver member - loyalty since 2023
643,Daniel Wilson,danielwilson643@yahoo.com,546.539.8523,vancouver,2025-06-22,
546,James Tremblay,jamestremblay546@hotmail.com,(041) 004-3450,Toronto,2024-09-26,
478,John Young,john.young478@yahoo.com,754-887-9285,Edmonton,2023-09-04,
950,Patricia Nguyen,patricia.nguyen950@hotmail.com,104-507-4477,Vancouver,2025-05-20,
844,Laura MacDonald,lauramacdonald844@outlook.com,543.517.5231,Edmonton,2020-02-16,
64,Robert Roy,robert_roy64@outlook.com,6449804649,Halifax,2022-04-08,Gold member - loyalty since 2020
414,David Clark,david.clark414@hotmail.com,0859954576,Quebec city,2020-01-05,Prefers text reminders
385,Patricia Singh,patriciasingh385@gmail.com,5777795843,Moncton,2020-01-11,Platinum member - loyalty since 2020
1466,David Clark,david_clark1466@hotmail.com,168-799-6839,Ottawa,2024-12-07,Opted out of email marketing
975,Jennifer Chan,jennifer.chan975@yahoo.com,414.423.6932,Halifax,2020-04-09,
1347,Lisa Anderson,lisaanderson1347@gmail.com,7662112291,Calgary,2022-12-19,
885,Joseph Brown,joseph.brown885@gmail.com,9498069593,Waterloo,2019-07-17,Platinum member - loyalty since 2019
452,Patricia Nguyen,patricianguyen452@hotmail.com,053.229.7069,Winnipeg,2024-01-12,
1259,James Nguyen,james_nguyen1259@hotmail.com,(243) 766-0517,Halifax,2020-02-23,Gold member - loyalty since 2023
657,Susan Young,susanyoung657@gmail.com,881-771-9604,Winnipeg,2019-07-15,Silver member - loyalty since 2024
1328,James Brown,jamesbrown1328@yahoo.com,394.108.5441,Toronto,2022-07-23,
370,Patricia Smith,patriciasmith370@outlook.com,(113) 758-1601,Ottawa,2025-03-02,Opted out of email marketing
690,Elizabeth Roy,elizabethroy690@gmail.com,(672) 646-5429,Moncton,2024-07-04,
220,John White,johnwhite220@outlook.com,6091391101,Waterloo,2023-11-09,
1452,Elizabeth Clark,elizabeth_clark1452@yahoo.com,697.905.8521,Ottawa,2022-08-23,
1321,Mary Hall,mary_hall1321@yahoo.com,2818911316,Vancouver,2022-08-24,
22,Lisa Young,lisayoung22@yahoo.com,(712) 394-4000,"Winnipeg, MB",2024-08-03,
761,Robert Hall,robert.hall761@hotmail.com,2063945307,"Vancouver, BC",2019-12-10,Silver member - loyalty since 2022
870,Brian MacDonald,brian.macdonald870@yahoo.com,497.995.1173,"Montreal, QC",2020-09-07,
421,Nancy Smith,nancy.smith421@gmail.com,(819) 960-4644,London,2023-04-30,
1350,Michael Gagnon,michaelgagnon1350@hotmail.com,403.771.8909,Montreal,2019-06-04,
200,Sarah Taylor,sarah_taylor200@gmail.com,8047693202,Winnipeg,2023-08-27,Gold member - loyalty since 2019
451,Jessica Anderson,jessica_anderson451@outlook.com,5325877857,Kitchener,2019-06-06,Platinum member - loyalty since 2022
1162,Susan Young,susan.young1162@outlook.com,574.835.1232,Quebec City,2022-12-24,Silver member - loyalty since 2020
1020,James Chan,james.chan1020@outlook.com,798-217-3111,Moncton,2022-11-06,
912,Kevin Wilson,kevinwilson912@yahoo.com,(008) 837-9649,TORONTO,2022-09-22,
697,John Gagnon,john.gagnon697@gmail.com,2575666880,"Halifax, NS",2023-11-22,Platinum member - loyalty since 2023
812,James Campbell,james.campbell812@outlook.com,698-342-6072,Montréal,2020-10-20,Gold member - loyalty since 2021
1237,Mary Smith,mary_smith1237@gmail.com,(917) 799-8277,Ottawa,2021-09-12,
1524,James Halll,james.halll1524@yahoo.com,4554728484,"Edmonton, AB",2021-07-20,Silver member - loyalty since 2024
911,Brian Young,brian_young911@outlook.com,(938) 603-9513,Trnto,2019-12-07,
1050,Kevin MacDonald,kevin_macdonald1050@yahoo.com,211.635.7421,Ottawa,2019-08-25,
506,Robert Brown,robertbrown506@outlook.com,(363) 825-4970,Calgary,2021-03-18,Opted out of email marketing
1407,Michelle Young,michelle_young1407@yahoo.com,562-749-3881,Calgary,2020-07-02,Platinum member - loyalty since 2020
1256,Joseph Anderson,josephanderson1256@gmail.com,927.589.8052,"Montreal, QC",2023-12-12,"Prefers pickup, not delivery"
406,Mary Clark,maryclark406@gmail.com,168.984.7853,Halifax,2024-01-25,
318,James Anderson,jamesanderson318@outlook.com,(060) 673-7558,TORONTO,2021-01-10,Gold member - loyalty since 2024
184,Patricia White,patricia_white184@yahoo.com,450-303-0935,Vancouver,2023-01-25,
1121,James Brown,jamesbrown1121@gmail.com,2556290854,Edmonton,2020-04-28,Silver member - loyalty since 2021
1440,Robert Nguyen,robert_nguyen1440@hotmail.com,524-959-1237,Montreal,2022-11-01,
610,Amanda Tremblay,amanda.tremblay610@outlook.com,586.085.8167,Calgary,2024-06-19,Prefers text reminders
627,Kevin Young,kevin_young627@outlook.com,491-242-2833,Ottawa,2022-05-22,Opted out of email marketing
486,Amanda Lee,amanda_lee486@outlook.com,2016743934,CALGARY,2020-06-02,Silver member - loyalty since 2023
279,Elizabeth Gagnon,elizabeth.gagnon279@gmail.com,727.348.9120,Edmonton,2020-03-09,Gold member - loyalty since 2022
631,Jason Chan,jasonchan631@yahoo.com,396-002-1220,Edmonton,2023-06-05,Gold member - loyalty since 2023
21,Robert Hall,robert.hall21@outlook.com,717-313-7376,Vancouver,2019-01-04,Gold member - loyalty since 2019
171,Matthew Wilson,matthew_wilson171@hotmail.com,596.283.1313,Vancouver,2023-03-05,Silver member - loyalty since 2022
902,Susan Clark,susan.clark902@hotmail.com,(377) 713-9069,Toronto,2023-11-24,
1040,Daniel Young,daniel_young1040@gmail.com,086.036.3623,"Winnipeg, MB",2023-07-21,Gold member - loyalty since 2023
177,Justin Campbell,justin_campbell177@yahoo.com,492-456-6997,edmonton,2025-01-03,
328,Daniel Singh,daniel_singh328@gmail.com,4760913861,Edmonton,2021-02-20,Silver member - loyalty since 2020
707,Kevin Young,kevin_young707@hotmail.com,(388) 709-8274,Ottawa,2024-10-03,
1223,Mary Chan,marychan1223@yahoo.com,6312932642,Edmonton,2019-12-05,
471,Laura Hall,laura_hall471@hotmail.com,153-088-4756,"Winnipeg, MB",2019-09-15,
1431,Jennifer Taylor,jennifer_taylor1431@hotmail.com,855-448-1940,Vancouver,2019-10-16,Gold member - loyalty since 2020
267,Karen MacDonald,karenmacdonald267@outlook.com,394.113.2661,Montreal,2021-09-20,
616,Matthew Anderson,matthewanderson616@yahoo.com,255-541-0479,Saskatoon,2021-12-28,
131,Patricia Gagnon,patriciagagnon131@outlook.com,006-353-7810,Regina,2021-05-30,Platinum member - loyalty since 2019
866,Jason Patel,jason_patel866@hotmail.com,0288443331,Calgary,2020-03-14,
1496,John Lee,john.lee1496@yahoo.com,361-450-8834,Winnipeg,2020-01-04,
1363,Nancy Campbell,nancy.campbell1363@hotmail.com,271.920.0342,Vancouver,2025-03-13,
1436,Elizabeth Taylor,elizabethtaylor1436@outlook.com,4826516935,Moncton,2019-02-05,
490,Ryan Anderson,ryan_anderson490@outlook.com,138-750-6072,Waterloo,2021-04-04,
607,Patricia Singh,patricia_singh607@hotmail.com,(189) 818-8954,montreal,2024-10-01,
1218,Justin Singh,justinsingh1218@outlook.com,(062) 169-8364,Calgary,2022-12-28,
1165,Andrew Brown,andrewbrown1165@outlook.com,162.586.3167,Calgary,2020-01-22,Platinum member - loyalty since 2020
417,Patricia Brown,patricia.brown417@gmail.com,4963086886,Kitchener,2023-11-09,Platinum member - loyalty since 2022
153,Andrew Singh,andrewsingh153@gmail.com,414.439.8450,toronto,2024-07-22,"Prefers pickup, not delivery"
890,Karen Clark,karen.clark890@yahoo.com,(534) 724-0934,"Winnipeg, MB",2023-01-04,
850,Jennifer Clark,jennifer.clark850@hotmail.com,(172) 131-2860,Montréal,2021-04-08,
280,Amanda Brown,amanda_brown280@yahoo.com,8982484003,Calgary,2022-04-27,
1035,Justin Chan,justin.chan1035@gmail.com,359.499.2448,Vancouvr,2022-11-11,
270,Emily Brown,emilybrown270@gmail.com,(211) 866-4568,Calgary,2023-11-21,"Prefers pickup, not delivery"
97,Karen Wilson,karenwilson97@gmail.com,094-325-5838,Montreal,2023-01-08,
211,Michelle Tremblay,michelle.tremblay211@yahoo.com,(538) 697-6381,London,2023-02-17,Opted out of email marketing
570,Justin Singh,justin_singh570@gmail.com,(579) 023-4087,Edmonton,2023-03-27,
1526,Ryan Siingh,ryan.siingh1526@outlook.com,(040) 985-8451,Vancouver,2022-11-09,
872,Laura Lee,laura.lee872@hotmail.com,(286) 153-9636,Ottawa,2024-07-12,
533,Jessica Lee,jessicalee533@outlook.com,799.576.5889,Regina,2023-05-15,Platinum member - loyalty since 2023
1500,Laura MacDonald,laura.macdonald1500@gmail.com,(890) 490-7151,TORONTO,2023-02-08,Requested large-print labels
1357,Brandon Chan,brandon.chan1357@outlook.com,909.019.5824,Quebec City,2019-02-25,
1100,Michael Roy,michael.roy1100@yahoo.com,9132269527,"Halifax, NS",2023-01-02,Silver member - loyalty since 2025
713,Emily Nguyen,emilynguyen713@gmail.com,(086) 196-0262,Edmonton,2019-03-08,
78,Brian Campbell,briancampbell78@outlook.com,127.006.9664,Ottawa,2021-04-27,
264,Brian Tremblay,briantremblay264@yahoo.com,(631) 293-6895,Waterloo,2019-03-16,Silver member - loyalty since 2021
1551,Justinn Tremblay,justinntremblay1551@gmail.com,107-098-3552,waterloo,2025-05-08,Requested large-print labels
150,John Clark,john.clark150@gmail.com,(064) 187-9689,Vancouver,2023-11-14,
470,Matthew Chan,matthew_chan470@gmail.com,1925853016,Toronto,2022-11-01,Gold member - loyalty since 2019
565,Sarah Singh,sarahsingh565@gmail.com,5853236718,Toronto,2022-05-05,
462,Nancy Brown,nancy.brown462@gmail.com,(274) 928-8722,Vancouver,2022-10-14,
1278,Patricia White,patriciawhite1278@gmail.com,479.903.1111,Regina,2021-07-31,Platinum member - loyalty since 2020
897,Patricia Smith,patricia.smith897@gmail.com,1248517557,Moncton,2023-06-15,
1394,Andrew Wilson,andrew_wilson1394@yahoo.com,(115) 944-8680,London,2020-01-04,Gold member - loyalty since 2020
1346,Michael Gagnon,michael_gagnon1346@outlook.com,556-039-9891,Winnipeg,2023-02-16,Gold member - loyalty since 2019
696,John Chan,john.chan696@yahoo.com,470-021-4887,Quebec City,2021-08-03,
1176,John Patel,john.patel1176@hotmail.com,850-777-7941,Halifax,2019-05-27,
929,Linda Lee,linda_lee929@hotmail.com,(534) 025-1000,REGINA,2019-08-21,
1327,Michael Chan,michael_chan1327@outlook.com,4453111141,Calgary,2023-07-02,
1215,Jason Clark,jason.clark1215@hotmail.com,2314499032,Calgary,2020-05-15,Prefers text reminders
587,Sarah Tremblay,sarah.tremblay587@outlook.com,411.003.2350,Vancouver,2019-04-28,Silver member - loyalty since 2023
1373,Brian Chan,brian.chan1373@hotmail.com,441-506-2168,Montreal,2023-05-26,
244,Patricia Martin,patriciamartin244@outlook.com,377.159.3289,vancouver,2020-11-28,Platinum member - loyalty since 2021
1112,Karen MacDonald,karen_macdonald1112@hotmail.com,117.020.4327,Vancouver,2022-01-04,
752,Justin Wilson,justin.wilson752@hotmail.com,9576115040,Calgary,2024-09-14,Gold member - loyalty since 2022
1484,Sarah Roy,sarah.roy1484@yahoo.com,734-537-4200,Calgary,2024-06-28,Gold member - loyalty since 2021
1443,Patricia Brown,patricia_brown1443@hotmail.com,683-293-4808,Hamilton,2021-10-23,
1313,James Roy,jamesroy1313@hotmail.com,981-984-5663,Regina,2024-04-07,
649,James Anderson,james_anderson649@yahoo.com,(094) 005-4419,REGINA,2019-02-11,
1191,Jennifer Roy,jennifer_roy1191@gmail.com,4326403029,Calgary,2020-02-09,
596,Robert Chan,robert_chan596@gmail.com,221-239-3963,Edmonton,2024-11-04,
314,Jennifer Tremblay,jennifer.tremblay314@hotmail.com,709-463-9295,Montreal,2021-01-13,Platinum member - loyalty since 2023
934,Elizabeth Hall,elizabethhall934@outlook.com,445-756-8689,Vancouver,2022-12-26,Platinum member - loyalty since 2023
156,Daniel Lee,daniel.lee156@yahoo.com,344-583-6650,Vancouver,2020-10-15,
1381,Karen Lee,karen.lee1381@gmail.com,(629) 743-0487,Regina,2021-08-03,
1406,Elizabeth Nguyen,elizabethnguyen1406@hotmail.com,824.061.9959,Vancouver,2020-03-25,
1304,Laura Chan,laurachan1304@yahoo.com,207.404.4892,Toronto,2021-11-16,
1151,Nancy Wilson,nancy_wilson1151@yahoo.com,(208) 004-1146,Vancouver,2020-02-10,
1000,Susan Chan,susan_chan1000@hotmail.com,4914923615,Kitchener,2024-10-07,"Prefers pickup, not delivery"
1047,Susan Brown,susan.brown1047@yahoo.com,(484) 465-9691,Ottawa,2022-09-13,
1307,Justin Young,justin_young1307@hotmail.com,(129) 225-7450,Ottawa,2025-01-28,
1392,David Hall,davidhall1392@hotmail.com,3855500241,Calgary,2023-11-15,
26,Laura Hall,laurahall26@hotmail.com,(553) 469-8390,Montreal,2020-08-05,Silver member - loyalty since 2024
197,Emily Brown,emily_brown197@outlook.com,052.643.9667,Ottawa,2025-01-05,Gold member - loyalty since 2022
1089,Andrew Gagnon,andrew_gagnon1089@yahoo.com,(070) 832-6742,Edmonton,2022-10-11,
16,Robert Brown,robertbrown16@outlook.com,682-058-0039,London,2024-04-03,
1491,Justin Young,justin_young1491@yahoo.com,5896937041,Toronto,2021-11-03,Silver member - loyalty since 2024
1322,Patricia Tremblay,patricia_tremblay1322@hotmail.com,3093338263,Regina,2022-09-18,Gold member - loyalty since 2021
884,Ryan Clark,ryanclark884@yahoo.com,5437194702,Winnipeg,2020-07-23,
622,Jason Gagnon,jasongagnon622@gmail.com,913.090.9232,"Halifax, NS",2019-03-29,
1361,Elizabeth White,elizabeth.white1361@hotmail.com,(500) 508-1844,"Montreal, QC",2024-06-01,
1051,Andrew Wilson,andrew.wilson1051@hotmail.com,(579) 312-2893,Winnipeg,2022-08-28,
1068,Emily Smith,emily_smith1068@hotmail.com,(251) 855-7092,Winnipeg,2024-01-30,
498,Robert Taylor,robert.taylor498@outlook.com,351-471-4649,Hamilton,2019-05-21,Silver member - loyalty since 2021
793,Michael Anderson,michaelanderson793@gmail.com,4804853095,Regina,2024-02-11,
965,Karen Hall,karen.hall965@hotmail.com,7630548950,"Vancouver, BC",2020-10-25,
516,Justin Wilson,justinwilson516@yahoo.com,516-493-3180,Vancouver,2019-05-16,"Prefers pickup, not delivery"
1519,Patriciia Smith,patriciia_smith1519@gmail.com,150.146.0138,Winnipeg,2020-07-21,"Prefers pickup, not delivery"
1479,Sarah Hall,sarah_hall1479@outlook.com,455.836.8450,Regina,2022-05-31,
1412,Justin Taylor,justin_taylor1412@yahoo.com,051.521.2930,Winnipeg,2020-09-15,
1096,Nancy Roy,nancy.roy1096@gmail.com,3283459480,Toronto,2022-09-18,Gold member - loyalty since 2021
543,Ryan Roy,ryanroy543@hotmail.com,895.199.6987,Vancouver,2024-01-08,
457,Daniel Tremblay,danieltremblay457@outlook.com,(601) 480-4524,Quebec City,2019-12-11,
634,Mary Tremblay,marytremblay634@gmail.com,(169) 819-4106,Ottawa,2022-04-19,Platinum member - loyalty since 2020
432,Mary Singh,mary.singh432@hotmail.com,1167412093,Toronto,2019-08-20,Silver member - loyalty since 2024
628,Sarah Chan,sarah_chan628@hotmail.com,698-715-9947,"Vancouver, BC",2023-12-05,
729,Nancy Brown,nancy.brown729@hotmail.com,455.162.7825,Winnipeg,2022-01-06,Gold member - loyalty since 2024
1289,John White,johnwhite1289@outlook.com,594-383-0956,Toronto,2020-04-11,
210,Jennifer Lee,jennifer.lee210@outlook.com,(745) 321-7495,Kitchener,2024-07-22,Requested large-print labels
317,Jason Lee,jason_lee317@outlook.com,703.225.7455,Saskatoon,2023-05-06,Requested large-print labels
514,Justin Wilson,justin.wilson514@yahoo.com,323-787-8744,Ottawa,2019-02-06,
1338,Brian Gagnon,briangagnon1338@outlook.com,096-050-8216,Vancouver,2019-08-27,
830,Robert Brown,robert_brown830@hotmail.com,202.764.9835,Waterloo,2024-07-28,
320,Laura Patel,laura_patel320@gmail.com,0332312290,HALIFAX,2020-02-21,
1032,Linda Smith,lindasmith1032@hotmail.com,3196624598,MONCTON,2024-12-02,
1418,Jennifer Anderson,jennifer.anderson1418@hotmail.com,(046) 031-7101,edmonton,2024-03-12,
142,Ryan Patel,ryanpatel142@hotmail.com,5253365772,Toronto,2020-06-06,
1111,Sarah Gagnon,sarahgagnon1111@yahoo.com,358-418-8086,Toronto,2019-01-23,
1503,Briaan White,briaan.white1503@yahoo.com,(647) 493-5237,Calgary,2019-12-22,Platinum member - loyalty since 2024
754,Brandon Martin,brandon.martin754@hotmail.com,390-953-0920,"Halifax, NS",2024-10-07,
1002,Joseph Campbell,joseph.campbell1002@outlook.com,5727704899,Ottawa,2022-11-30,
1240,David Wilson,david_wilson1240@yahoo.com,(004) 895-1538,Halifax,2021-12-16,
581,Andrew Anderson,andrewanderson581@hotmail.com,(410) 294-8658,"Calgary, AB",2020-02-20,Silver member - loyalty since 2022
563,Michelle Gagnon,michelle.gagnon563@yahoo.com,845-720-3183,toronto,2019-08-17,
399,Laura Gagnon,lauragagnon399@hotmail.com,496-030-9150,waterloo,2025-06-23,
669,Kevin Wilson,kevinwilson669@outlook.com,(376) 465-7764,Calgary,2021-09-18,
1515,Daniel Cammpbell,danielcammpbell1515@yahoo.com,8408967147,Ottawa,2023-09-17,
253,Andrew Martin,andrewmartin253@gmail.com,(650) 915-5581,Saskatoon,2024-10-25,Gold member - loyalty since 2022
908,Karen Brown,karenbrown908@hotmail.com,(319) 482-4913,Vancouver,2022-08-07,
469,Brian Anderson,briananderson469@yahoo.com,878.427.3083,"Ottawa, ON",2020-07-19,
915,Emily Campbell,emilycampbell915@outlook.com,914-711-2133,"Calgary, AB",2019-11-16,Platinum member - loyalty since 2019
358,Daniel Singh,danielsingh358@hotmail.com,905-647-5084,Vancouver,2023-12-09,Requested large-print labels
1279,Daniel Campbell,danielcampbell1279@gmail.com,581.079.2274,Winnipeg,2021-09-09,
1301,Justin Nguyen,justinnguyen1301@gmail.com,920-913-6041,Montréal,2022-12-02,
1203,Emily White,emilywhite1203@gmail.com,(614) 843-7488,Ottawa,2022-02-01,Platinum member - loyalty since 2020
1306,Laura White,laurawhite1306@outlook.com,8513945489,Vancouver,2020-06-16,Prefers text reminders
1415,Jennifer Martin,jennifer_martin1415@yahoo.com,556.104.1821,Vancouver,2022-03-06,Gold member - loyalty since 2022
509,Sarah Lee,sarahlee509@yahoo.com,912-197-1430,Moncton,2020-11-02,Silver member - loyalty since 2021
750,Elizabeth Hall,elizabeth_hall750@hotmail.com,7791196322,Edmonton,2021-07-13,
130,Kevin Hall,kevin.hall130@hotmail.com,724.250.6552,"Calgary, AB",2024-01-09,
145,Ryan Taylor,ryantaylor145@gmail.com,(313) 643-1109,Montreal,2022-01-02,Platinum member - loyalty since 2020
961,Amanda Clark,amanda.clark961@outlook.com,1361885805,Waterloo,2020-04-11,Prefers text reminders
848,Jennifer Campbell,jennifer.campbell848@outlook.com,(354) 697-9072,Toronto,2019-01-09,
716,Justin Campbell,justin.campbell716@gmail.com,(658) 174-1647,Montreal,2024-06-30,
906,Matthew Tremblay,matthewtremblay906@hotmail.com,(488) 857-0064,Quebec City,2021-05-10,Platinum member - loyalty since 2019
1097,Kevin Nguyen,kevinnguyen1097@hotmail.com,(533) 247-3674,Kitchener,2023-06-08,
236,Amanda Campbell,amanda_campbell236@yahoo.com,5493917209,Moncton,2022-05-23,
1062,Emily Gagnon,emily_gagnon1062@hotmail.com,873.111.9750,"Montreal, QC",2021-08-24,
