product_id,product_name,category_id,supplier_id,unit_price,cost_price,brand,expiry_date,storage_condition,created_at,pack_info
1,Health_Product_1,4,2,98.97,107.4,BioZen,2026-11-29,Refrigerated,2022-03-12,Pack: 10g | Form: Cream
2,Health_Product_2,8,3,111.42,64.75,MediCare,2026-08-08,Refrigerated,2022-09-13,
3,Health_Product_3,9,4,14.86,7.49,CuraMax,2027-03-15,Refrigerated,2023-06-25,Pack: 10 units | Form: Kit
4,Health_Product_4,5,4,274.78,153.13,VitalMeds,2029-09-28,Controlled,2022-09-26,Form: Device | Warranty: 12m
5,Health_Product_5,2,3,87.09,109.66,CuraMax,2027-01-05,Controlled,2025-10-07,Pack: 10 tabs | Strength: 250mg | Form: Tablet
6,Health_Product_6,2,4,90.24,110.64,VitalMeds,2027-01-07,Controlled,2022-11-03,Pack: 100 tabs | Strength: 500mg | Form: Tablet
7,Health_Product_7,2,2,50.63,29.04,VitalMeds,2029-10-01,Controlled,2023-01-01,Pack: 100 tabs | Strength: 500mg | Form: Tablet
8,Health_Product_8,9,2,275.57,172.84,LifeLine,2029-12-10,Controlled,2022-06-09,Form: Kit / Pack: 100 units
9,Health_Product_9,1,3,150.9,105.09,HealthPlus,2027-11-07,Refrigerated,2024-11-22,Pack: 20 tabs | Strength: 25mg | Form: Tablet
10,Health_Product_10,7,4,165.91,94.38,MediCare,2028-09-21,Ambient,2021-11-21,Pack: 90g | Form: Bandage
11,Health_Product_11,4,4,158.76,56.27,VitalMeds,2030-01-20,Ambient,2023-08-19,Pack: 20g | Form: Cream
12,Health_Product_12,8,4,18.71,6.79,VitalMeds,2027-11-03,Refrigerated,2023-02-27,Pack: 100g / Form: Cream
13,Health_Product_13,6,4,71.73,43.75,HealthPlus,2028-12-07,Controlled,2022-08-09,
14,Health_Product_14,1,5,138.32,62.7,VitalMeds,2026-08-02,Ambient,2022-05-04,Pack: 20 tabs | Strength: 100mg | Form: Tablet
15,Health_Product_15,2,2,12.24,6.91,PharmaCo,2026-10-25,Controlled,2023-09-19,Pack: 100 tabs | Strength: 100mg | Form: Tablet
16,Health_Product_16,2,3,167.11,71.0,BioZen,2027-01-27,Controlled,2024-09-14,Pack: 30 tabs | Strength: 25mg | Form: Tablet
17,Health_Product_17,1,2,118.11,53.15,VitalMeds,2027-12-08,Controlled,2025-07-27,Pack: 60 tabs / Strength: 250mg / Form: Tablet
18,Health_Product_18,4,3,15.6,8.37,CuraMax,2027-06-19,Controlled,2024-01-19,Form: Cream / Pack: 60g
19,Health_Product_19,6,3,188.93,134.32,CuraMax,2027-07-15,Controlled,2022-03-25,Pack: 500ml / Strength: 50mg/5ml / Form: Liquid
20,Health_Product_20,1,4,127.31,135.5,MediCare,2026-12-05,Refrigerated,2023-06-14,Strength: 250mg / Pack: 100 tabs
21,Health_Product_21,1,2,65.73,45.77,PharmaCo,2026-01-12,Controlled,2022-04-21,Pack: 100 tabs / Strength: 250mg / Form: Tablet
22,Health_Product_22,1,4,78.32,55.21,MediCare,2029-08-25,Ambient,2023-04-30,Pack: 10 tabs | Strength: 500mg | Form: Tablet
23,Health_Product_23,4,1,6.0,2.56,BioZen,2025-12-29,Refrigerated,2021-11-09,Form: Cream / Pack: 90g
24,Health_Product_24,7,5,284.3,362.37,MediCare,2026-12-17,Controlled,2022-05-28,Pack: 20g | Form: Bandage
25,Health_Product_25,7,1,43.62,27.69,VitalMeds,2026-07-29,Ambient,2022-11-03,
26,Health_Product_26,6,1,48.36,32.44,PharmaCo,2027-03-07,Controlled,2022-10-23,
27,Health_Product_27,1,5,33.51,18.17,CuraMax,2026-04-06,Refrigerated,2023-04-25,Pack: 10 tabs | Strength: 100mg | Form: Tablet
28,Health_Product_28,5,3,34.91,25.05,BioZen,2029-02-20,Ambient,2025-10-07,Form: Device | Warranty: 12m
29,Health_Product_29,4,5,44.14,15.64,VitalMeds,2027-07-28,Ambient,2022-01-30,Pack: 60g | Form: Cream
30,Health_Product_30,1,2,185.07,85.29,LifeLine,2027-07-31,Ambient,2024-08-28,Pack: 60 tabs | Strength: 250mg | Form: Tablet
31,Health_Product_31,3,3,81.62,47.39,BioZen,2026-09-27,Controlled,2023-04-04,Pack: 10 caps | Strength: 500mg | Form: Capsule
32,Health_Product_32,6,1,119.5,62.57,VitalMeds,2027-04-22,Controlled,2022-06-24,Pack: 300ml | Strength: 250mg/5ml | Form: Liquid
33,Health_Product_33,9,1,205.17,80.66,BioZen,2027-11-01,Refrigerated,2023-04-27,Form: Kit / Pack: 100 units
34,Health_Product_34,4,1,24.76,12.04,PharmaCo,2026-02-25,Ambient,2024-10-15,Pack: 30g | Form: Cream
35,Health_Product_35,2,5,55.58,19.98,VitalMeds,2026-04-14,Controlled,2022-05-14,Pack: 20 tabs | Strength: 25mg | Form: Tablet
36,Health_Product_36,9,5,169.87,99.85,CuraMax,2026-07-24,Ambient,2023-08-24,Form: Kit / Pack: 90 units
37,Health_Product_37,8,2,87.09,59.25,MediCare,2026-04-26,Ambient,2024-08-21,Pack: 10g | Form: Cream
38,Health_Product_38,6,2,128.86,87.29,HealthPlus,2029-11-11,Ambient,2023-09-02,Pack: 50ml | Strength: 250mg/5ml | Form: Liquid
39,Health_Product_39,9,5,34.55,21.04,BioZen,2025-12-29,Refrigerated,2025-08-06,
40,Health_Product_40,2,3,67.28,35.14,CuraMax,2028-04-08,Ambient,2022-11-11,Strength: 500mg / Pack: 30 tabs
41,Health_Product_41,5,2,175.14,94.48,BioZen,2029-05-04,Refrigerated,2024-02-14,Form: Device | Warranty: 6m
42,Health_Product_42,5,1,223.45,89.53,PharmaCo,2026-10-29,Refrigerated,2023-06-09,Form: Device | Warranty: 12m
43,Health_Product_43,1,4,65.37,31.13,VitalMeds,2029-06-02,Refrigerated,2022-03-21,Pack: 30 tabs | Strength: 50mg | Form: Tablet
44,Health_Product_44,1,4,38.39,16.1,BioZen,2028-01-08,Ambient,2023-07-03,Pack: 30 tabs | Strength: 50mg | Form: Tablet
45,Health_Product_45,3,4,297.9,194.78,MediCare,2027-04-21,Refrigerated,2022-06-16,Pack: 60 caps / Strength: 500mg / Form: Capsule
46,Health_Product_46,5,2,117.58,80.95,HealthPlus,2028-03-12,Controlled,2022-07-31,Form: Device | Warranty: 6m
47,Health_Product_47,4,4,45.13,24.76,PharmaCo,2028-11-05,Refrigerated,2022-09-20,Pack: 10g / Form: Cream
48,Health_Product_48,8,4,194.07,120.18,MediCare,2026-01-10,Controlled,2022-07-25,Pack: 60g | Form: Cream
49,Health_Product_49,2,3,279.07,110.22,VitalMeds,2026-03-05,Refrigerated,2022-08-07,Pack: 100 tabs / Strength: 650mg / Form: Tablet
50,Health_Product_50,3,1,72.4,41.64,CuraMax,2026-11-07,Ambient,2023-01-26,
51,Health_Product_51,3,2,146.82,89.56,CuraMax,2026-09-17,Refrigerated,2025-09-07,
52,Health_Product_52,7,4,283.93,146.94,MediCare,2029-08-05,Ambient,2022-05-01,Pack: 90g | Form: Bandage
53,Health_Product_53,5,4,108.49,47.74,LifeLine,2027-01-16,Ambient,2022-11-16,Form: Device / Warranty: 12m
54,Health_Product_54,8,5,222.15,149.87,CuraMax,2028-09-03,Refrigerated,2025-07-26,Pack: 10g | Form: Cream
55,Health_Product_55,2,5,116.23,72.63,HealthPlus,2028-07-26,Refrigerated,2022-03-31,Pack: 90 tabs | Strength: 25mg | Form: Tablet
56,Health_Product_56,8,3,169.58,179.79,HealthPlus,2026-12-08,Controlled,2021-12-18,Pack: 60g | Form: Cream
57,Health_Product_57,6,1,94.02,61.38,BioZen,2029-10-05,Ambient,2024-06-17,Pack: 300ml | Strength: 650mg/5ml | Form: Liquid
58,Health_Product_58,2,3,99.36,71.19,VitalMeds,2029-03-12,Ambient,2025-03-20,Pack: 60 tabs / Strength: 200mg / Form: Tablet
59,Health_Product_59,6,2,222.61,93.74,VitalMeds,2026-09-17,Ambient,2025-09-10,Pack: 300ml | Strength: 250mg/5ml | Form: Liquid
60,Health_Product_60,9,3,238.58,269.87,BioZen,2026-10-26,Refrigerated,2022-11-12,Pack: 10 units | Form: Kit
61,Health_Product_61,2,3,294.97,140.02,LifeLine,2027-05-05,Controlled,2024-08-20,Pack: 60 tabs | Strength: 650mg | Form: Tablet
62,Health_Product_62,6,1,120.83,48.06,MediCare,2029-01-19,Refrigerated,2022-12-22,Pack: 150ml | Strength: 25mg/5ml | Form: Liquid
63,Health_Product_63,8,5,115.5,62.78,CuraMax,2027-07-31,Ambient,2022-01-26,Pack: 100g / Form: Cream
64,Health_Product_64,6,2,7.08,4.14,LifeLine,2026-02-12,Ambient,2022-01-17,Pack: 150ml | Strength: 100mg/5ml | Form: Liquid
65,Health_Product_65,1,4,51.96,29.3,MediCare,2026-03-09,Ambient,2022-10-05,Pack: 20 tabs | Strength: 250mg | Form: Tablet
66,Health_Product_66,3,2,83.46,37.22,HealthPlus,2026-12-01,Controlled,2024-11-07,Pack: 20 caps | Strength: 25mg | Form: Capsule
67,Health_Product_67,8,2,120.13,82.44,VitalMeds,2025-12-14,Refrigerated,2023-01-14,Pack: 30g | Form: Cream
68,Health_Product_68,5,3,246.76,88.3,VitalMeds,2027-08-06,Refrigerated,2023-06-19,Form: Device | Warranty: 24m
69,Health_Product_69,9,5,201.39,96.42,HealthPlus,2029-09-03,Ambient,2023-09-05,Pack: 90 units | Form: Kit
70,Health_Product_70,6,2,291.95,179.85,MediCare,2029-07-01,Ambient,2024-10-16,Pack: 150ml | Strength: 500mg/5ml | Form: Liquid
71,Health_Product_71,8,3,86.99,55.13,LifeLine,2028-06-09,Ambient,2022-04-21,Pack: 10g
72,Health_Product_72,1,3,18.91,9.53,PharmaCo,2029-03-06,Controlled,2025-05-07,Pack: 60 tabs | Strength: 650mg | Form: Tablet
73,Health_Product_73,6,4,207.0,73.75,LifeLine,2029-04-14,Ambient,2022-01-31,Pack: 100ml / Strength: 250mg/5ml
74,Health_Product_74,5,3,142.51,82.47,BioZen,2029-07-02,Controlled,2025-03-18,Form: Device | Warranty: 12m
75,Health_Product_75,6,4,82.16,30.67,HealthPlus,2026-03-18,Refrigerated,2023-10-09,Pack: 150ml | Strength: 25mg/5ml | Form: Liquid
76,Health_Product_76,1,3,154.35,60.18,LifeLine,2026-08-23,Refrigerated,2024-09-03,
77,Health_Product_77,8,2,111.27,65.72,MediCare,2027-08-27,Controlled,2024-12-23,Pack: 60g | Form: Cream
78,Health_Product_78,5,4,110.21,51.32,LifeLine,2026-06-22,Controlled,2025-05-27,Form: Device / Warranty: 6m
79,Health_Product_79,6,2,85.52,40.94,HealthPlus,2026-11-26,Controlled,2023-04-27,Pack: 50ml | Strength: 100mg/5ml | Form: Liquid
80,Health_Product_80,2,1,258.48,137.03,BioZen,2027-09-14,Refrigerated,2021-12-02,Pack: 30 tabs | Strength: 500mg | Form: Tablet
81,Health_Product_81,9,5,68.7,48.92,BioZen,2029-01-31,Ambient,2022-09-20,Pack: 20 units | Form: Kit
82,Health_Product_82,3,1,165.09,116.75,CuraMax,2026-10-24,Refrigerated,2022-10-05,Strength: 500mg / Form: Capsule / Pack: 30 caps
83,Health_Product_83,9,2,282.84,142.56,BioZen,2027-06-08,Refrigerated,2022-01-26,Form: Kit / Pack: 20 units
84,Health_Product_84,5,4,295.9,132.63,HealthPlus,2027-06-19,Refrigerated,2023-07-18,Form: Device | Warranty: 12m
85,Health_Product_85,9,5,101.72,46.99,VitalMeds,2027-08-09,Ambient,2022-04-28,
86,Health_Product_86,4,1,227.22,102.12,MediCare,2027-08-02,Controlled,2024-12-22,Pack: 90g / Form: Cream
87,Health_Product_87,5,5,18.48,10.11,MediCare,2026-12-16,Controlled,2023-06-17,Form: Device | Warranty: 6m
88,Health_Product_88,4,2,92.6,53.2,PharmaCo,2027-06-29,Refrigerated,2024-09-15,Form: Cream / Pack: 60g
89,Health_Product_89,1,2,204.88,108.76,LifeLine,2026-01-28,Ambient,2025-09-22,Pack: 30 tabs | Strength: 100mg | Form: Tablet
90,Health_Product_90,2,4,81.37,40.76,HealthPlus,2026-11-22,Refrigerated,2024-09-02,Pack: 100 tabs | Strength: 650mg | Form: Tablet
91,Health_Product_91,4,5,64.72,27.71,CuraMax,2029-03-03,Ambient,2022-04-24,Form: Cream / Pack: 90g
92,Health_Product_92,3,4,21.16,25.48,BioZen,2026-11-27,Controlled,2025-03-13,Pack: 10 caps | Strength: 500mg | Form: Capsule
93,Health_Product_93,2,3,229.56,109.32,CuraMax,2029-10-21,Controlled,2024-03-26,Pack: 20 tabs | Strength: 500mg | Form: Tablet
94,Health_Product_94,5,3,252.06,138.73,VitalMeds,2028-11-04,Refrigerated,2025-05-05,Form: Device | Warranty: 6m
95,Health_Product_95,8,3,10.31,6.18,LifeLine,2027-09-25,Ambient,2024-12-24,Pack: 30g | Form: Cream
96,Health_Product_96,3,3,44.16,25.8,HealthPlus,2026-11-19,Refrigerated,2024-12-04,Pack: 100 caps | Strength: 500mg | Form: Capsule
97,Health_Product_97,5,3,177.41,92.45,VitalMeds,2026-01-08,Refrigerated,2025-02-22,Warranty: 12m / Form: Device
98,Health_Product_98,6,3,292.8,162.72,PharmaCo,2028-12-28,Ambient,2023-02-07,Pack: 500ml | Strength: 500mg/5ml | Form: Liquid
99,Health_Product_99,9,3,250.24,113.96,BioZen,2029-02-09,Ambient,2025-01-29,Pack: 100 units | Form: Kit
100,Health_Product_100,2,1,20.87,7.49,CuraMax,2028-04-30,Controlled,2024-11-13,Pack: 20 tabs | Strength: 250mg | Form: Tablet
101,Health_Product_101,9,4,75.93,44.13,LifeLine,2026-05-24,Refrigerated,2022-08-10,Pack: 30 units
102,Health_Product_102,2,3,282.23,125.15,HealthPlus,2026-09-16,Refrigerated,2022-10-31,Pack: 60 tabs | Strength: 25mg | Form: Tablet
103,Health_Product_103,4,4,183.46,109.62,PharmaCo,2029-08-11,Ambient,2024-04-11,Pack: 100g | Form: Cream
104,Health_Product_104,9,4,200.86,125.82,CuraMax,2026-05-11,Refrigerated,2023-05-01,Pack: 60 units | Form: Kit
105,Health_Product_105,1,2,33.1,22.8,BioZen,2027-07-06,Ambient,2024-07-11,Pack: 90 tabs | Strength: 200mg | Form: Tablet
106,Health_Product_106,8,1,95.04,66.96,HealthPlus,2026-03-09,Refrigerated,2022-07-15,Pack: 20g | Form: Cream
107,Health_Product_107,4,2,112.46,39.8,CuraMax,2028-10-03,Ambient,2024-08-01,
108,Health_Product_108,8,1,122.06,87.45,MediCare,2029-01-08,Controlled,2024-12-10,Pack: 60g | Form: Cream
109,Health_Product_109,2,5,79.84,48.12,CuraMax,2028-09-09,Refrigerated,2024-04-27,Pack: 30 tabs | Strength: 650mg | Form: Tablet
110,Health_Product_110,5,3,13.57,7.98,CuraMax,2028-06-15,Ambient,2023-03-11,Form: Device | Warranty: 12m
111,Health_Product_111,1,2,70.21,24.97,CuraMax,2028-02-16,Refrigerated,2023-02-22,Pack: 60 tabs | Strength: 100mg | Form: Tablet
112,Health_Product_112,5,2,218.42,146.05,CuraMax,2027-09-01,Ambient,2024-12-06,Form: Device | Warranty: 6m
113,Health_Product_113,9,5,281.07,306.69,LifeLine,2026-11-13,Controlled,2023-02-27,Pack: 10 units | Form: Kit
114,Health_Product_114,9,3,167.08,110.24,LifeLine,2028-05-02,Controlled,2024-03-06,Pack: 10 units / Form: Kit
115,Health_Product_115,6,5,277.56,98.74,CuraMax,2026-12-24,Ambient,2023-07-14,Pack: 150ml | Strength: 250mg/5ml | Form: Liquid
116,Health_Product_116,2,5,70.83,41.72,VitalMeds,2029-11-13,Controlled,2025-05-15,Strength: 250mg / Pack: 10 tabs / Form: Tablet
117,Health_Product_117,3,1,185.35,94.69,VitalMeds,2026-04-14,Controlled,2022-04-03,
118,Health_Product_118,1,2,244.53,103.75,LifeLine,2028-08-15,Refrigerated,2022-06-23,Pack: 100 tabs | Strength: 650mg | Form: Tablet
119,Health_Product_119,2,2,191.75,74.74,CuraMax,2029-03-26,Controlled,2023-08-01,Pack: 60 tabs | Strength: 250mg | Form: Tablet
120,Health_Product_120,9,4,47.43,24.32,CuraMax,2029-09-24,Controlled,2022-09-20,Pack: 20 units | Form: Kit
121,Health_Product_121,8,4,275.18,108.87,HealthPlus,2026-01-03,Refrigerated,2025-09-23,Pack: 20g
122,Health_Product_122,4,5,86.98,46.1,BioZen,2029-02-04,Ambient,2024-02-05,Pack: 90g | Form: Cream
123,Health_Product_123,8,4,299.65,174.2,CuraMax,2028-11-12,Refrigerated,2025-10-31,
124,Health_Product_124,8,1,81.17,53.26,HealthPlus,2029-07-11,Refrigerated,2024-10-13,Pack: 20g
125,Health_Product_125,7,3,232.84,139.96,BioZen,2026-05-29,Controlled,2023-06-11,Pack: 60g | Form: Bandage
126,Health_Product_126,1,4,223.56,83.64,LifeLine,2029-02-22,Controlled,2023-04-19,Pack: 60 tabs / Strength: 50mg
127,Health_Product_127,3,2,205.55,95.32,PharmaCo,2029-10-06,Refrigerated,2023-02-06,Pack: 90 caps / Strength: 50mg / Form: Capsule
128,Health_Product_128,9,5,68.24,31.16,HealthPlus,2027-08-02,Ambient,2024-04-17,Form: Kit / Pack: 20 units
129,Health_Product_129,1,1,72.51,49.93,PharmaCo,2027-09-02,Refrigerated,2022-07-03,Pack: 20 tabs | Strength: 500mg | Form: Tablet
130,Health_Product_130,4,1,271.25,182.03,MediCare,2028-02-15,Refrigerated,2024-02-23,Pack: 60g | Form: Cream
131,Health_Product_131,9,3,10.49,5.11,BioZen,2028-06-15,Refrigerated,2022-09-26,Pack: 30 units
132,Health_Product_132,4,2,265.77,100.02,CuraMax,2028-04-19,Controlled,2023-12-10,Pack: 60g | Form: Cream
133,Health_Product_133,9,1,9.06,6.17,VitalMeds,2029-07-09,Refrigerated,2025-03-19,Pack: 90 units / Form: Kit
134,Health_Product_134,3,3,79.21,53.75,PharmaCo,2027-01-01,Ambient,2023-05-13,Pack: 20 caps / Strength: 100mg / Form: Capsule
135,Health_Product_135,8,3,15.88,10.58,PharmaCo,2029-10-07,Refrigerated,2023-09-05,Pack: 20g | Form: Cream
136,Health_Product_136,4,1,208.37,138.08,PharmaCo,2026-10-08,Refrigerated,2021-11-30,
137,Health_Product_137,4,5,98.3,51.87,CuraMax,2029-01-17,Refrigerated,2022-01-27,Pack: 20g | Form: Cream
138,Health_Product_138,8,1,118.18,49.12,MediCare,2026-09-29,Refrigerated,2023-06-04,Pack: 90g | Form: Cream
139,Health_Product_139,2,5,94.15,49.59,LifeLine,2028-03-10,Controlled,2023-06-20,Pack: 20 tabs / Strength: 25mg / Form: Tablet
140,Health_Product_140,5,3,145.26,77.42,PharmaCo,2028-11-06,Refrigerated,2022-10-24,Form: Device | Warranty: 12m
141,Health_Product_141,7,1,230.36,122.38,HealthPlus,2027-11-18,Refrigerated,2025-07-14,Pack: 30g | Form: Bandage
142,Health_Product_142,1,4,149.3,82.02,LifeLine,2027-07-19,Ambient,2025-01-06,Pack: 100 tabs | Strength: 200mg | Form: Tablet
143,Health_Product_143,9,5,131.05,58.36,MediCare,2026-02-01,Ambient,2022-12-09,Pack: 30 units / Form: Kit
144,Health_Product_144,2,4,205.52,99.78,LifeLine,2028-04-12,Refrigerated,2024-05-27,Pack: 20 tabs | Strength: 100mg | Form: Tablet
145,Health_Product_145,1,1,47.87,24.44,BioZen,2027-10-25,Controlled,2024-01-12,Pack: 20 tabs | Strength: 50mg | Form: Tablet
146,Health_Product_146,4,4,200.3,79.82,CuraMax,2027-04-28,Controlled,2025-09-17,
147,Health_Product_147,8,1,280.48,145.42,MediCare,2026-06-30,Refrigerated,2025-02-16,Pack: 100g | Form: Cream
148,Health_Product_148,4,4,216.85,140.93,CuraMax,2026-02-10,Ambient,2022-05-01,Pack: 60g | Form: Cream
149,Health_Product_149,8,2,165.88,108.88,MediCare,2029-04-26,Controlled,2023-03-10,Pack: 100g | Form: Cream
150,Health_Product_150,8,3,116.36,58.45,HealthPlus,2026-01-23,Refrigerated,2023-10-27,Pack: 100g | Form: Cream
151,Health_Product_151,1,4,289.85,157.09,MediCare,2026-11-21,Ambient,2024-01-10,Pack: 60 tabs | Strength: 650mg | Form: Tablet
152,Health_Product_152,3,5,149.83,54.31,MediCare,2026-12-24,Controlled,2024-01-01,Pack: 60 caps / Strength: 25mg / Form: Capsule
153,Health_Product_153,8,3,52.77,31.64,MediCare,2026-07-05,Refrigerated,2022-03-27,Pack: 60g | Form: Cream
154,Health_Product_154,5,5,79.36,39.66,VitalMeds,2028-11-29,Controlled,2023-04-22,Form: Device
155,Health_Product_155,9,4,275.61,141.89,MediCare,2030-01-06,Controlled,2023-04-23,Pack: 90 units | Form: Kit
156,Health_Product_156,5,2,69.44,46.75,MediCare,2026-05-15,Ambient,2023-08-21,Form: Device | Warranty: 6m
157,Health_Product_157,3,4,26.75,13.93,PharmaCo,2026-09-25,Ambient,2022-05-23,Pack: 30 caps | Strength: 100mg | Form: Capsule
158,Health_Product_158,8,3,216.17,77.35,LifeLine,2029-06-10,Ambient,2024-01-30,Pack: 60g | Form: Cream
159,Health_Product_159,7,1,296.96,128.93,PharmaCo,2029-07-26,Ambient,2024-11-24,Pack: 60g | Form: Bandage
160,Health_Product_160,7,5,149.43,78.6,CuraMax,2026-12-18,Refrigerated,2025-05-24,Pack: 10g | Form: Bandage
161,Health_Product_161,5,2,44.08,22.35,BioZen,2029-10-06,Ambient,2024-06-14,
162,Health_Product_162,7,3,197.52,132.01,PharmaCo,2027-06-08,Refrigerated,2022-04-08,Pack: 100g | Form: Bandage
163,Health_Product_163,3,4,26.0,14.32,CuraMax,2026-09-15,Ambient,2025-03-20,Pack: 30 caps | Strength: 200mg | Form: Capsule
164,Health_Product_164,9,1,278.4,168.48,HealthPlus,2027-03-11,Controlled,2025-11-10,Pack: 20 units / Form: Kit
165,Health_Product_165,2,4,23.8,12.46,PharmaCo,2027-12-21,Ambient,2023-09-29,Pack: 90 tabs | Strength: 100mg | Form: Tablet
166,Health_Product_166,7,4,265.82,136.28,CuraMax,2026-10-28,Ambient,2024-02-15,Pack: 30g | Form: Bandage
167,Health_Product_167,2,3,53.52,27.57,BioZen,2026-07-14,Ambient,2022-08-11,Pack: 30 tabs / Strength: 200mg / Form: Tablet
168,Health_Product_168,9,1,45.04,22.61,HealthPlus,2029-08-07,Controlled,2023-02-15,Pack: 100 units | Form: Kit
169,Health_Product_169,4,1,41.76,22.94,BioZen,2027-07-05,Refrigerated,2022-07-08,Pack: 20g / Form: Cream
170,Health_Product_170,9,3,123.12,54.5,CuraMax,2027-10-12,Refrigerated,2024-06-08,Pack: 20 units | Form: Kit
171,Health_Product_171,8,1,173.62,118.01,BioZen,2029-01-21,Refrigerated,2022-04-28,Form: Cream / Pack: 60g
172,Health_Product_172,2,5,158.28,74.9,PharmaCo,2028-11-05,Ambient,2024-01-06,Pack: 30 tabs / Strength: 25mg / Form: Tablet
173,Health_Product_173,4,4,253.56,102.59,LifeLine,2028-09-16,Ambient,2024-05-27,Pack: 20g | Form: Cream
174,Health_Product_174,1,1,130.02,50.15,CuraMax,2028-11-25,Controlled,2023-03-08,Pack: 90 tabs | Strength: 50mg | Form: Tablet
175,Health_Product_175,1,2,155.37,55.15,MediCare,2028-04-08,Controlled,2025-04-28,Strength: 200mg / Pack: 60 tabs
176,Health_Product_176,5,5,220.28,111.56,PharmaCo,2026-12-26,Controlled,2025-08-27,Form: Device | Warranty: 24m
177,Health_Product_177,5,1,46.7,19.59,BioZen,2027-05-25,Ambient,2024-12-27,Form: Device / Warranty: 12m
178,Health_Product_178,4,2,64.88,23.23,LifeLine,2029-09-08,Controlled,2023-02-22,Pack: 60g
179,Health_Product_179,4,4,258.75,140.35,MediCare,2027-05-31,Controlled,2023-12-21,Pack: 90g
180,Health_Product_180,3,5,284.78,171.32,BioZen,2026-10-10,Controlled,2024-08-30,Pack: 100 caps | Strength: 200mg | Form: Capsule
181,Health_Product_181,3,2,253.74,329.7,PharmaCo,2026-10-26,Controlled,2023-08-05,Pack: 20 caps / Strength: 500mg
182,Health_Product_182,7,5,193.45,100.7,BioZen,2028-05-22,Refrigerated,2022-10-15,Pack: 20g | Form: Bandage
183,Health_Product_183,3,2,148.4,92.77,LifeLine,2026-04-16,Refrigerated,2023-11-09,Pack: 100 caps | Strength: 50mg | Form: Capsule
184,Health_Product_184,5,5,91.17,65.16,MediCare,2028-05-03,Controlled,2022-11-18,Form: Device / Warranty: 6m
185,Health_Product_185,6,5,280.13,167.2,VitalMeds,2027-09-07,Ambient,2024-09-01,Pack: 100ml / Strength: 100mg/5ml
186,Health_Product_186,6,1,253.91,111.87,BioZen,2026-03-11,Controlled,2022-05-10,Form: Liquid / Pack: 150ml / Strength: 50mg/5ml
187,Health_Product_187,9,1,210.47,129.47,CuraMax,2026-04-05,Ambient,2021-11-07,Pack: 100 units | Form: Kit
188,Health_Product_188,3,2,202.34,115.58,LifeLine,2026-11-15,Refrigerated,2024-09-24,Pack: 10 caps | Strength: 200mg | Form: Capsule
189,Health_Product_189,7,4,280.47,120.14,BioZen,2028-10-05,Ambient,2024-06-13,Pack: 100g | Form: Bandage
190,Health_Product_190,6,4,67.57,44.93,PharmaCo,2026-04-23,Controlled,2024-03-25,Pack: 50ml | Strength: 100mg/5ml | Form: Liquid
191,Health_Product_191,3,1,294.7,149.75,MediCare,2026-11-14,Controlled,2025-02-26,Pack: 30 caps | Strength: 25mg | Form: Capsule
192,Health_Product_192,9,2,266.96,188.46,VitalMeds,2029-04-14,Ambient,2023-11-07,Pack: 90 units
193,Health_Product_193,9,3,33.98,20.98,VitalMeds,2026-02-17,Refrigerated,2023-07-16,Pack: 30 units | Form: Kit
194,Health_Product_194,9,4,41.56,24.46,HealthPlus,2026-02-17,Refrigerated,2025-11-23,Form: Kit / Pack: 10 units
195,Health_Product_195,2,5,234.28,145.13,MediCare,2029-04-04,Refrigerated,2023-03-25,Pack: 90 tabs | Strength: 100mg | Form: Tablet
196,Health_Product_196,5,2,109.52,57.71,BioZen,2027-09-27,Refrigerated,2022-07-06,Form: Device
197,Health_Product_197,3,5,29.22,15.69,PharmaCo,2026-11-30,Ambient,2025-04-04,Pack: 20 caps | Strength: 100mg | Form: Capsule
198,Health_Product_198,3,4,255.19,169.69,VitalMeds,2027-02-23,Controlled,2023-01-01,Pack: 90 caps / Strength: 200mg
199,Health_Product_199,4,1,238.39,143.5,MediCare,2029-08-27,Ambient,2025-09-28,Pack: 60g / Form: Cream
200,Health_Product_200,8,5,264.03,180.06,BioZen,2029-06-23,Controlled,2022-01-29,Pack: 20g | Form: Cream
201,Health_Product_201,1,1,276.76,188.09,BioZen,2026-12-07,Controlled,2025-06-24,Pack: 30 tabs | Strength: 650mg | Form: Tablet
202,Health_Product_202,3,1,99.79,116.98,CuraMax,2028-06-06,Ambient,2022-08-14,Pack: 10 caps / Strength: 100mg / Form: Capsule
203,Health_Product_203,7,5,253.47,154.38,VitalMeds,2027-11-21,Controlled,2024-01-02,Pack: 20g | Form: Bandage
204,Health_Product_204,1,4,209.48,112.25,PharmaCo,2028-08-10,Controlled,2023-04-05,Pack: 20 tabs | Strength: 200mg | Form: Tablet
205,Health_Product_205,2,4,233.41,96.06,CuraMax,2026-12-05,Ambient,2023-07-16,Pack: 30 tabs / Strength: 25mg / Form: Tablet
206,Health_Product_206,2,1,197.89,120.91,MediCare,2027-09-28,Ambient,2023-09-09,Strength: 100mg / Form: Tablet / Pack: 100 tabs
207,Health_Product_207,3,3,296.1,135.58,CuraMax,2026-03-26,Refrigerated,2023-11-21,Pack: 30 caps | Strength: 100mg | Form: Capsule
208,Health_Product_208,8,5,288.82,131.32,LifeLine,2027-08-10,Ambient,2024-08-08,Pack: 90g | Form: Cream
209,Health_Product_209,3,4,25.49,11.17,BioZen,2026-12-15,Ambient,2024-07-17,Pack: 10 caps | Strength: 200mg | Form: Capsule
210,Health_Product_210,5,2,18.25,12.3,CuraMax,2027-05-05,Refrigerated,2025-04-16,Form: Device | Warranty: 12m
211,Health_Product_211,9,1,107.48,72.13,BioZen,2027-10-11,Controlled,2025-10-04,
212,Health_Product_212,2,5,253.42,147.86,MediCare,2026-05-04,Ambient,2025-12-07,
213,Health_Product_213,8,2,185.2,97.23,VitalMeds,2029-01-06,Controlled,2022-01-01,Pack: 10g | Form: Cream
214,Health_Product_214,3,3,263.68,157.86,MediCare,2026-09-16,Controlled,2022-07-13,Pack: 100 caps | Strength: 50mg | Form: Capsule
215,Health_Product_215,2,1,120.02,68.97,HealthPlus,2028-11-09,Controlled,2025-05-09,Pack: 30 tabs | Strength: 250mg | Form: Tablet
216,Health_Product_216,2,2,138.45,69.75,MediCare,2027-01-02,Controlled,2025-09-29,Pack: 90 tabs | Strength: 250mg | Form: Tablet
217,Health_Product_217,4,4,41.95,20.57,HealthPlus,2028-09-05,Controlled,2024-11-02,Pack: 90g
218,Health_Product_218,8,1,130.21,64.02,VitalMeds,2028-08-05,Refrigerated,2023-10-31,Pack: 20g | Form: Cream
219,Health_Product_219,2,1,215.2,122.23,BioZen,2026-03-12,Controlled,2024-08-04,Pack: 30 tabs | Strength: 25mg | Form: Tablet
220,Health_Product_220,5,4,30.1,17.75,CuraMax,2029-07-18,Ambient,2022-01-31,Form: Device | Warranty: 12m
221,Health_Product_221,7,1,229.43,118.65,BioZen,2027-09-21,Refrigerated,2024-08-30,Pack: 30g / Form: Bandage
222,Health_Product_222,1,1,103.23,73.13,LifeLine,2026-09-05,Controlled,2025-01-18,Pack: 100 tabs | Strength: 250mg | Form: Tablet
223,Health_Product_223,3,3,48.1,18.33,BioZen,2029-01-09,Ambient,2024-12-02,Pack: 20 caps / Strength: 25mg
224,Health_Product_224,9,1,82.56,39.5,LifeLine,2027-01-09,Ambient,2022-06-26,Pack: 60 units
225,Health_Product_225,8,4,269.53,136.13,BioZen,2029-10-24,Refrigerated,2025-10-25,Pack: 20g | Form: Cream
226,Health_Product_226,1,1,200.65,71.48,MediCare,2026-08-08,Refrigerated,2023-06-09,Pack: 20 tabs | Strength: 200mg | Form: Tablet
227,Health_Product_227,8,2,186.88,90.64,BioZen,2029-02-27,Refrigerated,2022-11-12,Pack: 30g | Form: Cream
228,Health_Product_228,9,2,152.49,68.81,LifeLine,2028-11-15,Ambient,2023-12-10,Pack: 30 units | Form: Kit
229,Health_Product_229,5,5,25.06,13.46,MediCare,2026-10-29,Controlled,2024-12-26,Form: Device / Warranty: 12m
230,Health_Product_230,3,3,292.46,138.76,HealthPlus,2028-06-10,Ambient,2024-05-03,Pack: 30 caps | Strength: 250mg | Form: Capsule
231,Health_Product_231,3,1,95.88,59.32,PharmaCo,2026-02-08,Ambient,2022-01-01,Pack: 20 caps | Strength: 50mg | Form: Capsule
232,Health_Product_232,7,5,106.73,57.49,CuraMax,2028-06-30,Ambient,2024-10-23,Pack: 60g | Form: Bandage
233,Health_Product_233,3,4,160.88,64.03,LifeLine,2026-12-23,Ambient,2023-02-24,Pack: 30 caps | Strength: 25mg | Form: Capsule
234,Health_Product_234,4,5,124.59,78.18,HealthPlus,2025-12-21,Refrigerated,2023-06-08,Pack: 60g | Form: Cream
235,Health_Product_235,5,4,165.62,64.05,VitalMeds,2025-12-17,Ambient,2022-08-26,
236,Health_Product_236,5,2,184.04,121.55,PharmaCo,2029-06-23,Ambient,2024-01-04,Form: Device
237,Health_Product_237,4,2,90.62,62.95,BioZen,2027-10-08,Controlled,2024-06-24,Pack: 100g / Form: Cream
238,Health_Product_238,6,5,120.67,56.63,HealthPlus,2028-10-12,Controlled,2022-09-27,Pack: 50ml | Strength: 500mg/5ml | Form: Liquid
239,Health_Product_239,6,4,145.45,100.75,CuraMax,2029-12-01,Controlled,2023-05-06,Pack: 450ml | Strength: 100mg/5ml | Form: Liquid
240,Health_Product_240,5,2,145.18,93.41,VitalMeds,2029-07-09,Refrigerated,2025-08-28,Form: Device | Warranty: 24m
241,Health_Product_241,7,3,133.0,91.94,BioZen,2029-02-14,Refrigerated,2023-03-17,Pack: 20g | Form: Bandage
242,Health_Product_242,2,4,82.85,49.42,CuraMax,2026-03-13,Ambient,2024-08-27,Pack: 20 tabs / Strength: 650mg / Form: Tablet
243,Health_Product_243,7,3,73.99,32.35,LifeLine,2026-09-21,Controlled,2024-07-29,Pack: 20g | Form: Bandage
244,Health_Product_244,7,4,54.29,36.97,BioZen,2027-04-02,Controlled,2022-12-14,Pack: 30g | Form: Bandage
245,Health_Product_245,8,1,185.13,77.42,MediCare,2026-06-15,Refrigerated,2023-05-09,Pack: 30g / Form: Cream
246,Health_Product_246,4,5,154.48,66.25,LifeLine,2027-10-11,Ambient,2023-12-23,Pack: 10g | Form: Cream
247,Health_Product_247,9,1,277.24,124.84,LifeLine,2029-05-29,Ambient,2025-07-28,Pack: 30 units
248,Health_Product_248,5,1,119.59,55.32,VitalMeds,2028-05-01,Controlled,2025-03-21,Form: Device
249,Health_Product_249,9,1,295.11,159.46,HealthPlus,2029-07-05,Refrigerated,2023-09-27,Pack: 100 units | Form: Kit
250,Health_Product_250,8,3,231.52,142.15,HealthPlus,2029-07-14,Refrigerated,2022-02-27,Pack: 90g | Form: Cream
251,Health_Product_251,1,4,62.2,43.09,PharmaCo,2028-04-19,Ambient,2022-03-24,Pack: 30 tabs | Strength: 500mg | Form: Tablet
252,Health_Product_252,6,1,214.45,82.07,BioZen,2027-04-01,Ambient,2025-04-08,Pack: 50ml / Strength: 650mg/5ml / Form: Liquid
253,Health_Product_253,2,2,25.95,18.25,VitalMeds,2026-09-21,Ambient,2022-09-16,Pack: 90 tabs | Strength: 200mg | Form: Tablet
254,Health_Product_254,2,2,50.87,35.15,PharmaCo,2026-06-04,Refrigerated,2023-04-15,Strength: 100mg / Pack: 90 tabs
255,Health_Product_255,1,2,94.36,34.91,LifeLine,2028-11-17,Refrigerated,2022-12-20,
256,Health_Product_256,9,2,50.73,24.52,PharmaCo,2029-03-13,Controlled,2024-11-30,Pack: 60 units / Form: Kit
257,Health_Product_257,1,4,36.87,24.0,HealthPlus,2029-05-18,Refrigerated,2025-03-29,Pack: 10 tabs | Strength: 50mg | Form: Tablet
258,Health_Product_258,8,4,93.36,53.8,VitalMeds,2027-02-23,Refrigerated,2021-11-17,Pack: 90g | Form: Cream
259,Health_Product_259,3,2,112.89,72.05,PharmaCo,2027-12-10,Ambient,2023-07-10,
260,Health_Product_260,9,5,180.41,111.14,VitalMeds,2028-05-17,Ambient,2025-04-22,Pack: 60 units | Form: Kit
261,Health_Product_261,3,4,197.45,255.37,LifeLine,2026-12-08,Controlled,2023-04-30,Pack: 10 caps | Strength: 50mg | Form: Capsule
262,Health_Product_262,1,4,234.31,257.82,PharmaCo,2026-11-15,Ambient,2023-08-18,Pack: 30 tabs | Strength: 50mg | Form: Tablet
263,Health_Product_263,1,2,169.82,96.15,CuraMax,2027-09-05,Ambient,2024-09-11,Pack: 90 tabs / Form: Tablet / Strength: 50mg
264,Health_Product_264,6,1,96.26,35.42,CuraMax,2028-01-09,Controlled,2025-10-26,Pack: 450ml / Strength: 25mg/5ml / Form: Liquid
265,Health_Product_265,1,1,82.15,47.1,CuraMax,2026-02-21,Ambient,2025-07-29,Pack: 10 tabs / Strength: 100mg
266,Health_Product_266,7,2,131.06,84.68,CuraMax,2028-11-14,Refrigerated,2022-07-10,Pack: 20g | Form: Bandage
267,Health_Product_267,4,3,37.02,20.97,BioZen,2026-07-14,Ambient,2025-04-19,Pack: 10g / Form: Cream
268,Health_Product_268,4,4,115.5,83.03,MediCare,2028-09-19,Controlled,2022-01-01,Pack: 10g / Form: Cream
269,Health_Product_269,8,2,174.14,197.18,BioZen,2026-11-27,Controlled,2022-04-29,Pack: 60g | Form: Cream
270,Health_Product_270,6,4,93.26,58.48,PharmaCo,2026-05-12,Ambient,2025-04-01,Pack: 450ml | Strength: 250mg/5ml | Form: Liquid
271,Health_Product_271,9,2,243.73,145.47,CuraMax,2026-06-11,Controlled,2025-03-17,
272,Health_Product_272,8,2,132.77,95.17,HealthPlus,2029-02-01,Ambient,2023-07-09,Pack: 20g | Form: Cream
273,Health_Product_273,4,2,174.55,107.15,MediCare,2030-01-11,Controlled,2025-08-18,Pack: 60g
274,Health_Product_274,9,3,266.68,109.52,HealthPlus,2029-05-28,Refrigerated,2021-12-12,Pack: 30 units | Form: Kit
275,Health_Product_275,4,5,183.25,128.92,MediCare,2026-01-17,Controlled,2022-10-10,Pack: 90g | Form: Cream
276,Health_Product_276,6,3,225.62,134.71,HealthPlus,2029-10-26,Ambient,2024-05-23,Pack: 500ml | Strength: 25mg/5ml | Form: Liquid
277,Health_Product_277,2,4,52.13,19.39,BioZen,2028-02-11,Ambient,2022-12-17,Pack: 90 tabs / Strength: 100mg / Form: Tablet
278,Health_Product_278,8,1,272.39,161.61,BioZen,2029-06-05,Controlled,2022-05-24,Pack: 30g / Form: Cream
279,Health_Product_279,3,5,96.69,120.04,LifeLine,2026-09-26,Refrigerated,2023-04-20,Form: Capsule / Strength: 100mg / Pack: 90 caps
280,Health_Product_280,9,5,243.21,137.05,BioZen,2026-08-26,Ambient,2023-11-25,Pack: 100 units | Form: Kit
281,Health_Product_281,9,5,37.98,18.27,MediCare,2027-10-15,Controlled,2024-08-27,Pack: 100 units | Form: Kit
282,Health_Product_282,8,5,147.18,96.22,MediCare,2026-02-10,Controlled,2025-05-21,Pack: 30g | Form: Cream
283,Health_Product_283,2,2,271.3,173.5,VitalMeds,2028-01-02,Controlled,2022-02-01,Pack: 60 tabs | Strength: 650mg | Form: Tablet
284,Health_Product_284,6,2,293.03,161.56,PharmaCo,2028-10-27,Ambient,2023-06-17,
285,Health_Product_285,6,2,110.19,44.86,HealthPlus,2026-06-29,Controlled,2022-03-15,Pack: 300ml | Strength: 100mg/5ml | Form: Liquid
286,Health_Product_286,9,1,245.76,108.84,CuraMax,2028-08-06,Ambient,2023-08-09,Pack: 30 units
287,Health_Product_287,5,1,186.18,116.03,CuraMax,2028-11-01,Refrigerated,2025-01-27,Warranty: 24m / Form: Device
288,Health_Product_288,7,4,192.82,125.0,MediCare,2026-08-15,Controlled,2025-01-02,Pack: 10g | Form: Bandage
289,Health_Product_289,9,5,219.33,99.43,BioZen,2029-09-11,Controlled,2022-08-07,
290,Health_Product_290,4,2,142.51,69.28,CuraMax,2026-12-17,Ambient,2022-04-02,Pack: 100g
291,Health_Product_291,2,5,48.48,18.36,CuraMax,2027-11-08,Ambient,2023-09-29,
292,Health_Product_292,2,1,247.33,151.86,LifeLine,2026-10-01,Controlled,2022-03-29,Pack: 60 tabs | Strength: 100mg | Form: Tablet
293,Health_Product_293,4,3,244.23,85.8,CuraMax,2027-11-22,Refrigerated,2022-10-15,Pack: 10g | Form: Cream
294,Health_Product_294,9,2,30.32,11.13,HealthPlus,2026-03-22,Controlled,2023-03-25,Pack: 30 units / Form: Kit
295,Health_Product_295,9,1,10.74,3.78,LifeLine,2028-08-12,Ambient,2023-09-25,Pack: 20 units | Form: Kit
296,Health_Product_296,4,3,262.56,154.59,VitalMeds,2027-01-11,Refrigerated,2025-10-20,Pack: 20g | Form: Cream
297,Health_Product_297,5,2,47.8,24.11,LifeLine,2028-07-11,Controlled,2025-09-30,Form: Device | Warranty: 6m
298,Health_Product_298,3,2,186.86,85.97,MediCare,2027-01-02,Refrigerated,2022-08-09,Pack: 20 caps | Strength: 650mg | Form: Capsule
299,Health_Product_299,4,4,64.16,44.12,VitalMeds,2026-02-16,Refrigerated,2023-05-16,Pack: 100g | Form: Cream
300,Health_Product_300,1,3,147.94,62.33,LifeLine,2029-03-13,Controlled,2025-10-03,Pack: 30 tabs | Strength: 25mg | Form: Tablet
301,Health_Product_301,2,4,116.96,57.79,BioZen,2026-04-05,Controlled,2023-05-20,Pack: 100 tabs / Strength: 650mg / Form: Tablet
302,Health_Product_302,8,2,169.12,118.03,HealthPlus,2028-07-01,Refrigerated,2025-03-23,Pack: 30g
303,Health_Product_303,6,4,262.69,133.45,CuraMax,2026-05-20,Refrigerated,2023-10-28,
304,Health_Product_304,9,5,249.64,138.61,PharmaCo,2027-05-05,Refrigerated,2024-03-01,Pack: 90 units
305,Health_Product_305,7,2,286.77,108.89,PharmaCo,2028-09-16,Controlled,2023-09-10,Pack: 100g
306,Health_Product_306,1,3,291.84,187.47,LifeLine,2029-10-12,Refrigerated,2022-09-22,Strength: 250mg / Pack: 10 tabs
307,Health_Product_307,4,3,163.63,82.87,PharmaCo,2029-03-29,Refrigerated,2024-01-15,Pack: 10g / Form: Cream
308,Health_Product_308,6,4,114.75,74.15,CuraMax,2026-09-11,Ambient,2022-01-15,
309,Health_Product_309,5,3,283.38,125.79,PharmaCo,2029-02-10,Refrigerated,2022-08-26,Form: Device | Warranty: 12m
310,Health_Product_310,2,2,78.93,39.96,LifeLine,2027-05-13,Refrigerated,2024-02-03,Pack: 100 tabs | Strength: 25mg | Form: Tablet
311,Health_Product_311,7,3,74.31,47.63,BioZen,2028-04-04,Ambient,2022-03-10,Pack: 100g | Form: Bandage
312,Health_Product_312,6,2,270.18,191.92,BioZen,2026-08-26,Refrigerated,2024-09-17,Pack: 450ml | Strength: 25mg/5ml | Form: Liquid
313,Health_Product_313,4,1,205.46,76.44,HealthPlus,2026-11-12,Controlled,2023-01-26,Pack: 90g / Form: Cream
314,Health_Product_314,5,2,57.74,37.57,MediCare,2027-05-26,Controlled,2023-10-31,
315,Health_Product_315,4,4,258.6,119.28,LifeLine,2029-05-06,Controlled,2025-05-11,
316,Health_Product_316,9,2,192.15,106.41,BioZen,2029-07-02,Controlled,2022-07-30,Pack: 30 units | Form: Kit
317,Health_Product_317,1,5,295.36,135.08,HealthPlus,2028-03-17,Ambient,2023-04-28,Pack: 60 tabs | Strength: 100mg | Form: Tablet
318,Health_Product_318,4,2,248.03,143.11,PharmaCo,2028-06-11,Refrigerated,2024-01-07,Form: Cream / Pack: 60g
319,Health_Product_319,4,3,79.18,38.08,LifeLine,2027-08-10,Controlled,2024-12-29,Pack: 100g | Form: Cream
320,Health_Product_320,5,4,146.02,69.13,CuraMax,2029-11-08,Controlled,2025-11-22,Form: Device | Warranty: 12m
321,Health_Product_321,2,4,35.32,12.86,CuraMax,2029-05-27,Refrigerated,2023-09-04,Pack: 10 tabs | Strength: 50mg | Form: Tablet
322,Health_Product_322,5,5,71.89,29.07,CuraMax,2026-09-02,Ambient,2025-09-25,Form: Device / Warranty: 12m
323,Health_Product_323,9,3,119.26,82.21,MediCare,2028-03-21,Refrigerated,2023-05-10,Pack: 30 units / Form: Kit
324,Health_Product_324,8,1,242.77,174.64,HealthPlus,2027-08-24,Refrigerated,2024-01-21,Form: Cream / Pack: 30g
325,Health_Product_325,3,1,129.75,147.5,BioZen,2026-10-11,Refrigerated,2024-07-27,Strength: 500mg / Pack: 10 caps
326,Health_Product_326,3,1,40.44,50.49,HealthPlus,2026-11-20,Ambient,2025-04-28,Pack: 90 caps | Strength: 650mg | Form: Capsule
327,Health_Product_327,3,1,192.84,96.21,HealthPlus,2026-10-12,Ambient,2022-01-19,Pack: 90 caps | Strength: 200mg | Form: Capsule
328,Health_Product_328,9,4,261.9,163.33,LifeLine,2026-01-16,Ambient,2022-10-31,Pack: 30 units | Form: Kit
329,Health_Product_329,3,2,83.64,59.25,LifeLine,2026-11-19,Ambient,2023-03-20,Pack: 10 caps | Strength: 25mg | Form: Capsule
330,Health_Product_330,3,3,65.63,34.03,LifeLine,2026-10-12,Ambient,2024-09-03,Pack: 10 caps | Strength: 50mg | Form: Capsule
331,Health_Product_331,2,5,288.25,189.36,PharmaCo,2027-08-29,Controlled,2022-11-07,Strength: 200mg / Pack: 90 tabs / Form: Tablet
332,Health_Product_332,4,3,256.26,182.14,PharmaCo,2029-01-30,Ambient,2025-03-09,Pack: 10g / Form: Cream
333,Health_Product_333,1,4,67.95,45.74,CuraMax,2026-02-16,Ambient,2024-08-27,Pack: 100 tabs | Strength: 100mg | Form: Tablet
334,Health_Product_334,7,4,277.83,120.59,HealthPlus,2027-10-30,Controlled,2023-06-26,Pack: 90g | Form: Bandage
335,Health_Product_335,6,2,201.26,71.04,MediCare,2030-01-05,Controlled,2025-05-27,Pack: 500ml | Strength: 250mg/5ml | Form: Liquid
336,Health_Product_336,2,4,171.31,209.36,PharmaCo,2027-01-07,Controlled,2025-09-08,Pack: 90 tabs | Strength: 100mg | Form: Tablet
337,Health_Product_337,6,5,132.77,72.57,PharmaCo,2029-09-15,Ambient,2022-04-02,Pack: 300ml | Strength: 250mg/5ml | Form: Liquid
338,Health_Product_338,5,5,252.41,107.14,LifeLine,2029-02-17,Controlled,2023-03-21,Warranty: 24m / Form: Device
339,Health_Product_339,4,4,115.17,52.44,MediCare,2029-08-28,Ambient,2023-07-09,Pack: 30g | Form: Cream
340,Health_Product_340,2,1,32.11,20.33,MediCare,2027-05-29,Refrigerated,2025-10-15,Pack: 20 tabs | Strength: 50mg | Form: Tablet
341,Health_Product_341,9,3,287.43,150.62,PharmaCo,2028-02-13,Ambient,2022-06-03,Pack: 100 units / Form: Kit
342,Health_Product_342,4,3,180.06,84.16,LifeLine,2027-01-11,Ambient,2022-04-19,Pack: 20g | Form: Cream
343,Health_Product_343,1,3,172.92,100.36,BioZen,2028-01-16,Ambient,2023-05-31,Pack: 10 tabs / Strength: 200mg / Form: Tablet
344,Health_Product_344,4,1,177.09,104.75,BioZen,2029-12-18,Refrigerated,2023-06-28,Pack: 60g | Form: Cream
345,Health_Product_345,5,3,165.25,104.88,MediCare,2027-01-09,Ambient,2023-05-30,Form: Device | Warranty: 24m
346,Health_Product_346,3,3,80.72,32.93,CuraMax,2026-12-18,Ambient,2025-10-02,Pack: 100 caps | Strength: 25mg | Form: Capsule
347,Health_Product_347,3,3,115.92,72.38,HealthPlus,2026-12-30,Ambient,2024-07-09,Pack: 100 caps | Strength: 100mg | Form: Capsule
348,Health_Product_348,4,4,140.67,80.43,CuraMax,2027-07-12,Ambient,2023-09-12,Pack: 10g / Form: Cream
349,Health_Product_349,3,5,263.46,294.53,PharmaCo,2026-10-05,Ambient,2022-02-13,Pack: 60 caps | Strength: 50mg | Form: Capsule
350,Health_Product_350,2,2,207.33,132.2,MediCare,2028-09-29,Ambient,2025-01-09,Strength: 25mg / Pack: 10 tabs
351,Health_Product_351,9,1,262.17,128.92,VitalMeds,2028-08-19,Refrigerated,2024-07-16,Pack: 10 units | Form: Kit
352,Health_Product_352,7,4,16.99,8.02,HealthPlus,2029-12-08,Refrigerated,2025-04-10,
353,Health_Product_353,6,2,74.09,38.21,HealthPlus,2027-02-15,Controlled,2023-10-31,Pack: 300ml | Strength: 50mg/5ml | Form: Liquid
354,Health_Product_354,6,2,158.84,75.94,VitalMeds,2029-02-18,Ambient,2022-12-25,Strength: 500mg/5ml / Pack: 300ml
355,Health_Product_355,9,4,244.59,116.22,CuraMax,2027-10-26,Refrigerated,2024-03-11,Pack: 100 units | Form: Kit
356,Health_Product_356,5,1,252.39,163.8,PharmaCo,2028-01-31,Refrigerated,2024-03-18,Form: Device | Warranty: 24m
357,Health_Product_357,9,2,24.08,9.54,VitalMeds,2028-12-25,Ambient,2025-06-16,
358,Health_Product_358,4,4,295.63,209.64,MediCare,2028-03-29,Refrigerated,2023-12-29,Pack: 60g | Form: Cream
359,Health_Product_359,1,1,265.57,147.48,VitalMeds,2029-03-09,Ambient,2025-07-21,Pack: 30 tabs | Strength: 50mg | Form: Tablet
360,Health_Product_360,2,4,37.57,15.69,HealthPlus,2026-11-04,Refrigerated,2024-08-23,
361,Health_Product_361,4,1,68.51,27.3,LifeLine,2028-07-20,Controlled,2022-12-15,
362,Health_Product_362,8,1,66.05,37.57,MediCare,2029-06-14,Controlled,2024-08-19,Pack: 10g
363,Health_Product_363,7,3,25.15,14.69,HealthPlus,2029-03-20,Refrigerated,2024-06-03,Pack: 100g | Form: Bandage
364,Health_Product_364,8,5,46.25,17.09,LifeLine,2026-07-06,Refrigerated,2022-03-10,Pack: 20g | Form: Cream
365,Health_Product_365,2,1,95.39,41.96,HealthPlus,2029-02-25,Refrigerated,2023-03-12,Pack: 60 tabs | Strength: 500mg | Form: Tablet
366,Health_Product_366,2,4,84.21,54.26,PharmaCo,2027-05-01,Refrigerated,2024-03-18,Pack: 100 tabs | Strength: 100mg | Form: Tablet
367,Health_Product_367,6,1,37.68,13.88,HealthPlus,2027-09-23,Refrigerated,2023-02-18,
368,Health_Product_368,6,1,236.77,157.78,HealthPlus,2027-04-18,Ambient,2023-03-01,
369,Health_Product_369,9,5,237.58,141.01,VitalMeds,2028-12-16,Controlled,2024-09-29,Pack: 100 units | Form: Kit
370,Health_Product_370,4,5,235.74,120.4,BioZen,2028-08-06,Controlled,2023-11-08,Pack: 100g | Form: Cream
371,Health_Product_371,5,5,14.91,7.13,HealthPlus,2029-08-18,Controlled,2022-09-29,
372,Health_Product_372,8,4,110.95,39.62,BioZen,2028-08-18,Controlled,2022-04-24,Pack: 30g / Form: Cream
373,Health_Product_373,5,5,73.46,48.14,CuraMax,2028-08-01,Ambient,2023-02-26,
374,Health_Product_374,1,1,212.02,85.4,VitalMeds,2029-01-19,Controlled,2024-12-14,
375,Health_Product_375,5,5,172.89,80.31,HealthPlus,2029-11-23,Ambient,2022-09-17,Form: Device
376,Health_Product_376,5,2,19.55,10.96,MediCare,2028-08-14,Ambient,2025-04-25,Form: Device
377,Health_Product_377,7,1,92.94,40.99,HealthPlus,2028-09-14,Refrigerated,2023-04-28,Pack: 90g | Form: Bandage
378,Health_Product_378,6,1,245.16,130.9,VitalMeds,2029-05-28,Ambient,2022-07-12,
379,Health_Product_379,4,2,75.26,48.88,LifeLine,2028-03-20,Controlled,2022-11-05,Pack: 100g / Form: Cream
380,Health_Product_380,7,3,248.95,130.47,MediCare,2028-12-08,Refrigerated,2023-07-15,Pack: 30g | Form: Bandage
381,Health_Product_381,8,4,162.23,113.74,HealthPlus,2029-01-05,Ambient,2024-08-07,Pack: 30g | Form: Cream
382,Health_Product_382,3,3,229.5,152.29,PharmaCo,2026-09-21,Controlled,2025-04-08,Pack: 100 caps | Strength: 200mg | Form: Capsule
383,Health_Product_383,4,1,258.89,122.51,LifeLine,2027-06-08,Controlled,2022-08-30,Pack: 60g | Form: Cream
384,Health_Product_384,7,5,250.39,124.69,PharmaCo,2029-09-10,Refrigerated,2025-06-27,Pack: 100g
385,Health_Product_385,5,5,109.3,55.37,CuraMax,2026-11-25,Refrigerated,2025-12-04,Form: Device / Warranty: 24m
386,Health_Product_386,1,1,46.05,26.79,BioZen,2029-11-21,Ambient,2022-04-03,Pack: 30 tabs / Form: Tablet / Strength: 50mg
387,Health_Product_387,1,3,72.19,32.93,MediCare,2029-09-16,Refrigerated,2022-12-29,Pack: 20 tabs | Strength: 200mg | Form: Tablet
388,Health_Product_388,2,3,249.5,176.8,CuraMax,2029-07-02,Ambient,2022-01-23,Pack: 100 tabs / Strength: 200mg / Form: Tablet
389,Health_Product_389,8,2,191.24,110.0,CuraMax,2029-10-10,Refrigerated,2025-10-24,Pack: 20g | Form: Cream
390,Health_Product_390,5,2,259.74,129.29,HealthPlus,2026-09-02,Refrigerated,2024-05-24,Form: Device | Warranty: 12m
391,Health_Product_391,7,4,250.5,147.46,MediCare,2027-05-16,Refrigerated,2022-09-24,Pack: 10g | Form: Bandage
392,Health_Product_392,3,4,73.0,36.23,LifeLine,2027-01-06,Ambient,2022-06-15,Pack: 30 caps / Strength: 100mg / Form: Capsule
393,Health_Product_393,3,4,9.16,11.54,VitalMeds,2026-12-18,Controlled,2023-11-03,Pack: 90 caps | Strength: 25mg | Form: Capsule
394,Health_Product_394,6,3,244.68,137.05,VitalMeds,2026-06-05,Controlled,2021-11-11,Strength: 50mg/5ml / Pack: 450ml
395,Health_Product_395,4,5,75.45,27.58,HealthPlus,2026-11-10,Refrigerated,2021-12-14,
396,Health_Product_396,3,3,204.0,84.74,HealthPlus,2026-09-28,Refrigerated,2025-06-26,
397,Health_Product_397,7,1,133.21,89.26,MediCare,2028-10-19,Ambient,2024-08-11,Pack: 30g | Form: Bandage
398,Health_Product_398,8,5,122.06,68.14,BioZen,2029-10-21,Ambient,2023-03-25,Pack: 30g
399,Health_Product_399,4,1,131.2,92.05,LifeLine,2027-04-18,Controlled,2022-10-01,Pack: 20g / Form: Cream
400,Health_Product_400,6,5,124.17,46.79,VitalMeds,2027-01-19,Refrigerated,2024-10-24,Pack: 300ml / Strength: 250mg/5ml / Form: Liquid
401,Health_Product_401,5,5,198.22,91.03,CuraMax,2029-09-15,Controlled,2022-01-26,Form: Device / Warranty: 6m
402,Health_Product_402,5,4,21.35,9.0,BioZen,2029-09-29,Ambient,2024-03-01,Form: Device | Warranty: 24m
403,Health_Product_403,5,5,119.61,66.37,LifeLine,2027-04-26,Controlled,2024-02-09,Form: Device / Warranty: 6m
404,Health_Product_404,2,3,38.47,18.91,CuraMax,2029-11-18,Ambient,2024-07-27,Strength: 200mg / Pack: 30 tabs
405,Health_Product_405,6,4,58.36,23.82,BioZen,2027-07-22,Refrigerated,2025-09-04,Pack: 300ml / Strength: 250mg/5ml
406,Health_Product_406,4,4,174.82,102.76,BioZen,2026-12-27,Controlled,2025-06-09,Pack: 60g | Form: Cream
407,Health_Product_407,7,1,118.5,64.99,MediCare,2027-08-21,Controlled,2025-11-24,Pack: 90g / Form: Bandage
408,Health_Product_408,5,3,56.96,25.73,CuraMax,2028-12-25,Refrigerated,2022-06-24,Form: Device
409,Health_Product_409,4,3,271.38,143.16,CuraMax,2027-08-10,Ambient,2024-12-27,Form: Cream / Pack: 20g
410,Health_Product_410,9,5,123.62,77.38,BioZen,2029-05-20,Controlled,2025-10-24,Pack: 20 units | Form: Kit
411,Health_Product_411,1,1,138.32,58.92,HealthPlus,2026-12-08,Refrigerated,2024-05-28,Strength: 250mg / Pack: 30 tabs / Form: Tablet
412,Health_Product_412,1,5,262.72,120.42,LifeLine,2028-12-07,Refrigerated,2025-02-23,Strength: 100mg / Pack: 10 tabs
413,Health_Product_413,5,1,65.05,31.1,VitalMeds,2025-12-28,Refrigerated,2023-03-14,
414,Health_Product_414,3,4,66.96,41.94,MediCare,2026-10-23,Refrigerated,2024-09-06,Pack: 20 caps | Strength: 500mg | Form: Capsule
415,Health_Product_415,1,3,61.74,40.96,VitalMeds,2026-02-11,Refrigerated,2024-09-18,Pack: 20 tabs | Strength: 200mg | Form: Tablet
416,Health_Product_416,1,2,193.86,94.85,CuraMax,2026-04-13,Refrigerated,2024-02-18,Form: Tablet / Strength: 50mg / Pack: 20 tabs
417,Health_Product_417,2,4,247.42,113.75,PharmaCo,2029-02-25,Refrigerated,2024-05-28,
418,Health_Product_418,3,1,265.44,180.26,BioZen,2026-12-26,Controlled,2023-09-21,Pack: 30 caps | Strength: 500mg | Form: Capsule
419,Health_Product_419,4,1,191.86,138.09,PharmaCo,2025-12-20,Refrigerated,2024-07-15,Pack: 100g | Form: Cream
420,Health_Product_420,3,3,164.3,98.26,BioZen,2026-11-26,Ambient,2024-10-19,Pack: 30 caps | Strength: 50mg | Form: Capsule
421,Health_Product_421,4,1,122.72,87.9,MediCare,2027-06-04,Refrigerated,2022-01-10,Pack: 20g | Form: Cream
422,Health_Product_422,9,5,230.08,136.71,VitalMeds,2026-11-26,Refrigerated,2025-05-25,Pack: 100 units | Form: Kit
423,Health_Product_423,9,3,136.23,84.65,CuraMax,2029-10-28,Controlled,2022-12-28,Pack: 20 units | Form: Kit
424,Health_Product_424,5,2,189.52,93.59,CuraMax,2028-04-11,Controlled,2024-10-01,Form: Device | Warranty: 24m
425,Health_Product_425,5,3,259.35,132.32,HealthPlus,2026-04-16,Controlled,2021-12-09,Form: Device / Warranty: 12m
426,Health_Product_426,4,5,18.37,7.41,CuraMax,2026-12-14,Ambient,2022-12-27,Pack: 10g
427,Health_Product_427,4,3,160.66,105.14,MediCare,2028-12-21,Refrigerated,2022-03-22,Pack: 90g | Form: Cream
428,Health_Product_428,7,4,43.64,30.31,BioZen,2029-11-14,Refrigerated,2025-01-15,
429,Health_Product_429,8,4,165.22,95.94,CuraMax,2027-10-27,Refrigerated,2025-10-07,Pack: 60g | Form: Cream
430,Health_Product_430,8,4,141.68,67.6,PharmaCo,2029-05-30,Controlled,2023-02-15,Pack: 90g | Form: Cream
431,Health_Product_431,9,3,214.07,87.12,HealthPlus,2026-06-12,Controlled,2023-07-28,Pack: 100 units / Form: Kit
432,Health_Product_432,5,5,8.92,4.0,BioZen,2027-08-31,Controlled,2025-01-02,Form: Device | Warranty: 24m
433,Health_Product_433,1,4,273.51,121.58,PharmaCo,2028-05-20,Controlled,2025-10-31,Pack: 60 tabs | Strength: 100mg | Form: Tablet
434,Health_Product_434,8,2,155.48,89.71,VitalMeds,2026-01-11,Ambient,2024-08-03,
435,Health_Product_435,8,1,50.73,35.49,BioZen,2027-10-05,Refrigerated,2022-09-20,Pack: 20g | Form: Cream
436,Health_Product_436,1,5,217.93,80.17,MediCare,2027-12-26,Ambient,2023-08-26,Pack: 100 tabs | Strength: 25mg | Form: Tablet
437,Health_Product_437,2,1,121.12,42.44,VitalMeds,2027-06-12,Ambient,2025-05-30,Form: Tablet / Pack: 60 tabs / Strength: 200mg
438,Health_Product_438,5,2,159.68,91.35,HealthPlus,2027-08-02,Ambient,2022-05-26,Form: Device | Warranty: 6m
439,Health_Product_439,7,5,61.44,27.96,BioZen,2029-11-09,Refrigerated,2024-01-02,Pack: 60g | Form: Bandage
440,Health_Product_440,9,3,100.02,67.59,LifeLine,2029-11-18,Controlled,2022-07-13,Pack: 20 units / Form: Kit
441,Health_Product_441,9,2,68.48,32.26,CuraMax,2028-11-27,Controlled,2023-06-08,Pack: 60 units | Form: Kit
442,Health_Product_442,8,1,129.24,59.09,PharmaCo,2026-07-13,Ambient,2025-03-14,Pack: 10g | Form: Cream
443,Health_Product_443,9,2,59.21,26.63,VitalMeds,2029-01-17,Controlled,2023-03-15,Pack: 90 units | Form: Kit
444,Health_Product_444,4,5,160.5,64.78,BioZen,2026-04-15,Controlled,2025-02-09,Pack: 100g | Form: Cream
445,Health_Product_445,4,1,213.06,120.41,HealthPlus,2029-08-06,Controlled,2024-10-30,Pack: 60g | Form: Cream
446,Health_Product_446,1,1,284.64,117.34,VitalMeds,2027-11-17,Refrigerated,2024-04-03,
447,Health_Product_447,9,4,67.75,34.36,HealthPlus,2029-06-19,Refrigerated,2023-05-30,Pack: 10 units | Form: Kit
448,Health_Product_448,8,1,272.84,142.03,HealthPlus,2029-09-29,Controlled,2025-09-08,Pack: 30g | Form: Cream
449,Health_Product_449,4,5,80.26,28.7,MediCare,2028-09-22,Ambient,2022-12-13,
450,Health_Product_450,2,4,123.07,43.84,PharmaCo,2027-02-19,Controlled,2025-09-26,
451,Health_Product_451,3,2,22.29,12.09,LifeLine,2027-01-18,Refrigerated,2025-01-29,Pack: 30 caps | Strength: 200mg | Form: Capsule
452,Health_Product_452,8,4,176.12,107.0,LifeLine,2028-09-05,Ambient,2023-12-25,Pack: 100g | Form: Cream
453,Health_Product_453,5,1,39.45,27.56,CuraMax,2027-07-22,Ambient,2022-12-12,
454,Health_Product_454,2,2,176.48,73.46,VitalMeds,2029-01-04,Controlled,2024-03-04,Pack: 100 tabs / Strength: 25mg / Form: Tablet
455,Health_Product_455,9,3,215.3,83.58,VitalMeds,2027-04-25,Ambient,2024-09-10,Pack: 90 units | Form: Kit
456,Health_Product_456,4,5,36.28,13.4,VitalMeds,2026-10-18,Refrigerated,2023-07-06,Pack: 90g / Form: Cream
457,Health_Product_457,6,3,70.94,36.27,BioZen,2029-05-28,Controlled,2023-09-04,Strength: 200mg/5ml / Pack: 300ml
458,Health_Product_458,3,5,240.18,139.44,HealthPlus,2026-12-10,Refrigerated,2024-09-29,Pack: 60 caps | Strength: 650mg | Form: Capsule
459,Health_Product_459,4,2,18.18,12.02,VitalMeds,2028-08-18,Ambient,2023-07-03,Form: Cream / Pack: 100g
460,Health_Product_460,1,3,42.48,25.6,VitalMeds,2026-03-10,Refrigerated,2023-03-17,Strength: 200mg / Pack: 90 tabs
461,Health_Product_461,3,1,57.51,74.66,HealthPlus,2026-11-15,Ambient,2024-06-27,Pack: 30 caps / Form: Capsule / Strength: 650mg
462,Health_Product_462,3,1,206.7,107.66,VitalMeds,2026-09-26,Refrigerated,2022-07-07,Pack: 60 caps | Strength: 25mg | Form: Capsule
463,Health_Product_463,3,1,219.34,150.65,PharmaCo,2028-02-01,Ambient,2025-08-20,Pack: 20 caps / Strength: 250mg
464,Health_Product_464,1,4,268.38,126.38,VitalMeds,2027-05-17,Controlled,2024-01-04,Pack: 20 tabs | Strength: 50mg | Form: Tablet
465,Health_Product_465,6,5,108.23,57.85,PharmaCo,2026-11-11,Controlled,2022-08-24,Pack: 50ml | Strength: 50mg/5ml | Form: Liquid
466,Health_Product_466,4,2,134.11,94.5,HealthPlus,2027-02-05,Controlled,2023-11-07,Pack: 10g | Form: Cream
467,Health_Product_467,5,2,123.77,76.97,CuraMax,2027-07-18,Controlled,2022-02-10,Form: Device | Warranty: 6m
468,Health_Product_468,2,2,207.19,129.84,MediCare,2028-05-15,Refrigerated,2023-10-11,Pack: 100 tabs / Strength: 500mg / Form: Tablet
469,Health_Product_469,7,4,238.8,105.88,MediCare,2026-05-07,Refrigerated,2023-01-08,Pack: 20g | Form: Bandage
470,Health_Product_470,4,4,101.94,51.32,VitalMeds,2026-01-14,Ambient,2025-06-23,Pack: 60g / Form: Cream
471,Health_Product_471,8,1,126.0,47.94,VitalMeds,2028-10-09,Refrigerated,2022-12-25,Pack: 60g | Form: Cream
472,Health_Product_472,9,3,266.61,153.14,LifeLine,2027-09-19,Ambient,2022-03-05,Pack: 30 units | Form: Kit
473,Health_Product_473,5,4,185.37,71.99,LifeLine,2026-04-05,Ambient,2024-10-08,
474,Health_Product_474,5,4,106.52,70.23,PharmaCo,2029-01-29,Refrigerated,2024-12-22,Form: Device | Warranty: 12m
475,Health_Product_475,7,4,83.7,54.52,MediCare,2029-09-27,Refrigerated,2024-09-30,Form: Bandage / Pack: 100g
476,Health_Product_476,6,2,127.5,69.8,HealthPlus,2027-03-26,Controlled,2024-11-23,Pack: 50ml | Strength: 500mg/5ml | Form: Liquid
477,Health_Product_477,7,1,29.28,11.78,CuraMax,2028-07-24,Ambient,2023-11-12,Pack: 30g
478,Health_Product_478,7,5,171.31,61.58,BioZen,2027-07-09,Refrigerated,2022-03-03,Pack: 10g
479,Health_Product_479,4,1,63.18,40.74,BioZen,2029-09-07,Ambient,2021-12-12,Pack: 20g | Form: Cream
480,Health_Product_480,5,2,108.9,62.3,CuraMax,2029-06-02,Refrigerated,2024-01-24,Form: Device / Warranty: 24m
481,Health_Product_481,1,1,106.53,65.31,CuraMax,2026-06-10,Controlled,2024-10-03,Pack: 60 tabs | Strength: 500mg | Form: Tablet
482,Health_Product_482,3,3,140.26,64.86,LifeLine,2026-12-16,Ambient,2024-11-24,Form: Capsule / Strength: 650mg / Pack: 10 caps
483,Health_Product_483,8,3,178.7,96.23,CuraMax,2026-09-15,Controlled,2024-06-30,Pack: 20g | Form: Cream
484,Health_Product_484,8,1,267.33,167.47,BioZen,2028-04-24,Refrigerated,2022-02-25,Pack: 100g | Form: Cream
485,Health_Product_485,1,2,258.24,134.58,MediCare,2028-11-05,Refrigerated,2024-07-08,Strength: 100mg / Pack: 20 tabs
486,Health_Product_486,3,2,186.2,106.6,HealthPlus,2026-10-22,Controlled,2023-08-03,Pack: 10 caps / Strength: 200mg / Form: Capsule
487,Health_Product_487,6,3,163.27,104.85,LifeLine,2027-07-12,Controlled,2023-12-04,Pack: 50ml | Strength: 500mg/5ml | Form: Liquid
488,Health_Product_488,3,5,221.62,257.34,BioZen,2026-11-11,Controlled,2023-04-27,Pack: 10 caps | Strength: 250mg | Form: Capsule
489,Health_Product_489,8,2,103.22,38.64,CuraMax,2027-05-04,Controlled,2022-09-07,Pack: 30g
490,Health_Product_490,1,1,25.1,13.72,BioZen,2029-12-09,Refrigerated,2024-12-28,Pack: 60 tabs | Strength: 50mg | Form: Tablet
491,Health_Product_491,8,4,259.32,96.72,BioZen,2028-08-17,Controlled,2023-11-03,Pack: 10g | Form: Cream
492,Health_Product_492,8,5,253.16,160.41,VitalMeds,2027-08-25,Ambient,2024-07-05,Pack: 10g / Form: Cream
493,Health_Product_493,4,5,153.54,94.6,VitalMeds,2029-04-13,Ambient,2025-05-25,Pack: 90g
494,Health_Product_494,3,2,86.72,105.2,HealthPlus,2026-11-09,Controlled,2024-05-22,Pack: 100 caps | Strength: 650mg | Form: Capsule
495,Health_Product_495,5,3,272.35,159.77,BioZen,2026-12-02,Controlled,2025-04-26,
496,Health_Product_496,5,5,196.47,73.65,HealthPlus,2029-01-24,Ambient,2022-06-19,
497,Health_Product_497,2,2,10.55,4.68,PharmaCo,2028-04-26,Refrigerated,2024-05-22,Pack: 20 tabs | Strength: 100mg | Form: Tablet
498,Health_Product_498,6,1,90.73,58.88,PharmaCo,2029-12-12,Refrigerated,2023-11-26,Pack: 450ml / Strength: 250mg/5ml / Form: Liquid
499,Health_Product_499,1,4,136.86,56.36,MediCare,2027-02-21,Ambient,2023-01-27,Pack: 20 tabs | Strength: 100mg | Form: Tablet
500,Health_Product_500,2,4,23.45,14.27,PharmaCo,2026-03-28,Ambient,2023-01-27,Pack: 60 tabs | Strength: 200mg | Form: Tablet
501,Health_Product_501,9,4,160.24,102.34,LifeLine,2026-09-08,Controlled,2025-08-28,Pack: 30 units | Form: Kit
502,Health_Product_502,2,4,38.66,18.25,BioZen,2026-10-09,Refrigerated,2023-08-18,Pack: 10 tabs | Strength: 250mg | Form: Tablet
503,Health_Product_503,9,5,283.11,132.85,BioZen,2026-07-23,Ambient,2022-02-22,Pack: 20 units | Form: Kit
504,Health_Product_504,4,2,58.03,32.29,CuraMax,2027-05-11,Refrigerated,2025-08-05,Pack: 30g | Form: Cream
505,Health_Product_505,6,3,44.53,29.78,BioZen,2027-06-28,Refrigerated,2024-05-26,Pack: 450ml | Strength: 200mg/5ml | Form: Liquid
506,Health_Product_506,4,5,257.92,111.64,PharmaCo,2027-07-14,Refrigerated,2024-01-27,Pack: 90g / Form: Cream
507,Health_Product_507,7,2,294.99,205.98,HealthPlus,2027-01-29,Controlled,2025-04-08,Pack: 20g | Form: Bandage
508,Health_Product_508,4,4,39.82,22.76,LifeLine,2029-11-15,Controlled,2024-06-23,Pack: 100g / Form: Cream
509,Health_Product_509,3,2,105.65,75.76,MediCare,2028-05-25,Refrigerated,2025-10-10,Pack: 20 caps | Strength: 50mg | Form: Capsule
510,Health_Product_510,5,3,209.58,80.3,BioZen,2027-04-04,Controlled,2022-02-09,Form: Device
511,Health_Product_511,7,5,106.74,42.36,PharmaCo,2027-04-09,Ambient,2024-08-29,Pack: 60g
512,Health_Product_512,4,1,54.78,35.93,CuraMax,2026-01-08,Refrigerated,2022-09-02,Form: Cream / Pack: 60g
513,Health_Product_513,8,1,132.35,88.67,HealthPlus,2029-12-04,Ambient,2024-04-28,Pack: 10g | Form: Cream
514,Health_Product_514,8,5,205.29,105.69,CuraMax,2028-06-23,Ambient,2025-03-05,Pack: 60g | Form: Cream
515,Health_Product_515,9,1,142.75,180.8,BioZen,2026-10-23,Refrigerated,2025-06-11,Pack: 20 units | Form: Kit
516,Health_Product_516,8,1,169.82,113.95,CuraMax,2027-06-08,Controlled,2022-06-29,Pack: 30g | Form: Cream
517,Health_Product_517,8,4,57.6,21.08,CuraMax,2028-02-03,Refrigerated,2025-07-04,Pack: 30g | Form: Cream
518,Health_Product_518,9,2,290.82,163.55,VitalMeds,2028-05-23,Ambient,2024-09-14,Pack: 20 units | Form: Kit
519,Health_Product_519,5,3,197.12,131.24,HealthPlus,2029-09-02,Controlled,2022-02-01,Form: Device
520,Health_Product_520,9,4,263.49,131.04,BioZen,2028-10-22,Ambient,2024-12-02,Pack: 10 units | Form: Kit
521,Health_Product_521,1,3,102.52,47.35,PharmaCo,2028-09-23,Controlled,2024-06-03,Pack: 20 tabs / Strength: 100mg
522,Health_Product_522,2,5,82.44,53.13,MediCare,2029-10-28,Controlled,2023-01-17,Pack: 20 tabs | Strength: 50mg | Form: Tablet
523,Health_Product_523,4,5,153.03,72.57,PharmaCo,2026-02-12,Controlled,2022-08-01,Pack: 10g | Form: Cream
524,Health_Product_524,7,2,266.62,93.63,HealthPlus,2029-03-19,Ambient,2025-07-03,
525,Health_Product_525,6,5,199.32,140.53,CuraMax,2029-01-07,Controlled,2024-02-17,Strength: 650mg/5ml / Pack: 150ml
526,Health_Product_526,1,4,156.05,88.81,CuraMax,2029-12-20,Controlled,2023-04-13,Form: Tablet / Strength: 25mg / Pack: 90 tabs
527,Health_Product_527,5,3,79.46,51.9,LifeLine,2028-07-09,Ambient,2024-04-09,Form: Device | Warranty: 6m
528,Health_Product_528,3,1,263.64,172.78,HealthPlus,2026-12-09,Controlled,2025-10-10,
529,Health_Product_529,6,5,38.89,14.57,BioZen,2026-01-23,Refrigerated,2024-09-09,Pack: 300ml | Strength: 500mg/5ml | Form: Liquid
530,Health_Product_530,1,3,191.41,79.09,MediCare,2027-01-07,Ambient,2024-06-02,
531,Health_Product_531,7,4,127.34,59.23,VitalMeds,2026-05-14,Controlled,2024-02-24,Pack: 60g | Form: Bandage
532,Health_Product_532,9,3,87.76,41.13,PharmaCo,2028-05-17,Refrigerated,2025-08-19,Pack: 20 units / Form: Kit
533,Health_Product_533,7,1,230.31,136.75,LifeLine,2025-12-18,Controlled,2025-11-13,Pack: 20g | Form: Bandage
534,Health_Product_534,7,2,209.14,252.09,MediCare,2026-09-18,Ambient,2022-09-09,Pack: 60g / Form: Bandage
535,Health_Product_535,8,4,55.45,29.55,PharmaCo,2026-11-20,Refrigerated,2024-10-09,Pack: 10g | Form: Cream
536,Health_Product_536,6,3,21.4,9.16,HealthPlus,2028-10-15,Controlled,2023-10-31,Pack: 50ml | Strength: 25mg/5ml | Form: Liquid
537,Health_Product_537,8,3,144.1,70.8,BioZen,2029-02-14,Refrigerated,2024-03-11,Pack: 30g | Form: Cream
538,Health_Product_538,1,1,188.69,103.99,VitalMeds,2026-12-26,Ambient,2023-04-19,Pack: 60 tabs / Strength: 250mg
539,Health_Product_539,4,1,264.03,138.13,HealthPlus,2029-03-14,Refrigerated,2022-09-29,Pack: 90g | Form: Cream
540,Health_Product_540,6,4,231.03,91.74,MediCare,2026-10-10,Controlled,2022-08-24,Strength: 200mg/5ml / Pack: 150ml
541,Health_Product_541,4,3,84.94,50.14,PharmaCo,2029-11-10,Refrigerated,2022-03-30,Pack: 20g / Form: Cream
542,Health_Product_542,8,3,109.31,41.21,VitalMeds,2029-09-05,Refrigerated,2025-03-31,
543,Health_Product_543,2,1,18.57,9.1,PharmaCo,2026-03-03,Controlled,2025-06-18,
544,Health_Product_544,1,4,239.87,146.97,VitalMeds,2027-12-15,Controlled,2024-05-29,Pack: 20 tabs | Strength: 25mg | Form: Tablet
545,Health_Product_545,6,4,293.95,105.06,BioZen,2026-11-06,Controlled,2025-09-15,Form: Liquid / Strength: 650mg/5ml / Pack: 300ml
546,Health_Product_546,1,1,180.23,101.09,CuraMax,2029-09-17,Refrigerated,2021-12-10,Strength: 50mg / Pack: 20 tabs
547,Health_Product_547,3,2,237.94,112.73,PharmaCo,2026-11-01,Controlled,2025-08-28,Strength: 25mg / Form: Capsule / Pack: 10 caps
548,Health_Product_548,3,1,204.45,72.23,BioZen,2026-09-21,Ambient,2025-08-11,Strength: 200mg / Pack: 30 caps
549,Health_Product_549,5,1,96.77,40.69,CuraMax,2028-07-26,Refrigerated,2025-04-04,Form: Device | Warranty: 6m
550,Health_Product_550,6,3,179.17,125.09,PharmaCo,2028-09-06,Controlled,2022-02-03,Pack: 50ml | Strength: 500mg/5ml | Form: Liquid
551,Health_Product_551,4,5,84.03,45.61,MediCare,2026-03-26,Ambient,2024-08-16,Pack: 100g
552,Health_Product_552,3,3,207.02,148.84,LifeLine,2026-11-13,Ambient,2024-10-15,Strength: 100mg / Pack: 60 caps
553,Health_Product_553,5,5,147.48,80.26,LifeLine,2030-01-06,Controlled,2025-05-25,Form: Device | Warranty: 24m
554,Health_Product_554,2,4,190.1,104.79,MediCare,2028-03-12,Controlled,2022-10-06,Pack: 10 tabs | Strength: 200mg | Form: Tablet
555,Health_Product_555,8,5,189.31,93.71,LifeLine,2026-01-18,Controlled,2023-08-03,Pack: 10g | Form: Cream
556,Health_Product_556,1,4,105.83,49.18,CuraMax,2029-03-16,Controlled,2025-03-04,Pack: 20 tabs / Strength: 100mg
557,Health_Product_557,2,3,220.62,97.75,MediCare,2027-05-16,Controlled,2024-04-02,Strength: 25mg / Pack: 100 tabs
558,Health_Product_558,9,4,213.98,102.08,BioZen,2028-01-07,Ambient,2023-04-12,Pack: 100 units | Form: Kit
559,Health_Product_559,2,5,217.05,112.9,HealthPlus,2029-10-02,Controlled,2022-03-26,Pack: 90 tabs | Strength: 650mg | Form: Tablet
560,Health_Product_560,7,5,68.68,28.92,CuraMax,2029-04-05,Ambient,2025-01-25,Pack: 100g | Form: Bandage
561,Health_Product_561,7,5,26.12,11.32,MediCare,2029-09-14,Ambient,2023-06-12,Pack: 100g
562,Health_Product_562,3,2,34.71,15.64,PharmaCo,2028-04-30,Refrigerated,2024-09-28,Pack: 60 caps / Form: Capsule / Strength: 200mg
563,Health_Product_563,6,2,275.33,142.13,BioZen,2027-06-13,Ambient,2022-09-11,Pack: 150ml | Strength: 50mg/5ml | Form: Liquid
564,Health_Product_564,4,4,182.31,107.84,BioZen,2028-09-29,Controlled,2022-02-28,Pack: 100g | Form: Cream
565,Health_Product_565,3,3,113.1,75.41,PharmaCo,2026-10-24,Refrigerated,2025-09-03,Pack: 10 caps | Strength: 500mg | Form: Capsule
566,Health_Product_566,1,5,23.6,10.77,HealthPlus,2026-10-24,Refrigerated,2025-04-09,Pack: 60 tabs / Strength: 50mg
567,Health_Product_567,2,2,244.49,102.19,MediCare,2027-11-21,Ambient,2024-11-27,Pack: 20 tabs | Strength: 100mg | Form: Tablet
568,Health_Product_568,8,3,91.56,44.88,PharmaCo,2028-06-13,Controlled,2025-11-15,Pack: 60g / Form: Cream
569,Health_Product_569,8,5,13.59,9.25,BioZen,2029-04-29,Controlled,2025-11-14,
570,Health_Product_570,1,5,247.18,87.41,BioZen,2026-07-28,Ambient,2025-09-15,Pack: 60 tabs | Strength: 25mg | Form: Tablet
571,Health_Product_571,9,4,260.97,156.79,CuraMax,2029-04-02,Ambient,2022-01-26,Pack: 10 units | Form: Kit
572,Health_Product_572,9,4,254.34,133.92,VitalMeds,2026-05-20,Controlled,2024-10-27,Pack: 60 units | Form: Kit
573,Health_Product_573,6,2,154.0,63.08,MediCare,2029-12-28,Controlled,2024-07-22,Pack: 150ml | Strength: 100mg/5ml | Form: Liquid
574,Health_Product_574,2,3,182.25,85.43,LifeLine,2029-08-17,Refrigerated,2025-11-21,Pack: 90 tabs | Strength: 500mg | Form: Tablet
575,Health_Product_575,5,2,219.45,95.07,PharmaCo,2029-01-24,Refrigerated,2023-09-03,Form: Device
576,Health_Product_576,1,4,108.4,73.15,VitalMeds,2026-03-07,Refrigerated,2023-05-21,Pack: 20 tabs | Strength: 500mg | Form: Tablet
577,Health_Product_577,1,2,205.3,108.46,BioZen,2027-10-16,Controlled,2022-08-21,Pack: 20 tabs | Strength: 25mg | Form: Tablet
578,Health_Product_578,5,2,254.27,141.97,HealthPlus,2029-04-13,Refrigerated,2024-06-15,Form: Device / Warranty: 24m
579,Health_Product_579,2,4,195.97,111.64,MediCare,2029-11-08,Controlled,2023-10-13,Pack: 10 tabs / Strength: 200mg / Form: Tablet
580,Health_Product_580,6,3,170.29,99.9,MediCare,2028-03-27,Refrigerated,2024-08-04,
581,Health_Product_581,5,2,13.68,7.3,BioZen,2027-08-17,Refrigerated,2022-01-02,Form: Device | Warranty: 12m
582,Health_Product_582,9,3,73.43,26.19,LifeLine,2028-06-15,Controlled,2022-04-30,Pack: 60 units | Form: Kit
583,Health_Product_583,6,2,178.69,84.67,VitalMeds,2027-02-09,Refrigerated,2025-07-27,Pack: 300ml / Strength: 200mg/5ml / Form: Liquid
584,Health_Product_584,7,2,12.19,5.1,HealthPlus,2027-09-29,Controlled,2024-10-08,Pack: 20g | Form: Bandage
585,Health_Product_585,3,3,246.65,148.4,MediCare,2026-09-22,Controlled,2025-05-17,Pack: 60 caps | Strength: 650mg | Form: Capsule
586,Health_Product_586,6,4,223.17,82.79,LifeLine,2027-06-18,Controlled,2024-08-28,Pack: 150ml | Strength: 25mg/5ml | Form: Liquid
587,Health_Product_587,5,4,236.77,132.26,HealthPlus,2027-05-11,Ambient,2024-10-16,Warranty: 24m / Form: Device
588,Health_Product_588,3,2,210.39,90.03,HealthPlus,2026-04-16,Controlled,2023-05-07,Pack: 30 caps | Strength: 25mg | Form: Capsule
589,Health_Product_589,8,2,12.23,8.57,VitalMeds,2029-05-03,Refrigerated,2022-01-06,Pack: 10g | Form: Cream
590,Health_Product_590,3,4,282.37,343.57,VitalMeds,2026-11-11,Ambient,2024-06-06,
591,Health_Product_591,6,5,36.26,17.05,LifeLine,2027-12-09,Ambient,2024-11-11,Pack: 500ml / Strength: 25mg/5ml / Form: Liquid
592,Health_Product_592,9,4,217.21,150.23,CuraMax,2027-07-10,Ambient,2024-09-16,Pack: 10 units | Form: Kit
593,Health_Product_593,3,2,232.08,117.07,BioZen,2027-08-21,Controlled,2024-12-18,Pack: 90 caps | Strength: 250mg | Form: Capsule
594,Health_Product_594,2,5,295.43,208.65,CuraMax,2027-01-18,Refrigerated,2025-02-06,Pack: 20 tabs | Strength: 100mg | Form: Tablet
595,Health_Product_595,8,3,38.94,13.98,PharmaCo,2028-07-01,Controlled,2023-03-29,Pack: 10g | Form: Cream
596,Health_Product_596,6,5,7.44,3.45,VitalMeds,2029-05-19,Refrigerated,2024-11-23,Strength: 500mg/5ml / Pack: 500ml
597,Health_Product_597,6,2,276.53,164.95,PharmaCo,2028-10-27,Controlled,2023-07-11,Pack: 50ml | Strength: 200mg/5ml | Form: Liquid
598,Health_Product_598,2,5,73.68,50.07,HealthPlus,2028-09-06,Controlled,2024-08-28,Pack: 100 tabs | Strength: 100mg | Form: Tablet
599,Health_Product_599,9,5,298.67,132.87,MediCare,2026-07-03,Refrigerated,2023-10-08,Pack: 20 units / Form: Kit
600,Health_Product_600,9,5,221.61,153.86,VitalMeds,2027-07-29,Ambient,2024-07-15,Pack: 10 units | Form: Kit
601,Health_Product_601,8,5,152.35,86.81,HealthPlus,2028-09-07,Refrigerated,2023-02-19,Pack: 60g | Form: Cream
602,Health_Product_602,8,1,209.93,135.69,PharmaCo,2026-03-17,Controlled,2022-12-18,Pack: 20g / Form: Cream
603,Health_Product_603,3,2,127.57,63.4,LifeLine,2026-11-10,Ambient,2023-11-04,Pack: 100 caps / Strength: 100mg / Form: Capsule
604,Health_Product_604,4,3,253.92,288.96,BioZen,2026-10-19,Refrigerated,2021-11-07,Pack: 30g | Form: Cream
605,Health_Product_605,3,2,126.16,86.69,CuraMax,2026-11-26,Controlled,2022-08-21,Pack: 90 caps | Strength: 25mg | Form: Capsule
606,Health_Product_606,9,2,119.69,83.22,MediCare,2027-03-13,Refrigerated,2023-03-17,Pack: 10 units | Form: Kit
607,Health_Product_607,8,5,139.9,74.72,BioZen,2028-02-23,Ambient,2022-12-07,Pack: 100g | Form: Cream
608,Health_Product_608,5,1,105.15,37.06,HealthPlus,2027-03-25,Controlled,2023-01-12,
609,Health_Product_609,7,4,65.2,25.47,VitalMeds,2026-06-28,Controlled,2024-12-12,Pack: 30g | Form: Bandage
610,Health_Product_610,1,3,50.87,28.59,CuraMax,2029-06-02,Refrigerated,2024-09-15,Pack: 10 tabs / Strength: 50mg / Form: Tablet
611,Health_Product_611,4,1,152.11,54.58,PharmaCo,2028-11-26,Ambient,2025-03-11,Pack: 10g
612,Health_Product_612,2,1,245.35,121.9,LifeLine,2026-09-21,Controlled,2022-07-24,Pack: 20 tabs | Strength: 200mg | Form: Tablet
613,Health_Product_613,1,5,197.12,91.12,BioZen,2029-04-17,Refrigerated,2022-09-23,Pack: 100 tabs / Strength: 25mg / Form: Tablet
614,Health_Product_614,6,3,50.49,31.02,CuraMax,2026-07-10,Controlled,2024-01-13,Pack: 450ml | Strength: 200mg/5ml | Form: Liquid
615,Health_Product_615,1,4,26.24,9.72,LifeLine,2026-07-27,Controlled,2024-10-29,Pack: 90 tabs | Strength: 50mg | Form: Tablet
616,Health_Product_616,2,5,243.94,129.49,HealthPlus,2027-08-17,Refrigerated,2025-10-27,Strength: 200mg / Pack: 10 tabs
617,Health_Product_617,8,5,65.23,36.81,CuraMax,2027-12-05,Refrigerated,2022-04-20,Pack: 90g / Form: Cream
618,Health_Product_618,1,3,188.5,109.03,LifeLine,2029-01-30,Refrigerated,2024-06-03,Pack: 100 tabs / Strength: 100mg
619,Health_Product_619,3,2,79.28,39.63,LifeLine,2027-01-07,Ambient,2022-03-24,Pack: 30 caps / Strength: 500mg / Form: Capsule
620,Health_Product_620,8,3,279.45,129.28,MediCare,2029-10-05,Refrigerated,2025-09-23,Pack: 90g | Form: Cream
621,Health_Product_621,2,4,258.74,155.9,PharmaCo,2027-05-19,Ambient,2025-09-16,Strength: 200mg / Pack: 60 tabs
622,Health_Product_622,6,5,18.06,11.98,MediCare,2029-11-02,Ambient,2023-02-08,Pack: 50ml / Strength: 50mg/5ml
623,Health_Product_623,5,4,182.28,110.58,BioZen,2027-06-09,Ambient,2024-08-16,Form: Device / Warranty: 12m
624,Health_Product_624,7,5,32.54,22.61,PharmaCo,2028-12-26,Ambient,2023-05-12,Pack: 10g | Form: Bandage
625,Health_Product_625,6,2,215.73,132.76,PharmaCo,2026-06-04,Ambient,2022-01-18,Pack: 450ml | Strength: 50mg/5ml | Form: Liquid
626,Health_Product_626,9,1,48.8,30.89,MediCare,2026-11-10,Controlled,2022-04-18,
627,Health_Product_627,7,5,132.76,54.71,PharmaCo,2028-06-21,Controlled,2022-01-31,Pack: 100g
628,Health_Product_628,4,2,153.9,77.75,CuraMax,2029-11-14,Controlled,2024-12-09,Pack: 100g | Form: Cream
629,Health_Product_629,7,1,38.58,20.43,LifeLine,2027-11-06,Refrigerated,2022-06-21,Pack: 90g
630,Health_Product_630,9,5,18.08,8.04,PharmaCo,2028-08-25,Ambient,2025-08-06,Pack: 60 units | Form: Kit
631,Health_Product_631,4,4,137.66,75.1,VitalMeds,2028-07-24,Ambient,2023-10-11,Pack: 90g | Form: Cream
632,Health_Product_632,8,2,99.08,45.34,VitalMeds,2026-10-26,Ambient,2023-01-26,
633,Health_Product_633,3,3,67.32,40.69,HealthPlus,2026-09-27,Ambient,2025-01-06,Pack: 90 caps | Strength: 250mg | Form: Capsule
634,Health_Product_634,1,4,70.33,36.85,BioZen,2028-04-12,Ambient,2024-03-27,Pack: 10 tabs | Strength: 50mg | Form: Tablet
635,Health_Product_635,4,5,261.12,135.72,PharmaCo,2026-09-19,Refrigerated,2023-02-01,Pack: 100g | Form: Cream
636,Health_Product_636,5,3,80.74,57.64,MediCare,2028-10-31,Ambient,2025-01-28,Form: Device | Warranty: 6m
637,Health_Product_637,3,4,242.17,119.92,PharmaCo,2026-10-23,Refrigerated,2025-07-06,Pack: 100 caps | Strength: 25mg | Form: Capsule
638,Health_Product_638,5,5,121.64,58.88,LifeLine,2029-01-01,Refrigerated,2025-10-24,Form: Device | Warranty: 12m
639,Health_Product_639,8,5,90.79,42.48,HealthPlus,2027-06-09,Ambient,2024-11-03,Pack: 30g | Form: Cream
640,Health_Product_640,2,5,281.8,191.92,CuraMax,2029-02-17,Ambient,2021-12-21,Pack: 20 tabs / Strength: 200mg / Form: Tablet
641,Health_Product_641,7,3,55.87,29.82,HealthPlus,2028-07-19,Refrigerated,2025-11-08,Pack: 60g | Form: Bandage
642,Health_Product_642,9,4,263.88,150.94,VitalMeds,2028-04-08,Controlled,2023-06-01,Pack: 30 units | Form: Kit
643,Health_Product_643,5,4,224.52,93.6,CuraMax,2029-06-20,Refrigerated,2024-08-21,Warranty: 6m / Form: Device
644,Health_Product_644,5,2,119.81,65.91,HealthPlus,2028-01-20,Controlled,2022-08-01,Form: Device / Warranty: 24m
645,Health_Product_645,5,5,128.11,57.86,BioZen,2026-11-28,Refrigerated,2025-12-05,Form: Device / Warranty: 12m
646,Health_Product_646,4,1,254.91,158.13,BioZen,2028-06-15,Controlled,2022-07-10,Pack: 60g | Form: Cream
647,Health_Product_647,9,2,273.74,180.13,BioZen,2027-05-02,Ambient,2024-09-02,Pack: 20 units | Form: Kit
648,Health_Product_648,4,5,102.52,63.0,MediCare,2026-02-08,Ambient,2022-12-16,Pack: 100g
649,Health_Product_649,2,3,43.69,27.1,HealthPlus,2029-03-31,Ambient,2025-06-09,Pack: 90 tabs | Strength: 25mg | Form: Tablet
650,Health_Product_650,7,1,187.93,101.41,BioZen,2026-11-27,Controlled,2023-12-21,Pack: 30g | Form: Bandage
651,Health_Product_651,9,1,181.8,205.54,HealthPlus,2026-12-07,Controlled,2024-04-30,Pack: 90 units | Form: Kit
652,Health_Product_652,5,1,50.42,25.53,PharmaCo,2028-08-22,Controlled,2024-05-16,Form: Device | Warranty: 6m
653,Health_Product_653,3,3,28.61,16.91,PharmaCo,2026-10-05,Controlled,2023-02-07,
654,Health_Product_654,6,5,18.81,8.39,LifeLine,2026-01-16,Controlled,2023-02-23,Pack: 450ml | Strength: 25mg/5ml | Form: Liquid
655,Health_Product_655,6,4,60.05,22.57,BioZen,2027-12-03,Ambient,2023-02-04,Strength: 200mg/5ml / Pack: 50ml / Form: Liquid
656,Health_Product_656,4,5,81.35,40.92,LifeLine,2029-10-05,Refrigerated,2021-11-23,Pack: 30g | Form: Cream
657,Health_Product_657,3,3,76.82,40.01,HealthPlus,2029-04-06,Refrigerated,2023-09-13,Pack: 20 caps / Strength: 250mg / Form: Capsule
658,Health_Product_658,9,1,278.78,124.02,VitalMeds,2027-09-24,Ambient,2022-05-19,Pack: 90 units | Form: Kit
659,Health_Product_659,6,4,51.6,31.95,HealthPlus,2026-08-06,Ambient,2023-07-05,Strength: 200mg/5ml / Pack: 150ml
660,Health_Product_660,4,5,129.42,48.82,MediCare,2028-09-26,Refrigerated,2022-08-21,Pack: 30g | Form: Cream
661,Health_Product_661,9,2,94.52,109.45,LifeLine,2026-10-31,Ambient,2023-05-27,Pack: 20 units | Form: Kit
662,Health_Product_662,4,2,115.22,72.24,MediCare,2026-06-20,Ambient,2022-12-03,Pack: 60g | Form: Cream
663,Health_Product_663,1,5,102.2,52.3,MediCare,2027-10-10,Controlled,2024-10-07,Pack: 10 tabs / Strength: 100mg / Form: Tablet
664,Health_Product_664,7,3,118.91,72.65,LifeLine,2026-05-17,Refrigerated,2023-11-11,Pack: 10g / Form: Bandage
665,Health_Product_665,8,4,45.97,25.74,VitalMeds,2027-06-16,Controlled,2023-01-25,Pack: 100g | Form: Cream
666,Health_Product_666,6,1,103.54,72.66,CuraMax,2029-01-10,Controlled,2024-03-05,Pack: 150ml | Strength: 200mg/5ml | Form: Liquid
667,Health_Product_667,9,3,147.63,163.05,CuraMax,2026-12-06,Ambient,2021-11-18,Pack: 30 units / Form: Kit
668,Health_Product_668,4,4,252.69,89.83,PharmaCo,2027-09-07,Controlled,2024-12-13,Pack: 30g | Form: Cream
669,Health_Product_669,2,5,245.84,118.14,BioZen,2028-12-12,Ambient,2023-08-10,Pack: 60 tabs | Strength: 650mg | Form: Tablet
670,Health_Product_670,4,2,59.13,23.83,VitalMeds,2027-01-10,Refrigerated,2025-04-21,Pack: 10g | Form: Cream
671,Health_Product_671,1,4,30.82,21.33,BioZen,2029-01-17,Ambient,2024-05-05,Pack: 100 tabs | Strength: 200mg | Form: Tablet
672,Health_Product_672,9,4,111.71,43.4,HealthPlus,2027-06-18,Ambient,2024-08-27,Pack: 60 units | Form: Kit
673,Health_Product_673,7,4,65.78,32.46,LifeLine,2029-11-29,Refrigerated,2024-08-24,Pack: 100g | Form: Bandage
674,Health_Product_674,6,2,234.2,101.56,PharmaCo,2028-04-19,Refrigerated,2024-04-01,Pack: 300ml | Strength: 500mg/5ml | Form: Liquid
675,Health_Product_675,8,4,76.81,50.95,BioZen,2027-02-12,Controlled,2025-11-14,Pack: 60g | Form: Cream
676,Health_Product_676,2,5,168.7,78.31,VitalMeds,2029-06-27,Refrigerated,2024-03-13,Pack: 10 tabs | Strength: 100mg | Form: Tablet
677,Health_Product_677,9,2,14.08,10.1,HealthPlus,2029-10-07,Controlled,2025-07-24,Form: Kit / Pack: 10 units
678,Health_Product_678,5,3,176.5,64.3,MediCare,2029-10-13,Ambient,2023-08-17,Form: Device / Warranty: 6m
679,Health_Product_679,1,2,218.8,86.96,CuraMax,2028-10-22,Refrigerated,2025-08-05,Pack: 100 tabs | Strength: 50mg | Form: Tablet
680,Health_Product_680,2,2,172.28,74.62,CuraMax,2025-12-23,Ambient,2025-02-16,Form: Tablet / Strength: 25mg / Pack: 100 tabs
681,Health_Product_681,3,4,264.89,172.21,LifeLine,2026-09-16,Refrigerated,2023-02-09,Pack: 90 caps | Strength: 50mg | Form: Capsule
682,Health_Product_682,3,3,134.09,90.52,BioZen,2026-10-28,Controlled,2022-03-12,Pack: 100 caps / Strength: 50mg / Form: Capsule
683,Health_Product_683,7,4,45.24,17.03,BioZen,2026-10-14,Refrigerated,2022-08-04,Pack: 30g | Form: Bandage
684,Health_Product_684,6,4,203.95,73.83,MediCare,2029-06-15,Controlled,2025-03-02,Pack: 500ml | Strength: 50mg/5ml | Form: Liquid
685,Health_Product_685,1,5,132.55,82.91,HealthPlus,2027-09-11,Ambient,2024-12-14,Strength: 25mg / Pack: 90 tabs
686,Health_Product_686,3,4,14.71,5.87,VitalMeds,2026-12-27,Controlled,2024-06-10,Pack: 10 caps / Strength: 250mg / Form: Capsule
687,Health_Product_687,7,2,71.05,28.36,HealthPlus,2030-01-01,Ambient,2024-07-31,Pack: 30g | Form: Bandage
688,Health_Product_688,9,3,190.29,68.18,VitalMeds,2026-12-01,Refrigerated,2023-03-30,Pack: 20 units | Form: Kit
689,Health_Product_689,8,3,133.87,49.32,LifeLine,2026-07-06,Refrigerated,2025-05-24,Pack: 90g | Form: Cream
690,Health_Product_690,2,2,85.77,38.39,PharmaCo,2026-12-12,Controlled,2023-06-09,Pack: 90 tabs | Strength: 25mg | Form: Tablet
691,Health_Product_691,1,3,29.43,11.01,MediCare,2026-04-18,Ambient,2025-09-15,Strength: 650mg / Pack: 60 tabs
692,Health_Product_692,5,2,105.5,51.32,VitalMeds,2028-08-03,Refrigerated,2021-11-12,Form: Device | Warranty: 24m
693,Health_Product_693,2,1,286.28,188.41,MediCare,2027-08-19,Controlled,2025-01-11,Pack: 90 tabs | Strength: 50mg | Form: Tablet
694,Health_Product_694,1,3,213.73,100.61,MediCare,2028-03-19,Controlled,2025-09-29,Pack: 30 tabs / Strength: 100mg / Form: Tablet
695,Health_Product_695,1,5,256.57,158.89,VitalMeds,2029-07-10,Refrigerated,2022-08-11,
696,Health_Product_696,6,4,90.38,34.77,VitalMeds,2026-09-13,Controlled,2024-06-23,Pack: 300ml | Strength: 50mg/5ml | Form: Liquid
697,Health_Product_697,8,1,90.19,108.54,PharmaCo,2026-10-14,Refrigerated,2024-03-30,Pack: 100g / Form: Cream
698,Health_Product_698,5,1,106.22,49.63,HealthPlus,2026-11-08,Refrigerated,2021-11-11,Form: Device | Warranty: 12m
699,Health_Product_699,4,5,158.3,99.32,LifeLine,2028-10-07,Ambient,2022-04-27,Form: Cream / Pack: 90g
700,Health_Product_700,8,4,179.85,72.01,BioZen,2028-02-18,Ambient,2023-11-02,Pack: 90g | Form: Cream
701,Health_Product_701,5,5,143.36,97.8,LifeLine,2028-07-01,Ambient,2023-03-11,Form: Device
702,Health_Product_702,1,1,246.78,108.52,HealthPlus,2027-08-14,Refrigerated,2022-02-09,Pack: 10 tabs | Strength: 200mg | Form: Tablet
703,Health_Product_703,4,1,130.44,62.7,CuraMax,2029-01-25,Controlled,2024-03-24,Form: Cream / Pack: 60g
704,Health_Product_704,3,1,255.91,179.54,CuraMax,2026-12-10,Refrigerated,2021-12-08,Pack: 10 caps | Strength: 50mg | Form: Capsule
705,Health_Product_705,1,1,235.14,132.63,CuraMax,2025-12-25,Ambient,2023-07-09,Pack: 20 tabs | Strength: 200mg | Form: Tablet
706,Health_Product_706,6,1,42.42,20.59,MediCare,2026-08-04,Refrigerated,2025-05-31,Pack: 100ml | Strength: 100mg/5ml | Form: Liquid
707,Health_Product_707,1,1,34.75,24.37,MediCare,2028-02-26,Refrigerated,2022-12-19,Pack: 90 tabs / Strength: 200mg
708,Health_Product_708,3,5,73.02,86.07,HealthPlus,2029-04-09,Ambient,2023-05-28,Pack: 90 caps | Strength: 200mg | Form: Capsule
709,Health_Product_709,5,3,46.7,17.98,LifeLine,2028-03-19,Refrigerated,2021-12-05,Form: Device | Warranty: 12m
710,Health_Product_710,3,4,92.17,66.25,PharmaCo,2026-09-19,Controlled,2022-09-02,Pack: 30 caps / Strength: 500mg / Form: Capsule
711,Health_Product_711,9,3,168.15,75.52,CuraMax,2028-09-13,Ambient,2024-09-29,Pack: 30 units | Form: Kit
712,Health_Product_712,7,3,199.64,132.75,LifeLine,2029-06-27,Ambient,2024-07-22,Pack: 60g | Form: Bandage
713,Health_Product_713,2,4,22.61,9.3,PharmaCo,2028-06-02,Refrigerated,2023-07-02,Pack: 100 tabs / Strength: 25mg / Form: Tablet
714,Health_Product_714,5,5,11.08,6.88,BioZen,2028-02-02,Ambient,2025-07-06,Form: Device
715,Health_Product_715,2,2,91.81,49.95,LifeLine,2028-08-29,Ambient,2024-03-13,Pack: 60 tabs / Strength: 200mg / Form: Tablet
716,Health_Product_716,9,1,55.14,39.31,HealthPlus,2026-03-28,Controlled,2025-01-13,Pack: 100 units / Form: Kit
717,Health_Product_717,1,3,247.69,137.36,HealthPlus,2029-03-30,Refrigerated,2024-08-26,
718,Health_Product_718,9,4,39.1,14.05,CuraMax,2028-11-08,Refrigerated,2023-05-16,Pack: 20 units / Form: Kit
719,Health_Product_719,5,3,114.33,65.56,CuraMax,2028-10-06,Refrigerated,2023-02-05,
720,Health_Product_720,8,1,222.09,89.67,BioZen,2026-05-07,Controlled,2022-05-07,Pack: 100g | Form: Cream
721,Health_Product_721,8,5,114.48,73.89,MediCare,2030-01-02,Controlled,2022-06-16,Pack: 20g | Form: Cream
722,Health_Product_722,9,2,161.41,107.65,LifeLine,2027-09-24,Ambient,2025-06-06,Pack: 90 units | Form: Kit
723,Health_Product_723,4,3,134.15,70.88,VitalMeds,2028-05-13,Ambient,2024-05-19,Pack: 100g
724,Health_Product_724,3,5,60.73,38.85,CuraMax,2026-11-08,Ambient,2022-10-10,Pack: 100 caps | Strength: 650mg | Form: Capsule
725,Health_Product_725,2,3,104.39,42.14,PharmaCo,2026-04-02,Controlled,2022-11-11,Form: Tablet / Pack: 90 tabs / Strength: 500mg
726,Health_Product_726,8,4,255.13,135.75,MediCare,2028-01-23,Ambient,2022-08-20,Pack: 30g | Form: Cream
727,Health_Product_727,3,4,274.11,135.89,HealthPlus,2026-10-24,Ambient,2023-04-30,Strength: 100mg / Pack: 60 caps
728,Health_Product_728,1,3,198.78,114.53,BioZen,2027-03-10,Controlled,2025-04-07,Strength: 200mg / Pack: 20 tabs
729,Health_Product_729,4,3,44.51,16.31,MediCare,2026-10-08,Controlled,2024-11-29,Form: Cream / Pack: 60g
730,Health_Product_730,4,1,295.01,185.35,BioZen,2029-04-24,Refrigerated,2023-08-23,Form: Cream / Pack: 60g
731,Health_Product_731,9,2,165.37,62.72,LifeLine,2027-03-22,Refrigerated,2022-11-24,Pack: 20 units | Form: Kit
732,Health_Product_732,2,2,110.7,65.63,PharmaCo,2028-05-09,Refrigerated,2025-03-10,Pack: 60 tabs | Strength: 25mg | Form: Tablet
733,Health_Product_733,2,2,247.78,88.42,HealthPlus,2029-04-25,Refrigerated,2023-04-21,Pack: 60 tabs | Strength: 50mg | Form: Tablet
734,Health_Product_734,4,5,93.24,61.33,LifeLine,2028-01-23,Ambient,2021-11-09,Pack: 100g | Form: Cream
735,Health_Product_735,1,2,114.09,47.31,BioZen,2028-09-15,Controlled,2023-12-16,Pack: 90 tabs / Strength: 25mg / Form: Tablet
736,Health_Product_736,7,1,216.25,116.93,MediCare,2026-09-13,Controlled,2025-07-19,Pack: 10g | Form: Bandage
737,Health_Product_737,3,2,67.56,30.18,LifeLine,2026-11-30,Refrigerated,2024-08-14,Strength: 200mg / Pack: 100 caps
738,Health_Product_738,7,3,16.93,10.45,CuraMax,2027-12-05,Refrigerated,2023-10-12,Pack: 30g
739,Health_Product_739,5,4,61.98,29.06,BioZen,2026-08-20,Ambient,2022-10-05,Form: Device / Warranty: 24m
740,Health_Product_740,2,2,293.29,181.28,BioZen,2026-09-29,Refrigerated,2022-02-24,Strength: 50mg / Pack: 90 tabs / Form: Tablet
741,Health_Product_741,2,5,254.9,116.08,VitalMeds,2029-02-16,Controlled,2024-05-24,Pack: 100 tabs | Strength: 500mg | Form: Tablet
742,Health_Product_742,1,2,286.48,180.03,BioZen,2026-05-04,Ambient,2025-01-07,
743,Health_Product_743,8,3,242.63,87.67,PharmaCo,2027-03-29,Ambient,2025-08-11,Pack: 10g | Form: Cream
744,Health_Product_744,4,4,169.55,77.12,VitalMeds,2027-07-01,Controlled,2024-06-25,Pack: 30g | Form: Cream
745,Health_Product_745,1,3,220.12,117.65,VitalMeds,2028-09-28,Refrigerated,2021-11-15,Form: Tablet / Strength: 200mg / Pack: 100 tabs
746,Health_Product_746,7,4,152.85,56.05,PharmaCo,2027-02-04,Controlled,2022-02-21,Pack: 100g
747,Health_Product_747,8,1,67.82,28.41,MediCare,2030-01-17,Controlled,2024-07-29,Pack: 60g / Form: Cream
748,Health_Product_748,1,2,205.91,143.27,HealthPlus,2027-10-07,Refrigerated,2025-08-04,Pack: 10 tabs | Strength: 25mg | Form: Tablet
749,Health_Product_749,9,4,145.37,103.42,MediCare,2028-10-17,Ambient,2024-06-08,Pack: 30 units | Form: Kit
750,Health_Product_750,6,4,55.17,34.41,MediCare,2028-07-24,Ambient,2023-11-06,Pack: 500ml / Strength: 650mg/5ml / Form: Liquid
751,Health_Product_751,3,1,38.52,49.62,LifeLine,2026-12-20,Ambient,2021-12-14,Pack: 10 caps | Strength: 200mg | Form: Capsule
752,Health_Product_752,4,1,211.84,94.56,BioZen,2029-04-01,Refrigerated,2022-01-02,Pack: 30g | Form: Cream
753,Health_Product_753,4,1,299.86,176.6,BioZen,2025-12-25,Refrigerated,2021-12-18,Pack: 90g | Form: Cream
754,Health_Product_754,6,2,273.27,107.53,LifeLine,2028-02-21,Refrigerated,2024-05-15,Pack: 500ml | Strength: 500mg/5ml | Form: Liquid
755,Health_Product_755,2,3,46.13,32.33,BioZen,2029-02-06,Refrigerated,2025-12-02,Pack: 60 tabs | Strength: 100mg | Form: Tablet
756,Health_Product_756,6,2,66.34,28.74,MediCare,2027-09-26,Controlled,2025-04-05,Pack: 450ml | Strength: 25mg/5ml | Form: Liquid
757,Health_Product_757,2,2,295.19,212.5,HealthPlus,2026-07-11,Controlled,2024-09-17,Pack: 20 tabs | Strength: 250mg | Form: Tablet
758,Health_Product_758,7,3,93.81,50.04,CuraMax,2029-10-27,Controlled,2022-03-12,Pack: 90g
759,Health_Product_759,3,5,154.59,98.23,CuraMax,2026-12-19,Ambient,2022-10-16,Pack: 90 caps | Strength: 250mg | Form: Capsule
760,Health_Product_760,1,5,108.96,38.22,LifeLine,2027-08-15,Ambient,2025-10-17,Pack: 100 tabs | Strength: 500mg | Form: Tablet
761,Health_Product_761,1,1,64.35,43.68,BioZen,2026-03-25,Controlled,2022-04-12,Pack: 30 tabs | Strength: 500mg | Form: Tablet
762,Health_Product_762,1,2,254.2,114.36,VitalMeds,2027-10-02,Refrigerated,2024-01-02,Pack: 90 tabs | Strength: 50mg | Form: Tablet
763,Health_Product_763,3,1,129.32,77.22,LifeLine,2026-12-15,Refrigerated,2021-12-09,Pack: 100 caps | Strength: 100mg | Form: Capsule
764,Health_Product_764,3,2,57.21,37.09,VitalMeds,2026-10-08,Controlled,2024-04-19,
765,Health_Product_765,2,4,256.66,105.42,CuraMax,2027-07-07,Ambient,2025-06-11,Pack: 20 tabs | Strength: 50mg | Form: Tablet
766,Health_Product_766,5,5,75.25,95.91,LifeLine,2026-10-26,Refrigerated,2023-04-24,Form: Device | Warranty: 24m
767,Health_Product_767,2,5,239.95,127.83,PharmaCo,2027-05-24,Refrigerated,2022-04-30,Pack: 30 tabs | Strength: 500mg | Form: Tablet
768,Health_Product_768,6,3,13.81,6.43,PharmaCo,2028-04-16,Refrigerated,2023-09-05,Pack: 50ml | Strength: 50mg/5ml | Form: Liquid
769,Health_Product_769,8,2,153.19,80.92,HealthPlus,2026-12-09,Refrigerated,2024-04-24,Pack: 10g | Form: Cream
770,Health_Product_770,7,3,271.96,127.14,CuraMax,2028-06-26,Ambient,2025-02-20,Pack: 30g | Form: Bandage
771,Health_Product_771,9,1,38.82,18.77,BioZen,2029-05-21,Refrigerated,2025-08-01,Pack: 30 units | Form: Kit
772,Health_Product_772,8,1,56.45,33.74,LifeLine,2028-02-18,Controlled,2022-10-09,Pack: 30g
773,Health_Product_773,8,5,31.4,18.34,MediCare,2026-12-18,Ambient,2022-12-26,Pack: 90g | Form: Cream
774,Health_Product_774,4,3,158.15,68.94,PharmaCo,2026-01-22,Refrigerated,2022-10-07,Pack: 100g | Form: Cream
775,Health_Product_775,2,3,293.15,199.95,MediCare,2026-10-03,Controlled,2025-06-28,Pack: 60 tabs | Strength: 500mg | Form: Tablet
776,Health_Product_776,4,2,240.41,160.89,MediCare,2029-04-11,Controlled,2024-09-20,Pack: 60g
777,Health_Product_777,3,2,69.07,37.18,PharmaCo,2027-02-22,Ambient,2023-10-12,Pack: 30 caps | Strength: 650mg | Form: Capsule
778,Health_Product_778,4,3,286.59,146.25,BioZen,2026-04-13,Controlled,2024-10-04,Pack: 30g | Form: Cream
779,Health_Product_779,7,4,227.35,111.27,PharmaCo,2027-10-21,Ambient,2025-12-11,Pack: 90g | Form: Bandage
780,Health_Product_780,8,5,130.8,80.01,VitalMeds,2026-04-05,Refrigerated,2025-02-25,Pack: 90g
781,Health_Product_781,5,1,160.86,96.28,LifeLine,2026-01-03,Ambient,2021-12-05,Form: Device / Warranty: 24m
782,Health_Product_782,8,3,233.36,98.61,PharmaCo,2027-11-27,Ambient,2024-08-09,Pack: 60g | Form: Cream
783,Health_Product_783,2,5,43.63,26.11,PharmaCo,2028-07-23,Controlled,2024-01-18,Strength: 200mg / Pack: 10 tabs
784,Health_Product_784,3,1,168.58,218.67,VitalMeds,2026-10-12,Refrigerated,2023-11-20,Pack: 100 caps | Strength: 250mg | Form: Capsule
785,Health_Product_785,7,5,199.49,71.19,LifeLine,2026-08-08,Controlled,2022-03-20,Pack: 20g / Form: Bandage
786,Health_Product_786,9,5,163.5,99.52,VitalMeds,2027-08-25,Ambient,2022-06-20,Pack: 60 units | Form: Kit
787,Health_Product_787,6,3,74.9,92.4,HealthPlus,2026-12-17,Refrigerated,2022-01-05,Pack: 50ml / Strength: 50mg/5ml / Form: Liquid
788,Health_Product_788,9,5,127.57,64.04,LifeLine,2027-05-03,Refrigerated,2023-02-28,Pack: 10 units | Form: Kit
789,Health_Product_789,8,5,13.99,7.62,BioZen,2026-04-20,Controlled,2022-03-18,Pack: 90g
790,Health_Product_790,1,3,161.37,113.03,CuraMax,2029-03-31,Ambient,2022-01-25,Pack: 20 tabs / Strength: 25mg / Form: Tablet
791,Health_Product_791,9,4,285.08,162.56,PharmaCo,2027-09-11,Controlled,2024-09-21,
792,Health_Product_792,4,5,68.38,40.58,VitalMeds,2026-06-13,Controlled,2023-03-22,Pack: 30g | Form: Cream
793,Health_Product_793,9,3,8.77,3.28,MediCare,2026-03-13,Ambient,2024-06-27,Pack: 90 units / Form: Kit
794,Health_Product_794,5,2,239.21,98.42,VitalMeds,2029-08-03,Refrigerated,2024-01-11,Form: Device
795,Health_Product_795,5,5,69.15,31.9,VitalMeds,2029-01-13,Controlled,2024-04-11,Form: Device | Warranty: 6m
796,Health_Product_796,3,5,65.24,76.89,CuraMax,2026-12-28,Refrigerated,2023-05-21,
797,Health_Product_797,6,5,16.14,10.29,CuraMax,2026-07-08,Controlled,2024-01-04,Pack: 100ml / Strength: 25mg/5ml / Form: Liquid
798,Health_Product_798,1,4,191.29,89.69,CuraMax,2029-01-02,Refrigerated,2022-05-18,Strength: 650mg / Pack: 60 tabs
799,Health_Product_799,5,5,220.27,106.14,BioZen,2029-07-19,Ambient,2023-11-22,Form: Device | Warranty: 24m
800,Health_Product_800,4,4,274.16,121.94,BioZen,2027-10-17,Controlled,2022-11-09,Pack: 30g | Form: Cream
801,Health_Product_801,3,2,145.17,64.49,HealthPlus,2028-08-24,Refrigerated,2023-03-23,Pack: 100 caps | Strength: 650mg | Form: Capsule
802,Health_Product_802,7,4,106.33,74.55,PharmaCo,2028-02-22,Ambient,2022-01-03,Pack: 100g | Form: Bandage
803,Health_Product_803,5,3,237.04,138.7,PharmaCo,2025-12-15,Controlled,2024-05-08,Form: Device
804,Health_Product_804,9,2,68.26,27.83,VitalMeds,2028-07-16,Refrigerated,2022-05-22,Pack: 60 units | Form: Kit
805,Health_Product_805,7,5,293.72,181.29,BioZen,2029-07-14,Controlled,2024-11-02,Pack: 20g
806,Health_Product_806,4,2,60.32,37.23,PharmaCo,2028-10-09,Ambient,2024-02-05,Pack: 10g
807,Health_Product_807,9,2,37.9,22.61,CuraMax,2028-12-11,Controlled,2024-03-22,Pack: 100 units | Form: Kit
808,Health_Product_808,4,3,49.08,19.62,PharmaCo,2028-05-14,Refrigerated,2025-04-08,Pack: 100g
809,Health_Product_809,1,5,34.16,17.11,HealthPlus,2027-08-26,Refrigerated,2022-12-10,Pack: 20 tabs / Strength: 650mg / Form: Tablet
810,Health_Product_810,5,1,160.51,62.52,CuraMax,2027-07-18,Controlled,2022-06-25,
811,Health_Product_811,8,3,106.19,69.25,HealthPlus,2028-07-14,Controlled,2023-04-23,Pack: 90g | Form: Cream
812,Health_Product_812,1,3,163.52,96.87,LifeLine,2028-06-05,Ambient,2023-06-13,Pack: 90 tabs / Strength: 650mg / Form: Tablet
813,Health_Product_813,8,1,117.74,63.3,MediCare,2026-05-18,Ambient,2021-12-30,Pack: 10g | Form: Cream
814,Health_Product_814,1,2,194.33,92.68,PharmaCo,2027-05-06,Refrigerated,2024-12-21,Strength: 25mg / Pack: 10 tabs / Form: Tablet
815,Health_Product_815,8,3,259.91,108.69,VitalMeds,2028-10-08,Controlled,2025-11-16,Pack: 90g | Form: Cream
816,Health_Product_816,6,1,264.98,103.18,VitalMeds,2025-12-29,Ambient,2022-02-13,Pack: 50ml | Strength: 100mg/5ml | Form: Liquid
817,Health_Product_817,1,4,271.81,192.61,LifeLine,2026-08-07,Refrigerated,2024-04-29,Pack: 60 tabs / Strength: 25mg
818,Health_Product_818,3,1,203.31,215.22,BioZen,2026-12-16,Ambient,2025-09-05,Pack: 100 caps | Strength: 100mg | Form: Capsule
819,Health_Product_819,1,2,108.33,40.32,CuraMax,2026-11-18,Ambient,2023-08-16,Pack: 20 tabs | Strength: 650mg | Form: Tablet
820,Health_Product_820,7,4,185.2,130.72,LifeLine,2028-03-24,Refrigerated,2022-04-18,Pack: 10g | Form: Bandage
821,Health_Product_821,9,5,248.14,137.25,LifeLine,2029-08-29,Ambient,2022-09-16,
822,Health_Product_822,1,5,63.74,41.1,LifeLine,2028-06-14,Controlled,2025-08-31,
823,Health_Product_823,4,5,280.4,102.68,MediCare,2029-04-10,Controlled,2022-08-02,Pack: 90g | Form: Cream
824,Health_Product_824,5,2,244.77,137.01,BioZen,2029-08-01,Controlled,2025-05-02,Form: Device
825,Health_Product_825,8,5,249.86,124.26,VitalMeds,2027-05-18,Controlled,2025-03-01,Pack: 10g | Form: Cream
826,Health_Product_826,4,3,97.17,61.76,HealthPlus,2029-04-20,Refrigerated,2024-09-08,
827,Health_Product_827,8,3,251.94,91.76,VitalMeds,2028-08-25,Refrigerated,2024-11-05,Pack: 20g | Form: Cream
828,Health_Product_828,9,1,286.36,142.79,MediCare,2026-02-15,Controlled,2025-10-14,Pack: 20 units | Form: Kit
829,Health_Product_829,7,2,238.82,154.2,PharmaCo,2027-04-05,Ambient,2023-06-08,Pack: 20g | Form: Bandage
830,Health_Product_830,2,4,160.26,87.08,VitalMeds,2028-03-13,Ambient,2022-10-17,Pack: 10 tabs / Form: Tablet / Strength: 100mg
831,Health_Product_831,6,4,188.91,104.56,BioZen,2026-05-25,Ambient,2023-12-26,Pack: 450ml / Strength: 25mg/5ml
832,Health_Product_832,9,1,258.16,99.64,MediCare,2028-11-26,Ambient,2024-12-10,Pack: 90 units
833,Health_Product_833,4,1,235.35,93.9,LifeLine,2029-05-28,Ambient,2022-03-26,Pack: 10g | Form: Cream
834,Health_Product_834,3,4,109.31,65.64,LifeLine,2026-12-21,Ambient,2021-11-30,Pack: 60 caps | Strength: 250mg | Form: Capsule
835,Health_Product_835,1,1,262.7,157.56,LifeLine,2027-05-02,Refrigerated,2024-11-06,Pack: 10 tabs | Strength: 50mg | Form: Tablet
836,Health_Product_836,4,1,63.49,45.22,LifeLine,2028-06-27,Controlled,2023-09-13,Pack: 30g
837,Health_Product_837,1,5,288.55,177.0,LifeLine,2026-05-02,Refrigerated,2023-10-27,Pack: 100 tabs | Strength: 250mg | Form: Tablet
838,Health_Product_838,5,1,177.07,94.29,BioZen,2028-07-31,Controlled,2023-04-06,Form: Device / Warranty: 24m
839,Health_Product_839,5,4,232.88,155.38,VitalMeds,2026-06-14,Controlled,2023-03-19,Form: Device
840,Health_Product_840,9,3,40.89,15.89,MediCare,2028-12-02,Refrigerated,2022-11-08,Pack: 60 units / Form: Kit
841,Health_Product_841,6,5,76.91,39.7,MediCare,2026-07-03,Refrigerated,2023-01-28,Pack: 300ml | Strength: 200mg/5ml | Form: Liquid
842,Health_Product_842,3,1,221.83,101.21,PharmaCo,2026-11-04,Controlled,2024-09-27,
843,Health_Product_843,5,3,123.91,48.17,HealthPlus,2027-02-17,Controlled,2022-05-06,Form: Device / Warranty: 12m
844,Health_Product_844,2,1,13.99,8.85,HealthPlus,2028-12-09,Controlled,2021-11-17,Pack: 100 tabs / Strength: 650mg / Form: Tablet
845,Health_Product_845,5,2,27.1,14.61,LifeLine,2026-11-02,Ambient,2023-12-30,Form: Device
846,Health_Product_846,3,1,185.67,103.23,VitalMeds,2026-10-06,Ambient,2022-12-17,Pack: 20 caps | Strength: 650mg | Form: Capsule
847,Health_Product_847,6,4,232.34,116.67,BioZen,2029-12-31,Refrigerated,2021-12-10,Pack: 300ml | Strength: 500mg/5ml | Form: Liquid
848,Health_Product_848,2,4,7.77,4.04,MediCare,2027-07-15,Refrigerated,2025-06-13,Pack: 100 tabs / Strength: 250mg / Form: Tablet
849,Health_Product_849,6,5,90.13,35.41,CuraMax,2029-03-15,Controlled,2022-08-03,Pack: 300ml | Strength: 50mg/5ml | Form: Liquid
850,Health_Product_850,6,3,123.8,74.15,BioZen,2026-05-30,Ambient,2023-10-15,Strength: 25mg/5ml / Pack: 500ml
851,Health_Product_851,2,1,199.22,101.6,BioZen,2027-10-05,Controlled,2022-09-02,Strength: 500mg / Form: Tablet / Pack: 60 tabs
852,Health_Product_852,5,2,142.86,93.17,HealthPlus,2029-04-24,Refrigerated,2025-08-09,Form: Device / Warranty: 24m
853,Health_Product_853,9,2,140.55,59.4,CuraMax,2027-12-09,Refrigerated,2022-12-18,Pack: 30 units | Form: Kit
854,Health_Product_854,3,3,109.48,122.32,PharmaCo,2026-12-12,Ambient,2022-10-31,Strength: 500mg / Pack: 60 caps
855,Health_Product_855,3,2,109.71,64.61,VitalMeds,2026-12-01,Refrigerated,2022-03-30,Pack: 20 caps / Strength: 200mg / Form: Capsule
856,Health_Product_856,9,1,194.43,128.91,BioZen,2030-01-11,Refrigerated,2022-06-18,Pack: 10 units | Form: Kit
857,Health_Product_857,2,1,165.06,86.61,VitalMeds,2027-11-18,Refrigerated,2022-05-16,Pack: 10 tabs | Strength: 250mg | Form: Tablet
858,Health_Product_858,9,2,204.14,126.36,VitalMeds,2027-11-16,Refrigerated,2024-05-04,Pack: 100 units / Form: Kit
859,Health_Product_859,3,2,108.38,78.01,MediCare,2026-11-27,Controlled,2022-01-04,Pack: 60 caps | Strength: 200mg | Form: Capsule
860,Health_Product_860,3,2,272.38,195.13,MediCare,2026-11-27,Controlled,2023-12-07,Form: Capsule / Pack: 60 caps / Strength: 500mg
861,Health_Product_861,8,5,258.81,161.86,BioZen,2028-04-04,Refrigerated,2025-03-26,
862,Health_Product_862,7,2,14.23,8.87,PharmaCo,2029-03-02,Refrigerated,2023-11-11,Form: Bandage / Pack: 60g
863,Health_Product_863,8,4,180.82,79.85,VitalMeds,2029-10-26,Ambient,2022-12-20,Pack: 90g | Form: Cream
864,Health_Product_864,3,2,205.93,135.59,HealthPlus,2026-09-22,Refrigerated,2023-05-18,Pack: 20 caps | Strength: 200mg | Form: Capsule
865,Health_Product_865,2,5,105.33,52.65,VitalMeds,2027-02-13,Refrigerated,2024-09-16,
866,Health_Product_866,6,1,10.61,7.49,PharmaCo,2027-06-16,Refrigerated,2022-08-29,Pack: 150ml | Strength: 100mg/5ml | Form: Liquid
867,Health_Product_867,8,5,10.84,4.12,CuraMax,2029-10-28,Controlled,2021-12-29,Pack: 60g | Form: Cream
868,Health_Product_868,9,5,85.22,43.57,CuraMax,2028-12-16,Refrigerated,2022-07-21,Pack: 60 units
869,Health_Product_869,3,1,198.56,110.33,CuraMax,2026-09-28,Ambient,2023-06-29,Pack: 90 caps | Strength: 250mg | Form: Capsule
870,Health_Product_870,9,1,127.33,63.65,MediCare,2030-01-20,Refrigerated,2025-05-22,Pack: 100 units | Form: Kit
871,Health_Product_871,8,4,182.24,77.98,HealthPlus,2027-06-17,Ambient,2025-03-06,Pack: 30g | Form: Cream
872,Health_Product_872,2,2,254.64,144.99,CuraMax,2028-06-28,Refrigerated,2022-01-19,Pack: 90 tabs | Strength: 200mg | Form: Tablet
873,Health_Product_873,6,3,114.2,71.91,MediCare,2029-12-11,Controlled,2023-07-06,Pack: 50ml | Strength: 500mg/5ml | Form: Liquid
874,Health_Product_874,8,3,25.75,15.16,BioZen,2028-05-05,Ambient,2024-11-01,Form: Cream / Pack: 100g
875,Health_Product_875,7,5,105.46,46.06,PharmaCo,2029-09-02,Ambient,2023-05-20,Pack: 60g | Form: Bandage
876,Health_Product_876,3,4,213.59,132.57,BioZen,2026-10-29,Controlled,2023-03-25,Strength: 650mg / Form: Capsule / Pack: 30 caps
877,Health_Product_877,2,4,213.35,94.95,LifeLine,2028-05-26,Controlled,2025-06-09,Pack: 60 tabs | Strength: 50mg | Form: Tablet
878,Health_Product_878,7,1,294.51,122.17,BioZen,2026-07-11,Controlled,2023-09-25,Pack: 90g / Form: Bandage
879,Health_Product_879,7,1,254.97,154.4,CuraMax,2026-10-07,Ambient,2022-10-04,Pack: 100g | Form: Bandage
880,Health_Product_880,1,5,223.18,147.71,BioZen,2026-08-15,Refrigerated,2024-01-26,Pack: 100 tabs | Strength: 650mg | Form: Tablet
881,Health_Product_881,2,2,240.45,127.0,MediCare,2027-12-04,Ambient,2023-11-23,Pack: 10 tabs | Strength: 500mg | Form: Tablet
882,Health_Product_882,9,1,44.71,24.44,MediCare,2026-12-09,Controlled,2023-03-30,Pack: 60 units | Form: Kit
883,Health_Product_883,7,2,249.14,115.11,CuraMax,2027-07-20,Controlled,2025-08-15,Pack: 20g | Form: Bandage
884,Health_Product_884,8,1,165.58,88.26,CuraMax,2027-06-26,Controlled,2025-05-02,Pack: 60g | Form: Cream
885,Health_Product_885,2,3,276.44,110.25,PharmaCo,2028-03-11,Refrigerated,2024-03-19,Pack: 60 tabs | Strength: 250mg | Form: Tablet
886,Health_Product_886,8,1,289.33,203.59,LifeLine,2028-10-02,Ambient,2022-07-15,Pack: 60g | Form: Cream
887,Health_Product_887,6,4,116.72,75.42,BioZen,2029-05-28,Refrigerated,2023-07-11,Pack: 150ml | Strength: 50mg/5ml | Form: Liquid
888,Health_Product_888,1,4,299.94,179.11,HealthPlus,2026-02-04,Refrigerated,2024-11-22,Pack: 100 tabs | Strength: 200mg | Form: Tablet
889,Health_Product_889,8,3,88.92,48.83,BioZen,2029-03-14,Ambient,2022-05-08,Pack: 10g | Form: Cream
890,Health_Product_890,6,3,243.24,156.43,CuraMax,2029-09-28,Controlled,2022-06-08,
891,Health_Product_891,1,5,141.39,75.37,PharmaCo,2029-07-03,Controlled,2024-03-05,Pack: 20 tabs | Strength: 200mg | Form: Tablet
892,Health_Product_892,7,3,266.8,122.99,HealthPlus,2027-04-18,Ambient,2022-12-03,Form: Bandage / Pack: 10g
893,Health_Product_893,3,1,176.52,72.26,PharmaCo,2026-10-22,Controlled,2021-12-06,Pack: 30 caps | Strength: 100mg | Form: Capsule
894,Health_Product_894,6,2,132.05,77.86,LifeLine,2026-01-22,Controlled,2024-02-17,Pack: 100ml | Strength: 650mg/5ml | Form: Liquid
895,Health_Product_895,5,1,141.31,98.05,HealthPlus,2029-12-19,Ambient,2025-08-12,Form: Device | Warranty: 24m
896,Health_Product_896,8,4,112.55,45.79,PharmaCo,2029-11-06,Refrigerated,2021-12-30,Pack: 10g / Form: Cream
897,Health_Product_897,2,4,113.28,47.19,PharmaCo,2027-06-09,Refrigerated,2023-05-25,Pack: 30 tabs | Strength: 200mg | Form: Tablet
898,Health_Product_898,1,3,166.18,84.82,CuraMax,2029-09-05,Controlled,2022-08-21,Pack: 100 tabs | Strength: 25mg | Form: Tablet
899,Health_Product_899,9,1,20.99,13.61,PharmaCo,2028-03-07,Refrigerated,2024-12-31,Pack: 100 units
900,Health_Product_900,1,3,124.35,57.05,LifeLine,2026-06-03,Refrigerated,2023-06-07,Pack: 20 tabs | Strength: 100mg | Form: Tablet
901,Health_Product_901,3,4,71.6,31.79,CuraMax,2026-10-16,Refrigerated,2021-11-24,Pack: 10 caps | Strength: 650mg | Form: Capsule
902,Health_Product_902,5,2,47.39,27.46,CuraMax,2029-06-13,Ambient,2022-07-21,Form: Device
903,Health_Product_903,3,1,109.39,59.97,VitalMeds,2026-11-15,Controlled,2022-07-01,Pack: 60 caps / Strength: 200mg / Form: Capsule
904,Health_Product_904,4,2,150.38,55.98,MediCare,2028-12-05,Refrigerated,2024-12-22,Pack: 60g | Form: Cream
905,Health_Product_905,7,5,210.71,80.1,CuraMax,2027-06-26,Ambient,2024-11-26,Pack: 30g | Form: Bandage
906,Health_Product_906,1,3,87.01,51.15,PharmaCo,2027-05-27,Ambient,2024-08-23,Pack: 30 tabs / Strength: 25mg / Form: Tablet
907,Health_Product_907,7,5,21.55,11.25,HealthPlus,2029-08-07,Controlled,2022-06-01,Pack: 10g
908,Health_Product_908,6,2,15.84,11.23,LifeLine,2028-10-16,Ambient,2024-12-18,Pack: 100ml | Strength: 250mg/5ml | Form: Liquid
909,Health_Product_909,4,2,135.48,81.43,CuraMax,2029-08-14,Refrigerated,2025-06-07,Pack: 100g
910,Health_Product_910,5,2,41.26,14.59,LifeLine,2027-09-20,Controlled,2025-04-12,Form: Device | Warranty: 24m
911,Health_Product_911,2,2,218.31,115.26,BioZen,2027-09-16,Controlled,2022-06-26,Pack: 100 tabs | Strength: 250mg | Form: Tablet
912,Health_Product_912,7,1,214.99,108.21,PharmaCo,2026-07-21,Ambient,2022-05-29,Form: Bandage / Pack: 60g
913,Health_Product_913,5,1,240.6,93.71,LifeLine,2028-05-06,Controlled,2024-08-22,Form: Device | Warranty: 12m
914,Health_Product_914,2,5,174.07,120.38,BioZen,2026-12-01,Refrigerated,2024-02-07,Pack: 100 tabs | Strength: 500mg | Form: Tablet
915,Health_Product_915,4,3,42.96,27.83,HealthPlus,2026-06-27,Controlled,2023-07-01,Pack: 90g | Form: Cream
916,Health_Product_916,9,1,276.28,120.22,BioZen,2027-09-12,Refrigerated,2023-07-07,Pack: 100 units | Form: Kit
917,Health_Product_917,3,3,153.98,165.55,LifeLine,2027-01-01,Controlled,2024-05-10,Pack: 60 caps | Strength: 500mg | Form: Capsule
918,Health_Product_918,8,1,230.83,83.53,VitalMeds,2029-01-26,Controlled,2023-05-27,Pack: 10g | Form: Cream
919,Health_Product_919,2,5,92.2,42.39,MediCare,2029-07-22,Controlled,2024-12-20,Pack: 30 tabs | Strength: 500mg | Form: Tablet
920,Health_Product_920,3,4,112.42,129.48,BioZen,2026-12-19,Controlled,2023-02-07,Strength: 250mg / Pack: 90 caps
921,Health_Product_921,6,1,113.08,57.19,LifeLine,2028-05-10,Controlled,2021-12-12,Pack: 100ml | Strength: 100mg/5ml | Form: Liquid
922,Health_Product_922,1,2,46.05,32.63,LifeLine,2029-03-31,Ambient,2023-01-21,Pack: 20 tabs | Strength: 250mg | Form: Tablet
923,Health_Product_923,5,1,147.67,54.75,MediCare,2028-08-23,Ambient,2024-08-14,Form: Device | Warranty: 12m
924,Health_Product_924,5,2,281.08,159.89,PharmaCo,2026-06-02,Ambient,2022-02-22,Form: Device | Warranty: 24m
925,Health_Product_925,8,3,99.03,66.11,HealthPlus,2027-11-11,Controlled,2024-05-21,Pack: 60g | Form: Cream
926,Health_Product_926,6,1,108.82,57.44,VitalMeds,2029-06-25,Refrigerated,2021-12-25,Pack: 500ml | Strength: 650mg/5ml | Form: Liquid
927,Health_Product_927,3,4,64.58,22.67,MediCare,2026-03-13,Ambient,2022-04-29,Pack: 10 caps | Strength: 500mg | Form: Capsule
928,Health_Product_928,4,2,9.84,4.33,VitalMeds,2027-12-03,Refrigerated,2023-09-09,Pack: 20g | Form: Cream
929,Health_Product_929,9,1,264.74,124.37,MediCare,2028-03-24,Refrigerated,2025-09-27,Pack: 60 units / Form: Kit
930,Health_Product_930,6,5,19.01,13.45,HealthPlus,2027-08-12,Ambient,2025-03-05,Pack: 450ml | Strength: 650mg/5ml | Form: Liquid
931,Health_Product_931,1,5,129.82,89.23,MediCare,2029-01-08,Refrigerated,2022-12-19,Strength: 200mg / Pack: 90 tabs
932,Health_Product_932,5,1,21.25,14.9,VitalMeds,2029-02-10,Controlled,2024-04-26,Form: Device | Warranty: 24m
933,Health_Product_933,2,4,180.77,118.5,VitalMeds,2029-10-14,Ambient,2023-07-27,Pack: 10 tabs / Strength: 500mg / Form: Tablet
934,Health_Product_934,7,4,20.39,9.79,VitalMeds,2028-01-14,Controlled,2022-06-12,Pack: 60g | Form: Bandage
935,Health_Product_935,3,4,158.63,108.69,PharmaCo,2028-06-14,Controlled,2023-03-01,
936,Health_Product_936,7,3,10.97,7.82,HealthPlus,2027-02-09,Controlled,2022-11-04,
937,Health_Product_937,1,5,52.67,25.26,VitalMeds,2027-12-10,Controlled,2022-09-07,Pack: 60 tabs | Strength: 25mg | Form: Tablet
938,Health_Product_938,4,4,144.41,64.47,MediCare,2027-04-19,Ambient,2024-12-06,Pack: 60g | Form: Cream
939,Health_Product_939,5,4,93.69,51.75,HealthPlus,2027-05-22,Ambient,2023-03-24,
940,Health_Product_940,9,3,191.42,80.25,VitalMeds,2028-07-20,Ambient,2025-10-20,Pack: 30 units | Form: Kit
941,Health_Product_941,6,5,26.3,9.52,PharmaCo,2029-03-26,Refrigerated,2023-08-24,Form: Liquid / Pack: 500ml / Strength: 250mg/5ml
942,Health_Product_942,1,3,90.64,63.44,HealthPlus,2026-03-03,Refrigerated,2022-06-20,Pack: 30 tabs | Strength: 200mg | Form: Tablet
943,Health_Product_943,4,4,270.03,187.0,MediCare,2029-11-22,Refrigerated,2025-04-14,Pack: 60g | Form: Cream
944,Health_Product_944,6,3,129.5,53.12,PharmaCo,2027-07-17,Refrigerated,2025-06-18,Pack: 150ml | Strength: 250mg/5ml | Form: Liquid
945,Health_Product_945,6,4,286.62,143.56,BioZen,2026-08-20,Ambient,2022-04-22,Strength: 25mg/5ml / Pack: 150ml
946,Health_Product_946,6,2,293.04,192.67,MediCare,2026-07-27,Refrigerated,2023-07-21,Pack: 500ml / Strength: 650mg/5ml
947,Health_Product_947,7,4,188.59,112.13,BioZen,2025-12-29,Refrigerated,2024-09-30,Pack: 100g | Form: Bandage
948,Health_Product_948,1,3,50.31,24.96,HealthPlus,2027-06-23,Ambient,2022-03-06,Pack: 30 tabs | Strength: 25mg | Form: Tablet
949,Health_Product_949,6,1,251.93,157.54,PharmaCo,2026-08-10,Refrigerated,2024-05-01,Pack: 50ml | Strength: 100mg/5ml | Form: Liquid
950,Health_Product_950,3,1,155.38,183.36,BioZen,2026-11-20,Ambient,2022-04-06,Pack: 10 caps / Strength: 250mg / Form: Capsule
951,Health_Product_951,7,5,99.01,68.58,CuraMax,2026-11-26,Refrigerated,2025-01-14,Pack: 100g | Form: Bandage
952,Health_Product_952,9,1,238.7,117.0,LifeLine,2027-06-28,Refrigerated,2025-06-25,Pack: 10 units | Form: Kit
953,Health_Product_953,6,5,38.81,16.08,BioZen,2026-04-05,Controlled,2022-04-27,Pack: 300ml / Strength: 250mg/5ml / Form: Liquid
954,Health_Product_954,9,1,230.6,158.6,VitalMeds,2027-03-03,Controlled,2023-04-25,Pack: 10 units | Form: Kit
955,Health_Product_955,1,3,126.3,48.53,VitalMeds,2028-03-11,Controlled,2024-04-20,Strength: 50mg / Form: Tablet / Pack: 10 tabs
956,Health_Product_956,6,4,246.49,152.09,LifeLine,2028-08-12,Refrigerated,2022-10-21,Pack: 150ml / Strength: 200mg/5ml / Form: Liquid
957,Health_Product_957,8,4,67.29,27.05,PharmaCo,2026-09-30,Controlled,2022-10-09,Pack: 60g / Form: Cream
958,Health_Product_958,8,5,76.1,37.6,VitalMeds,2027-06-26,Ambient,2024-12-27,
959,Health_Product_959,4,1,124.1,62.33,BioZen,2029-11-28,Refrigerated,2022-10-11,Pack: 10g | Form: Cream
960,Health_Product_960,3,1,74.11,30.29,MediCare,2026-12-07,Ambient,2025-04-10,Pack: 10 caps | Strength: 650mg | Form: Capsule
961,Health_Product_961,4,2,121.08,83.71,HealthPlus,2026-01-24,Refrigerated,2022-11-22,
962,Health_Product_962,6,5,183.59,64.44,VitalMeds,2027-04-12,Ambient,2025-06-14,Strength: 650mg/5ml / Pack: 100ml
963,Health_Product_963,5,3,110.55,75.25,PharmaCo,2027-04-22,Ambient,2025-08-11,
964,Health_Product_964,7,4,209.84,142.07,HealthPlus,2027-03-28,Controlled,2022-02-16,
965,Health_Product_965,3,5,103.16,48.2,LifeLine,2026-11-14,Refrigerated,2023-06-01,Pack: 30 caps / Form: Capsule / Strength: 500mg
966,Health_Product_966,8,2,91.88,56.1,MediCare,2029-08-05,Refrigerated,2024-01-14,Pack: 10g | Form: Cream
967,Health_Product_967,1,5,58.94,26.14,VitalMeds,2026-02-12,Ambient,2025-12-03,Pack: 60 tabs | Strength: 500mg | Form: Tablet
968,Health_Product_968,4,4,230.71,145.52,LifeLine,2026-01-02,Ambient,2023-09-01,Pack: 60g | Form: Cream
969,Health_Product_969,4,3,295.64,164.85,VitalMeds,2029-03-16,Ambient,2022-02-23,Pack: 30g | Form: Cream
970,Health_Product_970,8,3,233.78,107.79,MediCare,2026-01-23,Controlled,2025-04-15,Pack: 30g
971,Health_Product_971,3,5,99.85,49.73,PharmaCo,2027-06-06,Refrigerated,2023-09-22,Pack: 90 caps | Strength: 250mg | Form: Capsule
972,Health_Product_972,2,1,271.6,164.39,VitalMeds,2028-08-18,Refrigerated,2024-01-25,Strength: 500mg / Pack: 60 tabs
973,Health_Product_973,8,5,200.51,137.4,MediCare,2028-07-19,Ambient,2022-06-30,
974,Health_Product_974,7,2,57.69,22.98,BioZen,2028-04-02,Ambient,2023-08-30,Pack: 30g / Form: Bandage
975,Health_Product_975,1,3,189.94,106.63,BioZen,2026-04-25,Controlled,2024-04-21,
976,Health_Product_976,2,5,144.73,64.24,HealthPlus,2026-03-19,Controlled,2021-12-18,Pack: 10 tabs | Strength: 50mg | Form: Tablet
977,Health_Product_977,4,5,90.31,58.39,HealthPlus,2029-09-16,Controlled,2022-02-24,Form: Cream / Pack: 100g
978,Health_Product_978,4,2,140.71,181.28,VitalMeds,2026-09-27,Ambient,2025-08-03,Pack: 100g | Form: Cream
979,Health_Product_979,5,2,86.84,52.53,BioZen,2029-04-09,Refrigerated,2022-02-16,
980,Health_Product_980,3,3,103.64,127.31,HealthPlus,2026-12-10,Refrigerated,2023-07-24,Pack: 10 caps | Strength: 650mg | Form: Capsule
981,Health_Product_981,5,4,185.08,105.62,LifeLine,2026-06-08,Refrigerated,2025-08-03,Form: Device | Warranty: 6m
982,Health_Product_982,9,4,48.12,31.72,VitalMeds,2027-03-18,Refrigerated,2022-06-16,Form: Kit / Pack: 10 units
983,Health_Product_983,6,3,85.69,53.93,VitalMeds,2029-08-28,Controlled,2022-02-21,Pack: 300ml | Strength: 100mg/5ml | Form: Liquid
984,Health_Product_984,8,3,271.91,170.92,BioZen,2027-05-08,Ambient,2025-07-15,Pack: 90g | Form: Cream
985,Health_Product_985,8,5,225.01,121.87,CuraMax,2029-10-27,Refrigerated,2025-01-05,Pack: 10g | Form: Cream
986,Health_Product_986,3,5,106.25,72.2,PharmaCo,2027-02-19,Ambient,2025-07-31,Pack: 20 caps | Strength: 200mg | Form: Capsule
987,Health_Product_987,8,1,276.82,157.12,CuraMax,2027-02-03,Refrigerated,2022-09-02,Pack: 20g | Form: Cream
988,Health_Product_988,4,4,37.78,26.05,LifeLine,2027-04-06,Refrigerated,2025-04-09,Pack: 10g / Form: Cream
989,Health_Product_989,5,2,217.44,120.07,CuraMax,2026-06-30,Refrigerated,2023-06-24,Form: Device | Warranty: 12m
990,Health_Product_990,2,2,178.57,95.93,LifeLine,2029-04-08,Ambient,2024-01-17,
991,Health_Product_991,8,3,118.38,51.17,HealthPlus,2026-10-16,Refrigerated,2024-02-02,Pack: 10g | Form: Cream
992,Health_Product_992,1,4,238.45,131.52,PharmaCo,2026-03-12,Controlled,2024-02-23,Pack: 10 tabs | Strength: 250mg | Form: Tablet
993,Health_Product_993,4,5,238.65,95.94,HealthPlus,2027-12-21,Controlled,2023-01-24,Pack: 30g / Form: Cream
994,Health_Product_994,1,5,180.86,121.5,HealthPlus,2028-11-18,Controlled,2023-03-20,Pack: 100 tabs | Strength: 650mg | Form: Tablet
995,Health_Product_995,1,2,12.48,7.49,MediCare,2026-02-06,Controlled,2022-06-15,
996,Health_Product_996,3,5,125.69,90.2,HealthPlus,2026-12-06,Controlled,2024-02-16,
997,Health_Product_997,4,5,291.3,111.88,BioZen,2028-08-18,Controlled,2022-05-27,Pack: 20g
998,Health_Product_998,1,3,201.38,88.42,LifeLine,2029-09-12,Refrigerated,2024-12-03,Pack: 60 tabs | Strength: 500mg | Form: Tablet
999,Health_Product_999,1,3,159.62,107.67,BioZen,2026-08-27,Refrigerated,2024-12-04,Pack: 10 tabs / Strength: 200mg / Form: Tablet
1000,Health_Product_1000,6,1,68.85,34.17,PharmaCo,2028-04-22,Refrigerated,2023-12-11,Pack: 100ml | Strength: 250mg/5ml | Form: Liquid
1001,Health_Product_1001,2,1,74.74,39.05,BioZen,2028-11-16,Ambient,2025-08-28,Pack: 90 tabs | Strength: 500mg | Form: Tablet
1002,Health_Product_1002,6,5,255.75,170.95,BioZen,2026-03-17,Controlled,2023-07-17,Pack: 500ml | Strength: 200mg/5ml | Form: Liquid
1003,Health_Product_1003,1,3,221.6,120.35,LifeLine,2029-08-09,Refrigerated,2022-10-18,Pack: 90 tabs | Strength: 250mg | Form: Tablet
1004,Health_Product_1004,4,3,242.1,102.07,VitalMeds,2028-03-21,Ambient,2025-01-22,
1005,Health_Product_1005,6,1,15.25,10.37,CuraMax,2029-09-27,Controlled,2022-08-18,Pack: 100ml | Strength: 100mg/5ml | Form: Liquid
1006,Health_Product_1006,9,1,184.44,66.67,BioZen,2029-05-03,Controlled,2022-03-09,Pack: 30 units | Form: Kit
1007,Health_Product_1007,5,1,111.64,76.06,VitalMeds,2026-08-08,Ambient,2022-07-28,Form: Device | Warranty: 24m
1008,Health_Product_1008,9,2,79.43,29.29,LifeLine,2029-11-18,Controlled,2023-08-03,Pack: 20 units | Form: Kit
1009,Health_Product_1009,8,2,54.58,32.55,VitalMeds,2029-08-23,Controlled,2025-05-07,Pack: 20g | Form: Cream
1010,Health_Product_1010,4,4,63.25,23.81,VitalMeds,2029-05-10,Refrigerated,2023-03-18,Pack: 90g | Form: Cream
1011,Health_Product_1011,1,2,294.24,179.87,HealthPlus,2027-08-09,Refrigerated,2023-08-21,Pack: 20 tabs / Strength: 25mg
1012,Health_Product_1012,7,1,58.19,21.1,CuraMax,2026-10-03,Ambient,2025-10-06,Pack: 90g | Form: Bandage
1013,Health_Product_1013,8,1,286.25,189.41,BioZen,2026-02-10,Controlled,2023-10-18,Pack: 10g | Form: Cream
1014,Health_Product_1014,4,4,237.24,123.93,MediCare,2029-03-25,Controlled,2023-10-16,Pack: 10g | Form: Cream
1015,Health_Product_1015,7,5,7.74,2.98,MediCare,2028-02-19,Refrigerated,2023-10-15,Pack: 20g | Form: Bandage
1016,Health_Product_1016,4,2,17.53,10.72,BioZen,2026-08-10,Ambient,2025-01-20,Pack: 30g
1017,Health_Product_1017,7,4,155.62,82.64,CuraMax,2029-11-10,Controlled,2025-04-18,Pack: 90g / Form: Bandage
1018,Health_Product_1018,4,3,55.68,23.42,PharmaCo,2027-09-14,Controlled,2025-11-14,Pack: 30g | Form: Cream
1019,Health_Product_1019,5,3,40.16,14.29,CuraMax,2030-01-16,Ambient,2025-10-29,Form: Device | Warranty: 12m
1020,Health_Product_1020,5,4,127.18,64.18,MediCare,2027-03-25,Refrigerated,2023-04-01,Form: Device
1021,Health_Product_1021,7,4,92.44,35.28,MediCare,2029-10-28,Refrigerated,2023-11-30,Pack: 20g / Form: Bandage
1022,Health_Product_1022,5,5,69.94,26.92,PharmaCo,2026-10-29,Refrigerated,2024-05-04,Form: Device / Warranty: 6m
1023,Health_Product_1023,2,3,81.37,36.53,CuraMax,2026-05-28,Refrigerated,2021-12-19,Form: Tablet / Pack: 10 tabs / Strength: 50mg
1024,Health_Product_1024,8,3,177.83,103.72,LifeLine,2028-09-13,Refrigerated,2024-12-27,Pack: 10g / Form: Cream
1025,Health_Product_1025,8,3,191.05,104.33,BioZen,2026-06-12,Controlled,2024-09-29,Pack: 60g
1026,Health_Product_1026,7,3,132.39,49.72,MediCare,2028-06-20,Refrigerated,2023-12-18,Pack: 10g | Form: Bandage
1027,Health_Product_1027,4,4,39.13,27.72,LifeLine,2026-09-09,Controlled,2023-09-08,Pack: 30g | Form: Cream
1028,Health_Product_1028,3,5,114.25,77.49,LifeLine,2026-12-03,Controlled,2024-04-08,Pack: 10 caps / Strength: 650mg / Form: Capsule
1029,Health_Product_1029,8,1,48.28,21.53,VitalMeds,2028-10-03,Controlled,2023-07-24,Pack: 90g | Form: Cream
1030,Health_Product_1030,7,5,104.1,41.15,PharmaCo,2026-08-11,Refrigerated,2024-05-08,Pack: 10g | Form: Bandage
1031,Health_Product_1031,8,5,92.45,64.59,HealthPlus,2026-09-26,Ambient,2025-09-13,Pack: 90g | Form: Cream
1032,Health_Product_1032,3,3,57.56,29.97,BioZen,2026-12-23,Refrigerated,2024-12-10,Pack: 100 caps | Strength: 25mg | Form: Capsule
1033,Health_Product_1033,4,1,169.38,78.78,HealthPlus,2029-10-24,Ambient,2023-12-27,Pack: 60g | Form: Cream
1034,Health_Product_1034,2,4,150.36,79.91,BioZen,2027-12-31,Ambient,2025-01-29,Strength: 250mg / Pack: 60 tabs
1035,Health_Product_1035,6,3,240.97,153.24,BioZen,2027-01-04,Controlled,2023-10-15,
1036,Health_Product_1036,1,4,86.03,35.47,PharmaCo,2029-01-08,Refrigerated,2024-04-18,Strength: 250mg / Pack: 100 tabs
1037,Health_Product_1037,4,5,108.58,126.89,PharmaCo,2026-12-22,Refrigerated,2025-06-21,Pack: 10g | Form: Cream
1038,Health_Product_1038,9,2,19.17,12.03,LifeLine,2028-09-30,Ambient,2021-12-15,Pack: 20 units | Form: Kit
1039,Health_Product_1039,3,2,289.65,159.18,MediCare,2026-10-31,Refrigerated,2023-10-02,Pack: 90 caps | Strength: 200mg | Form: Capsule
1040,Health_Product_1040,3,5,68.88,46.17,BioZen,2029-06-28,Refrigerated,2023-06-11,Pack: 60 caps / Strength: 50mg / Form: Capsule
1041,Health_Product_1041,2,5,257.36,102.66,MediCare,2029-10-12,Refrigerated,2024-10-19,Pack: 10 tabs | Strength: 100mg | Form: Tablet
1042,Health_Product_1042,5,5,289.97,362.23,LifeLine,2028-11-20,Refrigerated,2025-07-12,Form: Device | Warranty: 24m
1043,Health_Product_1043,2,3,28.61,14.77,MediCare,2028-07-06,Ambient,2025-04-20,Pack: 60 tabs | Strength: 25mg | Form: Tablet
1044,Health_Product_1044,7,2,188.22,95.29,PharmaCo,2027-08-27,Refrigerated,2024-04-14,Pack: 90g | Form: Bandage
1045,Health_Product_1045,4,5,170.99,75.83,PharmaCo,2026-03-06,Ambient,2025-08-09,Pack: 10g | Form: Cream
1046,Health_Product_1046,3,1,203.46,99.24,LifeLine,2027-01-03,Controlled,2022-12-15,
1047,Health_Product_1047,6,5,244.81,95.48,PharmaCo,2027-04-25,Ambient,2025-09-18,
1048,Health_Product_1048,6,1,159.11,70.5,MediCare,2026-12-12,Ambient,2022-12-30,Pack: 450ml / Strength: 250mg/5ml
1049,Health_Product_1049,3,3,139.55,62.89,CuraMax,2026-03-04,Ambient,2023-01-11,
1050,Health_Product_1050,1,1,29.12,17.96,HealthPlus,2027-04-06,Controlled,2024-04-23,
1051,Health_Product_1051,4,4,129.88,47.79,CuraMax,2026-04-06,Refrigerated,2023-02-12,Pack: 10g / Form: Cream
1052,Health_Product_1052,7,3,18.79,11.1,CuraMax,2026-05-08,Controlled,2024-07-11,Pack: 20g / Form: Bandage
1053,Health_Product_1053,5,4,281.65,121.65,PharmaCo,2028-08-10,Controlled,2023-11-11,Form: Device | Warranty: 12m
1054,Health_Product_1054,5,5,245.44,290.1,HealthPlus,2027-10-26,Refrigerated,2022-05-27,Form: Device / Warranty: 6m
1055,Health_Product_1055,4,2,152.92,70.54,MediCare,2029-02-13,Controlled,2025-09-30,Form: Cream / Pack: 10g
1056,Health_Product_1056,3,5,89.56,38.78,LifeLine,2027-01-06,Controlled,2025-04-07,Pack: 90 caps | Strength: 500mg | Form: Capsule
1057,Health_Product_1057,5,5,274.17,151.96,MediCare,2027-12-01,Ambient,2024-02-23,Form: Device | Warranty: 12m
1058,Health_Product_1058,7,1,57.62,27.79,LifeLine,2027-08-13,Controlled,2022-12-23,Form: Bandage / Pack: 10g
1059,Health_Product_1059,6,1,179.65,127.09,LifeLine,2029-03-28,Ambient,2023-05-20,Strength: 250mg/5ml / Form: Liquid / Pack: 100ml
1060,Health_Product_1060,2,4,22.69,16.03,MediCare,2029-08-28,Ambient,2022-10-02,Pack: 100 tabs | Strength: 650mg | Form: Tablet
1061,Health_Product_1061,6,4,174.31,89.63,BioZen,2029-07-24,Controlled,2025-04-26,Pack: 100ml / Strength: 250mg/5ml
1062,Health_Product_1062,9,1,117.56,75.73,HealthPlus,2027-06-04,Ambient,2025-11-26,Pack: 60 units | Form: Kit
1063,Health_Product_1063,4,5,230.28,81.73,PharmaCo,2029-02-13,Ambient,2025-01-21,Pack: 90g / Form: Cream
1064,Health_Product_1064,2,1,124.36,68.73,HealthPlus,2027-12-28,Controlled,2025-06-23,Pack: 90 tabs / Strength: 25mg / Form: Tablet
1065,Health_Product_1065,8,4,56.29,35.18,VitalMeds,2029-03-13,Ambient,2022-12-15,Form: Cream / Pack: 20g
1066,Health_Product_1066,6,4,294.56,126.74,LifeLine,2029-04-20,Ambient,2023-08-25,Pack: 100ml | Strength: 200mg/5ml | Form: Liquid
1067,Health_Product_1067,8,2,61.52,22.92,BioZen,2026-08-28,Refrigerated,2024-11-17,Pack: 20g | Form: Cream
1068,Health_Product_1068,6,3,39.25,16.0,BioZen,2026-12-09,Controlled,2024-08-26,Pack: 500ml | Strength: 25mg/5ml | Form: Liquid
1069,Health_Product_1069,2,5,219.88,112.9,LifeLine,2028-12-12,Refrigerated,2022-09-09,Pack: 60 tabs | Strength: 500mg | Form: Tablet
1070,Health_Product_1070,8,3,70.02,37.63,HealthPlus,2026-09-30,Refrigerated,2023-08-06,Pack: 20g
1071,Health_Product_1071,6,1,15.87,7.79,BioZen,2027-11-04,Controlled,2025-02-05,Pack: 500ml / Strength: 500mg/5ml
1072,Health_Product_1072,8,4,101.96,52.28,LifeLine,2028-10-12,Refrigerated,2022-09-02,Pack: 60g | Form: Cream
1073,Health_Product_1073,3,5,23.26,12.19,CuraMax,2026-11-07,Controlled,2022-09-20,Pack: 10 caps | Strength: 50mg | Form: Capsule
1074,Health_Product_1074,6,3,292.78,185.82,LifeLine,2029-03-31,Ambient,2025-10-26,
1075,Health_Product_1075,9,2,72.42,28.17,HealthPlus,2027-08-28,Ambient,2021-12-28,Pack: 10 units / Form: Kit
1076,Health_Product_1076,1,3,184.63,117.15,PharmaCo,2028-09-26,Ambient,2025-06-24,Form: Tablet / Strength: 250mg / Pack: 10 tabs
1077,Health_Product_1077,8,1,216.86,131.16,CuraMax,2027-05-20,Controlled,2024-09-10,Pack: 60g | Form: Cream
1078,Health_Product_1078,5,4,249.33,155.69,MediCare,2030-01-09,Controlled,2022-05-19,
1079,Health_Product_1079,1,3,255.15,158.64,PharmaCo,2027-05-25,Refrigerated,2023-08-03,Pack: 100 tabs | Strength: 500mg | Form: Tablet
1080,Health_Product_1080,3,4,277.49,145.44,VitalMeds,2026-11-24,Ambient,2022-08-08,Pack: 90 caps / Strength: 50mg / Form: Capsule
1081,Health_Product_1081,5,2,240.18,102.85,HealthPlus,2029-01-30,Ambient,2024-05-14,Form: Device | Warranty: 12m
1082,Health_Product_1082,5,3,222.1,121.83,HealthPlus,2027-11-03,Refrigerated,2025-08-11,Form: Device | Warranty: 24m
1083,Health_Product_1083,9,3,106.7,75.17,MediCare,2027-05-16,Refrigerated,2023-02-22,Pack: 60 units
1084,Health_Product_1084,4,5,62.49,35.48,HealthPlus,2026-07-10,Controlled,2024-07-03,Pack: 60g | Form: Cream
1085,Health_Product_1085,9,3,150.47,53.28,HealthPlus,2029-10-20,Controlled,2024-01-26,Pack: 60 units | Form: Kit
1086,Health_Product_1086,7,2,41.34,15.38,PharmaCo,2027-12-14,Ambient,2022-10-27,Pack: 30g | Form: Bandage
1087,Health_Product_1087,7,1,138.05,99.03,BioZen,2027-12-31,Ambient,2022-09-25,Pack: 30g
1088,Health_Product_1088,7,2,216.54,81.55,VitalMeds,2026-11-01,Refrigerated,2024-03-06,Pack: 60g / Form: Bandage
1089,Health_Product_1089,9,2,174.13,63.91,CuraMax,2026-10-17,Controlled,2025-03-31,Pack: 90 units | Form: Kit
1090,Health_Product_1090,9,3,39.62,19.04,LifeLine,2029-01-02,Refrigerated,2025-08-23,Pack: 100 units / Form: Kit
1091,Health_Product_1091,4,4,145.06,102.8,BioZen,2029-11-05,Ambient,2024-06-08,Pack: 60g | Form: Cream
1092,Health_Product_1092,2,3,7.48,3.5,MediCare,2028-11-05,Ambient,2022-11-17,
1093,Health_Product_1093,2,5,196.32,98.49,LifeLine,2028-10-07,Refrigerated,2025-05-08,Pack: 60 tabs / Strength: 100mg
1094,Health_Product_1094,4,3,233.8,136.68,MediCare,2026-05-12,Ambient,2025-02-15,Pack: 100g / Form: Cream
1095,Health_Product_1095,1,5,76.54,27.47,CuraMax,2029-12-22,Controlled,2024-10-15,Pack: 20 tabs / Strength: 25mg / Form: Tablet
1096,Health_Product_1096,8,3,48.01,32.75,PharmaCo,2026-01-07,Refrigerated,2022-07-18,Pack: 20g | Form: Cream
1097,Health_Product_1097,4,4,232.12,125.85,VitalMeds,2026-10-07,Refrigerated,2024-01-01,Pack: 60g | Form: Cream
1098,Health_Product_1098,2,2,229.95,120.2,LifeLine,2026-09-14,Controlled,2024-03-23,Pack: 60 tabs | Strength: 650mg | Form: Tablet
1099,Health_Product_1099,2,2,97.18,64.96,VitalMeds,2028-08-06,Refrigerated,2025-02-03,Pack: 100 tabs | Strength: 50mg | Form: Tablet
1100,Health_Product_1100,2,1,111.58,78.4,BioZen,2027-01-04,Controlled,2025-03-25,Pack: 10 tabs | Strength: 100mg | Form: Tablet
1101,Health_Product_1101,9,1,110.78,56.13,CuraMax,2029-10-20,Controlled,2025-05-04,Pack: 30 units | Form: Kit
1102,Health_Product_1102,4,2,245.99,101.79,HealthPlus,2027-05-05,Ambient,2025-11-21,Pack: 10g
1103,Health_Product_1103,1,2,13.51,8.81,MediCare,2029-08-15,Refrigerated,2025-03-15,Pack: 60 tabs | Strength: 650mg | Form: Tablet
1104,Health_Product_1104,8,3,213.31,106.49,HealthPlus,2028-04-05,Controlled,2025-03-26,Pack: 90g / Form: Cream
1105,Health_Product_1105,9,2,134.88,93.9,PharmaCo,2027-12-21,Ambient,2023-05-13,Pack: 10 units / Form: Kit
1106,Health_Product_1106,5,3,90.48,63.47,MediCare,2026-08-03,Refrigerated,2022-09-11,Form: Device
1107,Health_Product_1107,6,4,158.55,62.23,LifeLine,2026-11-18,Controlled,2021-11-29,
1108,Health_Product_1108,2,4,263.23,185.29,BioZen,2027-11-13,Controlled,2022-01-26,Pack: 90 tabs | Strength: 500mg | Form: Tablet
1109,Health_Product_1109,7,4,180.4,87.72,PharmaCo,2026-03-09,Controlled,2023-08-29,Pack: 90g
1110,Health_Product_1110,5,1,231.31,136.27,CuraMax,2027-03-17,Controlled,2023-07-29,Form: Device | Warranty: 24m
1111,Health_Product_1111,8,2,253.8,92.09,PharmaCo,2029-05-17,Refrigerated,2023-08-31,Pack: 20g | Form: Cream
1112,Health_Product_1112,9,1,170.64,115.85,MediCare,2029-07-13,Ambient,2023-09-20,Pack: 100 units
1113,Health_Product_1113,6,3,155.61,91.4,MediCare,2026-08-27,Refrigerated,2025-07-03,Pack: 50ml / Strength: 200mg/5ml / Form: Liquid
1114,Health_Product_1114,9,3,210.55,123.83,BioZen,2029-03-29,Refrigerated,2022-01-18,Pack: 90 units | Form: Kit
1115,Health_Product_1115,4,5,62.8,42.94,CuraMax,2025-12-27,Ambient,2025-06-23,Pack: 10g | Form: Cream
1116,Health_Product_1116,5,1,19.93,23.86,BioZen,2026-11-05,Ambient,2024-09-14,Form: Device / Warranty: 6m
1117,Health_Product_1117,5,2,116.99,58.72,HealthPlus,2026-09-08,Refrigerated,2023-02-05,Form: Device | Warranty: 24m
1118,Health_Product_1118,2,3,154.85,103.82,BioZen,2029-07-24,Ambient,2023-09-08,Pack: 90 tabs | Strength: 50mg | Form: Tablet
1119,Health_Product_1119,6,3,277.9,173.6,PharmaCo,2026-05-17,Ambient,2022-09-03,Pack: 150ml | Strength: 500mg/5ml | Form: Liquid
1120,Health_Product_1120,3,2,60.74,42.59,CuraMax,2028-04-05,Controlled,2023-12-16,
1121,Health_Product_1121,9,1,15.98,11.15,LifeLine,2029-07-05,Ambient,2025-04-23,Pack: 60 units / Form: Kit
1122,Health_Product_1122,3,1,264.68,130.08,PharmaCo,2026-12-24,Controlled,2022-07-31,Strength: 200mg / Form: Capsule / Pack: 100 caps
1123,Health_Product_1123,1,5,271.31,139.83,CuraMax,2026-03-14,Refrigerated,2023-11-26,
1124,Health_Product_1124,5,5,71.54,31.81,VitalMeds,2028-04-10,Ambient,2022-03-11,Form: Device / Warranty: 24m
1125,Health_Product_1125,2,2,264.72,157.36,PharmaCo,2028-11-09,Ambient,2021-11-06,Pack: 90 tabs | Strength: 250mg | Form: Tablet
1126,Health_Product_1126,9,4,81.85,39.69,CuraMax,2029-07-04,Ambient,2025-09-18,Pack: 30 units | Form: Kit
1127,Health_Product_1127,3,2,188.2,120.61,HealthPlus,2026-06-07,Ambient,2024-03-19,Pack: 10 caps | Strength: 250mg | Form: Capsule
1128,Health_Product_1128,6,5,275.78,108.93,CuraMax,2026-01-08,Ambient,2024-10-01,Pack: 100ml | Strength: 100mg/5ml | Form: Liquid
1129,Health_Product_1129,6,2,294.82,115.88,PharmaCo,2028-11-08,Ambient,2023-01-02,Pack: 300ml | Strength: 50mg/5ml | Form: Liquid
1130,Health_Product_1130,1,2,24.79,10.55,BioZen,2030-01-12,Refrigerated,2021-11-23,Pack: 100 tabs | Strength: 50mg | Form: Tablet
1131,Health_Product_1131,7,5,248.55,94.74,VitalMeds,2027-06-27,Ambient,2025-08-14,Pack: 100g | Form: Bandage
1132,Health_Product_1132,7,1,230.63,133.63,LifeLine,2025-12-25,Controlled,2025-07-16,Pack: 20g / Form: Bandage
1133,Health_Product_1133,1,5,29.5,11.93,LifeLine,2029-10-09,Refrigerated,2024-03-01,Pack: 100 tabs / Strength: 50mg
1134,Health_Product_1134,3,5,214.38,87.72,LifeLine,2026-02-07,Ambient,2023-04-01,Pack: 100 caps | Strength: 200mg | Form: Capsule
1135,Health_Product_1135,8,1,116.49,41.38,CuraMax,2027-10-28,Ambient,2024-07-11,Pack: 90g | Form: Cream
1136,Health_Product_1136,3,3,157.68,204.73,MediCare,2026-11-25,Controlled,2023-11-24,Pack: 20 caps | Strength: 250mg | Form: Capsule
1137,Health_Product_1137,7,2,235.26,153.05,HealthPlus,2029-10-17,Ambient,2025-08-20,Pack: 10g | Form: Bandage
1138,Health_Product_1138,8,1,185.95,76.23,VitalMeds,2030-01-06,Ambient,2025-05-04,Pack: 60g
1139,Health_Product_1139,7,5,178.94,111.59,MediCare,2026-07-11,Ambient,2025-10-25,Pack: 60g | Form: Bandage
1140,Health_Product_1140,3,2,284.25,145.08,LifeLine,2029-05-25,Ambient,2025-01-26,Pack: 30 caps | Strength: 200mg | Form: Capsule
1141,Health_Product_1141,6,3,202.11,88.66,MediCare,2028-09-11,Ambient,2024-01-05,Pack: 500ml / Strength: 100mg/5ml / Form: Liquid
1142,Health_Product_1142,5,5,103.2,59.85,MediCare,2029-07-29,Ambient,2024-01-22,
1143,Health_Product_1143,6,5,55.41,23.05,BioZen,2026-11-02,Refrigerated,2023-10-30,Pack: 500ml | Strength: 500mg/5ml | Form: Liquid
1144,Health_Product_1144,7,5,97.39,61.36,PharmaCo,2026-05-12,Ambient,2024-05-01,
1145,Health_Product_1145,6,3,95.4,35.07,PharmaCo,2029-06-30,Controlled,2023-03-13,Pack: 450ml | Strength: 50mg/5ml | Form: Liquid
1146,Health_Product_1146,8,5,151.73,106.95,HealthPlus,2028-09-20,Refrigerated,2022-06-07,Pack: 100g | Form: Cream
1147,Health_Product_1147,6,2,113.93,42.91,MediCare,2027-08-14,Controlled,2023-02-06,Strength: 50mg/5ml / Pack: 450ml / Form: Liquid
1148,Health_Product_1148,5,3,41.76,53.49,CuraMax,2026-10-09,Ambient,2025-07-21,Form: Device / Warranty: 12m
1149,Health_Product_1149,1,5,95.09,65.02,BioZen,2029-04-24,Refrigerated,2023-05-28,Strength: 250mg / Form: Tablet / Pack: 90 tabs
1150,Health_Product_1150,3,3,103.41,36.65,MediCare,2026-10-07,Refrigerated,2025-07-17,Pack: 60 caps | Strength: 500mg | Form: Capsule
1151,Health_Product_1151,7,3,55.42,29.62,LifeLine,2029-12-10,Refrigerated,2021-12-08,
1152,Health_Product_1152,2,5,200.82,213.96,HealthPlus,2026-11-27,Controlled,2022-05-02,Pack: 60 tabs | Strength: 200mg | Form: Tablet
1153,Health_Product_1153,9,2,215.77,121.85,CuraMax,2027-06-09,Ambient,2022-01-27,Pack: 90 units | Form: Kit
1154,Health_Product_1154,7,4,89.79,38.92,MediCare,2028-01-01,Ambient,2022-04-11,Form: Bandage / Pack: 20g
1155,Health_Product_1155,3,3,246.99,92.38,BioZen,2026-10-14,Controlled,2024-02-10,Pack: 100 caps / Strength: 500mg / Form: Capsule
1156,Health_Product_1156,4,3,8.57,4.98,MediCare,2029-06-27,Ambient,2021-11-26,Pack: 100g / Form: Cream
1157,Health_Product_1157,6,5,33.27,16.78,BioZen,2026-03-11,Refrigerated,2025-12-03,
1158,Health_Product_1158,2,3,188.66,109.48,CuraMax,2028-07-03,Controlled,2021-12-18,Pack: 30 tabs | Strength: 500mg | Form: Tablet
1159,Health_Product_1159,9,5,123.62,52.9,MediCare,2029-11-06,Refrigerated,2022-01-09,Pack: 10 units | Form: Kit
1160,Health_Product_1160,1,4,252.64,120.09,MediCare,2027-04-24,Refrigerated,2024-01-18,Pack: 10 tabs | Strength: 25mg | Form: Tablet
1161,Health_Product_1161,8,5,185.15,103.28,MediCare,2027-04-27,Refrigerated,2025-01-04,Pack: 90g | Form: Cream
1162,Health_Product_1162,2,2,47.2,60.01,PharmaCo,2026-12-26,Controlled,2022-03-22,Pack: 20 tabs | Strength: 200mg | Form: Tablet
1163,Health_Product_1163,4,5,276.57,134.9,LifeLine,2026-06-04,Refrigerated,2023-11-30,Pack: 90g | Form: Cream
1164,Health_Product_1164,4,2,246.19,111.68,HealthPlus,2025-12-28,Refrigerated,2022-04-08,Pack: 60g | Form: Cream
1165,Health_Product_1165,7,5,173.76,78.41,LifeLine,2028-03-13,Controlled,2024-07-02,Pack: 100g | Form: Bandage
1166,Health_Product_1166,4,4,237.15,268.67,CuraMax,2027-09-10,Ambient,2023-04-12,
1167,Health_Product_1167,7,3,200.26,94.2,HealthPlus,2027-06-19,Ambient,2025-04-06,Pack: 90g | Form: Bandage
1168,Health_Product_1168,7,5,94.55,40.07,CuraMax,2029-01-17,Refrigerated,2025-11-14,Pack: 20g | Form: Bandage
1169,Health_Product_1169,2,3,163.32,95.46,MediCare,2027-08-16,Controlled,2024-05-26,
1170,Health_Product_1170,2,3,43.69,24.49,LifeLine,2027-03-10,Refrigerated,2024-04-26,Pack: 100 tabs | Strength: 50mg | Form: Tablet
1171,Health_Product_1171,6,5,117.61,57.81,PharmaCo,2029-03-25,Refrigerated,2023-02-16,Pack: 500ml | Strength: 250mg/5ml | Form: Liquid
1172,Health_Product_1172,6,5,189.16,89.01,BioZen,2027-06-28,Ambient,2022-12-16,Pack: 300ml | Strength: 50mg/5ml | Form: Liquid
1173,Health_Product_1173,2,3,7.25,3.17,VitalMeds,2029-09-25,Controlled,2025-03-23,Strength: 100mg / Form: Tablet / Pack: 90 tabs
1174,Health_Product_1174,5,1,232.31,127.33,VitalMeds,2029-07-06,Refrigerated,2023-07-13,Form: Device / Warranty: 12m
1175,Health_Product_1175,6,2,28.39,19.59,PharmaCo,2027-08-30,Refrigerated,2025-10-08,Pack: 300ml | Strength: 500mg/5ml | Form: Liquid
1176,Health_Product_1176,3,1,212.09,236.31,MediCare,2029-11-27,Refrigerated,2025-09-15,Pack: 100 caps / Strength: 650mg / Form: Capsule
1177,Health_Product_1177,2,3,282.63,176.77,PharmaCo,2028-09-18,Ambient,2025-11-04,Pack: 60 tabs | Strength: 500mg | Form: Tablet
1178,Health_Product_1178,5,3,209.26,137.84,CuraMax,2028-09-16,Refrigerated,2023-10-27,Form: Device / Warranty: 24m
1179,Health_Product_1179,1,5,246.97,118.57,VitalMeds,2028-06-19,Ambient,2023-09-13,Pack: 100 tabs | Strength: 200mg | Form: Tablet
1180,Health_Product_1180,9,5,240.09,89.62,VitalMeds,2029-10-20,Controlled,2024-03-27,Pack: 20 units | Form: Kit
1181,Health_Product_1181,5,3,250.78,145.54,VitalMeds,2027-06-16,Ambient,2022-04-16,Form: Device / Warranty: 6m
1182,Health_Product_1182,8,4,183.23,76.92,PharmaCo,2027-01-04,Ambient,2021-12-31,Pack: 60g / Form: Cream
1183,Health_Product_1183,4,5,209.91,117.66,VitalMeds,2028-05-02,Ambient,2022-12-19,Pack: 60g / Form: Cream
1184,Health_Product_1184,7,3,194.16,121.08,LifeLine,2028-09-13,Ambient,2023-10-16,Pack: 10g | Form: Bandage
1185,Health_Product_1185,3,5,272.33,174.28,BioZen,2026-12-20,Ambient,2022-11-04,Pack: 90 caps | Strength: 100mg | Form: Capsule
1186,Health_Product_1186,4,5,244.66,112.95,CuraMax,2028-03-15,Controlled,2022-08-15,Pack: 10g | Form: Cream
1187,Health_Product_1187,9,3,128.11,69.13,MediCare,2027-12-06,Ambient,2025-05-23,Pack: 60 units | Form: Kit
1188,Health_Product_1188,3,2,74.04,42.93,BioZen,2026-02-17,Controlled,2022-02-09,Pack: 90 caps / Strength: 100mg / Form: Capsule
1189,Health_Product_1189,3,2,50.59,64.43,PharmaCo,2026-09-25,Ambient,2025-04-18,Pack: 30 caps | Strength: 25mg | Form: Capsule
1190,Health_Product_1190,5,1,236.39,149.33,LifeLine,2027-09-23,Ambient,2023-07-04,Form: Device | Warranty: 12m
1191,Health_Product_1191,4,3,231.98,165.99,CuraMax,2027-11-28,Refrigerated,2022-12-08,Pack: 30g
1192,Health_Product_1192,4,4,57.72,20.37,MediCare,2027-11-21,Ambient,2022-12-11,Pack: 90g | Form: Cream
1193,Health_Product_1193,9,4,122.9,62.91,PharmaCo,2026-10-05,Refrigerated,2023-03-10,Form: Kit / Pack: 60 units
1194,Health_Product_1194,1,1,9.22,10.8,HealthPlus,2026-10-19,Ambient,2025-05-22,Pack: 100 tabs | Strength: 250mg | Form: Tablet
1195,Health_Product_1195,1,4,237.71,93.74,CuraMax,2027-08-18,Ambient,2024-06-29,Pack: 10 tabs | Strength: 250mg | Form: Tablet
1196,Health_Product_1196,4,1,17.52,12.04,VitalMeds,2029-04-08,Ambient,2025-03-29,
1197,Health_Product_1197,5,1,165.56,119.08,PharmaCo,2029-07-13,Ambient,2024-03-14,Form: Device / Warranty: 24m
1198,Health_Product_1198,1,2,270.37,112.7,HealthPlus,2027-11-05,Controlled,2022-07-06,Pack: 10 tabs / Strength: 500mg / Form: Tablet
1199,Health_Product_1199,6,4,256.72,93.5,LifeLine,2028-07-30,Ambient,2024-04-29,Pack: 450ml | Strength: 200mg/5ml | Form: Liquid
1200,Health_Product_1200,2,4,68.43,30.91,LifeLine,2028-01-24,Refrigerated,2023-10-08,Pack: 60 tabs | Strength: 100mg | Form: Tablet
1201,Health_Product_1201,4,3,34.33,22.62,HealthPlus,2028-05-23,Refrigerated,2024-02-04,
1202,Health_Product_1202,9,2,126.22,57.9,BioZen,2028-09-12,Controlled,2023-10-29,Pack: 90 units | Form: Kit
1203,Health_Product_1203,5,5,184.19,68.34,LifeLine,2028-07-07,Ambient,2024-11-23,Form: Device | Warranty: 12m
1204,Health_Product_1204,6,2,149.13,55.09,PharmaCo,2026-07-12,Ambient,2022-10-25,Pack: 450ml | Strength: 50mg/5ml | Form: Liquid
1205,Health_Product_1205,1,2,260.15,132.19,BioZen,2028-04-26,Refrigerated,2024-03-20,Strength: 100mg / Form: Tablet / Pack: 20 tabs
1206,Health_Product_1206,8,5,205.44,142.73,BioZen,2029-11-18,Ambient,2022-01-10,Pack: 90g | Form: Cream
1207,Health_Product_1207,3,3,255.77,116.58,CuraMax,2026-10-11,Ambient,2025-08-27,Pack: 60 caps | Strength: 50mg | Form: Capsule
1208,Health_Product_1208,9,3,19.72,10.02,LifeLine,2026-02-04,Ambient,2024-11-13,Pack: 10 units | Form: Kit
1209,Health_Product_1209,5,4,288.23,111.75,PharmaCo,2028-10-11,Ambient,2023-11-06,Form: Device | Warranty: 6m
1210,Health_Product_1210,2,3,9.7,5.17,LifeLine,2027-10-06,Ambient,2025-11-12,
1211,Health_Product_1211,9,3,124.62,75.73,CuraMax,2029-07-27,Refrigerated,2022-08-17,Pack: 20 units | Form: Kit
1212,Health_Product_1212,6,3,159.33,71.75,PharmaCo,2030-01-07,Controlled,2024-02-14,Pack: 300ml | Strength: 250mg/5ml | Form: Liquid
1213,Health_Product_1213,2,3,63.08,29.0,HealthPlus,2028-11-27,Ambient,2023-09-22,Pack: 20 tabs | Strength: 100mg | Form: Tablet
1214,Health_Product_1214,3,5,84.44,55.86,BioZen,2026-11-20,Controlled,2025-01-14,Pack: 10 caps | Strength: 500mg | Form: Capsule
1215,Health_Product_1215,2,1,124.2,43.95,HealthPlus,2027-04-19,Ambient,2021-11-21,Form: Tablet / Pack: 90 tabs / Strength: 200mg
1216,Health_Product_1216,4,5,26.9,15.75,HealthPlus,2026-12-13,Controlled,2023-01-20,Pack: 90g | Form: Cream
1217,Health_Product_1217,5,2,206.12,102.18,PharmaCo,2027-12-16,Ambient,2024-02-05,Form: Device | Warranty: 6m
1218,Health_Product_1218,7,1,233.77,107.63,LifeLine,2029-06-07,Ambient,2025-09-20,Pack: 100g | Form: Bandage
1219,Health_Product_1219,9,3,127.72,75.78,CuraMax,2029-01-25,Controlled,2023-12-21,
1220,Health_Product_1220,5,2,287.22,189.23,HealthPlus,2028-01-25,Ambient,2023-12-19,Form: Device / Warranty: 24m
1221,Health_Product_1221,4,3,161.81,90.06,BioZen,2027-11-22,Controlled,2022-08-27,
1222,Health_Product_1222,5,1,176.35,63.75,CuraMax,2029-02-24,Controlled,2022-06-24,Form: Device | Warranty: 12m
1223,Health_Product_1223,7,1,28.33,14.75,MediCare,2027-12-29,Ambient,2025-05-25,Pack: 100g | Form: Bandage
1224,Health_Product_1224,7,1,108.31,56.45,LifeLine,2027-06-09,Controlled,2023-09-23,Pack: 60g | Form: Bandage
1225,Health_Product_1225,5,1,174.43,96.15,MediCare,2027-04-02,Ambient,2025-07-22,Form: Device
1226,Health_Product_1226,8,5,95.15,56.92,MediCare,2029-06-14,Controlled,2023-01-11,Pack: 60g
1227,Health_Product_1227,9,5,73.42,26.22,BioZen,2027-05-04,Refrigerated,2022-09-28,
1228,Health_Product_1228,8,4,154.57,82.81,HealthPlus,2027-11-08,Controlled,2023-08-30,Pack: 100g | Form: Cream
1229,Health_Product_1229,4,3,262.66,149.11,PharmaCo,2029-04-07,Refrigerated,2023-08-26,
1230,Health_Product_1230,1,2,261.81,124.89,LifeLine,2028-01-19,Ambient,2022-06-23,Pack: 10 tabs / Strength: 250mg / Form: Tablet
1231,Health_Product_1231,4,3,60.54,36.16,VitalMeds,2026-10-20,Ambient,2024-03-05,Pack: 90g | Form: Cream
1232,Health_Product_1232,5,2,50.78,58.59,HealthPlus,2028-12-23,Ambient,2024-02-23,Form: Device | Warranty: 6m
1233,Health_Product_1233,8,4,49.76,23.26,CuraMax,2027-01-24,Refrigerated,2023-06-07,Pack: 90g | Form: Cream
1234,Health_Product_1234,6,2,84.36,59.58,CuraMax,2029-10-31,Controlled,2022-07-06,Pack: 450ml / Form: Liquid / Strength: 50mg/5ml
1235,Health_Product_1235,4,2,256.13,122.63,PharmaCo,2027-12-26,Ambient,2022-04-02,Pack: 90g
1236,Health_Product_1236,7,4,91.66,43.83,BioZen,2026-08-21,Ambient,2022-06-04,Pack: 100g
1237,Health_Product_1237,5,5,187.27,106.82,BioZen,2026-12-07,Controlled,2023-06-06,Form: Device | Warranty: 24m
1238,Health_Product_1238,5,3,56.65,40.18,MediCare,2027-08-31,Controlled,2025-09-28,Form: Device | Warranty: 6m
1239,Health_Product_1239,7,2,22.33,25.05,MediCare,2026-10-31,Refrigerated,2025-02-19,Pack: 20g | Form: Bandage
1240,Health_Product_1240,7,5,148.76,83.97,VitalMeds,2028-07-23,Refrigerated,2021-12-30,Pack: 10g / Form: Bandage
1241,Health_Product_1241,7,3,240.2,84.17,VitalMeds,2029-03-04,Ambient,2023-08-18,Pack: 10g | Form: Bandage
1242,Health_Product_1242,3,4,179.04,122.33,PharmaCo,2027-01-05,Refrigerated,2024-02-08,Pack: 100 caps | Strength: 200mg | Form: Capsule
1243,Health_Product_1243,9,2,123.84,69.47,LifeLine,2026-05-07,Ambient,2022-03-05,Pack: 20 units
1244,Health_Product_1244,8,3,117.11,56.85,LifeLine,2028-04-24,Controlled,2025-12-12,Pack: 30g | Form: Cream
1245,Health_Product_1245,7,5,269.81,177.21,MediCare,2029-03-06,Refrigerated,2024-12-03,Pack: 20g | Form: Bandage
1246,Health_Product_1246,7,4,100.06,49.82,VitalMeds,2026-01-16,Ambient,2025-03-29,Pack: 100g | Form: Bandage
1247,Health_Product_1247,2,1,16.41,5.95,CuraMax,2027-09-12,Ambient,2023-11-28,Pack: 30 tabs | Strength: 200mg | Form: Tablet
1248,Health_Product_1248,1,4,25.23,16.5,MediCare,2026-02-12,Controlled,2023-03-31,Pack: 90 tabs | Strength: 50mg | Form: Tablet
1249,Health_Product_1249,4,1,144.78,79.91,HealthPlus,2026-06-06,Ambient,2022-01-17,Pack: 30g | Form: Cream
1250,Health_Product_1250,6,1,116.1,55.16,VitalMeds,2027-10-11,Ambient,2025-10-02,Pack: 100ml | Strength: 100mg/5ml | Form: Liquid
1251,Health_Product_1251,4,5,109.1,48.31,VitalMeds,2029-09-25,Refrigerated,2024-03-12,Pack: 20g | Form: Cream
1252,Health_Product_1252,3,5,145.69,83.0,MediCare,2026-11-03,Controlled,2024-03-11,
1253,Health_Product_1253,6,4,191.91,81.94,CuraMax,2026-06-20,Refrigerated,2024-08-13,Pack: 50ml | Strength: 250mg/5ml | Form: Liquid
1254,Health_Product_1254,1,1,60.91,28.62,CuraMax,2027-07-11,Ambient,2022-07-15,Pack: 10 tabs | Strength: 650mg | Form: Tablet
1255,Health_Product_1255,6,2,22.42,13.13,VitalMeds,2027-01-10,Ambient,2022-05-07,Pack: 450ml | Strength: 250mg/5ml | Form: Liquid
1256,Health_Product_1256,4,2,124.31,84.05,HealthPlus,2028-08-28,Controlled,2022-07-13,Pack: 60g | Form: Cream
1257,Health_Product_1257,8,5,249.92,136.75,VitalMeds,2029-09-21,Controlled,2025-01-16,Pack: 60g | Form: Cream
1258,Health_Product_1258,2,5,94.79,59.8,CuraMax,2027-06-26,Controlled,2023-07-30,
1259,Health_Product_1259,7,4,39.25,24.82,HealthPlus,2028-09-17,Controlled,2023-12-29,Pack: 90g
1260,Health_Product_1260,7,1,292.05,174.01,LifeLine,2029-12-01,Controlled,2022-10-13,Pack: 60g | Form: Bandage
1261,Health_Product_1261,1,5,187.6,82.72,HealthPlus,2028-10-18,Refrigerated,2025-05-12,Pack: 60 tabs / Strength: 100mg / Form: Tablet
1262,Health_Product_1262,8,3,25.32,16.98,HealthPlus,2028-07-21,Refrigerated,2025-11-25,Pack: 20g | Form: Cream
1263,Health_Product_1263,9,3,263.42,134.72,BioZen,2029-01-08,Refrigerated,2022-04-09,Pack: 100 units | Form: Kit
1264,Health_Product_1264,2,2,275.77,101.03,CuraMax,2026-11-06,Ambient,2025-10-29,Pack: 60 tabs / Strength: 100mg / Form: Tablet
1265,Health_Product_1265,7,4,240.93,106.13,BioZen,2026-08-18,Ambient,2024-02-15,Pack: 100g | Form: Bandage
1266,Health_Product_1266,6,5,247.73,312.73,CuraMax,2026-09-22,Controlled,2024-04-09,Pack: 450ml / Form: Liquid / Strength: 250mg/5ml
1267,Health_Product_1267,2,3,210.74,79.15,MediCare,2029-01-20,Refrigerated,2024-12-29,Pack: 20 tabs | Strength: 250mg | Form: Tablet
1268,Health_Product_1268,6,4,36.38,14.72,MediCare,2026-11-11,Controlled,2025-04-12,Pack: 300ml | Strength: 50mg/5ml | Form: Liquid
1269,Health_Product_1269,9,1,238.02,144.45,PharmaCo,2029-02-10,Controlled,2025-09-02,Pack: 20 units | Form: Kit
1270,Health_Product_1270,3,2,257.23,174.98,BioZen,2026-11-08,Refrigerated,2022-02-27,Strength: 25mg / Form: Capsule / Pack: 60 caps
1271,Health_Product_1271,1,3,61.73,36.08,HealthPlus,2027-10-23,Refrigerated,2023-08-24,Pack: 60 tabs | Strength: 100mg | Form: Tablet
1272,Health_Product_1272,1,3,246.0,106.33,MediCare,2026-09-17,Controlled,2022-04-09,Form: Tablet / Pack: 100 tabs / Strength: 250mg
1273,Health_Product_1273,8,2,109.18,40.37,BioZen,2026-03-03,Controlled,2022-12-05,Pack: 100g / Form: Cream
1274,Health_Product_1274,7,3,102.58,59.25,CuraMax,2028-04-25,Ambient,2022-03-15,
1275,Health_Product_1275,2,1,77.38,28.44,MediCare,2029-12-23,Controlled,2022-07-29,Pack: 20 tabs | Strength: 250mg | Form: Tablet
1276,Health_Product_1276,8,4,123.84,71.42,VitalMeds,2026-01-26,Ambient,2022-08-20,Pack: 10g | Form: Cream
1277,Health_Product_1277,5,1,274.92,119.17,VitalMeds,2027-07-11,Ambient,2024-05-20,Form: Device | Warranty: 12m
1278,Health_Product_1278,9,4,13.79,9.44,CuraMax,2026-04-08,Refrigerated,2022-12-30,Pack: 90 units | Form: Kit
1279,Health_Product_1279,4,5,184.44,96.98,CuraMax,2026-11-13,Controlled,2024-10-01,Pack: 100g | Form: Cream
1280,Health_Product_1280,5,3,78.1,33.81,LifeLine,2029-10-10,Refrigerated,2025-06-28,Form: Device
1281,Health_Product_1281,8,4,93.2,62.04,LifeLine,2029-08-06,Refrigerated,2023-03-04,Pack: 30g | Form: Cream
1282,Health_Product_1282,9,5,125.8,55.85,VitalMeds,2027-12-02,Refrigerated,2025-03-22,
1283,Health_Product_1283,3,1,110.3,123.92,VitalMeds,2026-11-30,Ambient,2022-01-27,Pack: 20 caps | Strength: 100mg | Form: Capsule
1284,Health_Product_1284,6,1,7.22,4.76,PharmaCo,2026-05-31,Ambient,2025-05-04,Pack: 450ml | Strength: 250mg/5ml | Form: Liquid
1285,Health_Product_1285,8,5,148.93,69.14,CuraMax,2026-01-05,Ambient,2025-04-09,Form: Cream / Pack: 20g
1286,Health_Product_1286,1,1,225.44,113.12,HealthPlus,2027-03-06,Refrigerated,2024-07-23,Pack: 30 tabs / Strength: 200mg / Form: Tablet
1287,Health_Product_1287,7,4,145.8,69.79,LifeLine,2026-02-01,Ambient,2024-08-02,Form: Bandage / Pack: 30g
1288,Health_Product_1288,8,1,202.49,79.59,BioZen,2028-04-29,Refrigerated,2024-09-30,Pack: 60g
1289,Health_Product_1289,3,2,8.93,3.25,MediCare,2026-10-26,Controlled,2022-01-04,Pack: 30 caps | Strength: 25mg | Form: Capsule
1290,Health_Product_1290,7,4,182.96,113.08,VitalMeds,2027-05-29,Ambient,2025-10-16,Pack: 20g / Form: Bandage
1291,Health_Product_1291,2,3,102.53,60.36,MediCare,2027-07-26,Controlled,2024-07-22,Pack: 20 tabs | Strength: 250mg | Form: Tablet
1292,Health_Product_1292,6,5,239.26,108.74,PharmaCo,2027-05-28,Ambient,2023-07-27,Pack: 100ml / Strength: 50mg/5ml / Form: Liquid
1293,Health_Product_1293,9,5,136.53,62.72,HealthPlus,2030-01-15,Ambient,2023-10-25,Pack: 100 units | Form: Kit
1294,Health_Product_1294,7,5,144.13,100.84,CuraMax,2028-10-12,Ambient,2024-01-01,Pack: 100g | Form: Bandage
1295,Health_Product_1295,5,5,230.7,165.05,BioZen,2027-06-24,Refrigerated,2022-05-25,Form: Device | Warranty: 6m
1296,Health_Product_1296,2,1,19.08,10.02,CuraMax,2027-10-21,Ambient,2022-03-06,Pack: 60 tabs / Strength: 25mg / Form: Tablet
1297,Health_Product_1297,8,2,145.73,94.27,CuraMax,2027-05-30,Controlled,2022-03-14,Pack: 60g | Form: Cream
1298,Health_Product_1298,6,1,22.75,14.16,VitalMeds,2026-07-13,Controlled,2024-09-02,Strength: 50mg/5ml / Form: Liquid / Pack: 300ml
1299,Health_Product_1299,7,4,33.52,15.42,LifeLine,2027-03-28,Refrigerated,2025-05-12,
1300,Health_Product_1300,5,5,47.12,17.51,BioZen,2028-03-03,Ambient,2024-04-02,Form: Device | Warranty: 24m
1301,Health_Product_1301,5,5,183.56,73.93,BioZen,2026-12-28,Controlled,2024-10-25,Form: Device | Warranty: 12m
1302,Health_Product_1302,9,5,294.02,194.1,VitalMeds,2029-09-05,Refrigerated,2024-03-22,Pack: 10 units / Form: Kit
1303,Health_Product_1303,2,5,141.84,88.02,VitalMeds,2028-12-31,Ambient,2024-01-22,
1304,Health_Product_1304,9,1,217.72,129.72,CuraMax,2026-11-26,Ambient,2025-06-17,Pack: 10 units | Form: Kit
1305,Health_Product_1305,1,1,173.05,68.93,VitalMeds,2027-05-19,Ambient,2022-09-02,Strength: 25mg / Pack: 60 tabs / Form: Tablet
1306,Health_Product_1306,5,1,235.49,138.18,BioZen,2029-10-01,Ambient,2022-10-06,Form: Device / Warranty: 6m
1307,Health_Product_1307,9,3,85.63,54.43,CuraMax,2029-08-19,Refrigerated,2025-01-11,Pack: 30 units | Form: Kit
1308,Health_Product_1308,4,1,256.12,171.2,PharmaCo,2026-02-06,Controlled,2023-04-16,Pack: 10g | Form: Cream
1309,Health_Product_1309,9,5,282.11,100.12,VitalMeds,2028-08-17,Ambient,2023-09-16,Pack: 60 units | Form: Kit
1310,Health_Product_1310,8,3,19.16,11.56,BioZen,2026-04-29,Ambient,2024-11-02,Pack: 10g | Form: Cream
1311,Health_Product_1311,1,2,158.57,56.62,CuraMax,2027-05-02,Controlled,2023-06-02,Pack: 90 tabs | Strength: 200mg | Form: Tablet
1312,Health_Product_1312,9,4,223.63,136.76,VitalMeds,2028-07-07,Refrigerated,2024-11-22,Pack: 90 units | Form: Kit
1313,Health_Product_1313,1,2,94.55,55.33,CuraMax,2027-04-27,Refrigerated,2022-07-03,Pack: 20 tabs | Strength: 25mg | Form: Tablet
1314,Health_Product_1314,5,5,86.74,35.12,PharmaCo,2027-12-25,Ambient,2023-04-24,Form: Device | Warranty: 12m
1315,Health_Product_1315,2,4,112.33,71.16,CuraMax,2029-01-14,Controlled,2024-09-28,
1316,Health_Product_1316,4,5,31.91,11.98,CuraMax,2027-05-25,Controlled,2022-08-25,Form: Cream / Pack: 60g
1317,Health_Product_1317,7,1,133.66,87.65,VitalMeds,2026-09-07,Ambient,2022-12-01,Pack: 100g | Form: Bandage
1318,Health_Product_1318,5,3,170.1,220.23,VitalMeds,2026-11-20,Refrigerated,2025-10-19,Form: Device | Warranty: 12m
1319,Health_Product_1319,7,2,140.37,84.91,CuraMax,2028-11-14,Controlled,2025-11-27,Form: Bandage / Pack: 20g
1320,Health_Product_1320,6,5,101.16,69.98,MediCare,2029-02-15,Refrigerated,2022-09-07,Pack: 450ml | Strength: 200mg/5ml | Form: Liquid
1321,Health_Product_1321,1,1,133.2,63.37,LifeLine,2027-02-13,Refrigerated,2022-01-26,Strength: 25mg / Pack: 90 tabs
1322,Health_Product_1322,1,2,254.44,136.4,CuraMax,2026-06-16,Controlled,2025-11-19,Strength: 500mg / Pack: 20 tabs
1323,Health_Product_1323,1,2,259.33,135.2,VitalMeds,2028-02-09,Controlled,2023-03-31,Pack: 10 tabs | Strength: 200mg | Form: Tablet
1324,Health_Product_1324,7,4,209.57,85.57,LifeLine,2028-10-05,Ambient,2025-04-24,Pack: 20g | Form: Bandage
1325,Health_Product_1325,1,4,241.53,137.29,PharmaCo,2029-10-31,Refrigerated,2024-12-01,Pack: 90 tabs | Strength: 200mg | Form: Tablet
1326,Health_Product_1326,1,2,110.98,69.35,PharmaCo,2029-10-20,Refrigerated,2025-07-12,Pack: 30 tabs | Strength: 500mg | Form: Tablet
1327,Health_Product_1327,4,3,144.28,99.44,CuraMax,2030-01-05,Controlled,2024-04-08,Pack: 20g | Form: Cream
1328,Health_Product_1328,4,5,44.07,29.3,PharmaCo,2028-02-17,Refrigerated,2022-05-01,Pack: 60g / Form: Cream
1329,Health_Product_1329,9,5,34.03,18.33,BioZen,2026-03-15,Refrigerated,2025-10-19,Pack: 10 units / Form: Kit
1330,Health_Product_1330,3,1,292.14,179.97,HealthPlus,2026-10-04,Controlled,2022-09-15,Pack: 90 caps / Strength: 500mg / Form: Capsule
1331,Health_Product_1331,9,1,276.56,178.74,LifeLine,2027-03-08,Ambient,2023-05-28,Pack: 90 units / Form: Kit
1332,Health_Product_1332,2,1,260.57,138.78,PharmaCo,2028-03-18,Refrigerated,2022-07-11,Pack: 10 tabs | Strength: 250mg | Form: Tablet
1333,Health_Product_1333,7,5,140.57,55.2,CuraMax,2026-11-20,Ambient,2021-12-12,Pack: 100g | Form: Bandage
1334,Health_Product_1334,8,3,214.5,109.83,CuraMax,2027-12-13,Controlled,2021-12-23,Pack: 20g | Form: Cream
1335,Health_Product_1335,8,5,195.9,129.63,HealthPlus,2028-08-17,Refrigerated,2025-02-22,Pack: 90g / Form: Cream
1336,Health_Product_1336,7,5,80.03,45.68,CuraMax,2026-02-13,Refrigerated,2023-01-13,Pack: 20g | Form: Bandage
1337,Health_Product_1337,5,1,88.89,54.94,LifeLine,2028-04-08,Controlled,2024-05-07,Form: Device | Warranty: 24m
1338,Health_Product_1338,5,2,51.38,21.51,BioZen,2026-02-13,Controlled,2023-03-01,Form: Device | Warranty: 24m
1339,Health_Product_1339,2,3,93.13,65.82,CuraMax,2028-03-31,Controlled,2024-02-23,
1340,Health_Product_1340,7,2,122.17,132.82,MediCare,2027-01-02,Refrigerated,2022-09-28,Pack: 30g | Form: Bandage
1341,Health_Product_1341,4,4,136.5,80.79,PharmaCo,2028-03-18,Refrigerated,2024-06-11,Pack: 100g | Form: Cream
1342,Health_Product_1342,1,1,13.2,4.71,LifeLine,2027-03-21,Refrigerated,2025-04-18,
1343,Health_Product_1343,9,2,125.86,49.98,HealthPlus,2027-11-22,Refrigerated,2024-10-27,
1344,Health_Product_1344,7,5,169.2,108.18,PharmaCo,2026-05-24,Ambient,2025-07-16,Pack: 30g | Form: Bandage
1345,Health_Product_1345,6,5,221.7,157.0,MediCare,2026-02-25,Controlled,2025-05-05,Pack: 100ml | Strength: 100mg/5ml | Form: Liquid
1346,Health_Product_1346,2,2,107.4,50.31,MediCare,2029-02-04,Refrigerated,2022-07-05,Pack: 60 tabs / Strength: 200mg / Form: Tablet
1347,Health_Product_1347,9,1,139.34,50.69,BioZen,2029-03-15,Refrigerated,2023-08-03,Pack: 90 units | Form: Kit
1348,Health_Product_1348,1,5,210.11,101.59,HealthPlus,2026-04-19,Refrigerated,2021-11-16,Pack: 90 tabs | Strength: 500mg | Form: Tablet
1349,Health_Product_1349,1,1,122.48,43.66,BioZen,2026-03-31,Ambient,2022-08-22,Pack: 100 tabs | Strength: 50mg | Form: Tablet
1350,Health_Product_1350,1,4,93.75,39.49,BioZen,2027-03-03,Controlled,2025-01-15,Pack: 20 tabs / Strength: 650mg / Form: Tablet
1351,Health_Product_1351,6,3,236.81,148.81,HealthPlus,2029-07-16,Controlled,2022-04-19,Pack: 50ml | Strength: 650mg/5ml | Form: Liquid
1352,Health_Product_1352,7,1,284.13,197.96,LifeLine,2028-09-18,Refrigerated,2025-06-02,
1353,Health_Product_1353,4,3,279.53,106.88,BioZen,2029-10-29,Refrigerated,2022-04-16,Pack: 30g | Form: Cream
1354,Health_Product_1354,4,3,289.67,161.18,BioZen,2026-06-05,Ambient,2022-05-16,Pack: 100g | Form: Cream
1355,Health_Product_1355,3,3,272.04,120.77,HealthPlus,2026-10-29,Controlled,2025-11-20,Strength: 650mg / Pack: 90 caps / Form: Capsule
1356,Health_Product_1356,3,2,269.39,108.15,BioZen,2026-10-19,Controlled,2025-06-13,Strength: 25mg / Pack: 30 caps / Form: Capsule
1357,Health_Product_1357,3,5,230.1,99.18,HealthPlus,2026-11-30,Ambient,2024-08-25,Pack: 60 caps | Strength: 650mg | Form: Capsule
1358,Health_Product_1358,3,2,212.22,119.64,MediCare,2026-10-04,Controlled,2024-09-26,Pack: 100 caps | Strength: 500mg | Form: Capsule
1359,Health_Product_1359,9,5,168.85,63.17,VitalMeds,2027-11-03,Refrigerated,2023-06-26,Pack: 30 units
1360,Health_Product_1360,8,2,284.05,145.05,CuraMax,2027-10-13,Refrigerated,2024-02-18,Pack: 100g | Form: Cream
1361,Health_Product_1361,2,3,178.53,71.42,PharmaCo,2026-05-01,Controlled,2024-11-19,Pack: 30 tabs / Strength: 250mg
1362,Health_Product_1362,6,1,218.5,98.52,CuraMax,2029-08-17,Controlled,2022-06-18,Pack: 500ml / Strength: 650mg/5ml / Form: Liquid
1363,Health_Product_1363,2,1,12.4,5.22,LifeLine,2026-03-22,Ambient,2024-09-11,Pack: 60 tabs | Strength: 100mg | Form: Tablet
1364,Health_Product_1364,6,2,59.28,40.11,VitalMeds,2027-11-12,Controlled,2024-09-07,Pack: 300ml | Strength: 200mg/5ml | Form: Liquid
1365,Health_Product_1365,3,4,117.61,71.97,LifeLine,2026-10-21,Controlled,2022-09-01,Pack: 20 caps | Strength: 100mg | Form: Capsule
1366,Health_Product_1366,4,2,180.2,120.97,HealthPlus,2029-09-12,Ambient,2024-03-20,Form: Cream / Pack: 20g
1367,Health_Product_1367,1,5,298.01,146.59,PharmaCo,2026-03-07,Ambient,2025-03-26,Pack: 60 tabs | Strength: 25mg | Form: Tablet
1368,Health_Product_1368,7,5,34.29,15.98,VitalMeds,2026-11-01,Refrigerated,2022-08-16,
1369,Health_Product_1369,6,3,166.43,81.69,HealthPlus,2029-08-19,Controlled,2022-12-14,Pack: 150ml | Strength: 650mg/5ml | Form: Liquid
1370,Health_Product_1370,9,4,5.02,1.79,MediCare,2027-02-22,Refrigerated,2025-07-26,Pack: 10 units
1371,Health_Product_1371,3,1,281.52,174.02,HealthPlus,2026-10-08,Refrigerated,2022-05-14,Strength: 50mg / Pack: 90 caps
1372,Health_Product_1372,4,3,12.36,15.24,PharmaCo,2026-11-10,Controlled,2024-11-06,Pack: 10g | Form: Cream
1373,Health_Product_1373,6,2,120.71,56.24,VitalMeds,2026-06-26,Controlled,2024-03-21,Strength: 250mg/5ml / Pack: 300ml / Form: Liquid
1374,Health_Product_1374,8,5,228.05,130.29,VitalMeds,2026-05-09,Refrigerated,2023-04-27,Pack: 90g | Form: Cream
1375,Health_Product_1375,4,2,49.36,25.24,VitalMeds,2028-11-28,Ambient,2022-02-08,Pack: 60g | Form: Cream
1376,Health_Product_1376,6,2,185.95,132.57,MediCare,2029-03-26,Controlled,2023-09-08,Pack: 100ml | Strength: 100mg/5ml | Form: Liquid
1377,Health_Product_1377,4,2,77.62,37.4,HealthPlus,2029-04-04,Refrigerated,2022-07-13,Pack: 10g | Form: Cream
1378,Health_Product_1378,8,3,127.95,73.85,CuraMax,2029-06-20,Refrigerated,2021-12-22,Pack: 20g | Form: Cream
1379,Health_Product_1379,3,4,148.36,69.03,LifeLine,2028-12-06,Refrigerated,2023-10-18,
1380,Health_Product_1380,1,3,56.23,40.29,HealthPlus,2028-11-25,Controlled,2023-06-03,Pack: 20 tabs | Strength: 500mg | Form: Tablet
1381,Health_Product_1381,8,2,230.22,118.49,MediCare,2027-09-20,Controlled,2024-04-02,Pack: 90g | Form: Cream
1382,Health_Product_1382,8,5,122.34,71.52,VitalMeds,2028-08-07,Refrigerated,2025-11-18,Form: Cream / Pack: 10g
1383,Health_Product_1383,9,3,245.92,97.6,LifeLine,2029-07-19,Refrigerated,2023-02-09,Pack: 30 units | Form: Kit
1384,Health_Product_1384,1,2,41.97,26.07,PharmaCo,2027-04-26,Refrigerated,2022-05-14,
1385,Health_Product_1385,3,3,67.82,30.49,VitalMeds,2027-11-19,Controlled,2025-01-07,Pack: 30 caps | Strength: 50mg | Form: Capsule
1386,Health_Product_1386,9,1,146.95,75.82,CuraMax,2027-06-28,Ambient,2024-12-04,Pack: 30 units / Form: Kit
1387,Health_Product_1387,1,2,235.25,159.21,CuraMax,2028-10-19,Refrigerated,2025-08-24,Pack: 60 tabs / Strength: 200mg / Form: Tablet
1388,Health_Product_1388,5,1,113.81,80.7,PharmaCo,2028-01-09,Refrigerated,2024-09-04,Form: Device / Warranty: 24m
1389,Health_Product_1389,5,2,112.44,57.02,PharmaCo,2029-01-30,Refrigerated,2024-02-14,Form: Device / Warranty: 24m
1390,Health_Product_1390,2,3,132.81,87.51,BioZen,2028-07-17,Refrigerated,2023-03-01,Form: Tablet / Strength: 500mg / Pack: 90 tabs
1391,Health_Product_1391,8,2,159.06,58.81,HealthPlus,2027-10-14,Refrigerated,2022-09-25,Pack: 20g / Form: Cream
1392,Health_Product_1392,6,5,125.98,83.6,VitalMeds,2028-08-14,Ambient,2024-07-11,Strength: 500mg/5ml / Pack: 100ml
1393,Health_Product_1393,9,4,242.53,141.38,CuraMax,2026-03-06,Ambient,2023-05-05,Pack: 20 units | Form: Kit
1394,Health_Product_1394,7,3,235.11,124.8,BioZen,2026-12-16,Refrigerated,2025-09-27,Pack: 90g / Form: Bandage
1395,Health_Product_1395,6,4,35.02,23.79,CuraMax,2029-01-05,Controlled,2024-02-29,
1396,Health_Product_1396,9,3,257.53,170.68,BioZen,2028-12-05,Ambient,2024-12-22,Pack: 90 units / Form: Kit
1397,Health_Product_1397,9,5,34.85,16.03,BioZen,2028-09-28,Controlled,2022-02-13,
1398,Health_Product_1398,7,4,293.88,188.92,BioZen,2026-07-28,Ambient,2025-06-06,Pack: 20g
1399,Health_Product_1399,7,1,58.08,22.47,HealthPlus,2029-12-02,Ambient,2023-09-02,Pack: 30g / Form: Bandage
1400,Health_Product_1400,5,5,234.46,153.44,HealthPlus,2026-11-04,Refrigerated,2024-08-13,Form: Device | Warranty: 24m
1401,Health_Product_1401,4,2,230.08,138.03,BioZen,2027-01-06,Refrigerated,2024-03-30,Pack: 20g | Form: Cream
1402,Health_Product_1402,2,3,106.26,40.65,MediCare,2026-11-23,Controlled,2025-01-17,Pack: 10 tabs | Strength: 25mg | Form: Tablet
1403,Health_Product_1403,2,1,43.48,26.21,MediCare,2027-11-30,Ambient,2024-02-07,Form: Tablet / Pack: 60 tabs / Strength: 25mg
1404,Health_Product_1404,7,2,41.34,23.35,PharmaCo,2028-10-15,Controlled,2023-09-03,Pack: 90g | Form: Bandage
1405,Health_Product_1405,9,2,183.48,104.58,BioZen,2027-09-02,Refrigerated,2024-07-01,Pack: 90 units
1406,Health_Product_1406,2,5,44.07,20.17,CuraMax,2026-02-17,Ambient,2024-01-18,Pack: 100 tabs | Strength: 250mg | Form: Tablet
1407,Health_Product_1407,9,3,62.58,28.07,MediCare,2026-04-27,Ambient,2025-04-11,Pack: 20 units | Form: Kit
1408,Health_Product_1408,9,2,200.96,127.03,VitalMeds,2028-11-02,Refrigerated,2022-07-22,Pack: 10 units / Form: Kit
1409,Health_Product_1409,4,2,227.44,101.22,VitalMeds,2025-12-14,Ambient,2025-04-09,Pack: 60g / Form: Cream
1410,Health_Product_1410,7,1,160.35,82.6,BioZen,2028-08-14,Controlled,2023-11-26,Pack: 100g | Form: Bandage
1411,Health_Product_1411,8,4,200.58,121.77,HealthPlus,2028-04-06,Ambient,2022-07-26,Pack: 20g | Form: Cream
1412,Health_Product_1412,2,3,86.76,32.92,LifeLine,2029-09-26,Refrigerated,2022-10-25,Pack: 20 tabs | Strength: 100mg | Form: Tablet
1413,Health_Product_1413,3,2,43.03,24.53,PharmaCo,2026-11-08,Ambient,2025-11-07,Pack: 20 caps | Strength: 50mg | Form: Capsule
1414,Health_Product_1414,5,1,149.86,171.86,LifeLine,2026-09-23,Ambient,2024-02-28,Form: Device | Warranty: 6m
1415,Health_Product_1415,4,3,243.19,146.68,VitalMeds,2029-04-25,Ambient,2025-05-05,Pack: 10g | Form: Cream
1416,Health_Product_1416,7,3,263.2,128.15,CuraMax,2026-01-04,Ambient,2022-08-15,Pack: 10g / Form: Bandage
1417,Health_Product_1417,5,2,232.01,119.75,PharmaCo,2028-08-31,Ambient,2023-12-21,Form: Device / Warranty: 6m
1418,Health_Product_1418,2,2,195.33,92.21,MediCare,2028-05-27,Controlled,2022-02-17,Pack: 30 tabs | Strength: 500mg | Form: Tablet
1419,Health_Product_1419,4,2,72.14,46.82,BioZen,2026-04-20,Controlled,2024-05-22,Pack: 60g | Form: Cream
1420,Health_Product_1420,7,3,45.11,17.97,MediCare,2028-06-01,Controlled,2023-01-24,Pack: 30g | Form: Bandage
1421,Health_Product_1421,4,5,149.89,105.87,CuraMax,2027-03-30,Controlled,2024-05-03,Pack: 10g | Form: Cream
1422,Health_Product_1422,9,4,78.41,45.86,MediCare,2027-03-09,Ambient,2024-02-29,Pack: 30 units | Form: Kit
1423,Health_Product_1423,4,3,219.25,148.69,LifeLine,2027-04-26,Refrigerated,2025-10-02,Pack: 10g
1424,Health_Product_1424,1,5,171.63,87.14,CuraMax,2029-08-03,Refrigerated,2024-10-18,Pack: 100 tabs | Strength: 650mg | Form: Tablet
1425,Health_Product_1425,6,2,261.7,123.77,PharmaCo,2026-02-01,Controlled,2025-04-28,Pack: 100ml | Strength: 25mg/5ml | Form: Liquid
1426,Health_Product_1426,2,4,116.83,79.83,LifeLine,2026-10-02,Ambient,2022-01-25,Pack: 30 tabs | Strength: 100mg | Form: Tablet
1427,Health_Product_1427,4,2,246.79,95.4,VitalMeds,2026-02-04,Refrigerated,2024-02-04,Pack: 30g | Form: Cream
1428,Health_Product_1428,7,2,52.49,20.65,BioZen,2028-09-18,Controlled,2022-10-31,Pack: 90g | Form: Bandage
1429,Health_Product_1429,5,2,89.52,41.25,CuraMax,2027-08-13,Ambient,2022-01-04,Form: Device / Warranty: 24m
1430,Health_Product_1430,7,3,249.14,175.67,BioZen,2027-03-11,Ambient,2025-03-19,Pack: 90g | Form: Bandage
1431,Health_Product_1431,8,4,279.48,163.28,MediCare,2028-05-02,Controlled,2022-03-11,Pack: 100g | Form: Cream
1432,Health_Product_1432,4,1,200.69,111.39,HealthPlus,2027-05-24,Ambient,2025-02-18,Pack: 20g | Form: Cream
1433,Health_Product_1433,3,4,101.94,62.28,MediCare,2026-12-17,Refrigerated,2025-02-08,Pack: 10 caps / Strength: 200mg / Form: Capsule
1434,Health_Product_1434,8,4,157.2,79.3,HealthPlus,2028-12-09,Ambient,2025-07-14,Pack: 20g | Form: Cream
1435,Health_Product_1435,4,2,262.7,165.63,BioZen,2026-07-10,Controlled,2023-11-15,Pack: 10g / Form: Cream
1436,Health_Product_1436,6,2,26.96,13.36,HealthPlus,2027-02-21,Controlled,2022-04-19,Pack: 150ml | Strength: 25mg/5ml | Form: Liquid
1437,Health_Product_1437,2,2,268.15,322.04,HealthPlus,2026-12-12,Ambient,2024-10-01,Pack: 100 tabs | Strength: 250mg | Form: Tablet
1438,Health_Product_1438,3,3,174.55,78.36,BioZen,2026-09-30,Controlled,2023-04-21,Pack: 20 caps | Strength: 200mg | Form: Capsule
1439,Health_Product_1439,3,3,178.91,80.99,CuraMax,2026-11-08,Controlled,2022-03-30,Form: Capsule / Pack: 90 caps / Strength: 100mg
1440,Health_Product_1440,1,3,295.14,160.34,BioZen,2027-03-16,Ambient,2023-04-15,Pack: 90 tabs / Strength: 200mg / Form: Tablet
1441,Health_Product_1441,9,3,50.53,25.74,PharmaCo,2029-05-13,Controlled,2024-07-30,Form: Kit / Pack: 90 units
1442,Health_Product_1442,4,5,66.89,39.45,CuraMax,2029-01-22,Controlled,2024-07-14,Pack: 90g / Form: Cream
1443,Health_Product_1443,9,4,252.07,122.2,LifeLine,2028-09-28,Refrigerated,2024-12-19,Pack: 10 units | Form: Kit
1444,Health_Product_1444,8,3,195.67,85.18,PharmaCo,2026-12-07,Controlled,2021-11-24,Pack: 60g
1445,Health_Product_1445,7,4,262.56,137.54,HealthPlus,2026-09-25,Refrigerated,2023-07-03,Pack: 10g | Form: Bandage
1446,Health_Product_1446,7,4,12.5,6.97,LifeLine,2029-10-15,Refrigerated,2025-03-26,Pack: 60g / Form: Bandage
1447,Health_Product_1447,1,5,96.65,38.93,MediCare,2026-06-18,Ambient,2025-07-09,Pack: 100 tabs | Strength: 50mg | Form: Tablet
1448,Health_Product_1448,6,5,125.82,69.95,MediCare,2029-10-15,Refrigerated,2023-04-23,Pack: 500ml | Strength: 200mg/5ml | Form: Liquid
1449,Health_Product_1449,7,5,255.16,119.45,LifeLine,2027-10-22,Ambient,2023-08-15,Pack: 20g | Form: Bandage
1450,Health_Product_1450,3,4,214.59,106.27,VitalMeds,2026-11-25,Controlled,2025-09-19,Pack: 60 caps | Strength: 250mg | Form: Capsule
1451,Health_Product_1451,2,3,238.93,108.32,VitalMeds,2029-09-02,Refrigerated,2025-04-03,Pack: 60 tabs | Strength: 100mg | Form: Tablet
1452,Health_Product_1452,2,1,295.22,205.07,CuraMax,2026-06-12,Refrigerated,2022-08-24,Pack: 60 tabs / Strength: 200mg
1453,Health_Product_1453,2,2,197.77,119.22,LifeLine,2028-03-03,Controlled,2024-03-30,Pack: 60 tabs | Strength: 25mg | Form: Tablet
1454,Health_Product_1454,6,1,47.1,21.06,PharmaCo,2026-10-12,Refrigerated,2021-12-13,Pack: 450ml | Strength: 200mg/5ml | Form: Liquid
1455,Health_Product_1455,3,4,152.53,89.79,CuraMax,2026-12-31,Controlled,2023-11-13,Strength: 500mg / Pack: 60 caps / Form: Capsule
1456,Health_Product_1456,4,2,199.21,132.27,MediCare,2029-11-26,Refrigerated,2024-08-25,
1457,Health_Product_1457,3,2,292.08,359.72,HealthPlus,2026-11-11,Ambient,2024-04-20,Pack: 10 caps | Strength: 25mg | Form: Capsule
1458,Health_Product_1458,8,5,35.99,23.65,CuraMax,2028-04-12,Ambient,2022-10-09,Pack: 100g | Form: Cream
1459,Health_Product_1459,6,3,73.49,29.92,HealthPlus,2028-09-20,Controlled,2023-12-07,Pack: 50ml | Strength: 25mg/5ml | Form: Liquid
1460,Health_Product_1460,7,2,22.99,15.05,BioZen,2028-06-13,Controlled,2022-05-31,Pack: 100g | Form: Bandage
1461,Health_Product_1461,1,5,46.21,25.41,PharmaCo,2029-09-16,Ambient,2021-11-27,Strength: 200mg / Pack: 10 tabs
1462,Health_Product_1462,5,3,270.38,116.94,PharmaCo,2027-06-28,Controlled,2024-06-12,Form: Device | Warranty: 12m
1463,Health_Product_1463,7,3,216.97,108.62,MediCare,2028-05-12,Controlled,2023-04-14,Pack: 10g | Form: Bandage
1464,Health_Product_1464,6,1,140.5,100.54,LifeLine,2026-10-27,Ambient,2022-11-01,Pack: 50ml | Strength: 25mg/5ml | Form: Liquid
1465,Health_Product_1465,6,3,268.5,171.82,VitalMeds,2029-11-27,Controlled,2021-12-08,Pack: 150ml / Strength: 650mg/5ml / Form: Liquid
1466,Health_Product_1466,9,5,188.19,105.91,MediCare,2027-02-04,Ambient,2022-09-28,Pack: 10 units | Form: Kit
1467,Health_Product_1467,5,2,29.87,11.73,PharmaCo,2028-08-05,Controlled,2023-06-24,Form: Device
1468,Health_Product_1468,3,4,101.7,51.32,CuraMax,2026-11-17,Controlled,2022-04-28,Pack: 90 caps | Strength: 650mg | Form: Capsule
1469,Health_Product_1469,5,1,229.4,102.62,BioZen,2030-01-18,Refrigerated,2022-04-15,
1470,Health_Product_1470,3,5,251.79,94.74,VitalMeds,2026-12-15,Refrigerated,2024-07-07,Strength: 200mg / Pack: 30 caps / Form: Capsule
1471,Health_Product_1471,6,1,158.05,87.02,HealthPlus,2026-03-25,Refrigerated,2025-08-04,Pack: 500ml | Strength: 50mg/5ml | Form: Liquid
1472,Health_Product_1472,5,1,259.65,176.3,HealthPlus,2028-10-13,Controlled,2023-05-20,Form: Device | Warranty: 6m
1473,Health_Product_1473,9,4,197.08,118.24,HealthPlus,2026-10-02,Refrigerated,2023-02-09,Pack: 60 units | Form: Kit
1474,Health_Product_1474,1,2,210.35,93.05,LifeLine,2029-12-31,Controlled,2025-06-27,Pack: 30 tabs | Strength: 50mg | Form: Tablet
1475,Health_Product_1475,2,2,291.8,164.06,LifeLine,2028-12-07,Refrigerated,2024-10-27,Pack: 30 tabs | Strength: 25mg | Form: Tablet
1476,Health_Product_1476,9,4,221.21,154.63,PharmaCo,2026-10-08,Refrigerated,2024-04-27,Pack: 90 units
1477,Health_Product_1477,2,4,59.16,36.53,PharmaCo,2029-11-26,Refrigerated,2024-10-27,Pack: 30 tabs / Strength: 250mg / Form: Tablet
1478,Health_Product_1478,1,3,172.91,104.63,MediCare,2026-05-25,Ambient,2023-07-22,Pack: 10 tabs | Strength: 50mg | Form: Tablet
1479,Health_Product_1479,4,1,121.75,86.23,HealthPlus,2029-09-06,Controlled,2025-02-22,Form: Cream / Pack: 30g
1480,Health_Product_1480,1,3,202.12,224.26,BioZen,2026-11-29,Refrigerated,2022-12-26,
1481,Health_Product_1481,3,2,229.95,92.11,PharmaCo,2027-01-07,Ambient,2024-12-09,Pack: 100 caps | Strength: 25mg | Form: Capsule
1482,Health_Product_1482,7,1,116.63,55.82,HealthPlus,2028-06-26,Refrigerated,2023-10-16,Pack: 30g | Form: Bandage
1483,Health_Product_1483,2,3,183.0,129.4,CuraMax,2026-03-08,Refrigerated,2022-04-07,Pack: 60 tabs | Strength: 25mg | Form: Tablet
1484,Health_Product_1484,3,3,287.02,152.46,VitalMeds,2026-12-11,Refrigerated,2024-08-16,Pack: 100 caps | Strength: 100mg | Form: Capsule
1485,Health_Product_1485,4,5,66.76,26.12,CuraMax,2026-02-05,Ambient,2023-10-12,Pack: 20g | Form: Cream
1486,Health_Product_1486,3,4,252.83,131.39,CuraMax,2026-11-02,Controlled,2024-09-02,Pack: 100 caps / Strength: 25mg
1487,Health_Product_1487,2,4,233.91,142.19,PharmaCo,2028-08-27,Ambient,2024-05-03,
1488,Health_Product_1488,7,3,142.02,102.13,MediCare,2028-03-12,Refrigerated,2025-09-30,
1489,Health_Product_1489,3,1,116.5,54.74,MediCare,2029-08-25,Ambient,2023-10-20,Pack: 90 caps | Strength: 650mg | Form: Capsule
1490,Health_Product_1490,8,5,174.24,94.13,VitalMeds,2029-01-09,Controlled,2025-01-14,Pack: 100g
1491,Health_Product_1491,4,3,45.0,30.4,CuraMax,2029-05-26,Ambient,2021-12-09,Pack: 20g | Form: Cream
1492,Health_Product_1492,6,5,76.08,36.63,LifeLine,2029-08-13,Refrigerated,2025-06-07,Pack: 100ml | Strength: 250mg/5ml | Form: Liquid
1493,Health_Product_1493,9,2,296.27,115.67,HealthPlus,2028-04-14,Ambient,2024-09-24,Pack: 20 units | Form: Kit
1494,Health_Product_1494,8,3,280.19,196.44,PharmaCo,2028-06-22,Controlled,2023-06-04,Pack: 20g | Form: Cream
1495,Health_Product_1495,1,1,241.71,128.28,HealthPlus,2028-04-20,Ambient,2025-05-19,Pack: 90 tabs | Strength: 50mg | Form: Tablet
1496,Health_Product_1496,2,3,268.49,143.92,LifeLine,2028-10-24,Refrigerated,2025-01-26,Pack: 100 tabs | Strength: 500mg | Form: Tablet
1497,Health_Product_1497,7,4,269.86,156.48,VitalMeds,2026-02-15,Refrigerated,2022-09-24,
1498,Health_Product_1498,2,3,29.42,10.34,VitalMeds,2027-10-02,Ambient,2023-01-29,
1499,Health_Product_1499,9,2,26.44,18.36,LifeLine,2029-09-14,Refrigerated,2023-11-10,Pack: 100 units | Form: Kit
1500,Health_Product_1500,2,3,209.59,101.39,LifeLine,2028-11-18,Refrigerated,2023-01-21,Pack: 90 tabs | Strength: 650mg | Form: Tablet
1501,Health_Product_1501,4,5,169.69,84.31,VitalMeds,2028-07-23,Refrigerated,2022-04-12,Pack: 10g | Form: Cream
1502,Health_Product_1502,8,2,299.94,124.3,VitalMeds,2029-05-08,Refrigerated,2025-03-25,
1503,Health_Product_1503,3,5,165.34,81.0,PharmaCo,2026-10-13,Ambient,2024-05-11,Pack: 20 caps | Strength: 25mg | Form: Capsule
1504,Health_Product_1504,9,4,114.02,73.82,LifeLine,2026-05-19,Refrigerated,2022-01-16,Pack: 100 units | Form: Kit
1505,Health_Product_1505,4,1,149.36,96.49,CuraMax,2027-10-29,Ambient,2024-06-30,Pack: 20g | Form: Cream
1506,Health_Product_1506,4,4,25.05,17.44,HealthPlus,2029-07-21,Refrigerated,2025-01-16,Pack: 90g
1507,Health_Product_1507,4,2,95.9,47.87,LifeLine,2028-10-06,Refrigerated,2025-03-26,Pack: 20g | Form: Cream
1508,Health_Product_1508,5,1,54.02,33.07,LifeLine,2028-04-13,Controlled,2023-11-23,Warranty: 6m / Form: Device
1509,Health_Product_1509,9,3,29.2,15.7,PharmaCo,2026-02-01,Controlled,2022-04-11,Form: Kit / Pack: 60 units
1510,Health_Product_1510,5,4,30.16,19.53,LifeLine,2028-08-22,Ambient,2023-05-28,Form: Device | Warranty: 6m
1511,Health_Product_1511,2,5,287.82,176.62,VitalMeds,2029-11-15,Ambient,2022-09-15,Pack: 10 tabs / Form: Tablet / Strength: 50mg
1512,Health_Product_1512,6,3,119.69,58.18,LifeLine,2029-02-11,Controlled,2024-11-03,Pack: 300ml | Strength: 500mg/5ml | Form: Liquid
1513,Health_Product_1513,2,1,116.41,55.24,LifeLine,2029-09-13,Refrigerated,2023-03-23,Pack: 100 tabs | Strength: 25mg | Form: Tablet
1514,Health_Product_1514,8,3,117.88,52.27,LifeLine,2028-09-11,Ambient,2024-04-16,Pack: 20g | Form: Cream
1515,Health_Product_1515,2,4,240.76,135.62,CuraMax,2026-01-04,Ambient,2024-10-12,Pack: 60 tabs | Strength: 200mg | Form: Tablet
1516,Health_Product_1516,6,2,156.02,110.25,MediCare,2027-01-08,Ambient,2024-02-18,Form: Liquid / Strength: 650mg/5ml / Pack: 50ml
1517,Health_Product_1517,1,1,36.02,15.27,HealthPlus,2027-10-14,Refrigerated,2023-05-29,Pack: 90 tabs | Strength: 650mg | Form: Tablet
1518,Health_Product_1518,9,4,295.3,113.76,LifeLine,2030-01-15,Controlled,2022-04-12,Pack: 20 units / Form: Kit
1519,Health_Product_1519,2,1,208.87,82.33,VitalMeds,2026-07-16,Ambient,2024-12-09,Pack: 100 tabs | Strength: 500mg | Form: Tablet
1520,Health_Product_1520,8,2,143.79,91.99,BioZen,2029-12-28,Refrigerated,2025-10-02,Pack: 90g
1521,Health_Product_1521,1,1,55.23,26.48,VitalMeds,2027-04-04,Controlled,2021-12-24,Pack: 100 tabs | Strength: 50mg | Form: Tablet
1522,Health_Product_1522,8,3,265.58,115.0,PharmaCo,2028-03-30,Ambient,2023-10-20,Pack: 30g | Form: Cream
1523,Health_Product_1523,9,5,259.63,124.77,LifeLine,2029-09-23,Refrigerated,2025-01-06,Pack: 30 units / Form: Kit
1524,Health_Product_1524,4,1,53.35,31.41,MediCare,2029-11-30,Controlled,2025-10-20,Pack: 100g | Form: Cream
1525,Health_Product_1525,8,1,169.8,93.78,HealthPlus,2028-11-02,Controlled,2024-05-25,Pack: 10g | Form: Cream
1526,Health_Product_1526,2,5,215.12,134.48,PharmaCo,2029-01-23,Refrigerated,2023-05-03,
1527,Health_Product_1527,4,2,19.59,9.31,MediCare,2029-02-04,Controlled,2023-03-13,Pack: 10g | Form: Cream
1528,Health_Product_1528,9,5,99.19,51.31,LifeLine,2027-09-21,Ambient,2023-01-18,Pack: 30 units / Form: Kit
1529,Health_Product_1529,9,3,286.69,111.16,PharmaCo,2027-02-25,Ambient,2023-11-30,Pack: 10 units | Form: Kit
1530,Health_Product_1530,6,4,10.99,4.14,BioZen,2026-11-01,Controlled,2022-11-09,Pack: 50ml | Strength: 25mg/5ml | Form: Liquid
1531,Health_Product_1531,7,2,217.36,113.25,MediCare,2026-11-25,Controlled,2024-09-21,Pack: 90g | Form: Bandage
1532,Health_Product_1532,1,3,209.28,96.6,HealthPlus,2027-04-08,Controlled,2025-08-10,Pack: 100 tabs | Strength: 250mg | Form: Tablet
1533,Health_Product_1533,9,4,153.89,88.75,CuraMax,2026-06-19,Refrigerated,2024-03-13,Pack: 20 units | Form: Kit
1534,Health_Product_1534,5,5,162.83,59.58,MediCare,2027-01-25,Ambient,2023-11-09,Form: Device / Warranty: 12m
1535,Health_Product_1535,4,2,50.97,20.14,PharmaCo,2028-10-07,Ambient,2023-05-24,Pack: 90g | Form: Cream
1536,Health_Product_1536,7,4,59.05,39.57,MediCare,2029-05-18,Controlled,2024-02-19,
1537,Health_Product_1537,8,5,274.6,153.65,PharmaCo,2026-08-27,Refrigerated,2025-06-04,Pack: 20g | Form: Cream
1538,Health_Product_1538,1,5,96.04,108.46,LifeLine,2026-12-02,Ambient,2023-12-07,Pack: 30 tabs | Strength: 25mg | Form: Tablet
1539,Health_Product_1539,4,2,191.36,126.59,PharmaCo,2027-01-26,Ambient,2025-09-14,Pack: 20g
1540,Health_Product_1540,7,4,49.07,25.6,VitalMeds,2027-03-31,Controlled,2025-10-12,Form: Bandage / Pack: 20g
1541,Health_Product_1541,2,5,38.75,24.47,HealthPlus,2026-01-23,Refrigerated,2025-08-15,Pack: 60 tabs / Strength: 250mg / Form: Tablet
1542,Health_Product_1542,1,2,32.57,17.72,PharmaCo,2027-03-16,Ambient,2025-02-18,Pack: 20 tabs | Strength: 200mg | Form: Tablet
1543,Health_Product_1543,9,1,119.79,51.8,MediCare,2029-01-15,Refrigerated,2023-01-21,Pack: 10 units | Form: Kit
1544,Health_Product_1544,7,4,251.81,119.59,HealthPlus,2029-08-22,Controlled,2025-10-17,Pack: 100g | Form: Bandage
1545,Health_Product_1545,4,4,40.47,21.51,MediCare,2028-05-11,Refrigerated,2022-06-04,Pack: 10g | Form: Cream
1546,Health_Product_1546,7,1,298.01,139.24,LifeLine,2027-01-29,Ambient,2024-05-27,
1547,Health_Product_1547,2,4,295.3,140.02,HealthPlus,2028-02-26,Ambient,2022-12-26,Pack: 30 tabs | Strength: 50mg | Form: Tablet
1548,Health_Product_1548,4,5,65.37,31.04,HealthPlus,2029-07-09,Controlled,2024-11-01,Pack: 20g | Form: Cream
1549,Health_Product_1549,1,2,179.74,71.08,VitalMeds,2026-03-02,Ambient,2024-02-13,
1550,Health_Product_1550,3,5,57.04,21.75,VitalMeds,2026-12-05,Refrigerated,2024-11-09,Pack: 90 caps | Strength: 100mg | Form: Capsule
1551,Health_Product_1551,8,3,190.72,70.03,LifeLine,2026-08-21,Controlled,2023-08-16,Pack: 60g | Form: Cream
1552,Health_Product_1552,4,2,49.33,19.29,LifeLine,2028-11-18,Refrigerated,2021-11-19,Pack: 10g | Form: Cream
1553,Health_Product_1553,1,2,219.26,104.62,HealthPlus,2027-06-14,Refrigerated,2022-11-12,Pack: 20 tabs / Strength: 25mg / Form: Tablet
1554,Health_Product_1554,6,5,296.2,168.75,VitalMeds,2028-09-26,Refrigerated,2025-07-03,Pack: 100ml | Strength: 100mg/5ml | Form: Liquid
1555,Health_Product_1555,6,5,245.59,103.05,CuraMax,2027-03-18,Controlled,2021-12-10,Pack: 500ml | Strength: 250mg/5ml | Form: Liquid
1556,Health_Product_1556,5,4,97.69,66.29,MediCare,2029-02-13,Refrigerated,2022-06-27,Form: Device | Warranty: 6m
1557,Health_Product_1557,3,1,132.5,86.01,LifeLine,2029-03-14,Ambient,2022-11-17,Pack: 20 caps | Strength: 500mg | Form: Capsule
1558,Health_Product_1558,7,1,147.21,79.88,MediCare,2027-05-26,Refrigerated,2023-04-06,Pack: 90g
1559,Health_Product_1559,3,2,171.19,105.79,BioZen,2027-07-23,Refrigerated,2025-07-24,Pack: 30 caps | Strength: 500mg | Form: Capsule
1560,Health_Product_1560,2,2,18.78,9.12,VitalMeds,2026-09-08,Ambient,2022-10-08,Pack: 90 tabs | Strength: 50mg | Form: Tablet
1561,Health_Product_1561,1,1,89.48,32.54,CuraMax,2030-01-01,Controlled,2022-08-01,
1562,Health_Product_1562,3,4,252.48,172.85,PharmaCo,2026-09-21,Ambient,2023-10-20,Pack: 30 caps / Strength: 100mg / Form: Capsule
1563,Health_Product_1563,8,2,128.1,50.89,VitalMeds,2026-12-07,Refrigerated,2024-07-12,Pack: 100g | Form: Cream
1564,Health_Product_1564,9,3,130.92,91.74,MediCare,2029-03-31,Controlled,2024-05-01,Pack: 30 units | Form: Kit
1565,Health_Product_1565,7,2,84.18,47.28,VitalMeds,2029-05-06,Refrigerated,2022-05-23,Pack: 60g
1566,Health_Product_1566,9,1,108.11,50.06,LifeLine,2028-03-27,Controlled,2023-10-06,Pack: 20 units | Form: Kit
1567,Health_Product_1567,2,1,36.36,19.39,PharmaCo,2026-06-12,Refrigerated,2024-06-04,Pack: 20 tabs | Strength: 500mg | Form: Tablet
1568,Health_Product_1568,8,5,117.53,62.95,VitalMeds,2027-12-16,Controlled,2025-02-07,Pack: 100g | Form: Cream
1569,Health_Product_1569,8,3,43.39,15.56,MediCare,2029-05-16,Ambient,2025-06-24,Pack: 100g | Form: Cream
1570,Health_Product_1570,2,4,233.51,112.44,VitalMeds,2029-07-05,Controlled,2022-03-26,Pack: 10 tabs | Strength: 200mg | Form: Tablet
1571,Health_Product_1571,4,3,227.8,142.09,BioZen,2029-12-05,Ambient,2024-05-21,
1572,Health_Product_1572,2,3,60.72,32.71,LifeLine,2029-05-04,Controlled,2025-05-16,Strength: 100mg / Pack: 60 tabs
1573,Health_Product_1573,9,2,134.37,59.17,VitalMeds,2027-02-02,Refrigerated,2024-12-04,Pack: 100 units | Form: Kit
1574,Health_Product_1574,4,2,297.9,141.2,LifeLine,2028-10-21,Refrigerated,2022-02-14,Pack: 30g
1575,Health_Product_1575,8,3,214.11,143.31,PharmaCo,2028-02-24,Ambient,2023-12-31,Pack: 90g | Form: Cream
1576,Health_Product_1576,7,2,269.05,146.49,BioZen,2029-01-29,Refrigerated,2025-10-07,Pack: 90g | Form: Bandage
1577,Health_Product_1577,8,5,145.89,79.58,CuraMax,2030-01-16,Ambient,2025-02-20,Pack: 10g
1578,Health_Product_1578,8,4,94.81,103.75,VitalMeds,2026-11-30,Refrigerated,2022-11-17,Pack: 20g | Form: Cream
1579,Health_Product_1579,7,1,177.54,83.22,MediCare,2028-05-01,Controlled,2021-12-24,Pack: 100g
1580,Health_Product_1580,6,1,276.21,145.68,VitalMeds,2027-10-09,Ambient,2025-07-03,Form: Liquid / Strength: 50mg/5ml / Pack: 100ml
1581,Health_Product_1581,7,1,102.97,66.96,HealthPlus,2028-07-14,Refrigerated,2025-10-28,Pack: 90g / Form: Bandage
1582,Health_Product_1582,4,5,128.4,80.99,LifeLine,2028-07-04,Ambient,2025-11-16,Pack: 60g | Form: Cream
1583,Health_Product_1583,6,4,14.69,6.59,CuraMax,2026-06-24,Controlled,2025-11-25,Pack: 450ml / Strength: 500mg/5ml / Form: Liquid
1584,Health_Product_1584,4,1,41.19,16.72,BioZen,2027-11-25,Controlled,2023-05-26,Pack: 60g | Form: Cream
1585,Health_Product_1585,7,3,202.38,123.3,CuraMax,2028-12-18,Controlled,2023-11-19,Pack: 60g | Form: Bandage
1586,Health_Product_1586,7,5,213.19,94.94,HealthPlus,2029-06-26,Controlled,2024-02-01,Form: Bandage / Pack: 10g
1587,Health_Product_1587,8,5,256.32,177.22,BioZen,2029-08-08,Controlled,2024-09-03,
1588,Health_Product_1588,2,5,9.17,3.65,PharmaCo,2028-12-15,Refrigerated,2023-03-31,Pack: 30 tabs | Strength: 100mg | Form: Tablet
1589,Health_Product_1589,2,5,34.84,16.3,LifeLine,2027-03-13,Refrigerated,2024-09-29,Pack: 60 tabs / Strength: 25mg / Form: Tablet
1590,Health_Product_1590,5,5,185.44,68.66,CuraMax,2025-12-13,Controlled,2024-02-28,Form: Device / Warranty: 6m
1591,Health_Product_1591,5,2,264.7,161.53,MediCare,2028-08-04,Ambient,2024-05-19,Form: Device | Warranty: 24m
1592,Health_Product_1592,7,3,61.42,41.75,MediCare,2029-12-16,Refrigerated,2023-01-30,Pack: 90g / Form: Bandage
1593,Health_Product_1593,9,3,216.88,126.93,LifeLine,2028-05-14,Controlled,2025-01-15,Pack: 60 units | Form: Kit
1594,Health_Product_1594,7,5,128.6,89.63,BioZen,2028-02-18,Ambient,2022-03-26,Pack: 20g / Form: Bandage
1595,Health_Product_1595,3,3,129.67,165.32,VitalMeds,2026-12-06,Controlled,2025-04-30,Strength: 200mg / Form: Capsule / Pack: 60 caps
1596,Health_Product_1596,3,4,189.94,72.64,VitalMeds,2027-01-04,Refrigerated,2022-12-02,Pack: 60 caps | Strength: 100mg | Form: Capsule
1597,Health_Product_1597,9,3,182.13,120.24,VitalMeds,2026-05-07,Refrigerated,2022-04-23,Pack: 30 units / Form: Kit
1598,Health_Product_1598,5,5,108.06,72.03,VitalMeds,2030-01-05,Refrigerated,2022-11-01,
1599,Health_Product_1599,7,3,87.33,57.42,BioZen,2029-05-19,Controlled,2025-07-27,Pack: 20g | Form: Bandage
1600,Health_Product_1600,3,2,93.46,60.34,VitalMeds,2026-12-30,Refrigerated,2024-09-30,Pack: 30 caps | Strength: 50mg | Form: Capsule
1601,Health_Product_1601,8,1,158.74,76.83,CuraMax,2029-02-20,Ambient,2023-10-31,Pack: 100g | Form: Cream
1602,Health_Product_1602,1,5,266.44,114.69,HealthPlus,2029-11-14,Ambient,2024-02-08,Pack: 20 tabs | Strength: 25mg | Form: Tablet
1603,Health_Product_1603,5,5,113.21,78.53,PharmaCo,2026-10-16,Refrigerated,2025-11-21,Form: Device | Warranty: 12m
1604,Health_Product_1604,5,3,209.88,97.3,PharmaCo,2026-08-10,Refrigerated,2023-07-28,Form: Device | Warranty: 12m
1605,Health_Product_1605,1,3,211.29,105.1,CuraMax,2027-02-09,Ambient,2023-11-17,Pack: 30 tabs | Strength: 250mg | Form: Tablet
1606,Health_Product_1606,7,1,47.19,28.73,HealthPlus,2029-03-26,Ambient,2024-09-11,Pack: 100g | Form: Bandage
1607,Health_Product_1607,1,4,222.78,102.15,MediCare,2029-04-07,Controlled,2023-06-03,Pack: 30 tabs | Strength: 250mg | Form: Tablet
1608,Health_Product_1608,6,3,71.69,46.82,LifeLine,2027-10-19,Ambient,2024-11-18,Pack: 300ml / Form: Liquid / Strength: 200mg/5ml
1609,Health_Product_1609,9,5,204.42,76.84,LifeLine,2026-02-16,Controlled,2023-06-04,Pack: 100 units | Form: Kit
1610,Health_Product_1610,3,2,246.42,306.76,BioZen,2026-11-22,Controlled,2023-11-12,Pack: 60 caps | Strength: 200mg | Form: Capsule
1611,Health_Product_1611,1,5,191.83,109.86,MediCare,2029-10-18,Refrigerated,2021-12-01,Pack: 60 tabs | Strength: 25mg | Form: Tablet
1612,Health_Product_1612,8,2,195.18,109.69,PharmaCo,2026-03-08,Ambient,2024-10-17,Pack: 100g
1613,Health_Product_1613,2,5,245.32,127.47,HealthPlus,2028-03-29,Ambient,2022-09-07,Strength: 100mg / Pack: 20 tabs
1614,Health_Product_1614,7,1,114.67,51.89,PharmaCo,2026-12-29,Controlled,2023-07-28,Pack: 10g | Form: Bandage
1615,Health_Product_1615,3,4,230.8,120.41,VitalMeds,2028-04-30,Ambient,2024-11-23,Pack: 60 caps | Strength: 100mg | Form: Capsule
1616,Health_Product_1616,7,4,80.39,41.52,CuraMax,2028-01-21,Refrigerated,2025-05-02,
1617,Health_Product_1617,2,2,241.94,136.94,MediCare,2026-09-22,Controlled,2025-10-11,Pack: 10 tabs | Strength: 650mg | Form: Tablet
1618,Health_Product_1618,5,1,51.81,64.99,MediCare,2026-12-13,Controlled,2025-06-30,Form: Device / Warranty: 6m
1619,Health_Product_1619,3,1,191.55,72.54,BioZen,2026-09-16,Refrigerated,2024-06-19,Strength: 250mg / Pack: 20 caps
1620,Health_Product_1620,9,3,45.88,18.52,HealthPlus,2027-03-28,Controlled,2023-06-06,Pack: 30 units | Form: Kit
1621,Health_Product_1621,4,5,79.05,48.12,CuraMax,2027-12-17,Ambient,2025-09-01,Pack: 30g | Form: Cream
1622,Health_Product_1622,4,5,71.84,25.74,BioZen,2027-01-17,Controlled,2025-06-12,
1623,Health_Product_1623,3,5,265.45,309.01,BioZen,2027-03-21,Ambient,2024-08-03,Pack: 20 caps | Strength: 200mg | Form: Capsule
1624,Health_Product_1624,9,3,260.61,158.17,LifeLine,2027-06-18,Controlled,2022-04-11,Pack: 100 units / Form: Kit
1625,Health_Product_1625,1,4,68.95,76.81,BioZen,2026-10-17,Refrigerated,2025-01-12,Pack: 20 tabs / Strength: 100mg
1626,Health_Product_1626,5,4,247.46,163.15,BioZen,2028-11-08,Ambient,2022-09-10,Form: Device | Warranty: 24m
1627,Health_Product_1627,4,4,90.78,35.89,PharmaCo,2029-05-21,Controlled,2022-01-13,Pack: 100g | Form: Cream
1628,Health_Product_1628,1,3,198.36,129.79,CuraMax,2028-10-18,Refrigerated,2024-01-21,Pack: 10 tabs | Strength: 100mg | Form: Tablet
1629,Health_Product_1629,8,3,87.1,46.75,HealthPlus,2029-04-05,Ambient,2021-12-28,Pack: 100g / Form: Cream
1630,Health_Product_1630,9,1,115.05,77.96,HealthPlus,2029-03-25,Refrigerated,2024-10-03,Pack: 100 units | Form: Kit
1631,Health_Product_1631,8,2,46.21,31.33,MediCare,2027-04-19,Refrigerated,2022-02-13,Pack: 30g
1632,Health_Product_1632,5,4,91.62,32.89,VitalMeds,2027-03-14,Refrigerated,2024-11-10,Form: Device / Warranty: 12m
1633,Health_Product_1633,4,2,93.1,45.77,VitalMeds,2028-11-12,Controlled,2023-11-06,Pack: 20g / Form: Cream
1634,Health_Product_1634,7,2,108.33,59.01,CuraMax,2026-10-02,Controlled,2021-11-29,Pack: 10g | Form: Bandage
1635,Health_Product_1635,2,5,40.97,24.62,PharmaCo,2026-10-02,Controlled,2024-07-19,Pack: 30 tabs | Strength: 500mg | Form: Tablet
1636,Health_Product_1636,4,4,188.13,85.77,CuraMax,2027-09-21,Ambient,2025-06-08,Pack: 90g | Form: Cream
1637,Health_Product_1637,7,3,54.2,24.03,HealthPlus,2029-11-15,Ambient,2025-07-15,Pack: 90g | Form: Bandage
1638,Health_Product_1638,9,2,248.76,122.16,LifeLine,2027-07-03,Controlled,2023-04-23,Pack: 30 units | Form: Kit
1639,Health_Product_1639,9,5,89.41,47.87,VitalMeds,2028-01-11,Controlled,2025-06-29,Pack: 20 units / Form: Kit
1640,Health_Product_1640,8,3,151.71,106.49,LifeLine,2029-02-05,Refrigerated,2023-10-08,Pack: 90g / Form: Cream
1641,Health_Product_1641,9,1,35.8,22.62,LifeLine,2030-01-17,Controlled,2023-09-29,Pack: 60 units
1642,Health_Product_1642,9,2,94.46,48.07,MediCare,2028-12-22,Refrigerated,2022-02-14,Pack: 30 units | Form: Kit
1643,Health_Product_1643,7,1,32.75,12.12,PharmaCo,2027-05-16,Refrigerated,2023-05-15,Pack: 90g | Form: Bandage
1644,Health_Product_1644,2,5,220.3,90.84,CuraMax,2027-08-19,Ambient,2024-04-02,Strength: 50mg / Pack: 20 tabs
1645,Health_Product_1645,1,1,177.51,92.07,LifeLine,2028-07-02,Controlled,2021-12-15,Strength: 50mg / Pack: 30 tabs
1646,Health_Product_1646,9,5,164.12,106.86,CuraMax,2029-08-06,Refrigerated,2023-12-30,Pack: 30 units | Form: Kit
1647,Health_Product_1647,5,1,237.8,116.73,BioZen,2027-01-24,Controlled,2025-04-15,Form: Device / Warranty: 12m
1648,Health_Product_1648,4,4,265.74,145.96,VitalMeds,2027-05-05,Controlled,2023-01-31,Pack: 20g | Form: Cream
1649,Health_Product_1649,3,2,92.17,115.41,HealthPlus,2026-11-01,Ambient,2024-03-09,
1650,Health_Product_1650,7,1,165.82,114.1,HealthPlus,2025-12-21,Refrigerated,2022-10-27,Pack: 100g | Form: Bandage
1651,Health_Product_1651,7,3,277.52,119.29,VitalMeds,2027-04-12,Ambient,2025-02-01,Pack: 30g | Form: Bandage
1652,Health_Product_1652,9,1,174.97,64.06,BioZen,2027-09-02,Controlled,2025-02-03,Pack: 10 units | Form: Kit
1653,Health_Product_1653,9,2,37.01,17.14,LifeLine,2026-02-03,Ambient,2025-01-28,Pack: 30 units
1654,Health_Product_1654,8,4,9.95,6.04,BioZen,2028-05-25,Refrigerated,2025-01-28,Pack: 100g
1655,Health_Product_1655,3,4,179.38,125.91,VitalMeds,2028-03-05,Ambient,2022-01-17,Pack: 10 caps / Strength: 50mg / Form: Capsule
1656,Health_Product_1656,4,1,215.19,81.45,VitalMeds,2027-04-16,Ambient,2025-02-16,Pack: 100g | Form: Cream
1657,Health_Product_1657,9,5,199.13,71.79,BioZen,2026-12-01,Controlled,2024-09-21,Pack: 20 units | Form: Kit
1658,Health_Product_1658,1,3,152.06,102.97,CuraMax,2029-04-21,Ambient,2025-10-16,Pack: 10 tabs | Strength: 200mg | Form: Tablet
1659,Health_Product_1659,9,2,81.46,51.06,PharmaCo,2028-09-18,Controlled,2022-11-20,
1660,Health_Product_1660,8,1,298.26,213.89,MediCare,2027-06-26,Controlled,2023-03-28,Pack: 30g
1661,Health_Product_1661,1,1,263.33,130.83,LifeLine,2026-10-24,Ambient,2022-04-08,Pack: 30 tabs | Strength: 200mg | Form: Tablet
1662,Health_Product_1662,2,1,80.07,40.35,LifeLine,2026-07-07,Controlled,2024-10-31,Pack: 30 tabs | Strength: 250mg | Form: Tablet
1663,Health_Product_1663,2,5,77.88,32.22,LifeLine,2027-08-09,Ambient,2022-02-15,Pack: 30 tabs | Strength: 50mg | Form: Tablet
1664,Health_Product_1664,6,1,200.07,78.6,LifeLine,2028-12-29,Refrigerated,2024-03-30,Pack: 500ml | Strength: 25mg/5ml | Form: Liquid
1665,Health_Product_1665,5,2,186.93,237.14,HealthPlus,2026-10-21,Controlled,2024-06-09,Form: Device | Warranty: 6m
1666,Health_Product_1666,6,5,290.45,140.81,VitalMeds,2027-10-31,Controlled,2025-06-04,Pack: 500ml | Strength: 100mg/5ml | Form: Liquid
1667,Health_Product_1667,5,2,292.31,111.0,CuraMax,2027-10-03,Ambient,2025-04-21,Form: Device | Warranty: 6m
1668,Health_Product_1668,9,1,140.41,95.22,CuraMax,2027-11-18,Refrigerated,2025-05-03,Pack: 20 units | Form: Kit
1669,Health_Product_1669,2,4,137.11,58.05,CuraMax,2029-02-23,Ambient,2024-08-07,Form: Tablet / Pack: 60 tabs / Strength: 250mg
1670,Health_Product_1670,3,2,139.51,87.47,BioZen,2028-05-21,Refrigerated,2025-03-04,Pack: 60 caps | Strength: 50mg | Form: Capsule
1671,Health_Product_1671,2,2,252.67,114.82,BioZen,2026-02-03,Controlled,2025-05-17,Form: Tablet / Strength: 250mg / Pack: 90 tabs
1672,Health_Product_1672,2,2,91.72,59.69,HealthPlus,2028-12-04,Ambient,2025-10-11,Pack: 10 tabs / Strength: 200mg / Form: Tablet
1673,Health_Product_1673,1,2,53.83,21.2,LifeLine,2026-05-01,Ambient,2022-02-06,Form: Tablet / Strength: 25mg / Pack: 100 tabs
1674,Health_Product_1674,9,5,7.65,4.82,BioZen,2027-08-14,Refrigerated,2023-03-07,Pack: 100 units | Form: Kit
1675,Health_Product_1675,3,1,51.81,63.23,PharmaCo,2026-12-12,Controlled,2024-05-08,Form: Capsule / Strength: 200mg / Pack: 20 caps
1676,Health_Product_1676,7,2,62.91,32.42,CuraMax,2026-09-03,Ambient,2024-11-26,Pack: 20g | Form: Bandage
1677,Health_Product_1677,8,2,262.25,163.01,LifeLine,2029-07-22,Refrigerated,2024-05-13,Pack: 20g | Form: Cream
1678,Health_Product_1678,7,3,12.67,5.25,MediCare,2028-08-11,Ambient,2022-02-04,Pack: 90g | Form: Bandage
1679,Health_Product_1679,2,1,159.41,72.64,BioZen,2028-02-09,Ambient,2023-10-29,Pack: 90 tabs | Strength: 50mg | Form: Tablet
1680,Health_Product_1680,9,1,211.24,141.52,VitalMeds,2029-11-22,Ambient,2024-03-17,Pack: 20 units | Form: Kit
1681,Health_Product_1681,9,3,84.02,56.92,CuraMax,2029-12-20,Controlled,2022-09-24,Pack: 100 units | Form: Kit
1682,Health_Product_1682,1,1,59.9,21.96,PharmaCo,2028-11-14,Refrigerated,2023-07-11,
1683,Health_Product_1683,9,5,117.27,48.34,VitalMeds,2027-12-03,Refrigerated,2024-06-12,Pack: 20 units | Form: Kit
1684,Health_Product_1684,2,4,222.69,87.62,CuraMax,2026-07-21,Refrigerated,2022-11-12,Pack: 10 tabs | Strength: 100mg | Form: Tablet
1685,Health_Product_1685,8,5,86.47,36.01,CuraMax,2029-03-19,Ambient,2023-05-21,Pack: 100g | Form: Cream
1686,Health_Product_1686,2,4,87.54,62.06,HealthPlus,2028-01-03,Controlled,2023-07-03,Pack: 100 tabs / Strength: 250mg
1687,Health_Product_1687,5,5,172.37,95.51,MediCare,2027-02-05,Ambient,2025-06-11,Form: Device | Warranty: 6m
1688,Health_Product_1688,1,5,25.28,13.23,VitalMeds,2026-07-31,Controlled,2024-01-01,Pack: 60 tabs | Strength: 100mg | Form: Tablet
1689,Health_Product_1689,4,4,290.79,207.7,CuraMax,2028-10-01,Refrigerated,2023-02-14,Form: Cream / Pack: 60g
1690,Health_Product_1690,4,5,162.69,90.47,BioZen,2026-08-17,Ambient,2023-01-26,Form: Cream / Pack: 90g
1691,Health_Product_1691,8,5,255.15,151.72,MediCare,2029-08-14,Refrigerated,2023-07-09,Pack: 60g | Form: Cream
1692,Health_Product_1692,6,2,82.27,38.92,CuraMax,2029-11-24,Ambient,2025-03-24,
1693,Health_Product_1693,8,4,283.84,139.47,LifeLine,2029-06-22,Ambient,2023-08-19,Pack: 10g | Form: Cream
1694,Health_Product_1694,2,1,195.16,217.95,VitalMeds,2026-12-12,Refrigerated,2024-12-15,
1695,Health_Product_1695,3,5,57.18,63.53,CuraMax,2026-12-26,Ambient,2022-07-31,
1696,Health_Product_1696,2,1,46.91,20.86,CuraMax,2026-10-14,Controlled,2025-10-06,Strength: 650mg / Pack: 10 tabs
1697,Health_Product_1697,4,1,269.9,114.12,MediCare,2028-05-28,Refrigerated,2025-09-02,Pack: 60g | Form: Cream
1698,Health_Product_1698,6,5,215.45,76.67,VitalMeds,2026-11-08,Ambient,2022-06-04,Pack: 150ml | Strength: 50mg/5ml | Form: Liquid
1699,Health_Product_1699,4,2,166.68,91.45,VitalMeds,2028-08-10,Refrigerated,2022-08-14,Pack: 100g | Form: Cream
1700,Health_Product_1700,1,3,284.79,158.8,VitalMeds,2029-11-22,Controlled,2023-07-28,Pack: 90 tabs | Strength: 100mg | Form: Tablet
1701,Health_Product_1701,3,2,66.22,71.69,VitalMeds,2026-10-14,Controlled,2022-12-12,Pack: 20 caps | Strength: 25mg | Form: Capsule
1702,Health_Product_1702,9,3,90.55,40.7,HealthPlus,2027-09-28,Refrigerated,2024-08-06,Form: Kit / Pack: 90 units
1703,Health_Product_1703,1,2,149.2,88.22,CuraMax,2026-10-15,Controlled,2021-12-01,Strength: 50mg / Pack: 10 tabs
1704,Health_Product_1704,2,5,202.24,80.86,LifeLine,2029-11-27,Controlled,2023-09-24,Pack: 10 tabs | Strength: 500mg | Form: Tablet
1705,Health_Product_1705,1,4,267.25,144.82,BioZen,2028-01-19,Ambient,2025-09-26,Pack: 10 tabs | Strength: 50mg | Form: Tablet
1706,Health_Product_1706,9,2,65.11,41.29,CuraMax,2029-08-17,Refrigerated,2024-11-16,Pack: 20 units / Form: Kit
1707,Health_Product_1707,2,5,51.77,21.27,PharmaCo,2028-06-20,Controlled,2024-12-01,Pack: 20 tabs | Strength: 650mg | Form: Tablet
1708,Health_Product_1708,8,2,270.09,169.81,PharmaCo,2026-04-29,Controlled,2024-05-31,Pack: 60g | Form: Cream
1709,Health_Product_1709,1,2,59.42,37.52,PharmaCo,2028-08-17,Controlled,2022-08-14,Pack: 30 tabs | Strength: 200mg | Form: Tablet
1710,Health_Product_1710,2,3,55.37,20.61,BioZen,2029-01-02,Ambient,2024-05-29,Pack: 30 tabs | Strength: 650mg | Form: Tablet
1711,Health_Product_1711,9,3,139.49,49.79,BioZen,2027-04-26,Ambient,2023-03-28,
1712,Health_Product_1712,3,3,262.08,186.17,PharmaCo,2026-10-25,Ambient,2023-09-11,Pack: 90 caps | Strength: 50mg | Form: Capsule
1713,Health_Product_1713,6,3,248.24,104.65,VitalMeds,2026-06-16,Controlled,2025-09-27,Pack: 500ml / Strength: 200mg/5ml / Form: Liquid
1714,Health_Product_1714,6,5,167.6,109.64,MediCare,2028-10-23,Refrigerated,2025-10-27,
1715,Health_Product_1715,8,2,291.21,162.46,BioZen,2029-02-03,Refrigerated,2023-04-27,Form: Cream / Pack: 90g
1716,Health_Product_1716,1,2,101.19,45.32,PharmaCo,2029-02-20,Refrigerated,2022-01-30,Pack: 100 tabs | Strength: 500mg | Form: Tablet
1717,Health_Product_1717,4,5,162.61,64.73,MediCare,2027-02-25,Refrigerated,2024-11-20,Pack: 60g | Form: Cream
1718,Health_Product_1718,1,2,111.14,59.32,PharmaCo,2029-03-26,Controlled,2023-10-21,Pack: 10 tabs / Strength: 200mg / Form: Tablet
1719,Health_Product_1719,3,4,270.8,135.6,PharmaCo,2029-11-30,Refrigerated,2023-02-12,Pack: 100 caps | Strength: 50mg | Form: Capsule
1720,Health_Product_1720,9,3,132.04,80.36,MediCare,2029-04-20,Controlled,2023-05-21,Pack: 90 units | Form: Kit
1721,Health_Product_1721,7,3,183.31,125.48,LifeLine,2027-12-01,Ambient,2025-03-03,Pack: 10g | Form: Bandage
1722,Health_Product_1722,9,2,179.78,116.49,BioZen,2027-01-16,Controlled,2023-07-23,Pack: 100 units | Form: Kit
1723,Health_Product_1723,3,4,165.01,74.51,PharmaCo,2026-09-18,Ambient,2024-03-26,
1724,Health_Product_1724,8,1,193.25,130.48,LifeLine,2029-01-16,Refrigerated,2022-10-03,Pack: 10g | Form: Cream
1725,Health_Product_1725,1,1,243.85,160.54,PharmaCo,2029-01-30,Refrigerated,2025-06-14,Pack: 90 tabs / Strength: 100mg / Form: Tablet
1726,Health_Product_1726,2,3,218.72,151.74,LifeLine,2028-09-30,Refrigerated,2024-11-08,Pack: 60 tabs | Strength: 100mg | Form: Tablet
1727,Health_Product_1727,9,5,254.25,132.13,BioZen,2027-07-18,Refrigerated,2023-03-16,Pack: 90 units / Form: Kit
1728,Health_Product_1728,3,2,109.81,136.28,BioZen,2026-12-06,Ambient,2023-01-29,Pack: 100 caps | Strength: 250mg | Form: Capsule
1729,Health_Product_1729,1,1,83.39,47.44,PharmaCo,2027-06-13,Refrigerated,2021-12-14,Pack: 20 tabs / Strength: 100mg
1730,Health_Product_1730,1,2,297.71,138.4,CuraMax,2026-04-25,Refrigerated,2022-07-09,Pack: 20 tabs | Strength: 100mg | Form: Tablet
1731,Health_Product_1731,3,1,139.63,100.25,PharmaCo,2026-12-14,Ambient,2023-08-02,Strength: 200mg / Pack: 30 caps
1732,Health_Product_1732,1,3,81.6,29.72,BioZen,2026-10-15,Refrigerated,2025-09-07,Pack: 100 tabs | Strength: 650mg | Form: Tablet
1733,Health_Product_1733,3,3,19.2,7.87,MediCare,2027-01-03,Ambient,2024-05-02,Pack: 90 caps / Strength: 100mg / Form: Capsule
1734,Health_Product_1734,9,4,128.69,87.54,HealthPlus,2029-09-06,Controlled,2024-06-09,Pack: 10 units | Form: Kit
1735,Health_Product_1735,4,5,285.39,106.28,CuraMax,2026-04-27,Controlled,2025-06-22,Pack: 10g | Form: Cream
1736,Health_Product_1736,5,3,112.72,76.44,VitalMeds,2026-03-20,Refrigerated,2023-01-29,Form: Device | Warranty: 6m
1737,Health_Product_1737,4,4,139.8,85.93,LifeLine,2028-08-30,Ambient,2025-06-17,Form: Cream / Pack: 20g
1738,Health_Product_1738,5,2,6.01,2.19,HealthPlus,2026-02-20,Refrigerated,2024-03-05,Form: Device
1739,Health_Product_1739,6,4,41.69,21.21,PharmaCo,2027-02-03,Ambient,2025-03-10,Pack: 50ml | Strength: 25mg/5ml | Form: Liquid
1740,Health_Product_1740,9,1,107.12,67.4,LifeLine,2028-10-05,Refrigerated,2022-02-20,Pack: 20 units | Form: Kit
1741,Health_Product_1741,5,3,8.9,5.04,HealthPlus,2030-01-08,Refrigerated,2025-10-24,Form: Device | Warranty: 6m
1742,Health_Product_1742,9,4,204.08,142.1,HealthPlus,2026-04-17,Controlled,2024-01-31,Pack: 20 units / Form: Kit
1743,Health_Product_1743,5,5,32.87,22.06,PharmaCo,2027-02-06,Ambient,2025-08-11,Form: Device | Warranty: 24m
1744,Health_Product_1744,8,1,214.82,101.63,PharmaCo,2028-08-21,Ambient,2025-10-06,Pack: 20g
1745,Health_Product_1745,2,5,56.84,21.67,LifeLine,2029-05-06,Ambient,2022-02-05,Pack: 20 tabs | Strength: 50mg | Form: Tablet
1746,Health_Product_1746,4,2,176.97,123.77,MediCare,2027-03-15,Ambient,2022-07-29,Pack: 10g | Form: Cream
1747,Health_Product_1747,7,5,121.35,65.7,BioZen,2027-05-17,Refrigerated,2023-05-18,Pack: 60g | Form: Bandage
1748,Health_Product_1748,2,4,170.37,64.32,BioZen,2029-09-06,Ambient,2024-02-01,Pack: 90 tabs | Strength: 200mg | Form: Tablet
1749,Health_Product_1749,6,3,181.25,118.2,HealthPlus,2028-02-07,Controlled,2024-02-10,Pack: 50ml / Strength: 250mg/5ml / Form: Liquid
1750,Health_Product_1750,8,4,154.54,103.75,HealthPlus,2027-10-13,Controlled,2024-12-27,Pack: 30g
1751,Health_Product_1751,1,3,28.09,16.48,HealthPlus,2029-10-22,Controlled,2021-11-20,Pack: 90 tabs / Strength: 100mg
1752,Health_Product_1752,1,2,159.23,82.1,LifeLine,2026-05-26,Refrigerated,2022-09-27,Pack: 20 tabs | Strength: 200mg | Form: Tablet
1753,Health_Product_1753,6,5,137.84,82.02,PharmaCo,2029-08-30,Ambient,2023-07-11,Form: Liquid / Pack: 500ml / Strength: 100mg/5ml
1754,Health_Product_1754,2,1,281.01,171.83,HealthPlus,2029-08-14,Controlled,2024-08-05,Pack: 90 tabs / Strength: 650mg
1755,Health_Product_1755,3,2,135.29,92.05,HealthPlus,2026-10-23,Refrigerated,2024-12-14,Strength: 25mg / Form: Capsule / Pack: 90 caps
1756,Health_Product_1756,7,5,160.65,113.04,LifeLine,2028-08-05,Controlled,2025-09-08,
1757,Health_Product_1757,3,3,47.79,25.82,PharmaCo,2026-10-08,Controlled,2024-09-02,Pack: 10 caps | Strength: 650mg | Form: Capsule
1758,Health_Product_1758,2,1,34.47,22.25,VitalMeds,2028-04-13,Ambient,2024-06-14,
1759,Health_Product_1759,8,5,227.66,160.93,LifeLine,2028-02-07,Controlled,2025-04-23,Pack: 10g | Form: Cream
1760,Health_Product_1760,5,2,186.34,75.65,PharmaCo,2029-11-27,Refrigerated,2024-06-05,Form: Device | Warranty: 12m
1761,Health_Product_1761,5,2,124.15,44.29,HealthPlus,2027-02-19,Controlled,2023-08-08,Form: Device | Warranty: 12m
1762,Health_Product_1762,2,2,232.69,156.26,VitalMeds,2027-03-02,Controlled,2024-10-31,Pack: 90 tabs | Strength: 25mg | Form: Tablet
1763,Health_Product_1763,8,3,283.98,119.91,HealthPlus,2027-03-08,Controlled,2022-05-11,Pack: 20g
1764,Health_Product_1764,5,5,32.46,11.87,HealthPlus,2029-04-17,Refrigerated,2024-12-11,Form: Device | Warranty: 6m
1765,Health_Product_1765,6,2,249.47,102.09,HealthPlus,2028-09-19,Controlled,2023-09-26,Pack: 150ml | Strength: 50mg/5ml | Form: Liquid
1766,Health_Product_1766,6,1,80.27,39.5,PharmaCo,2029-05-21,Controlled,2023-12-07,Strength: 100mg/5ml / Pack: 50ml / Form: Liquid
1767,Health_Product_1767,1,5,270.59,116.66,CuraMax,2028-12-30,Controlled,2023-07-10,Pack: 60 tabs | Strength: 650mg | Form: Tablet
1768,Health_Product_1768,1,3,182.81,84.63,PharmaCo,2026-12-16,Controlled,2023-02-12,Pack: 90 tabs / Form: Tablet / Strength: 250mg
1769,Health_Product_1769,4,5,106.37,75.61,VitalMeds,2029-06-04,Ambient,2025-08-08,Pack: 30g | Form: Cream
1770,Health_Product_1770,5,5,194.34,118.67,MediCare,2026-02-22,Controlled,2021-11-16,Form: Device | Warranty: 6m
1771,Health_Product_1771,5,3,211.18,129.56,VitalMeds,2026-06-05,Controlled,2024-08-01,Form: Device | Warranty: 24m
1772,Health_Product_1772,5,2,14.2,5.47,BioZen,2028-01-04,Ambient,2023-03-02,Form: Device | Warranty: 12m
1773,Health_Product_1773,3,2,14.96,9.29,MediCare,2026-11-03,Refrigerated,2022-02-13,Strength: 250mg / Pack: 30 caps
1774,Health_Product_1774,8,2,279.55,174.32,LifeLine,2026-12-31,Ambient,2024-04-13,Pack: 30g / Form: Cream
1775,Health_Product_1775,3,3,37.24,22.12,MediCare,2026-10-21,Refrigerated,2025-09-09,Pack: 10 caps | Strength: 250mg | Form: Capsule
1776,Health_Product_1776,9,2,187.04,81.27,PharmaCo,2028-08-02,Ambient,2024-05-22,
1777,Health_Product_1777,7,3,28.63,14.5,MediCare,2026-07-09,Refrigerated,2025-08-04,Pack: 90g | Form: Bandage
1778,Health_Product_1778,9,3,93.58,62.05,HealthPlus,2028-08-08,Refrigerated,2025-03-21,Pack: 100 units
1779,Health_Product_1779,6,3,287.83,172.12,CuraMax,2029-08-14,Refrigerated,2025-09-24,Strength: 650mg/5ml / Form: Liquid / Pack: 100ml
1780,Health_Product_1780,6,5,296.83,184.37,HealthPlus,2028-10-15,Ambient,2022-02-22,Pack: 450ml | Strength: 25mg/5ml | Form: Liquid
1781,Health_Product_1781,6,2,16.72,9.49,MediCare,2026-07-22,Refrigerated,2023-11-21,Pack: 100ml | Strength: 50mg/5ml | Form: Liquid
1782,Health_Product_1782,7,2,259.8,134.15,CuraMax,2028-02-11,Refrigerated,2025-08-04,Pack: 30g | Form: Bandage
1783,Health_Product_1783,8,5,33.94,21.41,LifeLine,2027-12-07,Refrigerated,2023-04-16,Pack: 100g | Form: Cream
1784,Health_Product_1784,9,5,269.79,101.21,HealthPlus,2027-03-18,Controlled,2023-06-23,Pack: 90 units | Form: Kit
1785,Health_Product_1785,3,4,182.24,109.17,CuraMax,2026-11-06,Controlled,2023-03-11,
1786,Health_Product_1786,9,4,6.47,4.65,BioZen,2026-12-24,Controlled,2023-12-04,Form: Kit / Pack: 100 units
1787,Health_Product_1787,9,1,251.17,160.41,CuraMax,2027-09-26,Refrigerated,2022-02-24,Pack: 20 units / Form: Kit
1788,Health_Product_1788,3,4,142.02,64.98,HealthPlus,2026-10-09,Ambient,2024-08-14,Pack: 60 caps / Strength: 100mg
1789,Health_Product_1789,2,4,232.49,105.27,CuraMax,2029-10-15,Controlled,2021-12-22,Pack: 100 tabs | Strength: 50mg | Form: Tablet
1790,Health_Product_1790,9,5,295.2,176.2,VitalMeds,2028-03-20,Ambient,2022-09-27,Form: Kit / Pack: 100 units
1791,Health_Product_1791,6,5,158.96,108.33,MediCare,2028-07-06,Controlled,2023-12-03,Pack: 50ml / Strength: 250mg/5ml / Form: Liquid
1792,Health_Product_1792,8,4,94.21,53.12,MediCare,2029-06-11,Controlled,2024-06-02,Pack: 60g
1793,Health_Product_1793,9,3,133.61,72.84,MediCare,2029-03-25,Controlled,2024-11-12,Form: Kit / Pack: 20 units
1794,Health_Product_1794,2,5,232.73,95.27,BioZen,2028-07-11,Refrigerated,2023-08-20,Pack: 100 tabs | Strength: 500mg | Form: Tablet
1795,Health_Product_1795,4,1,97.51,59.94,PharmaCo,2029-06-09,Controlled,2025-09-15,Pack: 60g | Form: Cream
1796,Health_Product_1796,5,3,247.45,150.91,PharmaCo,2026-07-09,Ambient,2022-12-21,Form: Device | Warranty: 12m
1797,Health_Product_1797,9,3,249.89,176.87,LifeLine,2029-04-30,Ambient,2023-05-31,Pack: 60 units / Form: Kit
1798,Health_Product_1798,4,2,118.45,54.61,LifeLine,2026-03-29,Ambient,2024-12-21,Pack: 90g | Form: Cream
1799,Health_Product_1799,3,5,138.19,146.98,CuraMax,2026-12-16,Refrigerated,2023-04-21,Pack: 60 caps | Strength: 50mg | Form: Capsule
1800,Health_Product_1800,2,1,168.36,85.97,PharmaCo,2029-08-01,Ambient,2023-07-06,Pack: 100 tabs | Strength: 100mg | Form: Tablet
1801,Health_Product_1801,8,2,59.05,32.87,MediCare,2028-06-17,Controlled,2024-09-26,Pack: 100g | Form: Cream
1802,Health_Product_1802,9,1,167.81,109.43,BioZen,2026-08-27,Refrigerated,2024-04-24,Pack: 20 units | Form: Kit
1803,Health_Product_1803,8,1,190.95,82.52,LifeLine,2028-08-21,Ambient,2021-11-11,Pack: 20g | Form: Cream
1804,Health_Product_1804,4,1,271.91,129.66,CuraMax,2027-12-28,Controlled,2024-08-14,Pack: 30g | Form: Cream
1805,Health_Product_1805,3,4,132.9,84.54,HealthPlus,2026-10-15,Controlled,2022-12-12,Pack: 60 caps | Strength: 25mg | Form: Capsule
1806,Health_Product_1806,9,3,211.89,118.89,VitalMeds,2027-05-23,Ambient,2022-12-31,Pack: 60 units | Form: Kit
1807,Health_Product_1807,2,3,46.18,17.74,BioZen,2029-01-06,Refrigerated,2023-05-24,Pack: 60 tabs | Strength: 50mg | Form: Tablet
1808,Health_Product_1808,9,1,177.73,222.17,HealthPlus,2027-01-01,Refrigerated,2025-05-28,Pack: 20 units | Form: Kit
1809,Health_Product_1809,7,2,154.49,87.6,VitalMeds,2029-11-05,Ambient,2023-01-03,Pack: 20g | Form: Bandage
1810,Health_Product_1810,3,1,199.71,137.11,LifeLine,2026-12-22,Ambient,2022-03-05,Pack: 60 caps | Strength: 25mg | Form: Capsule
1811,Health_Product_1811,8,3,236.78,99.39,LifeLine,2026-01-12,Ambient,2023-09-09,Pack: 90g / Form: Cream
1812,Health_Product_1812,4,2,88.98,57.68,VitalMeds,2029-08-16,Controlled,2025-11-09,
1813,Health_Product_1813,9,2,81.22,32.35,VitalMeds,2026-02-18,Refrigerated,2023-03-23,Pack: 30 units / Form: Kit
1814,Health_Product_1814,6,2,49.72,21.86,MediCare,2026-09-26,Refrigerated,2023-05-10,Pack: 300ml | Strength: 200mg/5ml | Form: Liquid
1815,Health_Product_1815,3,2,216.89,95.44,BioZen,2027-07-26,Refrigerated,2022-05-19,Strength: 25mg / Pack: 20 caps
1816,Health_Product_1816,2,5,166.69,112.46,LifeLine,2027-06-12,Controlled,2022-12-19,Pack: 90 tabs / Strength: 200mg / Form: Tablet
1817,Health_Product_1817,4,3,187.07,79.25,CuraMax,2029-01-19,Controlled,2022-06-20,Pack: 10g | Form: Cream
1818,Health_Product_1818,7,2,89.41,57.33,BioZen,2029-12-26,Refrigerated,2024-01-06,Pack: 30g | Form: Bandage
1819,Health_Product_1819,9,1,266.22,138.67,CuraMax,2026-05-04,Refrigerated,2024-12-22,Pack: 20 units | Form: Kit
1820,Health_Product_1820,7,4,92.24,66.38,BioZen,2026-12-07,Refrigerated,2025-03-13,Pack: 100g | Form: Bandage
1821,Health_Product_1821,2,2,38.82,25.64,CuraMax,2026-11-10,Ambient,2022-03-15,Pack: 100 tabs | Strength: 200mg | Form: Tablet
1822,Health_Product_1822,6,2,281.3,175.44,HealthPlus,2027-01-20,Controlled,2023-03-17,Pack: 50ml | Strength: 250mg/5ml | Form: Liquid
1823,Health_Product_1823,3,2,184.56,211.8,HealthPlus,2026-12-15,Refrigerated,2024-07-26,Pack: 30 caps | Strength: 50mg | Form: Capsule
1824,Health_Product_1824,3,3,280.03,301.46,PharmaCo,2026-10-22,Controlled,2022-01-27,Pack: 10 caps | Strength: 25mg | Form: Capsule
1825,Health_Product_1825,1,3,136.74,90.54,PharmaCo,2026-11-09,Refrigerated,2023-11-13,Pack: 60 tabs | Strength: 650mg | Form: Tablet
1826,Health_Product_1826,6,4,107.18,47.87,VitalMeds,2025-12-29,Refrigerated,2025-03-29,Pack: 150ml | Strength: 500mg/5ml | Form: Liquid
1827,Health_Product_1827,5,1,102.73,39.67,LifeLine,2029-05-03,Controlled,2022-01-26,Form: Device | Warranty: 12m
1828,Health_Product_1828,1,3,135.69,78.41,PharmaCo,2029-09-23,Refrigerated,2022-02-08,Pack: 10 tabs | Strength: 650mg | Form: Tablet
1829,Health_Product_1829,6,3,161.59,82.55,MediCare,2026-09-22,Refrigerated,2024-09-24,
1830,Health_Product_1830,7,5,131.26,66.65,HealthPlus,2026-11-07,Refrigerated,2024-01-23,Pack: 30g
1831,Health_Product_1831,1,4,225.58,122.92,VitalMeds,2027-07-19,Ambient,2024-01-13,Pack: 10 tabs | Strength: 650mg | Form: Tablet
1832,Health_Product_1832,9,2,296.79,143.56,HealthPlus,2028-01-31,Controlled,2024-06-21,Pack: 90 units / Form: Kit
1833,Health_Product_1833,8,1,101.58,59.08,BioZen,2027-10-25,Refrigerated,2023-03-26,Pack: 90g | Form: Cream
1834,Health_Product_1834,5,3,10.38,3.75,VitalMeds,2028-04-13,Ambient,2023-09-24,Form: Device | Warranty: 12m
1835,Health_Product_1835,9,1,284.25,201.49,LifeLine,2026-06-17,Refrigerated,2025-03-16,Pack: 60 units / Form: Kit
1836,Health_Product_1836,4,2,171.78,197.6,LifeLine,2027-03-30,Refrigerated,2023-01-30,Pack: 60g | Form: Cream
1837,Health_Product_1837,9,3,159.69,111.15,PharmaCo,2026-04-05,Ambient,2025-12-08,Pack: 100 units | Form: Kit
1838,Health_Product_1838,8,2,90.68,43.98,CuraMax,2026-07-17,Controlled,2025-08-08,Pack: 90g | Form: Cream
1839,Health_Product_1839,7,2,138.79,75.89,HealthPlus,2029-12-23,Refrigerated,2022-05-29,Pack: 60g | Form: Bandage
1840,Health_Product_1840,3,3,48.95,34.41,PharmaCo,2026-11-11,Controlled,2024-04-25,Pack: 60 caps | Strength: 100mg | Form: Capsule
1841,Health_Product_1841,4,1,218.14,149.18,PharmaCo,2026-02-08,Controlled,2024-01-19,Pack: 20g | Form: Cream
1842,Health_Product_1842,6,3,171.78,110.35,CuraMax,2028-12-02,Controlled,2023-08-11,
1843,Health_Product_1843,6,2,244.19,122.27,VitalMeds,2027-11-08,Refrigerated,2025-05-17,Strength: 100mg/5ml / Pack: 100ml
1844,Health_Product_1844,2,3,271.42,151.67,BioZen,2027-11-16,Controlled,2023-11-28,Pack: 90 tabs | Strength: 200mg | Form: Tablet
1845,Health_Product_1845,2,2,223.92,144.07,PharmaCo,2029-10-05,Ambient,2023-06-02,Pack: 10 tabs / Strength: 650mg / Form: Tablet
1846,Health_Product_1846,3,2,33.82,15.25,CuraMax,2026-12-31,Controlled,2023-11-27,Pack: 30 caps | Strength: 250mg | Form: Capsule
1847,Health_Product_1847,1,1,257.45,149.78,LifeLine,2025-12-22,Ambient,2023-09-05,Pack: 90 tabs | Strength: 50mg | Form: Tablet
1848,Health_Product_1848,4,3,17.02,11.17,VitalMeds,2027-03-16,Controlled,2023-12-26,Pack: 60g | Form: Cream
1849,Health_Product_1849,4,2,205.89,125.95,PharmaCo,2028-03-08,Refrigerated,2025-03-28,Pack: 20g | Form: Cream
1850,Health_Product_1850,2,2,131.73,69.48,BioZen,2028-09-30,Controlled,2024-09-10,Strength: 250mg / Pack: 10 tabs
1851,Health_Product_1851,9,4,200.1,113.32,HealthPlus,2028-07-29,Refrigerated,2022-05-08,Pack: 60 units | Form: Kit
1852,Health_Product_1852,3,5,178.15,127.52,LifeLine,2027-02-12,Ambient,2024-08-19,Pack: 20 caps | Strength: 500mg | Form: Capsule
1853,Health_Product_1853,9,3,293.51,168.1,BioZen,2028-05-01,Refrigerated,2024-01-15,Pack: 60 units / Form: Kit
1854,Health_Product_1854,1,4,45.43,29.11,BioZen,2027-07-11,Ambient,2025-04-22,Strength: 100mg / Pack: 90 tabs
1855,Health_Product_1855,1,3,202.15,125.1,CuraMax,2026-11-03,Ambient,2023-12-25,Pack: 60 tabs | Strength: 650mg | Form: Tablet
1856,Health_Product_1856,3,1,258.16,157.36,LifeLine,2026-11-06,Ambient,2025-09-27,Pack: 100 caps | Strength: 250mg | Form: Capsule
1857,Health_Product_1857,6,4,253.11,155.68,PharmaCo,2029-08-02,Controlled,2025-01-30,Pack: 50ml | Strength: 500mg/5ml | Form: Liquid
1858,Health_Product_1858,2,1,252.56,130.86,CuraMax,2027-09-07,Controlled,2023-06-04,Pack: 100 tabs / Strength: 25mg
1859,Health_Product_1859,2,5,7.22,3.79,PharmaCo,2029-12-31,Refrigerated,2024-03-12,Strength: 100mg / Pack: 60 tabs
1860,Health_Product_1860,7,2,37.81,19.78,PharmaCo,2027-05-29,Refrigerated,2024-05-28,
1861,Health_Product_1861,4,5,150.67,54.59,CuraMax,2027-05-24,Controlled,2025-09-29,Form: Cream / Pack: 20g
1862,Health_Product_1862,8,4,184.03,80.82,LifeLine,2026-09-20,Refrigerated,2023-01-04,Pack: 90g / Form: Cream
1863,Health_Product_1863,6,5,229.05,93.27,VitalMeds,2027-09-09,Refrigerated,2023-01-13,Pack: 150ml | Strength: 250mg/5ml | Form: Liquid
1864,Health_Product_1864,4,4,103.34,70.06,MediCare,2027-12-19,Ambient,2022-08-21,Pack: 90g | Form: Cream
1865,Health_Product_1865,3,5,236.52,106.85,BioZen,2027-01-06,Refrigerated,2024-09-01,Pack: 20 caps | Strength: 50mg | Form: Capsule
1866,Health_Product_1866,2,1,142.91,57.34,HealthPlus,2029-11-27,Ambient,2024-01-21,Pack: 90 tabs | Strength: 25mg | Form: Tablet
1867,Health_Product_1867,5,1,297.52,117.32,LifeLine,2029-06-27,Ambient,2024-07-17,Form: Device | Warranty: 12m
1868,Health_Product_1868,2,4,104.75,63.79,VitalMeds,2029-03-10,Controlled,2024-06-13,
1869,Health_Product_1869,9,5,77.25,27.21,PharmaCo,2028-12-09,Refrigerated,2023-09-27,Pack: 90 units | Form: Kit
1870,Health_Product_1870,6,4,139.85,73.33,PharmaCo,2026-01-01,Controlled,2024-11-21,Pack: 100ml | Strength: 500mg/5ml | Form: Liquid
1871,Health_Product_1871,7,4,243.77,96.04,VitalMeds,2029-02-18,Controlled,2023-05-10,Pack: 100g | Form: Bandage
1872,Health_Product_1872,2,1,185.4,123.18,VitalMeds,2029-06-08,Refrigerated,2023-10-01,Pack: 10 tabs | Strength: 100mg | Form: Tablet
1873,Health_Product_1873,4,3,130.47,91.93,HealthPlus,2028-03-16,Ambient,2021-12-20,Pack: 10g / Form: Cream
1874,Health_Product_1874,5,3,283.49,199.79,CuraMax,2027-05-17,Controlled,2022-02-16,Form: Device | Warranty: 6m
1875,Health_Product_1875,3,3,9.23,4.74,PharmaCo,2025-12-27,Refrigerated,2022-07-30,Pack: 90 caps / Form: Capsule / Strength: 100mg
1876,Health_Product_1876,4,3,134.29,79.03,PharmaCo,2029-07-12,Ambient,2025-09-19,Pack: 60g | Form: Cream
1877,Health_Product_1877,8,2,160.91,92.02,MediCare,2029-01-12,Refrigerated,2022-08-16,Pack: 30g
1878,Health_Product_1878,8,4,217.15,104.13,LifeLine,2028-09-01,Ambient,2024-11-18,Pack: 90g | Form: Cream
1879,Health_Product_1879,5,5,89.26,45.91,BioZen,2029-04-24,Controlled,2024-03-18,Warranty: 12m / Form: Device
1880,Health_Product_1880,8,4,14.55,5.44,BioZen,2026-07-25,Ambient,2022-10-25,Pack: 10g | Form: Cream
1881,Health_Product_1881,1,1,163.82,105.57,LifeLine,2027-10-23,Ambient,2022-11-06,Strength: 650mg / Form: Tablet / Pack: 20 tabs
1882,Health_Product_1882,7,2,78.84,34.62,LifeLine,2028-07-13,Ambient,2025-06-21,Form: Bandage / Pack: 30g
1883,Health_Product_1883,6,3,27.05,14.08,HealthPlus,2029-04-15,Refrigerated,2024-07-20,Pack: 300ml | Strength: 650mg/5ml | Form: Liquid
1884,Health_Product_1884,1,1,214.11,113.01,MediCare,2027-12-27,Ambient,2021-12-25,Pack: 10 tabs / Form: Tablet / Strength: 100mg
1885,Health_Product_1885,6,5,239.99,133.79,MediCare,2028-07-23,Controlled,2024-05-15,Pack: 150ml | Strength: 650mg/5ml | Form: Liquid
1886,Health_Product_1886,4,3,274.54,179.17,HealthPlus,2028-11-01,Controlled,2024-12-23,Pack: 30g / Form: Cream
1887,Health_Product_1887,6,1,53.23,32.26,VitalMeds,2028-09-17,Refrigerated,2024-10-21,Pack: 450ml | Strength: 500mg/5ml | Form: Liquid
1888,Health_Product_1888,4,2,286.12,170.34,LifeLine,2028-11-11,Refrigerated,2025-08-28,
1889,Health_Product_1889,1,5,227.19,123.79,VitalMeds,2027-04-12,Controlled,2023-10-16,Pack: 90 tabs | Strength: 650mg | Form: Tablet
1890,Health_Product_1890,5,1,252.26,97.25,MediCare,2029-06-02,Controlled,2023-01-23,Form: Device | Warranty: 12m
1891,Health_Product_1891,9,4,266.52,132.93,MediCare,2029-09-30,Refrigerated,2024-11-24,Pack: 60 units / Form: Kit
1892,Health_Product_1892,1,3,166.77,207.01,PharmaCo,2029-10-30,Ambient,2025-08-29,Pack: 90 tabs | Strength: 25mg | Form: Tablet
1893,Health_Product_1893,8,5,230.97,165.92,HealthPlus,2027-06-14,Ambient,2025-05-05,Pack: 90g | Form: Cream
1894,Health_Product_1894,6,3,258.75,160.5,VitalMeds,2029-04-01,Ambient,2022-06-28,Pack: 150ml / Strength: 25mg/5ml / Form: Liquid
1895,Health_Product_1895,1,4,224.62,97.53,CuraMax,2029-03-19,Ambient,2022-06-26,Pack: 30 tabs | Strength: 200mg | Form: Tablet
1896,Health_Product_1896,5,5,295.58,114.6,LifeLine,2025-12-23,Controlled,2022-10-27,Form: Device | Warranty: 6m
1897,Health_Product_1897,9,3,98.97,49.83,BioZen,2029-08-10,Controlled,2025-02-17,Pack: 10 units | Form: Kit
1898,Health_Product_1898,7,4,263.04,175.43,BioZen,2028-04-29,Ambient,2023-01-01,Pack: 10g | Form: Bandage
1899,Health_Product_1899,7,3,299.17,184.61,BioZen,2027-07-18,Refrigerated,2025-07-24,Pack: 20g | Form: Bandage
1900,Health_Product_1900,2,2,59.34,40.18,BioZen,2026-09-06,Refrigerated,2024-03-29,Pack: 20 tabs | Strength: 500mg | Form: Tablet
1901,Health_Product_1901,3,2,173.7,100.37,MediCare,2026-11-03,Ambient,2025-07-11,Strength: 100mg / Pack: 100 caps
1902,Health_Product_1902,5,2,67.44,26.86,HealthPlus,2026-06-23,Ambient,2022-12-23,Form: Device / Warranty: 6m
1903,Health_Product_1903,5,4,110.13,43.22,PharmaCo,2029-11-14,Refrigerated,2024-02-28,Form: Device / Warranty: 6m
1904,Health_Product_1904,8,4,31.02,11.41,BioZen,2027-01-17,Controlled,2021-12-29,Pack: 20g | Form: Cream
1905,Health_Product_1905,9,5,197.36,110.49,PharmaCo,2026-07-25,Refrigerated,2022-01-04,Pack: 100 units
1906,Health_Product_1906,4,5,113.72,50.02,PharmaCo,2028-04-27,Refrigerated,2024-10-02,Pack: 100g | Form: Cream
1907,Health_Product_1907,3,2,7.63,9.56,VitalMeds,2026-09-18,Ambient,2022-07-17,Pack: 100 caps | Strength: 100mg | Form: Capsule
1908,Health_Product_1908,4,2,102.54,61.93,MediCare,2026-02-14,Controlled,2024-02-29,
1909,Health_Product_1909,4,5,62.21,68.0,CuraMax,2029-01-02,Refrigerated,2022-07-23,
1910,Health_Product_1910,3,1,48.57,61.33,MediCare,2026-12-15,Ambient,2025-11-08,Pack: 20 caps | Strength: 650mg | Form: Capsule
1911,Health_Product_1911,8,5,137.17,53.21,HealthPlus,2026-10-08,Ambient,2021-12-23,Pack: 90g / Form: Cream
1912,Health_Product_1912,9,3,72.02,44.85,HealthPlus,2026-02-26,Refrigerated,2023-11-30,Pack: 60 units | Form: Kit
1913,Health_Product_1913,9,5,70.34,36.34,HealthPlus,2027-03-26,Ambient,2024-02-06,Pack: 90 units | Form: Kit
1914,Health_Product_1914,1,4,208.45,97.91,VitalMeds,2025-12-19,Ambient,2024-09-22,Pack: 100 tabs / Strength: 500mg
1915,Health_Product_1915,7,4,11.36,7.58,MediCare,2028-09-24,Ambient,2022-07-19,Pack: 60g / Form: Bandage
1916,Health_Product_1916,6,4,115.34,65.7,BioZen,2028-03-03,Ambient,2025-10-28,Pack: 500ml | Strength: 250mg/5ml | Form: Liquid
1917,Health_Product_1917,2,4,46.18,25.01,HealthPlus,2027-04-14,Ambient,2023-11-23,Pack: 10 tabs / Strength: 200mg / Form: Tablet
1918,Health_Product_1918,2,3,100.76,62.98,HealthPlus,2027-10-02,Refrigerated,2022-06-21,Pack: 30 tabs / Strength: 200mg / Form: Tablet
1919,Health_Product_1919,4,1,232.3,151.41,CuraMax,2029-01-12,Ambient,2022-05-27,Pack: 90g | Form: Cream
1920,Health_Product_1920,3,4,181.2,197.46,MediCare,2027-09-29,Controlled,2023-09-03,Pack: 90 caps | Strength: 500mg | Form: Capsule
1921,Health_Product_1921,8,4,150.4,77.13,CuraMax,2027-10-08,Ambient,2022-10-29,Pack: 60g / Form: Cream
1922,Health_Product_1922,2,3,276.95,135.8,HealthPlus,2026-09-28,Refrigerated,2025-11-03,Strength: 50mg / Pack: 100 tabs
1923,Health_Product_1923,6,4,56.62,35.98,HealthPlus,2027-01-12,Controlled,2025-05-13,Form: Liquid / Strength: 25mg/5ml / Pack: 300ml
1924,Health_Product_1924,4,2,200.51,239.07,LifeLine,2026-11-05,Refrigerated,2023-11-29,Pack: 30g / Form: Cream
1925,Health_Product_1925,7,1,17.94,10.95,BioZen,2026-04-15,Controlled,2024-02-12,Pack: 20g
1926,Health_Product_1926,4,4,158.62,107.77,MediCare,2028-05-03,Refrigerated,2025-11-01,Pack: 30g | Form: Cream
1927,Health_Product_1927,5,2,24.9,17.15,VitalMeds,2028-07-24,Ambient,2025-05-19,Form: Device | Warranty: 24m
1928,Health_Product_1928,1,5,121.43,54.98,VitalMeds,2029-04-19,Refrigerated,2023-08-27,
1929,Health_Product_1929,6,2,209.6,87.93,PharmaCo,2027-06-20,Refrigerated,2022-08-31,Pack: 450ml / Strength: 100mg/5ml / Form: Liquid
1930,Health_Product_1930,8,5,252.0,112.56,HealthPlus,2027-06-19,Ambient,2025-05-26,Form: Cream / Pack: 90g
1931,Health_Product_1931,9,2,116.71,73.29,PharmaCo,2028-09-03,Controlled,2022-07-17,Pack: 20 units
1932,Health_Product_1932,8,5,132.67,64.6,BioZen,2026-10-18,Refrigerated,2025-07-26,Pack: 30g | Form: Cream
1933,Health_Product_1933,8,5,25.3,10.48,PharmaCo,2029-12-24,Refrigerated,2024-08-09,Pack: 30g / Form: Cream
1934,Health_Product_1934,7,2,283.26,109.45,PharmaCo,2028-06-12,Refrigerated,2022-11-24,Pack: 30g | Form: Bandage
1935,Health_Product_1935,2,4,224.27,105.65,BioZen,2027-07-16,Refrigerated,2023-07-07,Pack: 90 tabs / Strength: 250mg
1936,Health_Product_1936,9,4,74.28,29.74,HealthPlus,2029-01-17,Ambient,2024-11-05,Pack: 100 units | Form: Kit
1937,Health_Product_1937,1,2,162.51,66.28,VitalMeds,2027-10-14,Refrigerated,2025-03-29,Pack: 30 tabs | Strength: 25mg | Form: Tablet
1938,Health_Product_1938,4,2,76.73,46.27,LifeLine,2029-02-25,Refrigerated,2021-12-14,Pack: 20g | Form: Cream
1939,Health_Product_1939,8,3,217.37,77.67,PharmaCo,2027-03-20,Ambient,2025-03-18,Pack: 60g / Form: Cream
1940,Health_Product_1940,3,4,168.44,66.28,LifeLine,2027-10-14,Ambient,2025-01-12,Pack: 10 caps | Strength: 50mg | Form: Capsule
1941,Health_Product_1941,8,2,249.47,165.25,CuraMax,2026-12-22,Ambient,2022-10-01,Pack: 90g / Form: Cream
1942,Health_Product_1942,6,3,41.41,27.44,MediCare,2029-04-15,Controlled,2024-04-18,Pack: 100ml | Strength: 500mg/5ml | Form: Liquid
1943,Health_Product_1943,7,2,176.22,83.14,CuraMax,2028-03-12,Controlled,2023-11-07,Pack: 10g / Form: Bandage
1944,Health_Product_1944,1,5,247.09,94.52,VitalMeds,2029-05-11,Ambient,2023-07-26,Strength: 650mg / Form: Tablet / Pack: 30 tabs
1945,Health_Product_1945,3,3,18.81,11.49,BioZen,2026-10-15,Controlled,2024-09-13,Pack: 90 caps / Strength: 500mg
1946,Health_Product_1946,4,2,288.44,139.39,LifeLine,2028-08-15,Ambient,2022-02-08,Pack: 30g | Form: Cream
1947,Health_Product_1947,2,5,58.58,21.49,MediCare,2027-01-05,Controlled,2023-01-28,Pack: 90 tabs / Form: Tablet / Strength: 500mg
1948,Health_Product_1948,8,5,125.45,51.23,BioZen,2029-01-29,Refrigerated,2024-09-13,Pack: 10g | Form: Cream
1949,Health_Product_1949,9,5,220.41,88.33,HealthPlus,2026-09-26,Refrigerated,2022-08-24,Pack: 90 units | Form: Kit
1950,Health_Product_1950,6,3,26.84,15.24,MediCare,2026-09-18,Controlled,2023-02-03,Pack: 150ml / Strength: 250mg/5ml
1951,Health_Product_1951,9,3,293.36,200.16,HealthPlus,2027-07-31,Refrigerated,2023-12-26,Pack: 10 units | Form: Kit
1952,Health_Product_1952,4,3,134.4,86.48,PharmaCo,2026-08-14,Refrigerated,2024-01-10,
1953,Health_Product_1953,2,3,217.53,120.12,HealthPlus,2029-12-10,Refrigerated,2025-06-29,Pack: 100 tabs | Strength: 650mg | Form: Tablet
1954,Health_Product_1954,4,2,251.78,127.45,PharmaCo,2029-08-31,Ambient,2023-06-30,Pack: 90g | Form: Cream
1955,Health_Product_1955,8,2,211.11,122.21,MediCare,2028-12-30,Refrigerated,2023-04-15,Form: Cream / Pack: 30g
1956,Health_Product_1956,5,4,214.83,110.47,PharmaCo,2027-06-27,Refrigerated,2022-09-28,Form: Device | Warranty: 24m
1957,Health_Product_1957,7,3,31.63,13.95,PharmaCo,2026-06-12,Ambient,2025-07-12,Pack: 30g | Form: Bandage
1958,Health_Product_1958,3,5,192.8,115.93,VitalMeds,2026-12-10,Controlled,2023-06-01,Pack: 90 caps | Strength: 250mg | Form: Capsule
1959,Health_Product_1959,6,3,20.68,13.92,HealthPlus,2028-04-28,Refrigerated,2024-03-10,Form: Liquid / Pack: 50ml / Strength: 25mg/5ml
1960,Health_Product_1960,8,5,57.02,27.82,PharmaCo,2028-02-11,Refrigerated,2023-10-01,Pack: 90g
1961,Health_Product_1961,4,3,8.26,5.46,BioZen,2027-08-01,Refrigerated,2025-03-03,Pack: 100g | Form: Cream
1962,Health_Product_1962,5,1,182.41,92.94,PharmaCo,2029-12-20,Controlled,2024-03-30,Form: Device | Warranty: 12m
1963,Health_Product_1963,1,1,81.2,40.48,LifeLine,2027-09-25,Ambient,2025-06-14,Pack: 90 tabs | Strength: 500mg | Form: Tablet
1964,Health_Product_1964,7,3,225.99,81.46,BioZen,2028-08-13,Controlled,2023-12-28,Pack: 20g / Form: Bandage
1965,Health_Product_1965,7,2,281.08,170.69,HealthPlus,2029-12-19,Ambient,2023-07-29,Pack: 100g / Form: Bandage
1966,Health_Product_1966,9,1,9.22,5.98,LifeLine,2028-01-24,Refrigerated,2024-05-01,
1967,Health_Product_1967,8,5,255.23,151.99,PharmaCo,2026-11-06,Refrigerated,2025-10-10,Pack: 10g | Form: Cream
1968,Health_Product_1968,6,5,142.7,57.94,BioZen,2026-09-05,Refrigerated,2024-07-06,Strength: 500mg/5ml / Pack: 450ml
1969,Health_Product_1969,6,1,129.69,50.35,BioZen,2027-05-28,Refrigerated,2024-11-10,Pack: 300ml | Strength: 250mg/5ml | Form: Liquid
1970,Health_Product_1970,9,5,150.61,84.64,MediCare,2027-03-31,Refrigerated,2022-02-12,Pack: 60 units | Form: Kit
1971,Health_Product_1971,9,5,205.79,102.6,BioZen,2026-12-03,Controlled,2025-03-18,Pack: 10 units | Form: Kit
1972,Health_Product_1972,6,2,239.91,122.06,MediCare,2029-05-06,Ambient,2021-11-26,
1973,Health_Product_1973,6,2,140.72,99.64,VitalMeds,2026-10-09,Ambient,2023-02-27,Pack: 300ml | Strength: 250mg/5ml | Form: Liquid
1974,Health_Product_1974,6,1,207.46,128.18,LifeLine,2028-03-02,Refrigerated,2023-11-04,
1975,Health_Product_1975,7,5,133.46,67.05,MediCare,2029-11-29,Refrigerated,2025-10-17,Pack: 90g / Form: Bandage
1976,Health_Product_1976,4,1,275.91,98.52,BioZen,2027-09-25,Refrigerated,2025-08-22,Pack: 60g | Form: Cream
1977,Health_Product_1977,9,3,235.93,298.13,LifeLine,2028-05-08,Controlled,2025-06-22,Pack: 60 units
1978,Health_Product_1978,6,5,231.54,139.71,CuraMax,2027-02-17,Refrigerated,2023-09-17,Pack: 450ml | Strength: 25mg/5ml | Form: Liquid
1979,Health_Product_1979,3,4,18.95,12.51,LifeLine,2026-12-01,Ambient,2022-07-10,Pack: 20 caps | Strength: 250mg | Form: Capsule
1980,Health_Product_1980,6,3,123.83,75.77,LifeLine,2028-09-20,Ambient,2024-05-06,Pack: 300ml | Strength: 500mg/5ml | Form: Liquid
1981,Health_Product_1981,1,2,134.44,67.24,LifeLine,2028-03-21,Refrigerated,2025-01-15,Pack: 20 tabs | Strength: 200mg | Form: Tablet
1982,Health_Product_1982,4,2,10.55,3.81,VitalMeds,2028-02-13,Controlled,2024-02-27,Pack: 100g | Form: Cream
1983,Health_Product_1983,7,3,129.31,91.54,MediCare,2029-09-08,Refrigerated,2025-07-08,Pack: 60g | Form: Bandage
1984,Health_Product_1984,4,5,236.49,275.25,MediCare,2026-12-15,Refrigerated,2024-10-03,Pack: 20g | Form: Cream
1985,Health_Product_1985,2,1,58.42,32.32,CuraMax,2028-07-15,Refrigerated,2025-05-06,Pack: 60 tabs / Strength: 25mg / Form: Tablet
1986,Health_Product_1986,5,1,47.13,17.73,MediCare,2027-09-25,Controlled,2023-08-30,Form: Device | Warranty: 6m
1987,Health_Product_1987,8,4,256.57,141.15,LifeLine,2026-08-06,Controlled,2024-05-22,Pack: 90g | Form: Cream
1988,Health_Product_1988,6,5,76.68,52.16,LifeLine,2026-09-07,Controlled,2025-07-11,Pack: 150ml | Strength: 25mg/5ml | Form: Liquid
1989,Health_Product_1989,7,2,182.9,110.03,PharmaCo,2027-10-10,Controlled,2025-09-20,Pack: 100g | Form: Bandage
1990,Health_Product_1990,3,1,190.79,117.6,PharmaCo,2026-09-28,Ambient,2025-11-10,
1991,Health_Product_1991,7,4,56.51,21.56,BioZen,2027-06-25,Ambient,2022-12-25,Form: Bandage / Pack: 90g
1992,Health_Product_1992,1,2,170.86,66.53,CuraMax,2027-11-07,Ambient,2023-01-22,Pack: 100 tabs | Strength: 100mg | Form: Tablet
1993,Health_Product_1993,8,2,147.76,58.68,LifeLine,2028-10-21,Ambient,2024-10-18,Pack: 60g | Form: Cream
1994,Health_Product_1994,6,1,187.06,128.06,BioZen,2029-03-16,Refrigerated,2024-11-02,Pack: 150ml | Strength: 650mg/5ml | Form: Liquid
1995,Health_Product_1995,7,1,225.57,122.84,LifeLine,2028-01-11,Refrigerated,2025-03-04,Pack: 90g | Form: Bandage
1996,Health_Product_1996,3,1,74.74,91.11,CuraMax,2026-09-15,Ambient,2023-04-03,Pack: 60 caps | Strength: 100mg | Form: Capsule
1997,Health_Product_1997,6,2,129.93,51.02,HealthPlus,2026-07-21,Ambient,2025-05-24,Pack: 300ml | Strength: 100mg/5ml | Form: Liquid
1998,Health_Product_1998,3,2,86.56,91.22,HealthPlus,2026-10-27,Refrigerated,2025-08-09,Pack: 100 caps | Strength: 500mg | Form: Capsule
1999,Health_Product_1999,9,3,209.16,136.75,CuraMax,2026-04-15,Controlled,2025-02-23,Pack: 100 units | Form: Kit
2000,Health_Product_2000,9,5,46.94,20.33,BioZen,2026-04-25,Controlled,2023-04-26,Pack: 60 units | Form: Kit
2001,Health_Product_2001,3,2,63.17,42.54,LifeLine,2026-12-19,Ambient,2024-09-26,Pack: 90 caps | Strength: 100mg | Form: Capsule
2002,Health_Product_2002,1,4,253.74,113.54,MediCare,2027-11-22,Ambient,2025-08-26,
2003,Health_Product_2003,1,1,138.63,59.05,VitalMeds,2027-01-11,Refrigerated,2025-02-06,Pack: 90 tabs / Strength: 250mg / Form: Tablet
2004,Health_Product_2004,8,3,90.69,40.61,VitalMeds,2028-08-20,Ambient,2023-12-31,Pack: 30g
2005,Health_Product_2005,5,1,57.81,39.7,PharmaCo,2027-12-09,Ambient,2025-10-15,Form: Device / Warranty: 12m
2006,Health_Product_2006,9,2,79.52,54.77,CuraMax,2026-07-17,Controlled,2022-01-24,
2007,Health_Product_2007,7,4,98.26,46.35,CuraMax,2028-12-21,Controlled,2024-09-28,Pack: 100g | Form: Bandage
2008,Health_Product_2008,4,5,212.69,129.96,MediCare,2027-07-05,Controlled,2023-11-16,Pack: 10g | Form: Cream
2009,Health_Product_2009,4,1,281.07,168.65,CuraMax,2026-11-01,Controlled,2025-03-27,Pack: 30g | Form: Cream
2010,Health_Product_2010,9,2,269.8,174.95,HealthPlus,2026-05-28,Controlled,2023-06-18,Pack: 30 units | Form: Kit
2011,Health_Product_2011,7,3,183.7,84.45,BioZen,2026-04-17,Controlled,2024-03-10,Pack: 90g
2012,Health_Product_2012,4,2,293.51,158.13,BioZen,2028-08-26,Refrigerated,2024-12-18,Pack: 90g / Form: Cream
2013,Health_Product_2013,3,4,115.47,68.94,CuraMax,2026-11-12,Refrigerated,2024-08-22,Pack: 10 caps | Strength: 100mg | Form: Capsule
2014,Health_Product_2014,5,5,131.51,47.31,HealthPlus,2028-10-29,Ambient,2025-06-02,Form: Device
2015,Health_Product_2015,5,1,82.52,40.38,LifeLine,2028-01-24,Refrigerated,2024-12-19,Form: Device | Warranty: 12m
2016,Health_Product_2016,2,5,60.02,36.46,LifeLine,2027-10-26,Ambient,2022-04-04,Pack: 100 tabs | Strength: 250mg | Form: Tablet
2017,Health_Product_2017,4,1,299.88,132.98,VitalMeds,2028-09-16,Refrigerated,2022-03-27,Pack: 90g | Form: Cream
2018,Health_Product_2018,7,1,126.32,88.97,VitalMeds,2027-11-13,Controlled,2024-09-29,Pack: 10g | Form: Bandage
2019,Health_Product_2019,3,2,49.65,17.93,CuraMax,2026-11-14,Ambient,2022-10-03,Pack: 10 caps | Strength: 25mg | Form: Capsule
2020,Health_Product_2020,7,2,14.08,9.92,HealthPlus,2027-10-19,Controlled,2023-12-01,Pack: 90g | Form: Bandage
2021,Health_Product_2021,2,2,108.38,46.63,MediCare,2028-08-05,Controlled,2023-08-30,Strength: 25mg / Pack: 60 tabs / Form: Tablet
2022,Health_Product_2022,1,4,206.09,75.85,MediCare,2027-12-05,Ambient,2022-05-26,
2023,Health_Product_2023,2,1,24.17,11.08,VitalMeds,2029-06-05,Ambient,2022-11-06,Pack: 90 tabs | Strength: 200mg | Form: Tablet
2024,Health_Product_2024,1,4,203.71,264.66,PharmaCo,2026-10-25,Ambient,2022-10-25,Pack: 30 tabs | Strength: 650mg | Form: Tablet
2025,Health_Product_2025,7,1,195.16,122.64,MediCare,2029-10-28,Refrigerated,2022-12-23,Pack: 10g / Form: Bandage
2026,Health_Product_2026,1,2,36.71,15.69,HealthPlus,2026-02-01,Refrigerated,2024-12-21,Pack: 60 tabs / Strength: 250mg
2027,Health_Product_2027,8,2,234.74,99.25,CuraMax,2029-06-29,Ambient,2023-09-30,Pack: 20g | Form: Cream
2028,Health_Product_2028,1,3,51.18,30.08,VitalMeds,2026-01-17,Refrigerated,2025-02-01,Form: Tablet / Pack: 20 tabs / Strength: 100mg
2029,Health_Product_2029,7,4,255.65,132.81,MediCare,2027-03-05,Refrigerated,2024-01-14,Pack: 60g | Form: Bandage
2030,Health_Product_2030,9,1,38.05,24.47,VitalMeds,2027-07-07,Ambient,2022-08-16,Pack: 60 units | Form: Kit
2031,Health_Product_2031,5,5,117.24,42.08,VitalMeds,2028-04-01,Ambient,2023-10-01,Form: Device | Warranty: 12m
2032,Health_Product_2032,5,1,23.19,13.35,HealthPlus,2027-10-31,Refrigerated,2022-09-25,
2033,Health_Product_2033,1,4,220.67,136.89,CuraMax,2027-04-23,Refrigerated,2022-04-03,Pack: 100 tabs / Strength: 100mg / Form: Tablet
2034,Health_Product_2034,7,1,97.64,70.06,MediCare,2029-04-22,Controlled,2023-02-14,Pack: 60g | Form: Bandage
2035,Health_Product_2035,9,4,237.81,142.96,LifeLine,2028-02-10,Refrigerated,2024-09-18,Pack: 60 units | Form: Kit
2036,Health_Product_2036,7,5,176.2,76.78,MediCare,2027-03-13,Refrigerated,2025-03-19,Pack: 90g | Form: Bandage
2037,Health_Product_2037,6,4,134.21,52.35,BioZen,2026-10-03,Refrigerated,2025-02-23,Pack: 150ml / Strength: 650mg/5ml
2038,Health_Product_2038,9,5,9.05,5.31,MediCare,2029-04-20,Controlled,2024-01-28,Form: Kit / Pack: 20 units
2039,Health_Product_2039,9,2,262.29,142.58,MediCare,2027-09-17,Controlled,2025-08-11,
2040,Health_Product_2040,8,4,60.12,41.04,LifeLine,2028-11-07,Ambient,2024-10-31,Pack: 90g / Form: Cream
2041,Health_Product_2041,5,5,149.27,92.37,BioZen,2029-02-04,Ambient,2023-10-28,
2042,Health_Product_2042,1,5,143.84,77.47,MediCare,2028-08-15,Ambient,2021-12-03,Pack: 10 tabs / Strength: 200mg / Form: Tablet
2043,Health_Product_2043,4,4,269.9,134.77,VitalMeds,2027-05-12,Controlled,2024-05-16,Pack: 10g | Form: Cream
2044,Health_Product_2044,3,2,62.02,30.99,HealthPlus,2026-10-02,Controlled,2023-11-29,Pack: 20 caps | Strength: 50mg | Form: Capsule
2045,Health_Product_2045,2,4,107.75,46.73,CuraMax,2027-10-25,Ambient,2025-04-03,Pack: 30 tabs | Strength: 200mg | Form: Tablet
2046,Health_Product_2046,9,1,262.43,93.53,HealthPlus,2026-12-05,Refrigerated,2022-08-29,Pack: 10 units | Form: Kit
2047,Health_Product_2047,5,1,286.13,161.01,CuraMax,2028-05-16,Ambient,2022-10-25,Form: Device | Warranty: 12m
2048,Health_Product_2048,5,2,157.2,67.37,LifeLine,2028-08-09,Ambient,2023-09-23,Form: Device
2049,Health_Product_2049,8,3,263.61,112.58,LifeLine,2028-01-18,Controlled,2022-06-29,
2050,Health_Product_2050,2,3,153.88,61.0,VitalMeds,2028-07-03,Refrigerated,2024-09-30,Pack: 100 tabs | Strength: 25mg | Form: Tablet
2051,Health_Product_2051,2,5,103.01,43.28,PharmaCo,2028-09-05,Controlled,2022-08-04,Pack: 90 tabs / Strength: 50mg / Form: Tablet
2052,Health_Product_2052,2,3,62.28,22.53,VitalMeds,2027-10-14,Refrigerated,2022-04-11,Pack: 60 tabs / Strength: 200mg / Form: Tablet
2053,Health_Product_2053,5,5,97.5,58.45,HealthPlus,2029-09-16,Ambient,2022-07-16,Form: Device / Warranty: 6m
2054,Health_Product_2054,8,3,88.31,44.02,MediCare,2026-08-13,Refrigerated,2021-12-21,Pack: 10g / Form: Cream
2055,Health_Product_2055,4,5,192.07,107.13,CuraMax,2028-04-12,Controlled,2022-04-14,Pack: 30g | Form: Cream
2056,Health_Product_2056,3,5,115.55,67.67,LifeLine,2026-11-13,Ambient,2022-12-09,Pack: 20 caps | Strength: 50mg | Form: Capsule
2057,Health_Product_2057,8,1,75.43,53.54,CuraMax,2027-03-06,Refrigerated,2023-07-07,Pack: 20g / Form: Cream
2058,Health_Product_2058,5,3,156.02,58.55,BioZen,2029-10-04,Ambient,2024-03-10,Form: Device | Warranty: 6m
2059,Health_Product_2059,4,5,226.67,239.11,BioZen,2026-11-22,Ambient,2022-06-05,Pack: 20g | Form: Cream
2060,Health_Product_2060,1,3,203.36,89.68,BioZen,2028-06-23,Refrigerated,2024-11-05,Pack: 30 tabs | Strength: 25mg | Form: Tablet
2061,Health_Product_2061,1,3,195.06,102.68,BioZen,2027-01-28,Controlled,2022-12-06,Pack: 20 tabs | Strength: 100mg | Form: Tablet
2062,Health_Product_2062,5,3,273.94,189.18,BioZen,2026-03-31,Ambient,2025-08-28,Form: Device | Warranty: 24m
2063,Health_Product_2063,2,4,6.73,4.16,BioZen,2028-02-13,Ambient,2025-11-22,Pack: 100 tabs / Strength: 500mg / Form: Tablet
2064,Health_Product_2064,2,3,83.37,49.6,MediCare,2029-06-25,Ambient,2024-01-28,
2065,Health_Product_2065,6,5,219.74,112.78,VitalMeds,2029-08-08,Controlled,2023-06-08,Pack: 100ml | Strength: 200mg/5ml | Form: Liquid
2066,Health_Product_2066,5,4,221.01,132.23,BioZen,2026-01-18,Controlled,2022-03-10,Form: Device
2067,Health_Product_2067,2,1,115.99,41.99,BioZen,2027-06-10,Refrigerated,2025-10-31,Pack: 60 tabs / Strength: 500mg
2068,Health_Product_2068,8,2,233.99,132.65,VitalMeds,2027-04-13,Controlled,2022-10-25,
2069,Health_Product_2069,9,3,8.94,4.96,BioZen,2027-10-27,Controlled,2022-02-07,Pack: 60 units | Form: Kit
2070,Health_Product_2070,1,4,58.84,28.14,BioZen,2027-03-19,Controlled,2024-01-14,
2071,Health_Product_2071,7,1,116.97,49.66,VitalMeds,2029-02-03,Ambient,2025-10-09,Pack: 60g | Form: Bandage
2072,Health_Product_2072,1,5,202.15,131.15,BioZen,2027-02-05,Controlled,2023-02-16,Pack: 100 tabs | Strength: 25mg | Form: Tablet
2073,Health_Product_2073,3,3,232.48,86.0,PharmaCo,2026-12-29,Refrigerated,2024-01-30,Pack: 100 caps / Strength: 500mg
2074,Health_Product_2074,2,3,47.35,17.79,MediCare,2026-09-01,Refrigerated,2024-06-12,Strength: 25mg / Pack: 20 tabs
2075,Health_Product_2075,1,2,199.44,102.31,CuraMax,2029-05-20,Ambient,2022-10-11,Pack: 30 tabs | Strength: 25mg | Form: Tablet
2076,Health_Product_2076,1,1,159.48,70.72,MediCare,2026-01-13,Controlled,2025-01-20,Pack: 20 tabs / Strength: 650mg / Form: Tablet
2077,Health_Product_2077,5,5,76.1,47.62,VitalMeds,2027-07-13,Ambient,2024-02-05,Form: Device | Warranty: 12m
2078,Health_Product_2078,3,1,213.58,124.87,PharmaCo,2027-06-13,Refrigerated,2024-08-27,Pack: 100 caps | Strength: 650mg | Form: Capsule
2079,Health_Product_2079,2,4,53.26,33.86,VitalMeds,2028-04-03,Ambient,2023-10-09,Pack: 100 tabs | Strength: 100mg | Form: Tablet
2080,Health_Product_2080,5,1,182.55,85.82,CuraMax,2029-04-06,Controlled,2025-01-23,Form: Device | Warranty: 6m
2081,Health_Product_2081,3,5,98.93,104.94,LifeLine,2026-12-02,Ambient,2023-06-17,Pack: 30 caps / Strength: 650mg / Form: Capsule
2082,Health_Product_2082,7,4,200.67,134.26,HealthPlus,2028-09-13,Controlled,2023-12-29,Pack: 10g | Form: Bandage
2083,Health_Product_2083,7,1,24.97,11.93,MediCare,2028-03-06,Refrigerated,2025-10-14,Pack: 10g | Form: Bandage
2084,Health_Product_2084,6,5,181.74,86.46,VitalMeds,2029-05-29,Ambient,2022-08-27,Pack: 300ml | Strength: 650mg/5ml | Form: Liquid
2085,Health_Product_2085,2,4,216.03,147.54,CuraMax,2028-03-19,Controlled,2024-02-03,Form: Tablet / Strength: 100mg / Pack: 10 tabs
2086,Health_Product_2086,8,4,245.62,90.49,LifeLine,2026-01-16,Ambient,2025-07-09,Pack: 20g / Form: Cream
2087,Health_Product_2087,8,4,148.61,71.27,VitalMeds,2026-05-21,Controlled,2024-02-12,Pack: 90g
2088,Health_Product_2088,4,3,159.78,62.94,CuraMax,2029-09-13,Controlled,2025-10-21,Pack: 60g | Form: Cream
2089,Health_Product_2089,9,3,165.99,59.88,HealthPlus,2028-10-18,Ambient,2022-01-04,Pack: 20 units | Form: Kit
2090,Health_Product_2090,7,5,194.49,76.19,HealthPlus,2027-11-17,Refrigerated,2022-07-11,Pack: 10g
2091,Health_Product_2091,3,4,140.78,71.74,CuraMax,2026-11-12,Ambient,2022-10-07,Pack: 60 caps | Strength: 200mg | Form: Capsule
2092,Health_Product_2092,9,1,279.41,168.81,CuraMax,2027-11-11,Ambient,2025-01-08,Pack: 30 units | Form: Kit
2093,Health_Product_2093,2,1,21.18,9.68,CuraMax,2027-02-04,Refrigerated,2023-03-18,Pack: 20 tabs | Strength: 50mg | Form: Tablet
2094,Health_Product_2094,8,1,114.54,76.1,BioZen,2028-09-23,Controlled,2022-04-12,Form: Cream / Pack: 90g
2095,Health_Product_2095,2,5,51.19,26.21,VitalMeds,2027-07-02,Ambient,2024-01-09,Pack: 30 tabs | Strength: 500mg | Form: Tablet
2096,Health_Product_2096,9,3,203.45,144.09,VitalMeds,2026-06-30,Controlled,2023-12-22,Pack: 60 units | Form: Kit
2097,Health_Product_2097,5,5,96.84,68.08,CuraMax,2029-09-04,Controlled,2022-05-19,Form: Device | Warranty: 6m
2098,Health_Product_2098,2,2,68.15,43.35,LifeLine,2028-07-29,Ambient,2025-02-03,Pack: 20 tabs / Strength: 100mg
2099,Health_Product_2099,4,2,292.14,203.03,HealthPlus,2026-11-16,Refrigerated,2024-08-28,Pack: 10g / Form: Cream
2100,Health_Product_2100,8,5,124.92,76.4,PharmaCo,2026-01-15,Controlled,2022-12-06,Pack: 100g
2101,Health_Product_2101,8,4,146.42,99.77,VitalMeds,2027-12-27,Refrigerated,2022-11-26,Pack: 10g | Form: Cream
2102,Health_Product_2102,7,4,261.65,114.47,CuraMax,2028-03-25,Ambient,2023-05-16,Pack: 90g / Form: Bandage
2103,Health_Product_2103,9,5,241.65,115.46,BioZen,2026-10-20,Refrigerated,2025-01-26,Pack: 100 units | Form: Kit
2104,Health_Product_2104,9,2,41.34,25.99,CuraMax,2026-03-13,Refrigerated,2025-03-06,Pack: 30 units | Form: Kit
2105,Health_Product_2105,5,1,182.98,92.79,PharmaCo,2026-09-11,Refrigerated,2025-03-26,Form: Device | Warranty: 12m
2106,Health_Product_2106,3,4,221.01,145.82,PharmaCo,2026-10-26,Ambient,2022-04-15,Pack: 90 caps / Strength: 200mg / Form: Capsule
2107,Health_Product_2107,2,2,290.88,196.26,CuraMax,2027-09-16,Ambient,2021-12-23,Pack: 10 tabs | Strength: 650mg | Form: Tablet
2108,Health_Product_2108,1,3,121.39,55.95,PharmaCo,2027-10-02,Ambient,2022-02-27,
2109,Health_Product_2109,5,4,175.51,114.9,CuraMax,2027-03-05,Refrigerated,2022-06-01,
2110,Health_Product_2110,3,4,187.38,76.28,BioZen,2026-10-29,Refrigerated,2024-02-05,Pack: 60 caps | Strength: 25mg | Form: Capsule
2111,Health_Product_2111,4,4,27.97,13.25,VitalMeds,2026-02-05,Refrigerated,2022-02-28,Pack: 100g
2112,Health_Product_2112,8,2,194.57,105.39,MediCare,2027-12-26,Ambient,2025-10-12,Pack: 100g | Form: Cream
2113,Health_Product_2113,3,2,240.65,104.39,BioZen,2029-02-18,Ambient,2022-06-29,
2114,Health_Product_2114,5,1,173.73,98.04,HealthPlus,2026-01-06,Ambient,2025-07-03,Form: Device | Warranty: 12m
2115,Health_Product_2115,8,5,32.27,18.2,MediCare,2027-10-12,Controlled,2024-04-30,Pack: 30g | Form: Cream
2116,Health_Product_2116,2,3,21.09,9.0,PharmaCo,2028-11-03,Ambient,2025-01-19,Strength: 50mg / Pack: 60 tabs
2117,Health_Product_2117,9,5,119.24,76.84,LifeLine,2026-04-04,Refrigerated,2021-12-13,Pack: 20 units | Form: Kit
2118,Health_Product_2118,5,5,159.26,92.96,VitalMeds,2028-02-13,Controlled,2025-09-04,Form: Device | Warranty: 12m
2119,Health_Product_2119,2,3,55.58,25.99,VitalMeds,2029-08-30,Refrigerated,2023-10-12,Pack: 20 tabs | Strength: 50mg | Form: Tablet
2120,Health_Product_2120,7,5,141.72,61.78,BioZen,2029-03-20,Refrigerated,2022-03-26,Pack: 20g | Form: Bandage
2121,Health_Product_2121,2,1,238.06,295.43,CuraMax,2026-12-03,Controlled,2022-04-03,Pack: 60 tabs / Form: Tablet / Strength: 200mg
2122,Health_Product_2122,1,3,17.7,11.67,CuraMax,2026-07-15,Controlled,2025-02-01,Pack: 30 tabs | Strength: 50mg | Form: Tablet
2123,Health_Product_2123,3,4,226.97,290.39,VitalMeds,2026-12-23,Controlled,2025-07-06,Pack: 30 caps / Strength: 650mg / Form: Capsule
2124,Health_Product_2124,7,3,250.46,90.96,MediCare,2028-09-20,Ambient,2023-08-03,Pack: 90g | Form: Bandage
2125,Health_Product_2125,5,5,227.4,147.28,CuraMax,2029-02-14,Controlled,2025-11-19,Form: Device
2126,Health_Product_2126,5,2,94.22,54.43,BioZen,2029-01-29,Refrigerated,2024-11-06,Warranty: 12m / Form: Device
2127,Health_Product_2127,8,2,225.26,87.25,VitalMeds,2027-12-23,Controlled,2025-08-01,Pack: 90g | Form: Cream
2128,Health_Product_2128,3,2,128.15,72.7,HealthPlus,2029-12-05,Refrigerated,2022-06-04,Pack: 90 caps | Strength: 25mg | Form: Capsule
2129,Health_Product_2129,3,3,88.15,102.95,HealthPlus,2026-10-20,Ambient,2024-07-28,Pack: 30 caps | Strength: 500mg | Form: Capsule
2130,Health_Product_2130,4,1,87.02,55.4,BioZen,2026-09-13,Refrigerated,2022-02-25,Pack: 10g | Form: Cream
2131,Health_Product_2131,2,5,73.9,31.58,HealthPlus,2028-11-02,Ambient,2025-11-25,Pack: 60 tabs | Strength: 500mg | Form: Tablet
2132,Health_Product_2132,9,5,162.21,83.97,HealthPlus,2027-03-14,Controlled,2025-08-31,Pack: 30 units / Form: Kit
2133,Health_Product_2133,9,3,25.57,10.43,CuraMax,2028-10-14,Refrigerated,2022-03-15,Pack: 30 units | Form: Kit
2134,Health_Product_2134,4,1,156.75,110.4,LifeLine,2028-01-11,Ambient,2022-04-21,Pack: 30g | Form: Cream
2135,Health_Product_2135,6,2,244.2,155.83,MediCare,2029-08-03,Ambient,2025-12-08,Pack: 450ml | Strength: 650mg/5ml | Form: Liquid
2136,Health_Product_2136,1,1,129.56,80.66,PharmaCo,2028-09-14,Controlled,2024-05-24,
2137,Health_Product_2137,3,1,24.23,14.67,VitalMeds,2029-12-11,Ambient,2025-05-18,Pack: 90 caps | Strength: 100mg | Form: Capsule
2138,Health_Product_2138,1,5,92.48,46.85,MediCare,2029-11-11,Refrigerated,2021-11-22,Pack: 60 tabs / Strength: 25mg / Form: Tablet
2139,Health_Product_2139,3,2,98.72,68.28,VitalMeds,2026-10-24,Controlled,2021-11-10,
2140,Health_Product_2140,5,2,166.2,62.65,MediCare,2029-04-23,Controlled,2023-05-01,Form: Device / Warranty: 12m
2141,Health_Product_2141,7,4,189.02,122.33,HealthPlus,2028-08-29,Refrigerated,2025-03-26,Pack: 30g / Form: Bandage
2142,Health_Product_2142,9,2,283.95,122.0,HealthPlus,2029-10-07,Ambient,2024-09-24,
2143,Health_Product_2143,8,2,258.38,121.41,PharmaCo,2028-10-31,Ambient,2025-11-19,Pack: 10g | Form: Cream
2144,Health_Product_2144,1,5,276.65,150.0,LifeLine,2026-11-15,Controlled,2023-10-01,Pack: 20 tabs | Strength: 200mg | Form: Tablet
2145,Health_Product_2145,2,1,113.59,72.65,CuraMax,2029-11-23,Ambient,2025-02-16,Pack: 10 tabs / Strength: 650mg / Form: Tablet
2146,Health_Product_2146,9,1,271.54,179.29,CuraMax,2029-07-27,Refrigerated,2025-04-08,Pack: 30 units | Form: Kit
2147,Health_Product_2147,2,2,212.85,120.47,MediCare,2029-07-09,Ambient,2021-11-25,Pack: 60 tabs / Strength: 50mg / Form: Tablet
2148,Health_Product_2148,6,5,247.8,123.68,BioZen,2026-10-31,Refrigerated,2023-07-18,Pack: 150ml / Strength: 650mg/5ml
2149,Health_Product_2149,9,1,12.13,8.49,BioZen,2026-05-25,Controlled,2024-06-01,Pack: 10 units / Form: Kit
2150,Health_Product_2150,1,1,144.49,63.75,BioZen,2028-12-17,Ambient,2025-11-24,Pack: 100 tabs | Strength: 50mg | Form: Tablet
2151,Health_Product_2151,9,4,127.07,82.23,BioZen,2029-01-09,Refrigerated,2025-11-19,Pack: 20 units / Form: Kit
2152,Health_Product_2152,7,3,204.48,117.87,LifeLine,2028-08-27,Ambient,2024-01-15,Pack: 100g / Form: Bandage
2153,Health_Product_2153,5,5,69.12,33.83,VitalMeds,2029-04-05,Ambient,2024-03-01,
2154,Health_Product_2154,6,1,10.49,3.68,LifeLine,2029-01-11,Refrigerated,2024-03-18,Pack: 450ml | Strength: 250mg/5ml | Form: Liquid
2155,Health_Product_2155,5,2,286.89,147.82,BioZen,2025-12-16,Refrigerated,2025-06-03,Form: Device | Warranty: 12m
2156,Health_Product_2156,4,3,27.48,12.43,HealthPlus,2028-06-16,Refrigerated,2022-04-15,Pack: 20g | Form: Cream
2157,Health_Product_2157,8,3,242.12,94.09,PharmaCo,2026-10-20,Refrigerated,2025-07-01,Pack: 100g / Form: Cream
2158,Health_Product_2158,9,2,117.03,146.81,MediCare,2027-08-19,Controlled,2023-02-11,Pack: 90 units | Form: Kit
2159,Health_Product_2159,5,3,211.52,101.23,PharmaCo,2027-05-23,Refrigerated,2025-08-04,Form: Device | Warranty: 6m
2160,Health_Product_2160,2,3,36.44,21.04,CuraMax,2026-07-26,Controlled,2022-01-02,Pack: 20 tabs / Strength: 100mg / Form: Tablet
2161,Health_Product_2161,2,5,23.67,15.62,PharmaCo,2026-05-30,Ambient,2022-09-07,Pack: 60 tabs | Strength: 250mg | Form: Tablet
2162,Health_Product_2162,3,1,196.77,82.23,CuraMax,2026-10-14,Refrigerated,2024-01-17,Pack: 90 caps | Strength: 50mg | Form: Capsule
2163,Health_Product_2163,5,2,137.55,69.75,VitalMeds,2027-08-21,Refrigerated,2025-11-19,Form: Device / Warranty: 6m
2164,Health_Product_2164,7,4,254.89,126.18,BioZen,2027-04-25,Ambient,2023-05-27,Pack: 60g | Form: Bandage
2165,Health_Product_2165,7,5,242.75,131.07,PharmaCo,2028-11-18,Refrigerated,2022-02-19,Pack: 20g
2166,Health_Product_2166,4,2,276.08,179.33,PharmaCo,2027-09-07,Refrigerated,2022-10-31,Pack: 60g | Form: Cream
2167,Health_Product_2167,9,4,67.63,37.52,HealthPlus,2027-11-21,Controlled,2023-12-23,Pack: 60 units | Form: Kit
2168,Health_Product_2168,1,5,71.9,47.69,PharmaCo,2026-08-05,Refrigerated,2023-03-19,Pack: 60 tabs / Strength: 50mg / Form: Tablet
2169,Health_Product_2169,5,2,275.43,149.25,LifeLine,2027-04-30,Refrigerated,2021-12-09,Form: Device | Warranty: 24m
2170,Health_Product_2170,1,3,128.1,73.46,MediCare,2025-12-27,Controlled,2021-12-07,Pack: 30 tabs | Strength: 50mg | Form: Tablet
2171,Health_Product_2171,5,3,20.35,10.42,CuraMax,2029-01-10,Controlled,2023-12-31,Form: Device
2172,Health_Product_2172,5,2,250.21,163.77,VitalMeds,2028-08-22,Refrigerated,2022-01-15,Form: Device
2173,Health_Product_2173,1,1,273.64,189.31,HealthPlus,2026-07-22,Ambient,2022-04-29,Strength: 650mg / Pack: 20 tabs / Form: Tablet
2174,Health_Product_2174,2,3,181.16,106.25,LifeLine,2029-10-01,Refrigerated,2022-03-20,Pack: 10 tabs | Strength: 25mg | Form: Tablet
2175,Health_Product_2175,9,5,287.77,188.11,PharmaCo,2026-06-12,Ambient,2022-03-22,Pack: 30 units | Form: Kit
2176,Health_Product_2176,8,1,162.99,60.6,HealthPlus,2027-03-31,Ambient,2023-05-26,Pack: 20g / Form: Cream
2177,Health_Product_2177,7,5,173.0,118.55,VitalMeds,2029-02-14,Ambient,2024-05-28,Pack: 60g | Form: Bandage
2178,Health_Product_2178,5,1,167.67,70.41,LifeLine,2029-11-23,Controlled,2023-10-08,Form: Device | Warranty: 24m
2179,Health_Product_2179,1,3,72.75,32.37,HealthPlus,2026-01-05,Ambient,2025-04-18,Strength: 50mg / Pack: 100 tabs
2180,Health_Product_2180,1,5,78.78,97.64,MediCare,2026-12-25,Ambient,2025-10-31,Pack: 30 tabs | Strength: 250mg | Form: Tablet
2181,Health_Product_2181,5,2,68.64,48.54,PharmaCo,2027-11-30,Ambient,2024-05-03,Warranty: 24m / Form: Device
2182,Health_Product_2182,5,1,126.45,84.12,CuraMax,2027-04-04,Controlled,2022-02-06,Form: Device | Warranty: 6m
2183,Health_Product_2183,4,5,211.92,145.78,HealthPlus,2029-03-17,Refrigerated,2025-01-03,
2184,Health_Product_2184,6,2,103.34,68.56,MediCare,2027-11-21,Ambient,2022-09-27,Pack: 50ml / Strength: 100mg/5ml / Form: Liquid
2185,Health_Product_2185,8,4,203.64,107.41,CuraMax,2029-01-10,Controlled,2024-04-19,
2186,Health_Product_2186,8,5,296.3,205.01,LifeLine,2026-07-14,Refrigerated,2024-11-14,Pack: 20g | Form: Cream
2187,Health_Product_2187,7,4,155.08,109.91,LifeLine,2028-05-18,Controlled,2022-05-05,
2188,Health_Product_2188,6,2,22.6,12.11,PharmaCo,2026-02-16,Ambient,2025-01-26,Pack: 50ml / Strength: 25mg/5ml
2189,Health_Product_2189,8,4,245.33,101.81,CuraMax,2027-07-16,Controlled,2025-07-06,Pack: 100g | Form: Cream
2190,Health_Product_2190,9,3,248.46,266.02,VitalMeds,2026-12-10,Controlled,2025-01-10,Pack: 30 units | Form: Kit
2191,Health_Product_2191,4,1,103.23,73.39,HealthPlus,2028-04-10,Ambient,2022-06-19,Pack: 100g | Form: Cream
2192,Health_Product_2192,3,1,69.28,77.82,LifeLine,2026-09-25,Refrigerated,2022-10-16,
2193,Health_Product_2193,8,1,170.57,114.09,PharmaCo,2026-06-22,Ambient,2025-08-31,Pack: 100g | Form: Cream
2194,Health_Product_2194,1,1,190.96,132.82,LifeLine,2028-03-16,Controlled,2023-01-16,Pack: 30 tabs / Strength: 50mg
2195,Health_Product_2195,9,3,242.86,165.33,VitalMeds,2027-06-25,Controlled,2022-08-17,Pack: 100 units | Form: Kit
2196,Health_Product_2196,1,1,257.01,163.77,LifeLine,2027-12-01,Ambient,2024-07-13,Pack: 90 tabs | Strength: 50mg | Form: Tablet
2197,Health_Product_2197,3,2,147.61,90.89,VitalMeds,2026-10-09,Ambient,2023-04-08,Pack: 90 caps / Strength: 50mg / Form: Capsule
2198,Health_Product_2198,8,2,263.37,117.98,VitalMeds,2027-08-23,Ambient,2025-06-29,Form: Cream / Pack: 30g
2199,Health_Product_2199,4,3,297.15,172.32,CuraMax,2026-11-01,Ambient,2023-10-12,Pack: 100g / Form: Cream
2200,Health_Product_2200,5,1,283.66,154.01,MediCare,2027-02-03,Ambient,2022-07-18,Form: Device | Warranty: 6m
2201,Health_Product_2201,7,2,14.74,9.86,VitalMeds,2026-12-17,Refrigerated,2025-07-18,Pack: 60g / Form: Bandage
2202,Health_Product_2202,8,4,289.52,154.01,HealthPlus,2027-12-05,Controlled,2022-08-11,Form: Cream / Pack: 60g
2203,Health_Product_2203,5,1,24.29,9.65,CuraMax,2027-01-12,Refrigerated,2024-08-16,
2204,Health_Product_2204,4,4,237.71,83.64,VitalMeds,2027-07-08,Ambient,2024-02-20,Pack: 100g | Form: Cream
2205,Health_Product_2205,3,5,299.32,179.84,CuraMax,2026-10-29,Refrigerated,2022-09-29,Pack: 30 caps / Strength: 50mg / Form: Capsule
2206,Health_Product_2206,4,5,231.86,128.33,PharmaCo,2027-09-21,Controlled,2023-10-08,Pack: 100g
2207,Health_Product_2207,7,2,244.37,115.45,BioZen,2028-03-23,Ambient,2021-12-31,Pack: 100g / Form: Bandage
2208,Health_Product_2208,4,2,60.6,25.0,CuraMax,2026-04-24,Refrigerated,2024-09-17,Pack: 30g | Form: Cream
2209,Health_Product_2209,9,5,235.74,123.22,HealthPlus,2027-09-17,Controlled,2024-11-11,Pack: 20 units | Form: Kit
2210,Health_Product_2210,2,1,89.1,34.49,CuraMax,2028-08-19,Ambient,2024-11-07,Pack: 10 tabs | Strength: 50mg | Form: Tablet
2211,Health_Product_2211,6,2,65.67,31.15,BioZen,2026-11-16,Refrigerated,2023-12-28,Pack: 150ml / Strength: 250mg/5ml / Form: Liquid
2212,Health_Product_2212,5,1,219.35,107.55,LifeLine,2026-12-01,Ambient,2022-02-25,Form: Device | Warranty: 24m
2213,Health_Product_2213,3,3,167.69,87.58,HealthPlus,2026-11-04,Controlled,2025-04-10,Pack: 20 caps / Strength: 50mg / Form: Capsule
2214,Health_Product_2214,1,5,91.49,47.82,PharmaCo,2030-01-09,Refrigerated,2025-05-12,Pack: 100 tabs | Strength: 100mg | Form: Tablet
2215,Health_Product_2215,5,4,194.04,86.37,HealthPlus,2027-07-29,Refrigerated,2025-04-24,Form: Device / Warranty: 6m
2216,Health_Product_2216,4,2,263.8,175.32,LifeLine,2029-12-11,Controlled,2022-09-08,Pack: 60g | Form: Cream
2217,Health_Product_2217,2,2,87.59,42.18,MediCare,2029-10-23,Controlled,2023-10-03,Pack: 90 tabs | Strength: 25mg | Form: Tablet
2218,Health_Product_2218,6,4,163.48,71.11,HealthPlus,2028-02-15,Controlled,2022-03-19,Pack: 100ml | Strength: 650mg/5ml | Form: Liquid
2219,Health_Product_2219,8,3,34.9,14.49,HealthPlus,2028-02-12,Controlled,2022-07-19,Pack: 60g
2220,Health_Product_2220,5,5,148.62,69.76,PharmaCo,2028-04-16,Refrigerated,2022-09-09,
2221,Health_Product_2221,5,5,125.11,46.92,BioZen,2026-06-14,Ambient,2025-12-04,Form: Device / Warranty: 24m
2222,Health_Product_2222,8,1,207.02,74.98,PharmaCo,2028-06-10,Controlled,2024-09-03,Pack: 100g | Form: Cream
2223,Health_Product_2223,1,3,6.72,3.86,LifeLine,2026-03-25,Ambient,2025-07-25,Pack: 90 tabs | Strength: 50mg | Form: Tablet
2224,Health_Product_2224,3,1,14.92,8.64,VitalMeds,2026-10-27,Controlled,2025-11-11,Strength: 200mg / Form: Capsule / Pack: 60 caps
2225,Health_Product_2225,1,1,227.26,124.07,VitalMeds,2028-10-10,Controlled,2025-10-22,Pack: 20 tabs | Strength: 650mg | Form: Tablet
2226,Health_Product_2226,7,3,72.47,45.8,VitalMeds,2027-05-13,Ambient,2025-08-05,Pack: 60g
2227,Health_Product_2227,4,3,201.0,73.26,LifeLine,2029-04-11,Controlled,2024-07-04,Pack: 60g | Form: Cream
2228,Health_Product_2228,8,2,84.67,58.96,MediCare,2026-05-30,Ambient,2024-03-02,Pack: 60g
2229,Health_Product_2229,7,2,18.87,7.27,BioZen,2026-02-16,Refrigerated,2025-11-02,
2230,Health_Product_2230,3,1,277.55,166.36,LifeLine,2026-11-19,Controlled,2025-09-09,Pack: 100 caps / Strength: 200mg / Form: Capsule
2231,Health_Product_2231,2,4,41.18,16.45,CuraMax,2026-04-25,Refrigerated,2025-10-13,Pack: 90 tabs | Strength: 100mg | Form: Tablet
2232,Health_Product_2232,8,5,132.35,89.41,PharmaCo,2027-09-13,Controlled,2025-07-17,Pack: 20g | Form: Cream
2233,Health_Product_2233,5,1,258.87,139.52,MediCare,2026-07-31,Refrigerated,2023-03-18,Form: Device | Warranty: 24m
2234,Health_Product_2234,1,2,105.89,40.29,VitalMeds,2027-04-18,Controlled,2025-08-06,Strength: 50mg / Form: Tablet / Pack: 20 tabs
2235,Health_Product_2235,9,4,142.02,82.11,VitalMeds,2029-05-14,Refrigerated,2024-02-26,Pack: 30 units
2236,Health_Product_2236,1,5,12.95,4.58,HealthPlus,2027-05-17,Controlled,2023-09-06,Pack: 90 tabs / Strength: 100mg / Form: Tablet
2237,Health_Product_2237,1,2,270.66,172.45,MediCare,2026-06-02,Refrigerated,2025-10-02,Pack: 90 tabs / Strength: 650mg / Form: Tablet
2238,Health_Product_2238,8,5,16.77,9.91,BioZen,2029-08-01,Controlled,2025-06-21,Pack: 20g | Form: Cream
2239,Health_Product_2239,7,2,35.77,15.33,BioZen,2026-09-26,Refrigerated,2022-09-19,Pack: 30g | Form: Bandage
2240,Health_Product_2240,5,2,192.75,94.19,LifeLine,2028-08-13,Ambient,2025-03-25,Form: Device | Warranty: 12m
2241,Health_Product_2241,8,3,16.22,5.72,BioZen,2027-03-04,Ambient,2025-04-05,Pack: 20g | Form: Cream
2242,Health_Product_2242,8,3,58.89,35.73,HealthPlus,2026-03-20,Refrigerated,2025-10-09,Pack: 60g / Form: Cream
2243,Health_Product_2243,3,2,117.39,130.71,PharmaCo,2026-12-22,Ambient,2025-05-19,Pack: 20 caps | Strength: 50mg | Form: Capsule
2244,Health_Product_2244,1,5,100.79,56.59,CuraMax,2026-11-10,Ambient,2021-11-15,Pack: 100 tabs / Strength: 200mg / Form: Tablet
2245,Health_Product_2245,9,5,129.36,91.07,LifeLine,2029-09-25,Controlled,2022-03-25,Pack: 90 units | Form: Kit
2246,Health_Product_2246,3,5,204.23,94.11,PharmaCo,2026-10-31,Ambient,2024-12-07,Strength: 50mg / Pack: 100 caps
2247,Health_Product_2247,7,4,218.47,156.51,BioZen,2026-10-07,Controlled,2022-04-01,Pack: 60g | Form: Bandage
2248,Health_Product_2248,4,2,137.72,80.44,VitalMeds,2028-08-13,Refrigerated,2025-05-16,Pack: 20g | Form: Cream
2249,Health_Product_2249,8,5,187.52,82.43,MediCare,2028-10-01,Ambient,2023-03-22,Pack: 90g | Form: Cream
2250,Health_Product_2250,9,3,226.49,115.87,HealthPlus,2026-06-04,Controlled,2023-07-24,Pack: 90 units | Form: Kit
2251,Health_Product_2251,9,1,89.57,55.89,PharmaCo,2026-10-14,Refrigerated,2022-08-28,Pack: 60 units / Form: Kit
2252,Health_Product_2252,6,3,104.56,53.87,LifeLine,2027-05-12,Refrigerated,2024-10-23,
2253,Health_Product_2253,4,1,209.72,78.72,BioZen,2026-01-13,Refrigerated,2025-10-06,Pack: 90g | Form: Cream
2254,Health_Product_2254,9,4,157.14,64.8,MediCare,2026-01-06,Controlled,2023-11-12,Pack: 20 units | Form: Kit
2255,Health_Product_2255,4,3,103.03,66.23,CuraMax,2029-06-17,Ambient,2025-08-08,Pack: 60g
2256,Health_Product_2256,4,5,97.21,57.34,MediCare,2028-11-01,Refrigerated,2024-12-16,Pack: 100g | Form: Cream
2257,Health_Product_2257,8,2,287.44,161.21,VitalMeds,2026-03-14,Ambient,2024-05-01,Pack: 100g | Form: Cream
2258,Health_Product_2258,1,5,189.89,78.24,CuraMax,2027-12-30,Refrigerated,2023-04-14,Pack: 90 tabs | Strength: 100mg | Form: Tablet
2259,Health_Product_2259,9,5,125.25,82.66,MediCare,2026-03-23,Ambient,2025-07-01,Pack: 60 units / Form: Kit
2260,Health_Product_2260,4,3,118.3,83.46,MediCare,2028-12-27,Controlled,2025-03-22,Pack: 30g | Form: Cream
2261,Health_Product_2261,8,4,18.47,6.74,HealthPlus,2029-06-05,Refrigerated,2024-01-20,Pack: 20g
2262,Health_Product_2262,5,1,94.26,35.71,HealthPlus,2028-11-22,Ambient,2023-11-04,Warranty: 12m / Form: Device
2263,Health_Product_2263,2,2,14.36,9.73,MediCare,2028-09-12,Ambient,2023-06-04,Pack: 100 tabs / Strength: 200mg / Form: Tablet
2264,Health_Product_2264,7,4,70.75,46.11,VitalMeds,2026-11-04,Refrigerated,2025-08-09,Pack: 100g | Form: Bandage
2265,Health_Product_2265,4,4,34.54,19.99,BioZen,2028-12-12,Ambient,2022-05-22,Pack: 90g | Form: Cream
2266,Health_Product_2266,7,5,135.32,94.67,MediCare,2029-09-24,Refrigerated,2025-03-07,Pack: 10g / Form: Bandage
2267,Health_Product_2267,7,2,21.42,12.62,HealthPlus,2027-07-22,Refrigerated,2024-12-16,Pack: 10g | Form: Bandage
2268,Health_Product_2268,7,1,32.55,34.59,VitalMeds,2026-10-08,Controlled,2022-08-13,Pack: 10g | Form: Bandage
2269,Health_Product_2269,3,5,222.87,239.84,CuraMax,2026-11-30,Controlled,2025-06-27,Form: Capsule / Pack: 30 caps / Strength: 50mg
2270,Health_Product_2270,8,5,191.48,112.77,BioZen,2028-01-24,Ambient,2023-04-11,Pack: 60g
2271,Health_Product_2271,2,4,92.25,65.93,LifeLine,2026-03-27,Ambient,2025-08-24,Pack: 60 tabs | Strength: 25mg | Form: Tablet
2272,Health_Product_2272,6,4,40.37,17.32,VitalMeds,2028-05-07,Ambient,2022-04-06,Pack: 450ml | Strength: 50mg/5ml | Form: Liquid
2273,Health_Product_2273,5,5,173.67,99.2,LifeLine,2027-11-28,Refrigerated,2024-06-14,Form: Device | Warranty: 6m
2274,Health_Product_2274,7,4,289.27,184.75,CuraMax,2026-11-27,Refrigerated,2024-05-26,Pack: 10g | Form: Bandage
2275,Health_Product_2275,6,1,138.14,65.68,PharmaCo,2029-09-10,Ambient,2025-10-18,Pack: 150ml / Strength: 25mg/5ml / Form: Liquid
2276,Health_Product_2276,7,3,113.05,55.45,BioZen,2027-02-24,Ambient,2022-10-01,Pack: 60g | Form: Bandage
2277,Health_Product_2277,5,1,127.96,86.82,LifeLine,2027-02-18,Ambient,2022-11-02,Form: Device | Warranty: 24m
2278,Health_Product_2278,8,5,191.29,95.56,CuraMax,2026-02-08,Ambient,2024-05-25,Pack: 60g | Form: Cream
2279,Health_Product_2279,9,5,81.2,47.19,VitalMeds,2027-10-06,Refrigerated,2022-12-28,Pack: 20 units | Form: Kit
2280,Health_Product_2280,4,4,148.65,100.94,PharmaCo,2027-12-12,Controlled,2022-05-14,Pack: 90g | Form: Cream
2281,Health_Product_2281,7,2,223.73,95.67,HealthPlus,2029-01-09,Ambient,2024-01-12,Pack: 20g | Form: Bandage
2282,Health_Product_2282,9,1,8.35,5.96,MediCare,2027-01-30,Ambient,2022-12-11,Pack: 60 units | Form: Kit
2283,Health_Product_2283,7,3,8.27,5.04,CuraMax,2026-05-26,Refrigerated,2024-03-17,Pack: 90g
2284,Health_Product_2284,5,1,292.26,155.94,HealthPlus,2027-10-08,Refrigerated,2023-03-13,Form: Device | Warranty: 24m
2285,Health_Product_2285,2,4,108.58,55.32,HealthPlus,2029-12-05,Ambient,2025-01-20,Pack: 30 tabs | Strength: 50mg | Form: Tablet
2286,Health_Product_2286,1,3,41.34,29.07,HealthPlus,2029-11-09,Ambient,2024-09-20,Pack: 10 tabs / Strength: 25mg / Form: Tablet
2287,Health_Product_2287,8,1,65.37,27.86,CuraMax,2027-02-18,Refrigerated,2023-06-17,Pack: 60g / Form: Cream
2288,Health_Product_2288,5,5,10.71,4.98,LifeLine,2026-08-15,Refrigerated,2024-01-12,Form: Device | Warranty: 12m
2289,Health_Product_2289,6,3,122.31,56.74,BioZen,2026-09-05,Refrigerated,2022-10-05,Pack: 50ml | Strength: 100mg/5ml | Form: Liquid
2290,Health_Product_2290,5,1,102.97,47.05,PharmaCo,2028-05-05,Refrigerated,2023-05-27,
2291,Health_Product_2291,7,3,217.85,114.01,BioZen,2029-11-08,Ambient,2023-08-10,
2292,Health_Product_2292,6,2,202.02,144.65,HealthPlus,2025-12-22,Ambient,2025-11-21,Pack: 150ml | Strength: 500mg/5ml | Form: Liquid
2293,Health_Product_2293,5,2,237.48,161.21,VitalMeds,2028-07-28,Refrigerated,2022-03-23,Form: Device / Warranty: 6m
2294,Health_Product_2294,8,3,286.6,135.09,BioZen,2029-06-19,Refrigerated,2022-11-29,Pack: 100g | Form: Cream
2295,Health_Product_2295,7,2,200.47,101.53,MediCare,2026-01-07,Controlled,2024-09-30,Pack: 20g | Form: Bandage
2296,Health_Product_2296,5,3,211.78,126.58,HealthPlus,2026-08-17,Ambient,2022-08-18,Form: Device / Warranty: 12m
2297,Health_Product_2297,3,5,196.15,69.9,VitalMeds,2026-12-29,Ambient,2023-02-13,Pack: 10 caps | Strength: 50mg | Form: Capsule
2298,Health_Product_2298,1,1,199.16,130.14,MediCare,2026-01-21,Controlled,2025-03-22,Pack: 20 tabs | Strength: 25mg | Form: Tablet
2299,Health_Product_2299,3,1,201.73,250.68,CuraMax,2026-10-21,Controlled,2024-11-22,Pack: 20 caps | Strength: 650mg | Form: Capsule
2300,Health_Product_2300,9,5,136.2,90.87,MediCare,2028-07-01,Controlled,2023-09-16,Pack: 90 units | Form: Kit
2301,Health_Product_2301,7,4,266.3,130.16,CuraMax,2026-05-30,Refrigerated,2023-08-26,Pack: 20g | Form: Bandage
2302,Health_Product_2302,1,4,298.3,155.4,LifeLine,2027-08-18,Ambient,2025-01-08,Pack: 60 tabs | Strength: 650mg | Form: Tablet
2303,Health_Product_2303,8,4,155.59,55.17,VitalMeds,2028-12-16,Controlled,2023-05-16,Pack: 30g / Form: Cream
2304,Health_Product_2304,8,2,60.0,29.87,VitalMeds,2029-11-03,Controlled,2022-02-11,Pack: 30g | Form: Cream
2305,Health_Product_2305,8,2,206.18,107.29,PharmaCo,2027-04-24,Refrigerated,2023-10-17,Pack: 10g | Form: Cream
2306,Health_Product_2306,2,1,203.98,139.84,PharmaCo,2029-02-02,Refrigerated,2024-08-28,Pack: 20 tabs / Strength: 650mg / Form: Tablet
2307,Health_Product_2307,1,1,139.98,95.29,CuraMax,2026-05-12,Refrigerated,2022-02-28,Strength: 50mg / Pack: 60 tabs
2308,Health_Product_2308,7,4,38.25,27.06,MediCare,2026-05-10,Refrigerated,2022-07-08,Pack: 90g / Form: Bandage
2309,Health_Product_2309,9,5,82.6,55.96,VitalMeds,2027-11-14,Refrigerated,2022-06-11,Pack: 100 units
2310,Health_Product_2310,3,1,54.89,19.38,LifeLine,2026-11-09,Ambient,2022-09-20,Pack: 10 caps / Strength: 250mg
2311,Health_Product_2311,3,5,104.83,61.57,LifeLine,2029-05-14,Ambient,2024-05-01,Pack: 60 caps | Strength: 250mg | Form: Capsule
2312,Health_Product_2312,4,1,216.57,81.27,CuraMax,2028-12-02,Refrigerated,2023-04-18,Pack: 20g | Form: Cream
2313,Health_Product_2313,5,4,81.41,36.7,MediCare,2026-12-25,Ambient,2025-06-02,Form: Device / Warranty: 24m
2314,Health_Product_2314,2,1,194.63,109.77,HealthPlus,2029-10-02,Ambient,2025-09-26,Form: Tablet / Pack: 60 tabs / Strength: 250mg
2315,Health_Product_2315,7,4,298.32,181.74,MediCare,2026-06-26,Refrigerated,2024-01-29,Pack: 90g | Form: Bandage
2316,Health_Product_2316,6,3,227.53,244.47,HealthPlus,2026-01-28,Refrigerated,2021-11-14,Pack: 300ml | Strength: 200mg/5ml | Form: Liquid
2317,Health_Product_2317,2,4,199.28,73.37,BioZen,2029-06-17,Controlled,2022-06-07,Strength: 100mg / Form: Tablet / Pack: 60 tabs
2318,Health_Product_2318,6,3,8.63,3.35,BioZen,2029-06-14,Refrigerated,2024-08-06,Pack: 150ml | Strength: 650mg/5ml | Form: Liquid
2319,Health_Product_2319,9,3,55.88,22.22,MediCare,2029-08-27,Refrigerated,2025-06-06,Pack: 90 units | Form: Kit
2320,Health_Product_2320,5,2,255.47,98.06,LifeLine,2027-12-27,Refrigerated,2025-09-16,Form: Device / Warranty: 6m
2321,Health_Product_2321,7,4,293.22,121.96,CuraMax,2028-04-14,Controlled,2023-10-07,Pack: 20g
2322,Health_Product_2322,2,5,187.39,113.32,CuraMax,2026-04-27,Refrigerated,2022-11-23,Pack: 20 tabs / Strength: 250mg / Form: Tablet
2323,Health_Product_2323,5,2,43.99,28.92,VitalMeds,2027-11-22,Controlled,2025-08-22,Form: Device | Warranty: 12m
2324,Health_Product_2324,3,1,18.95,9.5,LifeLine,2026-12-17,Refrigerated,2022-09-04,Pack: 20 caps | Strength: 650mg | Form: Capsule
2325,Health_Product_2325,2,3,246.05,149.19,VitalMeds,2029-05-17,Ambient,2023-03-05,Pack: 100 tabs | Strength: 650mg | Form: Tablet
2326,Health_Product_2326,7,2,208.83,88.55,MediCare,2026-01-04,Controlled,2024-02-09,Pack: 30g | Form: Bandage
2327,Health_Product_2327,5,2,108.6,77.12,PharmaCo,2029-12-01,Refrigerated,2024-06-22,Form: Device | Warranty: 12m
2328,Health_Product_2328,8,1,45.64,21.88,MediCare,2027-03-25,Refrigerated,2024-08-25,Pack: 100g | Form: Cream
2329,Health_Product_2329,3,2,122.04,80.91,BioZen,2026-11-28,Refrigerated,2024-04-22,Pack: 90 caps | Strength: 250mg | Form: Capsule
2330,Health_Product_2330,3,1,139.37,97.53,LifeLine,2026-12-10,Controlled,2024-03-04,Pack: 10 caps | Strength: 25mg | Form: Capsule
2331,Health_Product_2331,6,4,102.93,68.96,MediCare,2029-07-03,Ambient,2025-04-28,Strength: 50mg/5ml / Pack: 500ml
2332,Health_Product_2332,3,1,181.79,68.14,BioZen,2026-10-30,Refrigerated,2023-09-30,
2333,Health_Product_2333,5,5,192.08,113.45,CuraMax,2026-11-21,Ambient,2022-03-11,Form: Device | Warranty: 24m
2334,Health_Product_2334,2,2,13.67,5.39,CuraMax,2028-07-08,Ambient,2023-05-14,Pack: 100 tabs / Strength: 500mg
2335,Health_Product_2335,3,2,274.93,96.8,HealthPlus,2026-10-12,Refrigerated,2023-02-26,Pack: 60 caps | Strength: 650mg | Form: Capsule
2336,Health_Product_2336,1,1,73.01,26.95,HealthPlus,2026-03-03,Controlled,2025-01-10,Pack: 100 tabs | Strength: 100mg | Form: Tablet
2337,Health_Product_2337,1,4,198.55,136.8,CuraMax,2027-08-29,Ambient,2023-05-27,Pack: 10 tabs | Strength: 100mg | Form: Tablet
2338,Health_Product_2338,6,1,158.91,109.03,CuraMax,2029-12-06,Controlled,2024-04-07,Strength: 25mg/5ml / Form: Liquid / Pack: 500ml
2339,Health_Product_2339,5,1,290.77,126.06,HealthPlus,2027-09-04,Ambient,2024-10-17,Form: Device | Warranty: 24m
2340,Health_Product_2340,5,3,120.44,66.53,MediCare,2028-10-29,Ambient,2025-10-06,Form: Device | Warranty: 6m
2341,Health_Product_2341,5,3,50.44,35.48,MediCare,2026-04-30,Ambient,2022-10-21,Form: Device / Warranty: 24m
2342,Health_Product_2342,2,4,12.14,6.48,CuraMax,2026-12-22,Refrigerated,2024-08-29,Strength: 650mg / Pack: 90 tabs
2343,Health_Product_2343,4,4,189.1,93.72,PharmaCo,2027-09-27,Refrigerated,2022-10-16,Form: Cream / Pack: 90g
2344,Health_Product_2344,1,4,158.13,83.62,PharmaCo,2028-12-31,Ambient,2022-08-25,Pack: 90 tabs | Strength: 100mg | Form: Tablet
2345,Health_Product_2345,4,3,229.47,147.41,PharmaCo,2026-08-15,Ambient,2022-05-11,
2346,Health_Product_2346,6,1,35.04,18.45,VitalMeds,2028-01-28,Controlled,2024-04-16,Form: Liquid / Strength: 50mg/5ml / Pack: 300ml
2347,Health_Product_2347,6,1,65.21,41.72,MediCare,2027-08-09,Controlled,2024-10-14,Pack: 150ml | Strength: 50mg/5ml | Form: Liquid
2348,Health_Product_2348,7,4,191.86,97.8,BioZen,2026-01-11,Refrigerated,2024-05-02,Pack: 20g | Form: Bandage
2349,Health_Product_2349,5,2,11.93,5.29,VitalMeds,2026-12-17,Ambient,2022-09-02,Form: Device | Warranty: 24m
2350,Health_Product_2350,1,5,178.12,83.86,BioZen,2027-07-07,Refrigerated,2022-10-30,Pack: 100 tabs | Strength: 100mg | Form: Tablet
2351,Health_Product_2351,6,1,28.34,10.74,CuraMax,2029-04-03,Ambient,2025-11-06,Strength: 50mg/5ml / Pack: 300ml
2352,Health_Product_2352,3,2,106.57,56.91,HealthPlus,2026-12-16,Controlled,2024-11-23,Pack: 20 caps | Strength: 650mg | Form: Capsule
2353,Health_Product_2353,9,5,25.38,10.27,PharmaCo,2028-05-05,Refrigerated,2023-09-17,Pack: 90 units | Form: Kit
2354,Health_Product_2354,7,1,116.84,75.98,LifeLine,2028-05-14,Controlled,2023-08-01,Pack: 90g | Form: Bandage
2355,Health_Product_2355,8,4,200.63,101.44,CuraMax,2027-11-28,Ambient,2025-11-03,
2356,Health_Product_2356,3,2,96.27,60.94,BioZen,2026-01-20,Refrigerated,2024-02-28,Pack: 100 caps | Strength: 50mg | Form: Capsule
2357,Health_Product_2357,7,1,87.62,61.61,HealthPlus,2028-07-10,Refrigerated,2022-02-06,
2358,Health_Product_2358,6,1,24.14,16.04,VitalMeds,2029-07-20,Controlled,2024-06-25,Pack: 450ml / Strength: 250mg/5ml
2359,Health_Product_2359,4,5,104.55,73.4,PharmaCo,2027-05-03,Ambient,2023-04-05,Pack: 60g / Form: Cream
2360,Health_Product_2360,8,3,146.08,81.82,HealthPlus,2028-03-25,Ambient,2024-02-28,Pack: 90g / Form: Cream
2361,Health_Product_2361,5,2,268.45,110.38,LifeLine,2028-09-04,Refrigerated,2024-10-22,Form: Device | Warranty: 24m
2362,Health_Product_2362,1,2,136.32,94.89,HealthPlus,2026-05-18,Controlled,2025-02-08,Pack: 10 tabs | Strength: 25mg | Form: Tablet
2363,Health_Product_2363,3,5,261.85,175.79,CuraMax,2026-11-05,Refrigerated,2022-03-03,Pack: 20 caps | Strength: 100mg | Form: Capsule
2364,Health_Product_2364,3,3,244.66,163.88,MediCare,2026-09-29,Ambient,2023-01-24,Pack: 60 caps | Strength: 650mg | Form: Capsule
2365,Health_Product_2365,8,2,189.98,115.23,MediCare,2026-09-24,Controlled,2025-07-14,Pack: 10g | Form: Cream
2366,Health_Product_2366,3,2,62.44,36.29,VitalMeds,2026-10-29,Ambient,2022-03-01,Pack: 60 caps / Form: Capsule / Strength: 200mg
2367,Health_Product_2367,7,1,60.56,21.53,CuraMax,2026-08-01,Controlled,2025-01-23,Pack: 10g / Form: Bandage
2368,Health_Product_2368,3,4,227.41,142.54,VitalMeds,2026-11-11,Controlled,2023-12-04,Pack: 90 caps / Strength: 250mg / Form: Capsule
2369,Health_Product_2369,1,1,290.31,111.44,LifeLine,2026-02-03,Controlled,2023-01-07,Pack: 10 tabs | Strength: 100mg | Form: Tablet
2370,Health_Product_2370,7,2,79.21,35.34,CuraMax,2029-05-21,Ambient,2023-08-30,
2371,Health_Product_2371,2,1,261.77,145.03,HealthPlus,2028-04-30,Ambient,2023-10-22,Pack: 20 tabs | Strength: 250mg | Form: Tablet
2372,Health_Product_2372,8,4,297.14,153.66,MediCare,2026-06-07,Ambient,2022-05-06,Pack: 20g
2373,Health_Product_2373,6,4,71.45,80.08,LifeLine,2026-11-20,Ambient,2022-12-11,
2374,Health_Product_2374,7,2,51.33,33.61,PharmaCo,2029-03-05,Refrigerated,2024-01-31,Pack: 30g | Form: Bandage
2375,Health_Product_2375,6,3,46.41,49.01,LifeLine,2026-11-26,Refrigerated,2025-03-15,Form: Liquid / Strength: 250mg/5ml / Pack: 500ml
2376,Health_Product_2376,2,1,250.38,150.8,PharmaCo,2028-07-03,Controlled,2024-05-26,Pack: 60 tabs | Strength: 200mg | Form: Tablet
2377,Health_Product_2377,4,3,259.67,142.87,LifeLine,2029-06-22,Ambient,2025-09-01,Pack: 20g | Form: Cream
2378,Health_Product_2378,4,3,250.07,176.42,BioZen,2028-06-04,Ambient,2022-11-11,Pack: 90g / Form: Cream
2379,Health_Product_2379,8,5,261.53,103.14,MediCare,2026-12-21,Controlled,2025-09-03,Pack: 30g
2380,Health_Product_2380,5,1,258.26,160.9,HealthPlus,2029-06-21,Refrigerated,2022-10-25,Form: Device / Warranty: 12m
2381,Health_Product_2381,4,4,217.81,86.58,VitalMeds,2026-04-24,Refrigerated,2023-03-23,Pack: 100g | Form: Cream
2382,Health_Product_2382,6,5,133.7,65.68,HealthPlus,2029-12-10,Ambient,2025-06-13,Pack: 300ml | Strength: 200mg/5ml | Form: Liquid
2383,Health_Product_2383,9,3,281.1,159.28,VitalMeds,2028-04-04,Ambient,2024-11-20,Pack: 10 units | Form: Kit
2384,Health_Product_2384,7,5,38.72,24.11,CuraMax,2026-07-28,Controlled,2022-02-13,Pack: 60g / Form: Bandage
2385,Health_Product_2385,1,2,221.46,77.82,CuraMax,2028-01-08,Refrigerated,2024-01-19,Form: Tablet / Pack: 100 tabs / Strength: 200mg
2386,Health_Product_2386,5,2,210.58,94.01,BioZen,2026-12-25,Controlled,2024-06-21,
2387,Health_Product_2387,4,3,278.01,312.86,CuraMax,2026-11-25,Controlled,2022-06-09,Pack: 100g | Form: Cream
2388,Health_Product_2388,1,3,211.69,115.83,MediCare,2029-11-07,Refrigerated,2023-11-22,Pack: 60 tabs | Strength: 100mg | Form: Tablet
2389,Health_Product_2389,1,5,191.0,111.91,MediCare,2029-08-06,Ambient,2025-07-14,Pack: 20 tabs / Strength: 50mg / Form: Tablet
2390,Health_Product_2390,1,5,159.09,73.57,BioZen,2026-02-21,Controlled,2023-08-01,Pack: 20 tabs | Strength: 50mg | Form: Tablet
2391,Health_Product_2391,6,3,225.26,123.89,LifeLine,2026-07-23,Controlled,2022-05-30,Pack: 100ml | Strength: 200mg/5ml | Form: Liquid
2392,Health_Product_2392,7,1,19.49,8.19,LifeLine,2028-08-10,Ambient,2024-08-10,Pack: 20g | Form: Bandage
2393,Health_Product_2393,5,2,156.6,65.64,BioZen,2027-02-08,Controlled,2023-02-28,Form: Device | Warranty: 6m
2394,Health_Product_2394,7,2,254.88,143.58,VitalMeds,2027-08-16,Ambient,2022-05-08,
2395,Health_Product_2395,7,5,244.74,147.73,VitalMeds,2027-04-24,Controlled,2023-03-03,Pack: 100g | Form: Bandage
2396,Health_Product_2396,6,5,215.1,84.87,HealthPlus,2028-09-21,Refrigerated,2022-03-11,Pack: 300ml / Strength: 650mg/5ml / Form: Liquid
2397,Health_Product_2397,8,2,43.79,17.32,HealthPlus,2029-03-29,Refrigerated,2022-10-01,Pack: 30g | Form: Cream
2398,Health_Product_2398,6,4,76.97,43.04,LifeLine,2027-11-03,Ambient,2025-11-27,Pack: 150ml | Strength: 200mg/5ml | Form: Liquid
2399,Health_Product_2399,2,1,200.73,90.32,CuraMax,2029-03-08,Ambient,2022-07-01,
2400,Health_Product_2400,1,5,66.64,33.0,HealthPlus,2025-12-28,Refrigerated,2022-05-18,Pack: 100 tabs / Strength: 250mg / Form: Tablet
2401,Health_Product_2401,2,3,171.84,85.62,PharmaCo,2029-01-07,Ambient,2023-06-05,Pack: 20 tabs | Strength: 500mg | Form: Tablet
2402,Health_Product_2402,6,5,36.76,15.29,VitalMeds,2025-12-17,Ambient,2025-08-28,Pack: 300ml | Strength: 500mg/5ml | Form: Liquid
2403,Health_Product_2403,3,2,221.44,280.34,HealthPlus,2027-01-03,Refrigerated,2023-10-21,Pack: 60 caps / Strength: 100mg / Form: Capsule
2404,Health_Product_2404,5,1,194.37,129.39,BioZen,2026-11-19,Refrigerated,2023-08-12,
2405,Health_Product_2405,9,4,50.94,31.31,VitalMeds,2026-04-18,Controlled,2024-07-13,Pack: 20 units | Form: Kit
2406,Health_Product_2406,6,5,93.68,56.72,CuraMax,2028-11-30,Controlled,2022-08-23,Pack: 150ml | Strength: 25mg/5ml | Form: Liquid
2407,Health_Product_2407,6,5,40.4,22.31,BioZen,2029-05-31,Controlled,2023-09-26,Pack: 450ml | Strength: 500mg/5ml | Form: Liquid
2408,Health_Product_2408,3,4,158.42,96.53,CuraMax,2026-12-20,Refrigerated,2025-07-25,Strength: 250mg / Pack: 60 caps / Form: Capsule
2409,Health_Product_2409,2,3,225.66,157.11,VitalMeds,2027-02-21,Controlled,2023-05-23,Pack: 30 tabs / Form: Tablet / Strength: 200mg
2410,Health_Product_2410,1,2,37.66,22.46,VitalMeds,2026-01-14,Refrigerated,2022-10-15,
2411,Health_Product_2411,7,3,284.42,127.44,HealthPlus,2029-12-18,Ambient,2022-08-06,Pack: 30g / Form: Bandage
2412,Health_Product_2412,6,4,223.92,125.64,LifeLine,2027-03-06,Refrigerated,2025-11-27,Pack: 100ml | Strength: 200mg/5ml | Form: Liquid
2413,Health_Product_2413,9,3,248.38,127.58,BioZen,2028-11-14,Ambient,2025-04-11,Pack: 30 units
2414,Health_Product_2414,6,4,209.79,116.62,LifeLine,2026-04-26,Ambient,2025-10-11,Pack: 150ml / Strength: 50mg/5ml / Form: Liquid
2415,Health_Product_2415,4,5,216.07,117.01,PharmaCo,2026-05-06,Ambient,2023-07-16,Pack: 10g | Form: Cream
2416,Health_Product_2416,4,2,79.57,53.13,MediCare,2027-05-23,Refrigerated,2024-07-15,Pack: 20g / Form: Cream
2417,Health_Product_2417,3,2,15.38,9.09,MediCare,2028-02-05,Ambient,2023-11-13,Form: Capsule / Strength: 500mg / Pack: 30 caps
2418,Health_Product_2418,9,5,16.77,7.04,PharmaCo,2027-11-28,Ambient,2022-11-03,Form: Kit / Pack: 20 units
2419,Health_Product_2419,1,1,88.51,33.04,CuraMax,2026-09-26,Controlled,2023-04-20,Pack: 10 tabs | Strength: 500mg | Form: Tablet
2420,Health_Product_2420,7,3,187.29,94.96,BioZen,2025-12-19,Refrigerated,2022-05-09,
2421,Health_Product_2421,6,4,39.59,14.09,LifeLine,2028-11-27,Refrigerated,2022-02-03,Pack: 300ml | Strength: 500mg/5ml | Form: Liquid
2422,Health_Product_2422,4,2,166.87,78.06,BioZen,2028-02-12,Ambient,2024-04-20,Pack: 100g / Form: Cream
2423,Health_Product_2423,4,5,54.43,26.46,LifeLine,2028-03-25,Refrigerated,2022-04-21,Pack: 30g | Form: Cream
2424,Health_Product_2424,9,5,202.6,99.06,BioZen,2028-06-01,Refrigerated,2025-11-20,
2425,Health_Product_2425,9,5,142.16,101.27,VitalMeds,2029-02-23,Ambient,2022-10-29,Pack: 90 units | Form: Kit
2426,Health_Product_2426,7,3,6.96,3.22,LifeLine,2030-01-01,Controlled,2023-07-30,Pack: 10g | Form: Bandage
2427,Health_Product_2427,7,1,65.29,29.26,VitalMeds,2029-01-02,Controlled,2023-03-11,Pack: 20g / Form: Bandage
2428,Health_Product_2428,1,1,105.0,41.78,HealthPlus,2029-11-24,Ambient,2025-04-12,Pack: 20 tabs | Strength: 250mg | Form: Tablet
2429,Health_Product_2429,8,3,265.43,143.09,CuraMax,2026-10-27,Ambient,2024-02-17,Pack: 10g / Form: Cream
2430,Health_Product_2430,2,3,26.43,10.75,PharmaCo,2029-05-15,Refrigerated,2023-12-07,Pack: 30 tabs / Form: Tablet / Strength: 100mg
2431,Health_Product_2431,6,5,75.15,43.44,BioZen,2029-01-08,Ambient,2024-06-25,Pack: 450ml | Strength: 100mg/5ml | Form: Liquid
2432,Health_Product_2432,4,1,9.54,3.89,BioZen,2028-04-29,Refrigerated,2022-04-16,Pack: 100g | Form: Cream
2433,Health_Product_2433,8,4,14.94,8.42,CuraMax,2028-06-24,Controlled,2025-08-28,Pack: 30g | Form: Cream
2434,Health_Product_2434,4,5,254.81,167.08,BioZen,2029-04-14,Controlled,2024-11-05,Pack: 90g | Form: Cream
2435,Health_Product_2435,2,4,191.32,69.97,VitalMeds,2027-01-17,Refrigerated,2025-01-20,Strength: 100mg / Pack: 60 tabs
2436,Health_Product_2436,3,4,275.21,139.07,VitalMeds,2026-12-21,Ambient,2025-01-06,Strength: 650mg / Form: Capsule / Pack: 100 caps
2437,Health_Product_2437,3,5,221.63,115.38,MediCare,2026-11-26,Controlled,2022-07-09,Pack: 10 caps / Strength: 50mg / Form: Capsule
2438,Health_Product_2438,4,3,37.93,24.38,CuraMax,2027-06-05,Ambient,2025-03-11,Pack: 90g | Form: Cream
2439,Health_Product_2439,7,2,28.23,14.77,CuraMax,2027-03-20,Controlled,2022-11-21,Pack: 100g | Form: Bandage
2440,Health_Product_2440,5,2,116.32,65.14,BioZen,2026-03-12,Controlled,2023-01-22,Warranty: 24m / Form: Device
2441,Health_Product_2441,6,5,136.9,87.99,HealthPlus,2029-01-16,Ambient,2021-11-06,
2442,Health_Product_2442,3,1,83.55,46.55,VitalMeds,2026-12-04,Controlled,2023-08-31,Pack: 10 caps / Strength: 100mg
2443,Health_Product_2443,1,4,297.98,143.8,LifeLine,2027-08-11,Ambient,2025-04-24,Pack: 20 tabs | Strength: 500mg | Form: Tablet
2444,Health_Product_2444,6,2,278.75,106.42,CuraMax,2026-01-22,Ambient,2024-04-22,Pack: 500ml | Strength: 650mg/5ml | Form: Liquid
2445,Health_Product_2445,2,2,147.85,91.68,HealthPlus,2029-10-04,Ambient,2023-02-14,Strength: 650mg / Pack: 30 tabs / Form: Tablet
2446,Health_Product_2446,2,4,73.02,49.09,VitalMeds,2029-05-22,Refrigerated,2023-06-07,Pack: 90 tabs | Strength: 500mg | Form: Tablet
2447,Health_Product_2447,8,1,69.12,49.0,MediCare,2029-04-30,Ambient,2025-09-23,
2448,Health_Product_2448,9,4,85.24,59.06,BioZen,2027-02-20,Controlled,2024-11-18,Pack: 60 units
2449,Health_Product_2449,8,2,66.96,43.19,CuraMax,2029-02-24,Ambient,2024-03-12,Pack: 60g | Form: Cream
2450,Health_Product_2450,7,1,159.93,94.05,VitalMeds,2027-11-10,Controlled,2024-12-23,Pack: 90g | Form: Bandage
2451,Health_Product_2451,1,2,181.44,115.97,LifeLine,2027-10-07,Ambient,2024-12-17,Pack: 60 tabs | Strength: 250mg | Form: Tablet
2452,Health_Product_2452,3,3,51.91,26.47,CuraMax,2026-11-14,Ambient,2025-11-29,Pack: 100 caps | Strength: 500mg | Form: Capsule
2453,Health_Product_2453,6,1,279.05,159.08,VitalMeds,2026-03-02,Refrigerated,2022-09-26,Pack: 150ml / Strength: 650mg/5ml / Form: Liquid
2454,Health_Product_2454,2,3,168.6,80.76,HealthPlus,2026-11-15,Refrigerated,2025-05-08,
2455,Health_Product_2455,1,4,195.16,91.9,VitalMeds,2028-07-01,Refrigerated,2025-08-11,Pack: 60 tabs | Strength: 650mg | Form: Tablet
2456,Health_Product_2456,3,5,74.98,47.24,HealthPlus,2028-12-10,Controlled,2025-07-27,Pack: 20 caps | Strength: 100mg | Form: Capsule
2457,Health_Product_2457,9,2,111.78,57.9,PharmaCo,2027-10-05,Controlled,2022-09-13,Pack: 90 units / Form: Kit
2458,Health_Product_2458,5,1,266.68,114.27,BioZen,2028-05-22,Refrigerated,2024-10-05,Form: Device
2459,Health_Product_2459,6,1,293.98,124.86,HealthPlus,2028-02-26,Ambient,2024-03-05,Pack: 300ml | Strength: 250mg/5ml | Form: Liquid
2460,Health_Product_2460,5,2,87.31,58.31,BioZen,2028-08-17,Controlled,2025-11-27,Form: Device / Warranty: 12m
2461,Health_Product_2461,7,2,193.45,116.22,MediCare,2029-04-18,Controlled,2023-02-11,Pack: 30g | Form: Bandage
2462,Health_Product_2462,9,4,15.65,8.64,VitalMeds,2026-11-25,Refrigerated,2025-05-29,Pack: 90 units | Form: Kit
2463,Health_Product_2463,6,3,137.84,68.69,BioZen,2027-10-20,Controlled,2022-04-19,Pack: 50ml | Strength: 25mg/5ml | Form: Liquid
2464,Health_Product_2464,9,5,156.76,79.85,CuraMax,2026-07-09,Controlled,2024-10-09,Pack: 60 units | Form: Kit
2465,Health_Product_2465,2,1,111.69,41.47,VitalMeds,2026-09-24,Ambient,2022-12-09,
2466,Health_Product_2466,5,2,202.69,105.06,LifeLine,2029-03-25,Controlled,2025-06-29,Form: Device / Warranty: 6m
2467,Health_Product_2467,8,5,28.94,18.65,VitalMeds,2027-11-29,Controlled,2023-12-28,Pack: 20g | Form: Cream
2468,Health_Product_2468,1,4,227.15,112.11,VitalMeds,2027-05-14,Controlled,2023-06-06,Pack: 90 tabs | Strength: 100mg | Form: Tablet
2469,Health_Product_2469,3,3,294.63,362.8,MediCare,2026-10-25,Refrigerated,2024-10-23,Pack: 30 caps | Strength: 250mg | Form: Capsule
2470,Health_Product_2470,1,4,6.34,2.26,HealthPlus,2029-06-30,Controlled,2025-11-03,Strength: 650mg / Pack: 60 tabs
2471,Health_Product_2471,9,4,245.63,127.58,PharmaCo,2028-02-09,Ambient,2024-09-05,Pack: 30 units | Form: Kit
2472,Health_Product_2472,1,1,222.23,79.86,PharmaCo,2028-03-05,Ambient,2024-03-08,Pack: 10 tabs / Strength: 200mg / Form: Tablet
2473,Health_Product_2473,5,2,269.16,151.01,LifeLine,2026-01-19,Ambient,2021-12-11,Form: Device | Warranty: 12m
2474,Health_Product_2474,8,2,299.96,161.23,LifeLine,2028-08-11,Ambient,2023-04-17,Pack: 30g | Form: Cream
2475,Health_Product_2475,8,3,211.91,140.03,LifeLine,2028-07-03,Controlled,2022-01-20,Pack: 90g | Form: Cream
2476,Health_Product_2476,8,3,179.09,101.23,BioZen,2028-05-09,Refrigerated,2025-01-23,Pack: 30g | Form: Cream
2477,Health_Product_2477,9,5,155.14,72.86,CuraMax,2029-07-20,Refrigerated,2024-02-03,Pack: 100 units / Form: Kit
2478,Health_Product_2478,4,4,102.4,55.4,BioZen,2026-09-12,Ambient,2022-03-30,Pack: 20g | Form: Cream
2479,Health_Product_2479,6,3,198.56,120.9,CuraMax,2026-05-26,Refrigerated,2023-08-30,Pack: 300ml | Strength: 25mg/5ml | Form: Liquid
2480,Health_Product_2480,1,4,257.85,99.21,PharmaCo,2028-01-31,Ambient,2023-05-17,Pack: 20 tabs / Strength: 650mg / Form: Tablet
2481,Health_Product_2481,4,2,290.57,168.47,BioZen,2027-12-25,Controlled,2023-07-22,Pack: 90g | Form: Cream
2482,Health_Product_2482,5,4,229.43,158.11,HealthPlus,2026-05-04,Ambient,2022-07-21,Form: Device | Warranty: 6m
2483,Health_Product_2483,1,5,37.6,17.32,BioZen,2028-01-06,Ambient,2022-03-28,Pack: 90 tabs / Strength: 650mg / Form: Tablet
2484,Health_Product_2484,3,4,129.29,75.23,BioZen,2026-11-18,Controlled,2025-04-17,Pack: 10 caps | Strength: 50mg | Form: Capsule
2485,Health_Product_2485,4,2,236.61,154.72,BioZen,2027-11-19,Refrigerated,2022-04-13,Pack: 90g | Form: Cream
2486,Health_Product_2486,5,4,81.99,44.22,CuraMax,2029-01-03,Controlled,2023-12-23,Form: Device | Warranty: 6m
2487,Health_Product_2487,6,3,138.8,85.45,BioZen,2027-02-21,Ambient,2022-04-28,Pack: 450ml | Strength: 650mg/5ml | Form: Liquid
2488,Health_Product_2488,9,1,294.78,137.09,VitalMeds,2028-12-11,Controlled,2024-04-28,Pack: 60 units | Form: Kit
2489,Health_Product_2489,8,5,102.95,47.69,PharmaCo,2029-06-28,Controlled,2023-11-29,Pack: 30g | Form: Cream
2490,Health_Product_2490,1,4,94.75,56.57,BioZen,2029-09-22,Ambient,2025-03-04,Pack: 100 tabs | Strength: 500mg | Form: Tablet
2491,Health_Product_2491,4,2,143.51,87.68,BioZen,2027-10-12,Refrigerated,2021-11-11,Form: Cream / Pack: 60g
2492,Health_Product_2492,9,5,178.22,124.16,LifeLine,2026-05-03,Refrigerated,2022-09-11,Pack: 20 units | Form: Kit
2493,Health_Product_2493,7,2,276.8,119.91,MediCare,2027-03-04,Refrigerated,2025-11-22,Pack: 100g / Form: Bandage
2494,Health_Product_2494,9,4,68.24,75.98,CuraMax,2026-10-24,Refrigerated,2022-05-21,Pack: 10 units
2495,Health_Product_2495,5,4,67.6,29.93,PharmaCo,2028-02-14,Ambient,2021-11-28,Form: Device
2496,Health_Product_2496,6,5,299.65,113.76,PharmaCo,2027-04-08,Refrigerated,2022-11-16,Pack: 150ml | Strength: 50mg/5ml | Form: Liquid
2497,Health_Product_2497,7,2,170.03,84.88,HealthPlus,2028-02-14,Ambient,2025-06-01,Pack: 20g | Form: Bandage
2498,Health_Product_2498,2,4,277.2,135.39,BioZen,2027-02-27,Controlled,2024-02-05,Pack: 60 tabs / Strength: 500mg / Form: Tablet
2499,Health_Product_2499,6,5,204.7,92.13,VitalMeds,2029-11-22,Controlled,2022-04-28,Pack: 500ml | Strength: 25mg/5ml | Form: Liquid
2500,Health_Product_2500,6,1,14.47,6.65,CuraMax,2028-11-20,Controlled,2021-12-13,Pack: 500ml / Form: Liquid / Strength: 25mg/5ml
2501,Health_Product_2501,4,1,53.29,25.76,BioZen,2029-03-05,Refrigerated,2023-11-02,Pack: 30g | Form: Cream
2502,Health_Product_2502,5,4,66.12,47.33,VitalMeds,2028-09-12,Controlled,2023-05-09,Form: Device | Warranty: 12m
2503,Health_Product_2503,9,1,25.87,16.55,BioZen,2028-04-09,Ambient,2023-05-18,Pack: 20 units | Form: Kit
2504,Health_Product_2504,4,5,26.2,9.86,LifeLine,2029-05-06,Ambient,2023-08-09,Pack: 60g | Form: Cream
2505,Health_Product_2505,3,3,126.81,85.32,PharmaCo,2026-09-19,Refrigerated,2025-09-28,Pack: 30 caps / Strength: 50mg
2506,Health_Product_2506,5,4,112.87,65.95,VitalMeds,2029-07-15,Refrigerated,2024-02-11,Form: Device | Warranty: 12m
2507,Health_Product_2507,9,4,74.62,50.71,BioZen,2029-03-15,Refrigerated,2022-05-17,Pack: 90 units / Form: Kit
2508,Health_Product_2508,1,3,20.36,9.7,VitalMeds,2028-08-23,Refrigerated,2024-09-28,Strength: 250mg / Pack: 90 tabs
2509,Health_Product_2509,2,4,23.74,12.39,HealthPlus,2026-07-12,Ambient,2025-03-12,Pack: 20 tabs | Strength: 25mg | Form: Tablet
2510,Health_Product_2510,6,2,159.01,108.38,VitalMeds,2029-02-27,Ambient,2022-07-22,Pack: 450ml | Strength: 250mg/5ml | Form: Liquid
2511,Health_Product_2511,4,4,38.73,17.46,HealthPlus,2029-04-13,Ambient,2023-01-25,Pack: 20g | Form: Cream
2512,Health_Product_2512,8,1,209.53,144.31,PharmaCo,2028-01-16,Refrigerated,2024-02-06,Pack: 20g | Form: Cream
2513,Health_Product_2513,1,5,218.9,143.72,HealthPlus,2029-04-30,Refrigerated,2023-05-28,Strength: 100mg / Pack: 60 tabs
2514,Health_Product_2514,3,2,50.2,35.78,CuraMax,2028-01-19,Refrigerated,2025-09-05,Pack: 30 caps | Strength: 25mg | Form: Capsule
2515,Health_Product_2515,7,4,299.86,140.93,MediCare,2026-08-16,Controlled,2025-09-14,Pack: 30g | Form: Bandage
2516,Health_Product_2516,2,4,242.08,105.84,PharmaCo,2028-09-12,Ambient,2024-03-13,Pack: 60 tabs | Strength: 25mg | Form: Tablet
2517,Health_Product_2517,8,1,245.52,115.99,CuraMax,2028-10-20,Refrigerated,2022-05-21,Pack: 60g | Form: Cream
2518,Health_Product_2518,6,2,153.34,107.83,BioZen,2029-03-08,Refrigerated,2022-05-15,Pack: 50ml / Strength: 25mg/5ml / Form: Liquid
2519,Health_Product_2519,4,3,59.37,28.1,CuraMax,2026-09-20,Controlled,2023-12-12,
2520,Health_Product_2520,1,3,273.62,297.47,HealthPlus,2026-12-17,Controlled,2023-08-10,Pack: 60 tabs / Form: Tablet / Strength: 500mg
2521,Health_Product_2521,7,5,44.85,22.4,HealthPlus,2027-07-17,Refrigerated,2024-06-02,Pack: 20g | Form: Bandage
2522,Health_Product_2522,4,4,297.79,147.88,PharmaCo,2027-04-12,Refrigerated,2022-07-17,Form: Cream / Pack: 10g
2523,Health_Product_2523,1,5,37.72,15.9,BioZen,2027-10-26,Controlled,2025-12-03,Pack: 30 tabs / Strength: 100mg
2524,Health_Product_2524,4,1,282.07,154.78,HealthPlus,2029-11-12,Ambient,2022-09-15,Pack: 30g | Form: Cream
2525,Health_Product_2525,9,3,79.54,99.96,HealthPlus,2029-07-29,Controlled,2022-03-26,Pack: 10 units | Form: Kit
2526,Health_Product_2526,8,2,279.38,102.9,BioZen,2029-11-12,Ambient,2024-05-18,Pack: 90g | Form: Cream
2527,Health_Product_2527,2,4,288.14,195.65,PharmaCo,2027-10-12,Ambient,2021-11-17,Pack: 100 tabs / Strength: 50mg
2528,Health_Product_2528,7,5,257.34,153.43,LifeLine,2028-08-26,Ambient,2024-06-28,Pack: 30g / Form: Bandage
2529,Health_Product_2529,6,5,134.52,77.78,MediCare,2028-01-24,Ambient,2023-06-09,Pack: 500ml | Strength: 650mg/5ml | Form: Liquid
2530,Health_Product_2530,4,1,270.38,157.25,PharmaCo,2027-09-19,Controlled,2023-01-19,
2531,Health_Product_2531,2,3,109.47,50.31,BioZen,2026-12-28,Controlled,2022-10-20,Pack: 60 tabs | Strength: 25mg | Form: Tablet
2532,Health_Product_2532,7,2,93.53,47.1,HealthPlus,2027-03-07,Controlled,2025-10-09,Pack: 60g | Form: Bandage
2533,Health_Product_2533,8,1,30.95,19.99,MediCare,2029-07-04,Ambient,2021-12-17,Pack: 60g | Form: Cream
2534,Health_Product_2534,9,4,181.77,84.23,MediCare,2028-10-23,Ambient,2024-06-06,Pack: 30 units | Form: Kit
2535,Health_Product_2535,6,4,37.66,19.73,VitalMeds,2029-06-13,Refrigerated,2022-01-31,Pack: 450ml / Strength: 650mg/5ml / Form: Liquid
2536,Health_Product_2536,2,2,137.54,165.18,CuraMax,2026-11-28,Refrigerated,2023-08-16,Pack: 100 tabs | Strength: 500mg | Form: Tablet
2537,Health_Product_2537,9,1,102.79,63.88,PharmaCo,2026-11-05,Controlled,2025-04-18,Pack: 60 units
2538,Health_Product_2538,5,1,242.41,122.31,CuraMax,2026-04-04,Ambient,2025-12-03,
2539,Health_Product_2539,3,3,123.88,67.44,VitalMeds,2026-10-12,Ambient,2025-06-12,Pack: 60 caps | Strength: 25mg | Form: Capsule
2540,Health_Product_2540,8,5,299.19,117.41,HealthPlus,2027-11-08,Refrigerated,2023-07-15,Pack: 90g | Form: Cream
2541,Health_Product_2541,2,1,179.21,128.48,PharmaCo,2027-05-26,Ambient,2024-03-03,Pack: 100 tabs | Strength: 200mg | Form: Tablet
2542,Health_Product_2542,3,1,156.7,174.53,LifeLine,2026-10-22,Ambient,2022-09-26,Pack: 90 caps | Strength: 500mg | Form: Capsule
2543,Health_Product_2543,3,1,109.88,133.93,HealthPlus,2027-03-01,Controlled,2023-05-06,Pack: 100 caps | Strength: 25mg | Form: Capsule
2544,Health_Product_2544,1,3,249.19,140.81,HealthPlus,2026-04-07,Controlled,2025-08-25,Pack: 30 tabs | Strength: 100mg | Form: Tablet
2545,Health_Product_2545,8,4,68.27,43.73,VitalMeds,2026-08-08,Controlled,2023-02-19,Pack: 100g | Form: Cream
2546,Health_Product_2546,9,3,59.47,27.28,MediCare,2027-01-09,Controlled,2022-12-07,Pack: 10 units | Form: Kit
2547,Health_Product_2547,9,4,51.02,32.13,LifeLine,2028-07-20,Ambient,2024-02-02,Pack: 90 units | Form: Kit
2548,Health_Product_2548,5,5,78.47,38.57,CuraMax,2028-09-08,Refrigerated,2024-03-23,Form: Device | Warranty: 12m
2549,Health_Product_2549,6,5,293.39,147.32,PharmaCo,2029-06-17,Ambient,2022-06-12,Pack: 300ml | Strength: 200mg/5ml | Form: Liquid
2550,Health_Product_2550,1,3,170.89,102.35,BioZen,2029-10-20,Ambient,2023-05-12,Pack: 90 tabs | Strength: 650mg | Form: Tablet
2551,Health_Product_2551,8,3,13.75,8.8,CuraMax,2027-05-12,Controlled,2023-01-19,Pack: 30g
2552,Health_Product_2552,7,2,166.48,99.35,HealthPlus,2028-12-09,Ambient,2022-03-17,Pack: 30g | Form: Bandage
2553,Health_Product_2553,5,4,100.22,68.45,CuraMax,2026-10-22,Ambient,2025-08-10,Form: Device | Warranty: 6m
2554,Health_Product_2554,9,4,166.98,76.06,BioZen,2028-09-20,Controlled,2025-05-27,Pack: 20 units | Form: Kit
2555,Health_Product_2555,2,3,237.81,162.48,BioZen,2028-02-17,Ambient,2025-11-05,Pack: 60 tabs | Strength: 250mg | Form: Tablet
2556,Health_Product_2556,2,4,23.22,9.25,PharmaCo,2026-12-27,Controlled,2025-07-25,Strength: 50mg / Pack: 30 tabs
2557,Health_Product_2557,6,3,275.56,163.69,LifeLine,2029-04-27,Controlled,2024-06-20,Pack: 50ml / Strength: 500mg/5ml
2558,Health_Product_2558,9,3,192.19,106.21,PharmaCo,2025-12-31,Refrigerated,2024-01-06,Pack: 20 units | Form: Kit
2559,Health_Product_2559,8,5,207.06,249.63,LifeLine,2026-12-04,Ambient,2024-09-16,Pack: 60g | Form: Cream
2560,Health_Product_2560,6,1,298.12,138.64,LifeLine,2027-04-21,Refrigerated,2025-08-28,Pack: 500ml | Strength: 100mg/5ml | Form: Liquid
2561,Health_Product_2561,5,3,134.01,71.88,CuraMax,2026-02-16,Refrigerated,2021-11-26,
2562,Health_Product_2562,6,2,220.48,90.37,VitalMeds,2029-04-18,Ambient,2022-06-15,Pack: 450ml / Form: Liquid / Strength: 50mg/5ml
2563,Health_Product_2563,5,5,237.23,115.45,CuraMax,2029-12-26,Ambient,2025-08-10,Form: Device
2564,Health_Product_2564,4,4,161.35,62.36,BioZen,2026-07-02,Ambient,2022-06-29,Pack: 60g | Form: Cream
2565,Health_Product_2565,5,4,167.25,93.92,HealthPlus,2027-01-12,Refrigerated,2023-10-17,Form: Device | Warranty: 12m
2566,Health_Product_2566,3,4,113.97,43.93,VitalMeds,2027-05-28,Ambient,2022-10-15,Form: Capsule / Pack: 30 caps / Strength: 100mg
2567,Health_Product_2567,4,3,66.16,27.08,PharmaCo,2029-02-27,Refrigerated,2022-10-23,Pack: 20g | Form: Cream
2568,Health_Product_2568,9,3,192.31,73.39,LifeLine,2026-06-30,Refrigerated,2023-10-16,Pack: 20 units / Form: Kit
2569,Health_Product_2569,5,5,180.38,88.58,MediCare,2027-05-21,Controlled,2023-05-18,Form: Device
2570,Health_Product_2570,9,4,22.07,14.6,PharmaCo,2028-10-16,Ambient,2024-07-25,Pack: 10 units | Form: Kit
2571,Health_Product_2571,8,1,115.75,79.35,CuraMax,2029-09-30,Controlled,2023-12-13,Pack: 10g
2572,Health_Product_2572,8,5,14.54,5.48,CuraMax,2027-09-14,Ambient,2022-05-01,Pack: 20g | Form: Cream
2573,Health_Product_2573,3,5,188.44,110.2,MediCare,2029-10-13,Refrigerated,2024-06-15,Pack: 20 caps | Strength: 250mg | Form: Capsule
2574,Health_Product_2574,9,3,251.02,151.42,BioZen,2029-07-18,Controlled,2025-04-19,Pack: 10 units | Form: Kit
2575,Health_Product_2575,5,1,47.01,25.74,VitalMeds,2026-05-09,Refrigerated,2024-09-01,
2576,Health_Product_2576,9,1,90.62,54.08,BioZen,2029-02-23,Ambient,2024-09-28,Pack: 30 units
2577,Health_Product_2577,5,3,127.16,55.5,BioZen,2026-09-14,Refrigerated,2024-01-08,Form: Device
2578,Health_Product_2578,5,2,232.77,123.64,PharmaCo,2026-04-01,Controlled,2025-06-16,Form: Device / Warranty: 24m
2579,Health_Product_2579,9,4,49.74,24.6,VitalMeds,2029-07-30,Controlled,2022-01-07,Pack: 60 units / Form: Kit
2580,Health_Product_2580,6,2,108.92,41.74,MediCare,2027-04-04,Refrigerated,2022-08-24,Pack: 500ml / Strength: 50mg/5ml / Form: Liquid
2581,Health_Product_2581,9,3,80.18,46.62,MediCare,2028-08-10,Controlled,2023-10-26,Pack: 30 units | Form: Kit
2582,Health_Product_2582,9,1,139.09,74.17,LifeLine,2027-04-30,Refrigerated,2025-07-29,Pack: 10 units | Form: Kit
2583,Health_Product_2583,6,4,239.29,108.11,CuraMax,2026-03-18,Ambient,2022-06-15,Form: Liquid / Strength: 50mg/5ml / Pack: 500ml
2584,Health_Product_2584,6,4,55.42,29.11,BioZen,2028-09-15,Controlled,2023-03-29,Pack: 300ml / Strength: 200mg/5ml / Form: Liquid
2585,Health_Product_2585,1,3,75.88,48.32,CuraMax,2027-07-19,Controlled,2024-11-16,Pack: 20 tabs / Strength: 250mg / Form: Tablet
2586,Health_Product_2586,6,3,126.96,82.09,VitalMeds,2030-01-20,Ambient,2025-03-04,Pack: 450ml / Form: Liquid / Strength: 650mg/5ml
2587,Health_Product_2587,8,4,158.53,93.58,LifeLine,2028-01-19,Refrigerated,2023-04-26,Pack: 60g / Form: Cream
2588,Health_Product_2588,9,3,72.76,38.06,HealthPlus,2026-02-21,Refrigerated,2024-03-17,
2589,Health_Product_2589,6,4,134.17,75.54,MediCare,2028-04-17,Refrigerated,2024-07-22,Pack: 100ml | Strength: 50mg/5ml | Form: Liquid
2590,Health_Product_2590,8,2,289.66,142.64,BioZen,2026-01-22,Refrigerated,2023-09-24,Pack: 100g | Form: Cream
2591,Health_Product_2591,2,1,225.31,89.41,MediCare,2026-07-21,Controlled,2022-02-28,Pack: 30 tabs | Strength: 200mg | Form: Tablet
2592,Health_Product_2592,6,2,90.32,44.5,MediCare,2026-10-27,Controlled,2022-06-02,Pack: 100ml | Strength: 500mg/5ml | Form: Liquid
2593,Health_Product_2593,2,3,168.83,92.22,PharmaCo,2026-10-08,Controlled,2023-12-07,Pack: 90 tabs | Strength: 650mg | Form: Tablet
2594,Health_Product_2594,1,3,207.56,118.63,MediCare,2028-08-30,Ambient,2025-02-08,Pack: 20 tabs | Strength: 200mg | Form: Tablet
2595,Health_Product_2595,3,5,259.72,180.83,BioZen,2028-02-04,Controlled,2025-09-24,Pack: 100 caps | Strength: 500mg | Form: Capsule
2596,Health_Product_2596,5,2,34.51,22.0,BioZen,2028-03-20,Refrigerated,2023-08-26,Form: Device | Warranty: 6m
2597,Health_Product_2597,5,4,294.03,119.45,LifeLine,2026-12-21,Ambient,2021-11-25,Form: Device | Warranty: 12m
2598,Health_Product_2598,5,3,10.5,4.35,VitalMeds,2029-06-19,Refrigerated,2022-04-03,Form: Device
2599,Health_Product_2599,1,2,271.4,105.08,VitalMeds,2029-10-29,Controlled,2022-05-07,Pack: 100 tabs | Strength: 650mg | Form: Tablet
2600,Health_Product_2600,2,1,115.9,72.22,CuraMax,2027-07-13,Controlled,2025-10-27,Pack: 30 tabs | Strength: 50mg | Form: Tablet
2601,Health_Product_2601,6,1,227.75,139.22,BioZen,2028-03-13,Ambient,2025-03-08,Pack: 100ml | Strength: 650mg/5ml | Form: Liquid
2602,Health_Product_2602,4,4,238.79,170.72,MediCare,2027-05-31,Refrigerated,2022-06-17,Pack: 100g / Form: Cream
2603,Health_Product_2603,1,5,138.18,75.05,CuraMax,2026-08-07,Controlled,2024-06-25,Pack: 100 tabs | Strength: 250mg | Form: Tablet
2604,Health_Product_2604,5,2,113.66,74.54,CuraMax,2029-04-17,Ambient,2022-09-24,Form: Device | Warranty: 12m
2605,Health_Product_2605,2,3,104.77,59.02,PharmaCo,2029-07-15,Ambient,2025-11-01,Pack: 90 tabs | Strength: 650mg | Form: Tablet
2606,Health_Product_2606,7,4,40.27,27.12,BioZen,2029-03-30,Refrigerated,2025-08-07,Pack: 30g | Form: Bandage
2607,Health_Product_2607,9,3,70.46,43.46,PharmaCo,2027-10-15,Controlled,2024-03-24,Pack: 20 units | Form: Kit
2608,Health_Product_2608,8,5,54.02,31.76,CuraMax,2029-12-09,Ambient,2024-10-29,Pack: 20g | Form: Cream
2609,Health_Product_2609,3,3,150.79,84.31,MediCare,2026-07-27,Refrigerated,2022-07-27,Pack: 100 caps | Strength: 650mg | Form: Capsule
2610,Health_Product_2610,7,2,54.29,33.52,LifeLine,2026-07-03,Refrigerated,2023-01-15,Form: Bandage / Pack: 100g
2611,Health_Product_2611,3,2,139.03,70.25,MediCare,2027-01-06,Refrigerated,2024-04-30,Pack: 10 caps / Form: Capsule / Strength: 650mg
2612,Health_Product_2612,2,4,239.08,92.22,BioZen,2029-04-09,Refrigerated,2023-12-11,Pack: 30 tabs | Strength: 250mg | Form: Tablet
2613,Health_Product_2613,3,1,50.41,18.39,HealthPlus,2026-06-01,Controlled,2024-02-21,Pack: 30 caps | Strength: 25mg | Form: Capsule
2614,Health_Product_2614,9,2,291.0,153.43,VitalMeds,2028-08-18,Ambient,2024-05-29,Pack: 100 units
2615,Health_Product_2615,1,2,23.33,13.34,BioZen,2029-05-07,Controlled,2022-03-04,Pack: 10 tabs | Strength: 650mg | Form: Tablet
2616,Health_Product_2616,6,1,155.74,59.05,CuraMax,2026-01-18,Ambient,2023-11-28,Pack: 500ml | Strength: 100mg/5ml | Form: Liquid
2617,Health_Product_2617,2,2,218.73,99.77,BioZen,2028-02-18,Ambient,2022-11-10,Pack: 30 tabs / Strength: 200mg / Form: Tablet
2618,Health_Product_2618,9,3,226.59,106.31,CuraMax,2029-01-24,Controlled,2022-09-30,Pack: 60 units | Form: Kit
2619,Health_Product_2619,5,5,163.85,91.47,MediCare,2026-01-05,Controlled,2023-01-06,Form: Device | Warranty: 6m
2620,Health_Product_2620,7,3,25.64,11.62,VitalMeds,2027-02-21,Controlled,2024-05-21,Pack: 90g / Form: Bandage
2621,Health_Product_2621,4,4,28.79,11.1,LifeLine,2026-08-07,Controlled,2024-06-25,Pack: 30g
2622,Health_Product_2622,5,2,112.97,46.43,BioZen,2028-07-14,Refrigerated,2024-06-14,Form: Device | Warranty: 12m
2623,Health_Product_2623,5,2,284.68,117.96,PharmaCo,2029-12-28,Controlled,2024-02-21,Form: Device
2624,Health_Product_2624,2,3,34.44,22.79,LifeLine,2026-03-29,Ambient,2022-02-13,Pack: 30 tabs | Strength: 250mg | Form: Tablet
2625,Health_Product_2625,9,1,150.49,68.5,CuraMax,2027-01-23,Refrigerated,2024-12-22,Form: Kit / Pack: 10 units
2626,Health_Product_2626,4,1,103.93,63.86,MediCare,2027-08-11,Refrigerated,2022-08-07,Pack: 10g | Form: Cream
2627,Health_Product_2627,3,5,179.41,100.49,PharmaCo,2026-12-10,Controlled,2022-04-02,Pack: 10 caps | Strength: 50mg | Form: Capsule
2628,Health_Product_2628,3,5,89.92,63.98,CuraMax,2026-10-02,Refrigerated,2025-11-23,Pack: 100 caps / Strength: 50mg / Form: Capsule
2629,Health_Product_2629,8,1,175.95,79.34,PharmaCo,2025-12-13,Controlled,2022-01-21,Pack: 30g | Form: Cream
2630,Health_Product_2630,4,1,296.21,121.03,LifeLine,2027-06-06,Refrigerated,2021-11-06,Pack: 10g
2631,Health_Product_2631,2,4,83.18,30.71,CuraMax,2026-11-17,Ambient,2024-04-23,Pack: 100 tabs / Strength: 25mg / Form: Tablet
2632,Health_Product_2632,9,3,283.43,124.47,LifeLine,2028-11-12,Refrigerated,2025-05-16,Pack: 90 units | Form: Kit
2633,Health_Product_2633,4,2,126.07,76.03,PharmaCo,2026-01-18,Controlled,2022-11-11,Pack: 20g | Form: Cream
2634,Health_Product_2634,8,1,230.21,87.84,CuraMax,2029-02-02,Controlled,2025-05-31,
2635,Health_Product_2635,6,4,71.32,31.42,VitalMeds,2027-10-13,Refrigerated,2023-02-14,Pack: 500ml / Strength: 250mg/5ml
2636,Health_Product_2636,6,1,142.19,94.76,HealthPlus,2028-06-15,Refrigerated,2023-09-26,Pack: 450ml | Strength: 650mg/5ml | Form: Liquid
2637,Health_Product_2637,3,4,285.28,355.1,CuraMax,2027-10-12,Refrigerated,2025-08-06,Pack: 10 caps | Strength: 200mg | Form: Capsule
2638,Health_Product_2638,9,4,63.77,23.96,VitalMeds,2028-06-22,Ambient,2023-05-31,Pack: 60 units | Form: Kit
2639,Health_Product_2639,8,2,184.67,67.89,HealthPlus,2026-02-04,Refrigerated,2022-03-05,Pack: 30g
2640,Health_Product_2640,4,1,198.34,236.48,VitalMeds,2026-10-21,Controlled,2025-08-06,Pack: 30g / Form: Cream
2641,Health_Product_2641,5,2,28.53,19.93,VitalMeds,2026-03-05,Controlled,2024-11-12,Warranty: 24m / Form: Device
2642,Health_Product_2642,3,3,252.49,316.11,BioZen,2026-10-11,Ambient,2025-09-25,Pack: 30 caps | Strength: 250mg | Form: Capsule
2643,Health_Product_2643,7,1,288.79,191.36,HealthPlus,2028-02-17,Controlled,2025-09-19,Pack: 20g / Form: Bandage
2644,Health_Product_2644,5,2,11.79,8.16,VitalMeds,2027-03-19,Refrigerated,2022-02-07,Form: Device
2645,Health_Product_2645,9,1,83.04,44.59,LifeLine,2029-07-06,Refrigerated,2023-11-22,Pack: 30 units | Form: Kit
2646,Health_Product_2646,3,4,264.0,116.56,BioZen,2026-10-09,Ambient,2024-12-11,Pack: 100 caps / Strength: 50mg / Form: Capsule
2647,Health_Product_2647,1,2,255.29,127.26,VitalMeds,2027-01-09,Refrigerated,2025-04-20,Pack: 60 tabs | Strength: 100mg | Form: Tablet
2648,Health_Product_2648,1,4,60.7,37.39,LifeLine,2029-05-13,Ambient,2022-02-06,Pack: 90 tabs / Strength: 500mg / Form: Tablet
2649,Health_Product_2649,4,2,120.1,80.96,BioZen,2029-08-10,Controlled,2024-02-19,Pack: 10g
2650,Health_Product_2650,7,2,208.55,106.57,BioZen,2027-01-08,Ambient,2024-11-24,Pack: 100g / Form: Bandage
2651,Health_Product_2651,3,3,244.72,134.13,MediCare,2026-11-22,Ambient,2025-04-14,Pack: 90 caps | Strength: 650mg | Form: Capsule
2652,Health_Product_2652,5,2,180.44,125.36,LifeLine,2026-09-20,Controlled,2023-12-22,
2653,Health_Product_2653,9,3,103.07,40.17,BioZen,2028-05-26,Refrigerated,2023-04-06,Pack: 10 units
2654,Health_Product_2654,8,1,272.42,182.26,VitalMeds,2029-05-27,Ambient,2022-01-30,
2655,Health_Product_2655,8,2,49.05,20.06,LifeLine,2028-01-14,Refrigerated,2022-08-16,Pack: 90g | Form: Cream
2656,Health_Product_2656,6,5,42.94,22.72,CuraMax,2027-08-27,Ambient,2025-06-29,
2657,Health_Product_2657,7,2,205.72,88.63,HealthPlus,2027-09-07,Refrigerated,2022-12-21,Pack: 100g | Form: Bandage
2658,Health_Product_2658,4,5,188.73,108.16,VitalMeds,2026-11-27,Ambient,2022-01-06,Pack: 60g / Form: Cream
2659,Health_Product_2659,8,1,57.57,32.05,HealthPlus,2027-07-06,Ambient,2024-09-25,Pack: 10g | Form: Cream
2660,Health_Product_2660,6,2,58.61,28.75,VitalMeds,2028-02-25,Ambient,2023-05-13,Pack: 100ml | Strength: 100mg/5ml | Form: Liquid
2661,Health_Product_2661,1,1,219.78,147.13,PharmaCo,2026-11-12,Controlled,2023-09-21,Strength: 250mg / Pack: 100 tabs / Form: Tablet
2662,Health_Product_2662,2,2,293.19,174.19,VitalMeds,2027-12-24,Controlled,2022-11-30,Pack: 30 tabs | Strength: 200mg | Form: Tablet
2663,Health_Product_2663,2,4,161.74,99.77,CuraMax,2028-02-22,Controlled,2023-07-28,Pack: 10 tabs | Strength: 250mg | Form: Tablet
2664,Health_Product_2664,4,2,263.24,106.81,MediCare,2027-06-28,Refrigerated,2024-06-03,Pack: 30g | Form: Cream
2665,Health_Product_2665,4,4,118.39,80.12,MediCare,2028-11-05,Refrigerated,2022-06-19,Pack: 90g / Form: Cream
2666,Health_Product_2666,1,4,208.68,85.94,BioZen,2027-04-05,Controlled,2021-12-16,Pack: 20 tabs | Strength: 250mg | Form: Tablet
2667,Health_Product_2667,9,3,90.31,39.05,LifeLine,2029-07-30,Ambient,2021-12-10,Pack: 60 units | Form: Kit
2668,Health_Product_2668,9,3,82.44,32.76,PharmaCo,2028-07-30,Controlled,2024-03-14,
2669,Health_Product_2669,2,2,96.31,49.4,PharmaCo,2027-01-02,Controlled,2025-11-24,Pack: 60 tabs / Strength: 200mg
2670,Health_Product_2670,2,5,32.11,21.79,VitalMeds,2030-01-20,Ambient,2025-07-05,Pack: 60 tabs | Strength: 200mg | Form: Tablet
2671,Health_Product_2671,5,1,247.76,109.86,LifeLine,2029-10-04,Refrigerated,2022-02-27,Form: Device | Warranty: 12m
2672,Health_Product_2672,9,1,5.85,2.86,MediCare,2027-03-02,Ambient,2022-08-13,Pack: 90 units / Form: Kit
2673,Health_Product_2673,6,4,270.56,179.39,LifeLine,2026-04-21,Refrigerated,2022-11-01,Pack: 500ml | Strength: 25mg/5ml | Form: Liquid
2674,Health_Product_2674,6,4,142.33,82.35,CuraMax,2029-01-13,Controlled,2023-01-10,Strength: 250mg/5ml / Pack: 100ml
2675,Health_Product_2675,6,4,33.31,20.92,CuraMax,2027-10-08,Refrigerated,2022-07-15,Form: Liquid / Strength: 500mg/5ml / Pack: 150ml
2676,Health_Product_2676,8,5,153.76,65.99,PharmaCo,2029-07-21,Controlled,2025-08-02,Pack: 60g
2677,Health_Product_2677,6,4,37.87,23.29,CuraMax,2028-01-22,Controlled,2025-10-06,Pack: 50ml | Strength: 200mg/5ml | Form: Liquid
2678,Health_Product_2678,1,2,296.26,128.64,MediCare,2029-01-20,Refrigerated,2023-11-16,Pack: 10 tabs | Strength: 50mg | Form: Tablet
2679,Health_Product_2679,8,5,128.81,92.14,HealthPlus,2029-09-18,Controlled,2025-02-15,Pack: 60g / Form: Cream
2680,Health_Product_2680,1,3,225.53,125.66,VitalMeds,2027-06-20,Ambient,2022-10-01,Pack: 60 tabs | Strength: 25mg | Form: Tablet
2681,Health_Product_2681,4,3,115.68,70.26,PharmaCo,2029-11-14,Ambient,2023-05-06,
2682,Health_Product_2682,3,3,153.24,165.76,MediCare,2026-12-06,Ambient,2025-06-24,Pack: 100 caps | Strength: 50mg | Form: Capsule
2683,Health_Product_2683,4,4,290.06,128.42,PharmaCo,2026-10-01,Refrigerated,2024-12-13,Form: Cream / Pack: 100g
2684,Health_Product_2684,5,5,248.46,99.81,VitalMeds,2027-09-27,Ambient,2022-06-07,Form: Device / Warranty: 12m
2685,Health_Product_2685,6,2,24.88,12.3,VitalMeds,2026-12-11,Ambient,2024-01-22,Pack: 450ml | Strength: 50mg/5ml | Form: Liquid
2686,Health_Product_2686,6,3,38.46,17.5,PharmaCo,2028-07-03,Refrigerated,2024-08-07,Pack: 300ml / Strength: 25mg/5ml
2687,Health_Product_2687,7,4,19.27,11.97,LifeLine,2030-01-11,Controlled,2025-05-24,Pack: 60g | Form: Bandage
2688,Health_Product_2688,2,4,164.33,64.13,LifeLine,2028-03-07,Refrigerated,2025-07-06,Strength: 200mg / Form: Tablet / Pack: 10 tabs
2689,Health_Product_2689,9,1,19.82,12.45,VitalMeds,2026-06-18,Controlled,2025-09-08,Pack: 90 units
2690,Health_Product_2690,6,1,147.47,54.11,HealthPlus,2029-09-03,Controlled,2022-02-01,
2691,Health_Product_2691,5,4,29.56,12.56,VitalMeds,2026-12-16,Ambient,2024-03-30,Form: Device | Warranty: 12m
2692,Health_Product_2692,4,4,91.52,58.85,MediCare,2026-12-04,Controlled,2021-12-08,Pack: 20g | Form: Cream
2693,Health_Product_2693,1,3,298.98,186.81,HealthPlus,2027-04-05,Controlled,2025-01-19,Pack: 100 tabs | Strength: 25mg | Form: Tablet
2694,Health_Product_2694,6,2,208.8,109.88,PharmaCo,2027-05-30,Ambient,2023-08-30,Pack: 100ml | Strength: 500mg/5ml | Form: Liquid
2695,Health_Product_2695,8,2,155.22,57.2,LifeLine,2028-10-06,Refrigerated,2023-05-16,
2696,Health_Product_2696,2,4,129.76,74.7,VitalMeds,2029-07-13,Controlled,2025-06-20,Pack: 100 tabs / Strength: 650mg / Form: Tablet
2697,Health_Product_2697,4,2,268.25,134.26,PharmaCo,2026-10-25,Refrigerated,2024-08-31,Pack: 10g / Form: Cream
2698,Health_Product_2698,8,1,258.25,120.63,MediCare,2026-11-10,Controlled,2022-01-22,Pack: 60g | Form: Cream
2699,Health_Product_2699,6,1,96.66,56.73,PharmaCo,2027-02-04,Ambient,2024-04-01,Pack: 300ml / Form: Liquid / Strength: 650mg/5ml
2700,Health_Product_2700,9,2,23.64,12.09,VitalMeds,2029-06-29,Refrigerated,2024-03-02,Pack: 10 units | Form: Kit
2701,Health_Product_2701,4,3,111.08,42.68,CuraMax,2026-02-03,Refrigerated,2023-05-17,Pack: 10g / Form: Cream
2702,Health_Product_2702,1,4,222.73,153.44,HealthPlus,2026-05-19,Ambient,2025-05-09,Pack: 60 tabs | Strength: 100mg | Form: Tablet
2703,Health_Product_2703,5,5,232.35,148.25,BioZen,2028-11-26,Controlled,2024-10-18,Form: Device | Warranty: 24m
2704,Health_Product_2704,7,5,40.05,14.85,CuraMax,2029-09-08,Controlled,2024-03-12,Pack: 10g | Form: Bandage
2705,Health_Product_2705,6,5,210.31,114.47,BioZen,2026-07-10,Refrigerated,2024-10-18,Pack: 500ml | Strength: 50mg/5ml | Form: Liquid
2706,Health_Product_2706,4,1,82.55,31.44,BioZen,2027-10-03,Refrigerated,2022-09-24,Pack: 30g | Form: Cream
2707,Health_Product_2707,1,5,168.16,110.95,VitalMeds,2026-03-28,Refrigerated,2025-12-08,Strength: 25mg / Pack: 90 tabs
2708,Health_Product_2708,7,3,45.64,26.33,LifeLine,2029-09-14,Refrigerated,2025-07-07,Pack: 100g | Form: Bandage
2709,Health_Product_2709,4,4,210.03,86.91,LifeLine,2028-12-13,Refrigerated,2025-12-09,Pack: 100g | Form: Cream
2710,Health_Product_2710,7,3,99.7,35.66,PharmaCo,2028-05-23,Refrigerated,2022-03-12,
2711,Health_Product_2711,9,1,85.5,30.92,CuraMax,2026-06-21,Controlled,2022-05-14,Pack: 30 units / Form: Kit
2712,Health_Product_2712,8,3,229.44,123.38,HealthPlus,2027-03-04,Ambient,2024-10-30,Pack: 90g | Form: Cream
2713,Health_Product_2713,3,3,217.75,135.38,LifeLine,2026-10-11,Controlled,2024-02-20,Pack: 60 caps / Strength: 500mg / Form: Capsule
2714,Health_Product_2714,2,3,173.9,68.64,BioZen,2029-07-12,Refrigerated,2023-04-21,
2715,Health_Product_2715,3,3,75.0,32.39,MediCare,2026-11-30,Refrigerated,2025-01-14,Pack: 60 caps | Strength: 100mg | Form: Capsule
2716,Health_Product_2716,4,1,97.71,46.03,PharmaCo,2026-07-21,Ambient,2023-07-24,Pack: 60g | Form: Cream
2717,Health_Product_2717,3,4,235.91,101.6,HealthPlus,2026-11-07,Controlled,2022-10-02,Pack: 100 caps / Strength: 50mg
2718,Health_Product_2718,2,4,210.09,103.95,LifeLine,2028-05-17,Controlled,2022-12-25,Pack: 100 tabs / Strength: 200mg / Form: Tablet
2719,Health_Product_2719,5,3,161.72,90.09,BioZen,2029-12-22,Refrigerated,2021-12-23,Form: Device / Warranty: 24m
2720,Health_Product_2720,1,3,163.14,98.44,LifeLine,2029-01-20,Controlled,2024-02-09,Pack: 10 tabs | Strength: 200mg | Form: Tablet
2721,Health_Product_2721,1,4,185.47,131.05,BioZen,2029-04-09,Refrigerated,2023-06-19,Pack: 100 tabs | Strength: 50mg | Form: Tablet
2722,Health_Product_2722,2,2,159.13,110.5,MediCare,2027-10-02,Ambient,2025-10-12,Pack: 20 tabs | Strength: 650mg | Form: Tablet
2723,Health_Product_2723,9,5,76.03,42.65,CuraMax,2026-07-04,Controlled,2023-09-12,Pack: 30 units | Form: Kit
2724,Health_Product_2724,4,2,285.22,177.3,CuraMax,2026-08-13,Controlled,2025-07-23,Pack: 10g
2725,Health_Product_2725,3,2,246.05,172.68,BioZen,2026-09-21,Ambient,2022-07-22,Pack: 100 caps | Strength: 250mg | Form: Capsule
2726,Health_Product_2726,4,4,41.54,15.82,BioZen,2028-04-26,Refrigerated,2022-05-15,Pack: 10g / Form: Cream
2727,Health_Product_2727,8,2,161.98,57.03,VitalMeds,2025-12-31,Refrigerated,2022-11-29,Pack: 90g | Form: Cream
2728,Health_Product_2728,6,5,259.34,93.63,CuraMax,2029-12-30,Controlled,2023-03-16,Pack: 100ml | Strength: 50mg/5ml | Form: Liquid
2729,Health_Product_2729,6,5,153.08,85.49,LifeLine,2026-04-28,Ambient,2022-05-04,Pack: 300ml | Strength: 500mg/5ml | Form: Liquid
2730,Health_Product_2730,7,5,116.14,73.43,PharmaCo,2027-07-11,Refrigerated,2023-04-29,Pack: 90g | Form: Bandage
2731,Health_Product_2731,5,4,281.9,136.95,MediCare,2029-04-21,Controlled,2024-12-15,Form: Device
2732,Health_Product_2732,9,2,91.73,50.61,CuraMax,2029-12-09,Ambient,2025-04-06,Pack: 10 units | Form: Kit
2733,Health_Product_2733,8,3,257.79,139.48,HealthPlus,2026-01-13,Refrigerated,2022-05-27,Pack: 20g
2734,Health_Product_2734,6,2,138.8,53.45,BioZen,2029-11-05,Ambient,2022-08-06,Pack: 300ml | Strength: 25mg/5ml | Form: Liquid
2735,Health_Product_2735,7,5,256.6,120.34,MediCare,2026-08-23,Controlled,2024-06-12,Pack: 30g | Form: Bandage
2736,Health_Product_2736,5,3,195.28,69.75,CuraMax,2028-11-22,Refrigerated,2024-10-21,Form: Device
2737,Health_Product_2737,9,5,133.92,52.36,VitalMeds,2027-09-14,Refrigerated,2024-05-01,Pack: 90 units / Form: Kit
2738,Health_Product_2738,4,4,41.92,27.26,MediCare,2027-06-24,Refrigerated,2022-07-07,Pack: 100g | Form: Cream
2739,Health_Product_2739,4,3,150.5,98.86,CuraMax,2029-07-04,Ambient,2021-11-21,Pack: 30g
2740,Health_Product_2740,9,5,293.62,189.89,CuraMax,2028-04-20,Controlled,2023-06-24,Pack: 100 units | Form: Kit
2741,Health_Product_2741,4,2,53.61,33.18,LifeLine,2029-10-01,Refrigerated,2022-07-15,Pack: 90g / Form: Cream
2742,Health_Product_2742,6,3,182.3,117.31,MediCare,2028-06-28,Controlled,2023-07-03,Pack: 500ml / Form: Liquid / Strength: 25mg/5ml
2743,Health_Product_2743,3,4,254.83,152.46,LifeLine,2026-12-13,Ambient,2023-02-09,
2744,Health_Product_2744,5,2,276.45,165.27,HealthPlus,2029-09-28,Controlled,2024-09-21,Form: Device | Warranty: 24m
2745,Health_Product_2745,1,2,208.67,124.56,CuraMax,2026-08-01,Controlled,2022-06-03,Pack: 100 tabs | Strength: 500mg | Form: Tablet
2746,Health_Product_2746,7,5,177.96,96.13,PharmaCo,2028-10-31,Ambient,2024-08-20,Pack: 100g / Form: Bandage
2747,Health_Product_2747,4,4,237.46,115.03,VitalMeds,2027-07-27,Refrigerated,2023-02-23,Pack: 90g | Form: Cream
2748,Health_Product_2748,3,3,78.05,48.4,MediCare,2027-06-18,Controlled,2024-05-28,Pack: 90 caps | Strength: 50mg | Form: Capsule
2749,Health_Product_2749,8,5,231.38,106.55,BioZen,2026-12-06,Controlled,2024-05-29,Pack: 90g
2750,Health_Product_2750,4,5,192.73,106.17,LifeLine,2029-02-15,Controlled,2023-10-12,Pack: 100g | Form: Cream
2751,Health_Product_2751,7,1,66.23,33.8,LifeLine,2027-04-18,Refrigerated,2025-08-06,Form: Bandage / Pack: 90g
2752,Health_Product_2752,6,4,211.31,95.59,VitalMeds,2028-06-26,Ambient,2025-12-04,Pack: 300ml / Strength: 650mg/5ml
2753,Health_Product_2753,5,3,78.55,55.82,MediCare,2029-02-24,Refrigerated,2023-02-17,Form: Device
2754,Health_Product_2754,6,1,99.4,44.31,BioZen,2026-03-04,Controlled,2023-07-01,Pack: 300ml | Strength: 25mg/5ml | Form: Liquid
2755,Health_Product_2755,7,5,42.0,19.51,PharmaCo,2029-08-17,Ambient,2023-01-26,Pack: 60g | Form: Bandage
2756,Health_Product_2756,3,2,153.36,62.84,MediCare,2027-02-27,Ambient,2025-07-03,Pack: 100 caps | Strength: 25mg | Form: Capsule
2757,Health_Product_2757,9,3,86.9,56.88,PharmaCo,2027-01-12,Ambient,2025-11-27,Pack: 20 units | Form: Kit
2758,Health_Product_2758,6,5,147.6,83.69,MediCare,2027-06-19,Controlled,2021-11-21,Pack: 50ml | Strength: 500mg/5ml | Form: Liquid
2759,Health_Product_2759,5,3,269.39,155.39,CuraMax,2030-01-07,Ambient,2024-12-08,Form: Device | Warranty: 6m
2760,Health_Product_2760,1,4,172.97,113.05,VitalMeds,2029-07-20,Controlled,2021-11-24,Pack: 30 tabs | Strength: 500mg | Form: Tablet
2761,Health_Product_2761,7,5,13.73,6.55,CuraMax,2028-11-16,Refrigerated,2023-07-28,Pack: 90g / Form: Bandage
2762,Health_Product_2762,3,3,54.22,60.05,PharmaCo,2026-12-01,Ambient,2022-10-20,Pack: 10 caps | Strength: 25mg | Form: Capsule
2763,Health_Product_2763,3,2,151.23,64.03,BioZen,2029-11-07,Ambient,2023-07-25,Pack: 60 caps | Strength: 250mg | Form: Capsule
2764,Health_Product_2764,6,3,171.15,106.3,PharmaCo,2027-05-17,Ambient,2022-08-07,Strength: 200mg/5ml / Form: Liquid / Pack: 450ml
2765,Health_Product_2765,6,2,69.85,40.32,MediCare,2028-03-13,Refrigerated,2022-05-13,Pack: 150ml | Strength: 200mg/5ml | Form: Liquid
2766,Health_Product_2766,8,4,239.4,102.07,LifeLine,2029-12-14,Controlled,2021-11-30,Pack: 10g
2767,Health_Product_2767,6,5,240.2,96.96,MediCare,2026-12-04,Ambient,2021-12-08,
2768,Health_Product_2768,5,3,226.99,89.58,MediCare,2029-04-08,Controlled,2025-01-02,Form: Device / Warranty: 12m
2769,Health_Product_2769,4,1,134.08,78.07,MediCare,2029-02-28,Refrigerated,2022-01-19,Pack: 60g / Form: Cream
2770,Health_Product_2770,7,1,218.32,76.42,PharmaCo,2026-10-11,Refrigerated,2023-11-29,Pack: 100g | Form: Bandage
2771,Health_Product_2771,6,4,82.75,29.52,LifeLine,2028-09-04,Ambient,2023-02-24,Strength: 650mg/5ml / Form: Liquid / Pack: 150ml
2772,Health_Product_2772,1,5,274.94,135.86,LifeLine,2029-02-28,Controlled,2024-07-22,Pack: 90 tabs | Strength: 500mg | Form: Tablet
2773,Health_Product_2773,8,3,125.95,76.3,PharmaCo,2028-07-08,Controlled,2023-05-29,Pack: 30g | Form: Cream
2774,Health_Product_2774,9,1,205.82,124.97,VitalMeds,2028-12-22,Controlled,2025-11-14,Pack: 30 units | Form: Kit
2775,Health_Product_2775,6,4,11.23,5.72,LifeLine,2026-08-15,Controlled,2025-05-11,Strength: 100mg/5ml / Pack: 100ml
2776,Health_Product_2776,5,2,223.15,135.16,HealthPlus,2026-12-31,Controlled,2022-01-22,Form: Device | Warranty: 24m
2777,Health_Product_2777,5,4,288.77,156.75,CuraMax,2027-06-27,Controlled,2023-04-15,Form: Device | Warranty: 12m
2778,Health_Product_2778,9,5,252.18,179.42,MediCare,2028-01-28,Ambient,2022-02-16,Pack: 30 units | Form: Kit
2779,Health_Product_2779,7,1,261.33,107.17,CuraMax,2027-06-30,Ambient,2022-02-13,Pack: 20g | Form: Bandage
2780,Health_Product_2780,6,2,244.13,139.7,PharmaCo,2028-08-31,Ambient,2024-12-22,Pack: 300ml | Strength: 50mg/5ml | Form: Liquid
2781,Health_Product_2781,1,3,197.13,104.83,VitalMeds,2028-09-30,Controlled,2022-06-12,Pack: 20 tabs | Strength: 650mg | Form: Tablet
2782,Health_Product_2782,9,1,197.78,83.45,MediCare,2026-11-18,Controlled,2024-09-11,
2783,Health_Product_2783,5,4,72.12,45.26,BioZen,2029-10-23,Ambient,2024-06-17,Form: Device | Warranty: 6m
2784,Health_Product_2784,1,3,252.18,113.97,VitalMeds,2026-11-28,Ambient,2024-07-16,Pack: 30 tabs / Strength: 650mg / Form: Tablet
2785,Health_Product_2785,1,3,255.81,312.15,LifeLine,2026-10-11,Controlled,2025-01-03,
2786,Health_Product_2786,1,4,109.04,119.58,VitalMeds,2026-11-12,Ambient,2022-04-29,Pack: 30 tabs | Strength: 25mg | Form: Tablet
2787,Health_Product_2787,8,4,164.94,72.63,CuraMax,2028-02-21,Controlled,2023-11-24,Pack: 90g
2788,Health_Product_2788,1,4,127.94,65.17,BioZen,2029-05-03,Refrigerated,2025-10-01,Strength: 200mg / Form: Tablet / Pack: 30 tabs
2789,Health_Product_2789,7,3,106.9,56.14,VitalMeds,2027-03-25,Refrigerated,2025-08-06,Pack: 90g | Form: Bandage
2790,Health_Product_2790,6,5,93.4,58.41,MediCare,2028-08-09,Controlled,2024-12-18,Strength: 250mg/5ml / Form: Liquid / Pack: 100ml
2791,Health_Product_2791,7,4,197.03,124.73,MediCare,2028-04-28,Refrigerated,2022-06-28,
2792,Health_Product_2792,7,5,26.37,10.78,LifeLine,2026-01-29,Ambient,2024-06-01,Pack: 30g / Form: Bandage
2793,Health_Product_2793,6,5,98.4,56.02,PharmaCo,2026-12-04,Ambient,2024-09-30,Pack: 450ml | Strength: 650mg/5ml | Form: Liquid
2794,Health_Product_2794,5,3,232.08,158.18,BioZen,2028-09-08,Controlled,2023-03-14,Form: Device | Warranty: 6m
2795,Health_Product_2795,5,4,21.4,8.35,MediCare,2027-05-07,Refrigerated,2021-12-04,Warranty: 6m / Form: Device
2796,Health_Product_2796,7,3,213.06,111.85,MediCare,2029-11-21,Refrigerated,2023-04-05,Pack: 30g | Form: Bandage
2797,Health_Product_2797,7,5,248.73,156.11,VitalMeds,2027-07-23,Ambient,2024-04-29,Form: Bandage / Pack: 20g
2798,Health_Product_2798,1,5,253.38,146.01,CuraMax,2028-09-23,Refrigerated,2023-02-03,Form: Tablet / Strength: 650mg / Pack: 90 tabs
2799,Health_Product_2799,4,1,99.8,38.64,MediCare,2029-09-16,Ambient,2024-01-30,Pack: 90g
2800,Health_Product_2800,6,3,126.39,62.78,PharmaCo,2028-06-30,Controlled,2023-11-05,Pack: 500ml | Strength: 100mg/5ml | Form: Liquid
2801,Health_Product_2801,5,1,63.85,34.33,VitalMeds,2026-05-16,Controlled,2024-04-04,Form: Device | Warranty: 24m
2802,Health_Product_2802,8,5,19.85,14.26,BioZen,2029-08-20,Controlled,2024-10-10,Pack: 10g
2803,Health_Product_2803,4,2,142.82,59.43,VitalMeds,2028-08-11,Refrigerated,2025-12-11,Pack: 20g | Form: Cream
2804,Health_Product_2804,3,2,86.76,61.9,MediCare,2026-11-25,Refrigerated,2024-09-03,Pack: 90 caps | Strength: 25mg | Form: Capsule
2805,Health_Product_2805,5,4,81.55,39.89,MediCare,2027-06-20,Controlled,2024-08-16,Form: Device | Warranty: 6m
2806,Health_Product_2806,6,5,117.94,50.02,HealthPlus,2029-09-07,Controlled,2022-03-01,Strength: 650mg/5ml / Pack: 500ml
2807,Health_Product_2807,4,2,135.26,68.07,CuraMax,2027-08-31,Ambient,2024-10-07,Form: Cream / Pack: 30g
2808,Health_Product_2808,5,4,11.61,6.7,PharmaCo,2025-12-28,Controlled,2024-01-20,Form: Device | Warranty: 24m
2809,Health_Product_2809,2,4,250.05,107.27,PharmaCo,2029-12-01,Refrigerated,2022-10-13,Pack: 30 tabs | Strength: 200mg | Form: Tablet
2810,Health_Product_2810,8,5,76.38,34.97,VitalMeds,2028-02-18,Controlled,2025-03-27,Pack: 100g | Form: Cream
2811,Health_Product_2811,1,3,185.59,123.64,BioZen,2027-01-13,Controlled,2022-11-24,Pack: 10 tabs / Strength: 50mg / Form: Tablet
2812,Health_Product_2812,6,4,299.63,215.62,CuraMax,2029-04-15,Ambient,2021-12-01,Pack: 150ml | Strength: 50mg/5ml | Form: Liquid
2813,Health_Product_2813,1,2,179.67,84.04,CuraMax,2029-05-20,Ambient,2022-07-21,Pack: 90 tabs | Strength: 25mg | Form: Tablet
2814,Health_Product_2814,9,2,62.55,25.34,HealthPlus,2026-12-30,Refrigerated,2023-12-03,Pack: 100 units | Form: Kit
2815,Health_Product_2815,2,1,46.14,29.69,CuraMax,2029-04-13,Ambient,2022-10-02,Pack: 20 tabs | Strength: 50mg | Form: Tablet
2816,Health_Product_2816,2,3,292.67,167.46,MediCare,2029-12-23,Controlled,2025-06-17,Pack: 20 tabs / Strength: 250mg / Form: Tablet
2817,Health_Product_2817,2,3,217.14,84.07,HealthPlus,2027-03-16,Controlled,2024-08-31,Pack: 10 tabs / Strength: 200mg
2818,Health_Product_2818,1,1,269.28,188.58,PharmaCo,2026-11-07,Controlled,2025-05-23,Pack: 30 tabs | Strength: 500mg | Form: Tablet
2819,Health_Product_2819,4,4,249.34,312.52,MediCare,2026-10-15,Refrigerated,2024-11-22,Pack: 20g | Form: Cream
2820,Health_Product_2820,5,4,205.92,119.72,CuraMax,2028-02-20,Controlled,2024-08-25,
2821,Health_Product_2821,3,2,125.34,148.16,CuraMax,2026-12-22,Refrigerated,2025-02-02,Pack: 90 caps / Strength: 50mg
2822,Health_Product_2822,6,2,155.32,86.35,BioZen,2026-05-09,Controlled,2023-06-13,Pack: 300ml | Strength: 50mg/5ml | Form: Liquid
2823,Health_Product_2823,1,4,55.64,23.86,LifeLine,2027-01-28,Refrigerated,2024-08-27,Form: Tablet / Pack: 90 tabs / Strength: 250mg
2824,Health_Product_2824,3,3,224.35,135.64,BioZen,2026-12-14,Refrigerated,2025-06-23,Pack: 90 caps | Strength: 200mg | Form: Capsule
2825,Health_Product_2825,4,3,95.84,67.58,BioZen,2028-01-28,Controlled,2021-12-31,Pack: 30g
2826,Health_Product_2826,1,4,249.58,129.69,PharmaCo,2027-05-06,Ambient,2025-07-21,Pack: 10 tabs | Strength: 650mg | Form: Tablet
2827,Health_Product_2827,8,4,138.68,75.37,HealthPlus,2028-07-29,Refrigerated,2022-09-03,Pack: 30g | Form: Cream
2828,Health_Product_2828,9,3,45.61,20.01,VitalMeds,2027-11-13,Refrigerated,2023-08-17,Form: Kit / Pack: 100 units
2829,Health_Product_2829,6,3,257.02,174.77,LifeLine,2026-02-16,Ambient,2023-08-12,Strength: 650mg/5ml / Pack: 450ml
2830,Health_Product_2830,4,3,266.57,189.09,VitalMeds,2028-03-14,Controlled,2024-11-25,Pack: 30g | Form: Cream
2831,Health_Product_2831,9,5,246.38,157.91,MediCare,2028-03-14,Refrigerated,2023-05-18,Pack: 90 units | Form: Kit
2832,Health_Product_2832,7,5,175.41,96.62,MediCare,2027-02-10,Ambient,2022-08-17,Pack: 100g / Form: Bandage
2833,Health_Product_2833,1,5,5.39,3.79,BioZen,2026-12-23,Refrigerated,2025-05-12,
2834,Health_Product_2834,9,3,132.75,54.02,LifeLine,2029-02-07,Refrigerated,2022-01-29,Pack: 90 units
2835,Health_Product_2835,7,1,215.25,113.45,CuraMax,2028-03-28,Controlled,2023-07-22,Pack: 30g | Form: Bandage
2836,Health_Product_2836,4,1,86.11,47.27,VitalMeds,2026-11-29,Refrigerated,2025-08-25,Pack: 100g / Form: Cream
2837,Health_Product_2837,3,2,168.28,89.53,PharmaCo,2026-11-21,Ambient,2023-11-03,Pack: 30 caps | Strength: 50mg | Form: Capsule
2838,Health_Product_2838,4,1,221.6,143.35,VitalMeds,2029-06-18,Refrigerated,2024-11-17,Pack: 90g | Form: Cream
2839,Health_Product_2839,6,2,148.86,89.03,PharmaCo,2029-11-24,Refrigerated,2024-03-04,
2840,Health_Product_2840,7,3,161.34,64.03,MediCare,2028-11-08,Ambient,2021-11-13,Pack: 90g | Form: Bandage
2841,Health_Product_2841,3,3,213.18,101.94,CuraMax,2028-06-17,Controlled,2022-01-24,Pack: 30 caps | Strength: 650mg | Form: Capsule
2842,Health_Product_2842,8,3,235.94,255.71,MediCare,2026-12-29,Ambient,2025-06-07,Pack: 90g
2843,Health_Product_2843,4,4,25.56,14.3,CuraMax,2026-08-28,Controlled,2022-03-20,Pack: 60g
2844,Health_Product_2844,9,4,296.52,135.76,PharmaCo,2027-12-26,Ambient,2022-11-28,Pack: 100 units | Form: Kit
2845,Health_Product_2845,9,4,63.57,25.01,MediCare,2029-07-13,Ambient,2024-04-06,Pack: 20 units
2846,Health_Product_2846,4,5,145.62,86.19,MediCare,2026-02-03,Controlled,2025-08-02,Pack: 60g
2847,Health_Product_2847,9,2,25.55,16.99,VitalMeds,2026-09-06,Controlled,2024-11-23,Pack: 60 units | Form: Kit
2848,Health_Product_2848,4,2,52.71,36.62,LifeLine,2030-01-11,Controlled,2025-06-19,Pack: 10g | Form: Cream
2849,Health_Product_2849,2,2,44.98,31.93,LifeLine,2028-08-06,Ambient,2024-02-26,Strength: 100mg / Pack: 60 tabs
2850,Health_Product_2850,9,3,193.26,123.5,BioZen,2026-12-06,Controlled,2023-12-21,Pack: 100 units
2851,Health_Product_2851,9,1,119.81,48.13,LifeLine,2026-05-29,Refrigerated,2022-01-01,Pack: 100 units / Form: Kit
2852,Health_Product_2852,4,2,14.34,9.55,PharmaCo,2028-04-15,Refrigerated,2023-09-28,Pack: 100g | Form: Cream
2853,Health_Product_2853,7,1,89.78,44.71,PharmaCo,2027-10-16,Controlled,2024-05-08,Pack: 90g | Form: Bandage
2854,Health_Product_2854,1,2,163.83,101.59,HealthPlus,2028-03-11,Controlled,2025-01-13,Pack: 30 tabs | Strength: 25mg | Form: Tablet
2855,Health_Product_2855,2,2,290.43,158.74,CuraMax,2027-07-26,Ambient,2024-08-05,Pack: 30 tabs | Strength: 50mg | Form: Tablet
2856,Health_Product_2856,4,4,190.23,124.9,PharmaCo,2027-04-04,Ambient,2023-08-12,Pack: 100g | Form: Cream
2857,Health_Product_2857,5,5,65.96,33.47,MediCare,2026-07-13,Refrigerated,2024-06-18,Form: Device | Warranty: 12m
2858,Health_Product_2858,7,4,246.65,91.97,VitalMeds,2029-01-17,Ambient,2022-06-02,Pack: 20g | Form: Bandage
2859,Health_Product_2859,3,3,43.49,24.18,LifeLine,2026-09-18,Controlled,2025-04-06,Pack: 30 caps | Strength: 50mg | Form: Capsule
2860,Health_Product_2860,6,2,40.76,16.85,MediCare,2026-09-08,Refrigerated,2022-03-20,Strength: 200mg/5ml / Pack: 450ml / Form: Liquid
2861,Health_Product_2861,1,4,42.52,30.07,CuraMax,2028-06-10,Controlled,2025-12-09,Pack: 100 tabs | Strength: 650mg | Form: Tablet
2862,Health_Product_2862,2,3,189.51,103.28,PharmaCo,2029-11-09,Refrigerated,2025-08-17,Pack: 100 tabs / Strength: 650mg / Form: Tablet
2863,Health_Product_2863,3,5,293.16,162.65,BioZen,2026-10-02,Controlled,2023-07-23,Pack: 30 caps | Strength: 200mg | Form: Capsule
2864,Health_Product_2864,7,5,158.59,108.74,HealthPlus,2029-09-17,Controlled,2023-08-06,Pack: 10g | Form: Bandage
2865,Health_Product_2865,3,4,131.43,145.37,CuraMax,2026-11-16,Controlled,2024-03-14,Pack: 100 caps / Strength: 50mg / Form: Capsule
2866,Health_Product_2866,3,5,264.2,122.06,BioZen,2026-12-10,Ambient,2025-03-25,Pack: 20 caps | Strength: 650mg | Form: Capsule
2867,Health_Product_2867,9,2,169.23,77.77,VitalMeds,2029-03-08,Ambient,2022-12-21,Pack: 100 units | Form: Kit
2868,Health_Product_2868,9,4,179.79,96.29,BioZen,2029-03-26,Refrigerated,2023-09-19,Pack: 30 units / Form: Kit
2869,Health_Product_2869,9,1,268.45,180.03,LifeLine,2028-12-25,Refrigerated,2021-12-02,
2870,Health_Product_2870,9,1,18.41,11.86,VitalMeds,2026-06-26,Controlled,2023-11-17,Pack: 100 units
2871,Health_Product_2871,2,3,161.15,113.81,LifeLine,2028-11-23,Refrigerated,2025-07-23,Pack: 60 tabs | Strength: 200mg | Form: Tablet
2872,Health_Product_2872,2,2,128.83,48.52,PharmaCo,2030-01-09,Refrigerated,2022-12-04,Pack: 60 tabs | Strength: 50mg | Form: Tablet
2873,Health_Product_2873,1,1,63.64,28.59,HealthPlus,2025-12-14,Ambient,2025-08-31,Pack: 20 tabs | Strength: 500mg | Form: Tablet
2874,Health_Product_2874,7,2,142.96,54.28,BioZen,2028-02-17,Ambient,2023-07-13,Pack: 10g / Form: Bandage
2875,Health_Product_2875,8,3,183.71,115.35,VitalMeds,2028-03-12,Controlled,2023-07-23,Pack: 10g / Form: Cream
2876,Health_Product_2876,4,1,198.12,79.67,MediCare,2028-07-06,Ambient,2022-12-11,Form: Cream / Pack: 60g
2877,Health_Product_2877,3,2,169.89,202.65,VitalMeds,2026-12-19,Controlled,2023-03-07,Pack: 90 caps | Strength: 50mg | Form: Capsule
2878,Health_Product_2878,6,2,163.48,91.19,HealthPlus,2029-01-04,Ambient,2024-10-06,Pack: 100ml | Strength: 200mg/5ml | Form: Liquid
2879,Health_Product_2879,2,4,162.3,81.52,VitalMeds,2029-06-10,Refrigerated,2024-07-08,Strength: 650mg / Form: Tablet / Pack: 90 tabs
2880,Health_Product_2880,6,5,29.19,17.94,MediCare,2026-07-08,Refrigerated,2024-05-09,Pack: 150ml | Strength: 650mg/5ml | Form: Liquid
2881,Health_Product_2881,8,1,47.84,25.36,VitalMeds,2026-05-30,Refrigerated,2023-09-01,Pack: 30g
2882,Health_Product_2882,1,3,209.31,106.2,PharmaCo,2027-07-03,Controlled,2024-08-10,Pack: 30 tabs / Strength: 100mg / Form: Tablet
2883,Health_Product_2883,6,5,106.9,54.24,BioZen,2029-04-17,Refrigerated,2023-06-11,Pack: 100ml | Strength: 200mg/5ml | Form: Liquid
2884,Health_Product_2884,8,2,279.02,187.67,HealthPlus,2029-04-18,Refrigerated,2025-01-12,
2885,Health_Product_2885,2,5,72.77,36.11,LifeLine,2027-05-04,Controlled,2022-07-08,Form: Tablet / Strength: 50mg / Pack: 20 tabs
2886,Health_Product_2886,8,5,187.99,88.99,VitalMeds,2026-02-10,Refrigerated,2023-02-01,Pack: 20g / Form: Cream
2887,Health_Product_2887,4,5,99.77,47.42,BioZen,2029-06-24,Controlled,2024-10-14,Pack: 100g | Form: Cream
2888,Health_Product_2888,1,4,293.62,124.13,CuraMax,2028-06-09,Ambient,2025-01-20,Pack: 30 tabs | Strength: 25mg | Form: Tablet
2889,Health_Product_2889,1,4,81.67,54.59,LifeLine,2029-08-18,Refrigerated,2025-09-03,Pack: 100 tabs | Strength: 100mg | Form: Tablet
2890,Health_Product_2890,7,2,23.58,9.53,MediCare,2026-10-14,Controlled,2025-08-13,Pack: 30g | Form: Bandage
2891,Health_Product_2891,6,4,239.92,164.63,PharmaCo,2028-01-13,Ambient,2025-07-18,Strength: 100mg/5ml / Pack: 300ml
2892,Health_Product_2892,2,2,57.33,26.08,HealthPlus,2028-02-04,Controlled,2024-11-16,Strength: 25mg / Pack: 30 tabs / Form: Tablet
2893,Health_Product_2893,1,2,101.57,69.35,MediCare,2026-06-07,Ambient,2022-05-28,Pack: 60 tabs / Strength: 200mg
2894,Health_Product_2894,6,2,6.22,4.0,PharmaCo,2025-12-18,Controlled,2024-01-29,Pack: 450ml | Strength: 650mg/5ml | Form: Liquid
2895,Health_Product_2895,2,4,176.72,99.91,HealthPlus,2026-12-12,Refrigerated,2023-05-13,
2896,Health_Product_2896,7,4,219.93,235.74,HealthPlus,2026-11-29,Controlled,2023-09-15,Pack: 30g | Form: Bandage
2897,Health_Product_2897,7,5,226.79,106.72,PharmaCo,2027-07-04,Refrigerated,2021-12-04,Pack: 30g / Form: Bandage
2898,Health_Product_2898,1,2,298.08,167.66,CuraMax,2025-12-21,Ambient,2024-10-08,
2899,Health_Product_2899,6,3,27.83,12.75,CuraMax,2027-09-19,Refrigerated,2023-01-23,Pack: 450ml / Strength: 100mg/5ml / Form: Liquid
2900,Health_Product_2900,3,3,159.31,184.49,MediCare,2026-11-05,Ambient,2025-10-30,Pack: 100 caps | Strength: 100mg | Form: Capsule
2901,Health_Product_2901,8,5,69.74,44.14,VitalMeds,2029-01-10,Controlled,2024-06-11,Pack: 10g / Form: Cream
2902,Health_Product_2902,1,2,280.48,123.48,HealthPlus,2029-03-19,Refrigerated,2025-03-11,Pack: 100 tabs | Strength: 500mg | Form: Tablet
2903,Health_Product_2903,4,2,190.74,125.96,BioZen,2027-07-10,Refrigerated,2023-10-04,Pack: 90g
2904,Health_Product_2904,6,4,155.8,76.2,PharmaCo,2027-11-24,Ambient,2022-06-07,Pack: 300ml / Strength: 650mg/5ml
2905,Health_Product_2905,2,1,225.45,123.3,MediCare,2028-07-30,Controlled,2025-08-06,Strength: 25mg / Pack: 20 tabs
2906,Health_Product_2906,1,5,103.08,72.0,MediCare,2027-01-09,Ambient,2022-05-25,Pack: 30 tabs / Strength: 250mg
2907,Health_Product_2907,9,1,198.18,119.32,VitalMeds,2026-01-07,Ambient,2024-05-10,Pack: 90 units | Form: Kit
2908,Health_Product_2908,7,2,39.33,23.16,MediCare,2029-04-20,Controlled,2023-11-16,Form: Bandage / Pack: 60g
2909,Health_Product_2909,2,2,254.38,156.01,CuraMax,2029-12-11,Controlled,2023-10-04,Pack: 60 tabs | Strength: 250mg | Form: Tablet
2910,Health_Product_2910,9,2,293.09,202.14,BioZen,2028-10-29,Controlled,2025-10-10,Pack: 20 units / Form: Kit
2911,Health_Product_2911,7,3,112.81,49.86,LifeLine,2026-03-28,Ambient,2023-04-07,Pack: 10g | Form: Bandage
2912,Health_Product_2912,7,5,230.4,132.92,PharmaCo,2027-10-19,Ambient,2022-03-18,
2913,Health_Product_2913,4,2,33.45,16.66,HealthPlus,2026-06-02,Controlled,2022-08-13,Pack: 20g | Form: Cream
2914,Health_Product_2914,6,3,97.53,34.56,PharmaCo,2026-08-07,Ambient,2022-09-17,
2915,Health_Product_2915,2,3,91.92,36.43,VitalMeds,2027-01-11,Refrigerated,2025-04-05,Pack: 20 tabs / Strength: 25mg
2916,Health_Product_2916,1,5,294.51,138.49,MediCare,2029-11-20,Controlled,2023-03-11,Pack: 10 tabs | Strength: 650mg | Form: Tablet
2917,Health_Product_2917,3,1,11.23,6.28,LifeLine,2026-12-07,Controlled,2025-08-18,Pack: 10 caps | Strength: 500mg | Form: Capsule
2918,Health_Product_2918,2,4,251.62,170.13,HealthPlus,2029-02-05,Ambient,2025-01-22,Pack: 90 tabs | Strength: 50mg | Form: Tablet
2919,Health_Product_2919,7,2,235.72,151.5,VitalMeds,2028-11-11,Controlled,2024-11-13,Pack: 30g / Form: Bandage
2920,Health_Product_2920,7,4,17.82,9.89,CuraMax,2027-06-07,Controlled,2023-08-03,Pack: 100g
2921,Health_Product_2921,7,4,128.36,48.43,PharmaCo,2029-09-01,Ambient,2025-06-01,Pack: 60g | Form: Bandage
2922,Health_Product_2922,2,2,58.44,67.87,HealthPlus,2027-01-03,Refrigerated,2025-04-05,
2923,Health_Product_2923,6,2,42.61,20.69,HealthPlus,2028-08-22,Refrigerated,2022-12-29,
2924,Health_Product_2924,9,4,295.14,171.19,PharmaCo,2026-11-19,Controlled,2024-03-24,Pack: 30 units | Form: Kit
2925,Health_Product_2925,6,5,216.07,80.81,VitalMeds,2029-09-10,Controlled,2025-07-05,Pack: 150ml | Strength: 50mg/5ml | Form: Liquid
2926,Health_Product_2926,6,5,97.37,53.18,HealthPlus,2026-07-05,Controlled,2024-12-01,Pack: 300ml / Strength: 100mg/5ml / Form: Liquid
2927,Health_Product_2927,5,3,111.84,76.45,PharmaCo,2026-09-19,Controlled,2025-09-01,Form: Device | Warranty: 6m
2928,Health_Product_2928,2,4,201.81,123.31,HealthPlus,2028-01-03,Ambient,2023-05-20,
2929,Health_Product_2929,1,2,221.68,142.97,BioZen,2029-07-11,Controlled,2023-02-22,Pack: 30 tabs | Strength: 25mg | Form: Tablet
2930,Health_Product_2930,8,1,71.49,43.05,PharmaCo,2028-04-25,Controlled,2022-07-14,Form: Cream / Pack: 100g
2931,Health_Product_2931,1,4,29.43,12.55,LifeLine,2026-07-18,Controlled,2025-07-18,Pack: 100 tabs | Strength: 500mg | Form: Tablet
2932,Health_Product_2932,4,3,231.32,90.42,HealthPlus,2028-10-24,Controlled,2024-07-02,Pack: 100g / Form: Cream
2933,Health_Product_2933,1,3,256.39,168.43,LifeLine,2028-07-30,Ambient,2024-04-16,Pack: 60 tabs | Strength: 250mg | Form: Tablet
2934,Health_Product_2934,3,5,274.13,166.49,LifeLine,2026-03-25,Refrigerated,2025-10-17,
2935,Health_Product_2935,8,1,17.77,10.0,HealthPlus,2027-09-07,Refrigerated,2025-01-15,Pack: 10g | Form: Cream
2936,Health_Product_2936,6,3,64.09,26.92,HealthPlus,2026-02-16,Refrigerated,2022-06-17,Pack: 450ml | Strength: 650mg/5ml | Form: Liquid
2937,Health_Product_2937,1,4,190.46,109.18,LifeLine,2027-05-05,Refrigerated,2022-11-03,
2938,Health_Product_2938,2,2,114.66,41.46,VitalMeds,2027-02-01,Refrigerated,2021-12-27,Pack: 90 tabs | Strength: 650mg | Form: Tablet
2939,Health_Product_2939,2,5,229.32,90.35,MediCare,2029-02-18,Refrigerated,2025-02-06,Pack: 20 tabs / Strength: 100mg
2940,Health_Product_2940,5,5,67.02,31.19,LifeLine,2026-11-29,Ambient,2023-04-11,Form: Device | Warranty: 6m
2941,Health_Product_2941,1,2,70.88,36.45,PharmaCo,2027-01-29,Controlled,2023-11-07,Pack: 10 tabs / Strength: 25mg / Form: Tablet
2942,Health_Product_2942,9,2,120.29,47.47,PharmaCo,2027-10-08,Controlled,2023-03-29,Pack: 90 units | Form: Kit
2943,Health_Product_2943,9,3,16.79,6.62,CuraMax,2027-06-28,Ambient,2025-01-10,
2944,Health_Product_2944,9,5,224.17,138.67,VitalMeds,2027-06-14,Ambient,2022-12-05,Pack: 30 units / Form: Kit
2945,Health_Product_2945,2,4,281.88,158.08,HealthPlus,2026-10-24,Refrigerated,2023-08-18,Pack: 90 tabs / Strength: 50mg / Form: Tablet
2946,Health_Product_2946,5,5,219.44,120.14,HealthPlus,2029-07-28,Controlled,2025-10-26,Form: Device
2947,Health_Product_2947,9,4,150.48,77.86,PharmaCo,2028-05-05,Refrigerated,2021-11-18,Pack: 20 units / Form: Kit
2948,Health_Product_2948,3,3,290.24,347.31,CuraMax,2026-11-16,Ambient,2023-08-13,Pack: 10 caps / Strength: 200mg / Form: Capsule
2949,Health_Product_2949,1,2,277.1,102.09,LifeLine,2027-09-11,Ambient,2024-10-04,Pack: 90 tabs | Strength: 650mg | Form: Tablet
2950,Health_Product_2950,2,4,43.18,18.0,BioZen,2028-01-15,Ambient,2023-08-03,Pack: 90 tabs / Strength: 200mg / Form: Tablet
2951,Health_Product_2951,2,2,40.57,23.92,LifeLine,2026-05-25,Refrigerated,2025-02-20,Strength: 25mg / Pack: 90 tabs
2952,Health_Product_2952,5,4,131.95,52.84,VitalMeds,2026-05-06,Controlled,2024-12-10,Form: Device / Warranty: 24m
2953,Health_Product_2953,1,4,202.52,115.05,PharmaCo,2029-10-12,Refrigerated,2025-05-10,Pack: 100 tabs | Strength: 200mg | Form: Tablet
2954,Health_Product_2954,6,2,41.41,23.19,LifeLine,2029-11-17,Controlled,2024-07-12,Pack: 450ml / Strength: 25mg/5ml / Form: Liquid
2955,Health_Product_2955,2,5,78.53,55.7,VitalMeds,2028-05-12,Ambient,2025-04-13,Pack: 10 tabs | Strength: 100mg | Form: Tablet
2956,Health_Product_2956,3,5,80.93,54.78,BioZen,2026-10-29,Ambient,2022-03-29,Pack: 60 caps / Strength: 650mg / Form: Capsule
2957,Health_Product_2957,6,3,68.04,47.62,LifeLine,2028-10-21,Ambient,2022-04-06,Pack: 450ml / Strength: 200mg/5ml / Form: Liquid
2958,Health_Product_2958,9,5,98.26,38.52,VitalMeds,2026-02-09,Refrigerated,2025-03-02,Pack: 90 units / Form: Kit
2959,Health_Product_2959,6,2,200.07,134.29,BioZen,2029-01-12,Refrigerated,2022-03-22,Pack: 100ml | Strength: 650mg/5ml | Form: Liquid
2960,Health_Product_2960,3,3,232.36,92.42,BioZen,2026-09-26,Ambient,2025-01-03,Pack: 30 caps | Strength: 50mg | Form: Capsule
2961,Health_Product_2961,2,2,190.07,111.04,HealthPlus,2030-01-06,Ambient,2021-12-09,Pack: 30 tabs / Strength: 200mg
2962,Health_Product_2962,3,4,82.84,105.93,HealthPlus,2026-09-22,Ambient,2024-01-26,
2963,Health_Product_2963,9,1,210.4,86.16,HealthPlus,2027-04-10,Controlled,2022-10-22,Pack: 30 units | Form: Kit
2964,Health_Product_2964,9,4,81.93,47.85,MediCare,2026-09-25,Controlled,2024-09-06,Form: Kit / Pack: 20 units
2965,Health_Product_2965,2,1,39.11,14.45,HealthPlus,2029-09-08,Controlled,2025-01-31,Pack: 20 tabs | Strength: 650mg | Form: Tablet
2966,Health_Product_2966,7,5,14.34,6.58,LifeLine,2029-05-11,Ambient,2023-11-01,Pack: 60g
2967,Health_Product_2967,6,2,275.48,190.31,HealthPlus,2027-09-06,Refrigerated,2023-05-18,Pack: 300ml | Strength: 650mg/5ml | Form: Liquid
2968,Health_Product_2968,9,1,170.87,70.66,CuraMax,2026-03-12,Ambient,2022-06-29,Pack: 10 units / Form: Kit
2969,Health_Product_2969,6,3,164.44,61.53,VitalMeds,2027-12-22,Controlled,2023-03-13,Pack: 450ml | Strength: 250mg/5ml | Form: Liquid
2970,Health_Product_2970,8,2,285.25,146.66,HealthPlus,2029-08-01,Refrigerated,2024-04-24,Pack: 10g | Form: Cream
2971,Health_Product_2971,2,4,178.38,118.57,CuraMax,2026-12-13,Ambient,2022-09-11,Pack: 20 tabs | Strength: 650mg | Form: Tablet
2972,Health_Product_2972,6,5,120.91,45.75,CuraMax,2026-01-21,Ambient,2024-11-24,Pack: 450ml | Strength: 250mg/5ml | Form: Liquid
2973,Health_Product_2973,5,4,220.39,106.13,BioZen,2027-12-19,Controlled,2023-06-23,Form: Device / Warranty: 6m
2974,Health_Product_2974,6,1,150.26,102.62,HealthPlus,2026-05-22,Controlled,2021-12-17,Pack: 150ml | Strength: 50mg/5ml | Form: Liquid
2975,Health_Product_2975,3,3,193.77,76.29,CuraMax,2026-10-06,Controlled,2022-09-29,Pack: 10 caps / Strength: 25mg
2976,Health_Product_2976,2,2,263.84,122.67,CuraMax,2026-05-18,Controlled,2025-05-15,Pack: 20 tabs | Strength: 50mg | Form: Tablet
2977,Health_Product_2977,6,4,268.11,171.06,HealthPlus,2028-01-31,Controlled,2024-10-28,Pack: 100ml | Strength: 50mg/5ml | Form: Liquid
2978,Health_Product_2978,5,3,91.01,50.15,HealthPlus,2029-09-09,Controlled,2022-07-11,Form: Device | Warranty: 12m
2979,Health_Product_2979,1,4,51.56,33.92,PharmaCo,2026-05-11,Ambient,2024-07-24,Pack: 90 tabs | Strength: 650mg | Form: Tablet
2980,Health_Product_2980,7,3,164.82,64.49,VitalMeds,2026-10-12,Ambient,2022-04-19,Pack: 20g / Form: Bandage
2981,Health_Product_2981,5,1,232.92,160.86,PharmaCo,2029-03-06,Controlled,2024-01-19,Form: Device | Warranty: 24m
2982,Health_Product_2982,1,4,164.75,114.65,MediCare,2029-04-28,Controlled,2022-12-12,Pack: 10 tabs | Strength: 100mg | Form: Tablet
2983,Health_Product_2983,2,3,29.96,12.21,LifeLine,2026-01-08,Ambient,2025-10-22,Pack: 10 tabs | Strength: 25mg | Form: Tablet
2984,Health_Product_2984,2,3,61.15,22.17,BioZen,2027-01-28,Controlled,2023-12-27,Pack: 100 tabs | Strength: 650mg | Form: Tablet
2985,Health_Product_2985,8,4,203.7,145.9,BioZen,2029-12-01,Refrigerated,2022-07-15,Pack: 100g | Form: Cream
2986,Health_Product_2986,2,1,54.13,28.6,MediCare,2029-07-05,Ambient,2022-07-29,Pack: 10 tabs | Strength: 50mg | Form: Tablet
2987,Health_Product_2987,8,5,167.24,93.93,PharmaCo,2029-03-10,Controlled,2023-10-16,Pack: 20g / Form: Cream
2988,Health_Product_2988,3,5,178.09,102.92,BioZen,2026-12-14,Ambient,2023-03-27,Pack: 10 caps / Strength: 500mg
2989,Health_Product_2989,8,5,152.28,97.79,LifeLine,2026-04-05,Ambient,2024-09-15,
2990,Health_Product_2990,6,1,169.15,110.02,HealthPlus,2027-05-10,Ambient,2024-08-22,Pack: 100ml / Strength: 100mg/5ml / Form: Liquid
2991,Health_Product_2991,4,5,213.49,90.04,VitalMeds,2029-10-11,Controlled,2025-03-28,Pack: 60g | Form: Cream
2992,Health_Product_2992,5,5,26.03,11.39,VitalMeds,2026-01-13,Ambient,2023-05-12,Form: Device | Warranty: 12m
2993,Health_Product_2993,7,4,231.47,156.11,VitalMeds,2027-07-15,Ambient,2024-10-01,Pack: 10g
2994,Health_Product_2994,2,1,250.45,163.6,MediCare,2028-09-02,Ambient,2024-07-06,Pack: 30 tabs / Strength: 50mg
2995,Health_Product_2995,5,4,244.11,141.22,BioZen,2027-07-15,Refrigerated,2023-10-08,Form: Device | Warranty: 24m
2996,Health_Product_2996,1,4,299.26,214.88,BioZen,2027-10-01,Refrigerated,2024-07-13,Pack: 100 tabs | Strength: 25mg | Form: Tablet
2997,Health_Product_2997,2,4,219.01,136.23,CuraMax,2028-10-30,Controlled,2023-09-09,
2998,Health_Product_2998,6,1,24.57,29.93,HealthPlus,2026-10-25,Refrigerated,2024-09-04,Pack: 50ml / Strength: 650mg/5ml / Form: Liquid
2999,Health_Product_2999,9,5,285.82,189.57,HealthPlus,2029-02-28,Ambient,2023-12-26,Pack: 30 units | Form: Kit
3000,Health_Product_3000,9,1,173.49,87.34,PharmaCo,2029-02-04,Refrigerated,2024-10-08,Pack: 60 units | Form: Kit
3001,Health_Product_3001,8,3,67.12,24.39,MediCare,2026-03-29,Ambient,2024-05-07,Pack: 100g / Form: Cream
3002,Health_Product_3002,9,4,277.96,130.34,CuraMax,2027-12-07,Refrigerated,2023-08-08,Pack: 30 units | Form: Kit
3003,Health_Product_3003,6,3,212.08,134.14,BioZen,2028-10-28,Ambient,2025-10-31,Pack: 300ml | Strength: 25mg/5ml | Form: Liquid
3004,Health_Product_3004,1,2,23.47,16.55,CuraMax,2026-11-05,Refrigerated,2025-03-27,
3005,Health_Product_3005,7,2,127.03,57.44,VitalMeds,2027-07-15,Ambient,2025-07-26,Pack: 90g | Form: Bandage
3006,Health_Product_3006,7,2,112.5,49.64,BioZen,2028-07-11,Controlled,2023-01-24,Pack: 60g
3007,Health_Product_3007,4,4,134.79,75.29,MediCare,2026-11-11,Controlled,2024-01-01,Pack: 10g | Form: Cream
3008,Health_Product_3008,9,1,136.74,88.93,BioZen,2029-08-30,Ambient,2023-01-09,Form: Kit / Pack: 30 units
3009,Health_Product_3009,3,3,41.06,25.71,BioZen,2026-10-25,Ambient,2023-12-06,Pack: 60 caps / Strength: 200mg / Form: Capsule
3010,Health_Product_3010,4,4,297.35,165.68,VitalMeds,2030-01-17,Ambient,2025-11-26,Pack: 20g | Form: Cream
3011,Health_Product_3011,1,2,21.52,12.56,BioZen,2026-08-11,Ambient,2025-05-05,Pack: 10 tabs | Strength: 250mg | Form: Tablet
3012,Health_Product_3012,4,2,223.92,98.43,PharmaCo,2027-06-18,Ambient,2024-01-06,Pack: 60g | Form: Cream
3013,Health_Product_3013,4,4,293.92,149.91,VitalMeds,2028-07-07,Refrigerated,2025-04-20,Pack: 20g / Form: Cream
3014,Health_Product_3014,6,2,58.18,25.86,LifeLine,2026-07-28,Controlled,2021-11-18,Form: Liquid / Strength: 100mg/5ml / Pack: 100ml
3015,Health_Product_3015,3,3,144.14,97.62,LifeLine,2026-12-04,Controlled,2022-09-23,Pack: 20 caps | Strength: 100mg | Form: Capsule
3016,Health_Product_3016,7,2,265.68,104.05,LifeLine,2027-12-26,Ambient,2025-04-20,Pack: 10g | Form: Bandage
3017,Health_Product_3017,8,3,105.07,63.2,HealthPlus,2029-06-17,Controlled,2022-06-13,Pack: 30g | Form: Cream
3018,Health_Product_3018,2,3,279.18,124.6,PharmaCo,2027-04-11,Refrigerated,2025-01-30,Pack: 30 tabs / Strength: 250mg / Form: Tablet
3019,Health_Product_3019,7,1,96.21,50.6,MediCare,2026-01-17,Controlled,2023-09-17,Pack: 10g
3020,Health_Product_3020,6,1,24.65,11.36,HealthPlus,2028-06-07,Ambient,2024-01-07,Pack: 100ml / Strength: 250mg/5ml
3021,Health_Product_3021,6,3,229.34,107.7,HealthPlus,2026-06-22,Ambient,2022-11-18,Pack: 50ml | Strength: 500mg/5ml | Form: Liquid
3022,Health_Product_3022,6,1,102.25,45.64,LifeLine,2026-09-10,Controlled,2024-10-02,Pack: 500ml | Strength: 50mg/5ml | Form: Liquid
3023,Health_Product_3023,6,5,267.19,167.94,VitalMeds,2026-11-24,Refrigerated,2025-11-18,Pack: 300ml | Strength: 50mg/5ml | Form: Liquid
3024,Health_Product_3024,5,2,261.52,126.92,LifeLine,2026-05-12,Refrigerated,2023-10-12,Form: Device | Warranty: 6m
3025,Health_Product_3025,5,1,29.3,36.71,CuraMax,2026-11-10,Refrigerated,2025-05-03,Form: Device / Warranty: 24m
3026,Health_Product_3026,9,1,132.4,68.68,HealthPlus,2028-01-01,Ambient,2023-02-18,Pack: 100 units | Form: Kit
3027,Health_Product_3027,3,3,223.94,123.72,HealthPlus,2026-10-16,Refrigerated,2024-11-09,Pack: 30 caps | Strength: 100mg | Form: Capsule
3028,Health_Product_3028,6,3,82.38,45.39,HealthPlus,2029-03-28,Refrigerated,2024-08-13,Pack: 150ml | Strength: 25mg/5ml | Form: Liquid
3029,Health_Product_3029,9,5,256.65,182.49,LifeLine,2027-11-26,Refrigerated,2023-04-07,
3030,Health_Product_3030,1,1,213.62,103.78,HealthPlus,2029-08-27,Controlled,2023-10-16,Form: Tablet / Strength: 250mg / Pack: 90 tabs
3031,Health_Product_3031,1,5,40.39,17.24,BioZen,2027-07-15,Refrigerated,2023-03-06,Pack: 30 tabs | Strength: 650mg | Form: Tablet
3032,Health_Product_3032,7,2,235.28,161.72,PharmaCo,2026-10-11,Controlled,2023-11-10,Pack: 100g | Form: Bandage
3033,Health_Product_3033,1,5,35.16,14.58,HealthPlus,2027-08-25,Refrigerated,2023-01-27,Pack: 100 tabs / Strength: 25mg / Form: Tablet
3034,Health_Product_3034,4,3,286.79,188.92,MediCare,2027-12-18,Ambient,2024-05-13,Pack: 10g | Form: Cream
3035,Health_Product_3035,4,5,126.69,51.38,MediCare,2028-04-07,Refrigerated,2024-06-13,Pack: 90g | Form: Cream
3036,Health_Product_3036,9,5,120.94,71.81,BioZen,2028-04-02,Ambient,2023-06-17,Pack: 20 units / Form: Kit
3037,Health_Product_3037,3,3,193.37,78.45,PharmaCo,2028-10-19,Ambient,2023-10-10,
3038,Health_Product_3038,3,5,87.78,60.7,PharmaCo,2026-12-20,Ambient,2025-01-14,Pack: 20 caps | Strength: 500mg | Form: Capsule
3039,Health_Product_3039,2,1,210.52,117.69,VitalMeds,2028-12-06,Refrigerated,2025-10-06,Pack: 100 tabs | Strength: 500mg | Form: Tablet
3040,Health_Product_3040,3,2,229.26,108.17,PharmaCo,2026-12-18,Refrigerated,2022-09-10,Form: Capsule / Pack: 90 caps / Strength: 100mg
3041,Health_Product_3041,4,4,204.17,82.06,VitalMeds,2028-05-04,Ambient,2025-03-12,Pack: 20g | Form: Cream
3042,Health_Product_3042,4,2,73.88,36.0,HealthPlus,2028-10-21,Controlled,2022-06-04,Pack: 90g | Form: Cream
3043,Health_Product_3043,3,1,109.34,124.6,PharmaCo,2026-11-08,Ambient,2023-01-30,Pack: 60 caps / Strength: 25mg / Form: Capsule
3044,Health_Product_3044,9,3,149.63,73.68,HealthPlus,2027-05-20,Ambient,2023-10-22,Pack: 10 units / Form: Kit
3045,Health_Product_3045,7,4,270.16,119.16,MediCare,2029-04-08,Controlled,2025-12-02,Pack: 100g | Form: Bandage
3046,Health_Product_3046,4,5,73.04,41.17,VitalMeds,2026-12-12,Ambient,2022-07-18,Pack: 10g / Form: Cream
3047,Health_Product_3047,2,3,71.68,36.17,LifeLine,2028-10-09,Ambient,2024-07-05,
3048,Health_Product_3048,9,3,212.21,87.29,HealthPlus,2028-11-08,Ambient,2022-02-14,Pack: 60 units / Form: Kit
3049,Health_Product_3049,6,2,253.33,103.1,LifeLine,2026-09-01,Controlled,2022-10-10,Pack: 100ml | Strength: 100mg/5ml | Form: Liquid
3050,Health_Product_3050,3,1,218.75,133.82,HealthPlus,2026-09-20,Controlled,2025-04-19,Pack: 90 caps | Strength: 200mg | Form: Capsule
3051,Health_Product_3051,2,2,270.47,192.2,PharmaCo,2028-10-17,Ambient,2022-01-15,Pack: 90 tabs | Strength: 250mg | Form: Tablet
3052,Health_Product_3052,2,5,263.18,114.81,LifeLine,2027-03-01,Refrigerated,2023-12-05,Pack: 100 tabs | Strength: 250mg | Form: Tablet
3053,Health_Product_3053,1,4,128.99,82.05,CuraMax,2027-03-22,Refrigerated,2025-10-07,Pack: 20 tabs | Strength: 100mg | Form: Tablet
3054,Health_Product_3054,4,1,13.93,5.33,CuraMax,2026-10-07,Ambient,2024-07-30,Pack: 60g / Form: Cream
3055,Health_Product_3055,2,3,148.57,72.98,HealthPlus,2029-08-21,Controlled,2024-02-19,Pack: 100 tabs / Strength: 50mg / Form: Tablet
3056,Health_Product_3056,7,2,122.11,65.63,VitalMeds,2029-04-23,Ambient,2024-12-29,Pack: 20g | Form: Bandage
3057,Health_Product_3057,7,1,23.35,10.49,LifeLine,2028-09-30,Ambient,2022-04-29,Pack: 90g | Form: Bandage
3058,Health_Product_3058,8,4,194.12,105.98,BioZen,2027-10-10,Controlled,2022-01-07,
3059,Health_Product_3059,2,1,102.51,69.35,LifeLine,2028-05-21,Controlled,2023-04-29,Pack: 100 tabs | Strength: 200mg | Form: Tablet
3060,Health_Product_3060,5,5,134.02,93.74,LifeLine,2028-11-19,Refrigerated,2022-02-18,Form: Device
3061,Health_Product_3061,4,2,283.86,109.91,LifeLine,2028-01-24,Refrigerated,2023-11-15,Pack: 20g
3062,Health_Product_3062,7,5,245.6,275.23,HealthPlus,2028-04-24,Ambient,2022-09-26,Form: Bandage / Pack: 100g
3063,Health_Product_3063,1,4,140.87,100.34,CuraMax,2028-11-06,Refrigerated,2023-10-16,Form: Tablet / Pack: 30 tabs / Strength: 500mg
3064,Health_Product_3064,1,4,38.83,17.48,PharmaCo,2029-11-18,Refrigerated,2023-07-04,Pack: 100 tabs | Strength: 25mg | Form: Tablet
3065,Health_Product_3065,5,4,10.14,6.15,PharmaCo,2027-03-22,Controlled,2025-09-13,Form: Device | Warranty: 12m
3066,Health_Product_3066,3,2,278.98,123.81,PharmaCo,2026-10-23,Controlled,2023-05-27,Pack: 100 caps / Strength: 500mg / Form: Capsule
3067,Health_Product_3067,9,5,260.1,125.33,PharmaCo,2027-08-12,Controlled,2024-02-05,Pack: 60 units | Form: Kit
3068,Health_Product_3068,1,5,155.28,65.34,HealthPlus,2028-03-27,Ambient,2022-01-13,Pack: 100 tabs | Strength: 200mg | Form: Tablet
3069,Health_Product_3069,8,1,45.08,56.1,BioZen,2026-09-23,Ambient,2025-07-01,Pack: 90g | Form: Cream
3070,Health_Product_3070,6,5,212.83,144.0,BioZen,2027-07-13,Refrigerated,2022-09-14,Pack: 100ml | Strength: 100mg/5ml | Form: Liquid
3071,Health_Product_3071,8,3,140.59,64.65,CuraMax,2027-08-21,Ambient,2024-06-07,Pack: 10g | Form: Cream
3072,Health_Product_3072,5,2,55.45,36.3,VitalMeds,2028-10-19,Controlled,2024-09-08,
3073,Health_Product_3073,9,3,82.31,39.72,PharmaCo,2028-09-07,Controlled,2022-03-11,
3074,Health_Product_3074,3,2,92.45,35.74,CuraMax,2026-12-29,Ambient,2024-08-08,Pack: 100 caps | Strength: 100mg | Form: Capsule
3075,Health_Product_3075,8,2,225.83,142.38,CuraMax,2026-01-04,Ambient,2023-07-04,Pack: 90g | Form: Cream
3076,Health_Product_3076,9,1,276.54,157.82,BioZen,2028-03-30,Ambient,2025-09-11,Pack: 60 units | Form: Kit
3077,Health_Product_3077,8,1,48.88,22.07,MediCare,2026-11-08,Ambient,2023-09-17,Pack: 60g | Form: Cream
3078,Health_Product_3078,6,2,44.02,19.53,MediCare,2029-05-30,Ambient,2023-07-23,Pack: 150ml / Form: Liquid / Strength: 650mg/5ml
3079,Health_Product_3079,8,3,278.08,197.71,VitalMeds,2027-03-26,Controlled,2023-05-15,Pack: 60g / Form: Cream
3080,Health_Product_3080,1,1,205.55,137.54,VitalMeds,2027-08-08,Refrigerated,2022-08-24,Pack: 100 tabs / Form: Tablet / Strength: 250mg
3081,Health_Product_3081,8,4,278.13,180.68,HealthPlus,2027-04-26,Controlled,2022-03-14,Pack: 100g | Form: Cream
3082,Health_Product_3082,6,2,282.19,112.13,HealthPlus,2028-01-13,Controlled,2025-08-20,Pack: 300ml / Strength: 200mg/5ml
3083,Health_Product_3083,3,5,237.27,303.32,VitalMeds,2026-10-16,Controlled,2025-11-12,Pack: 100 caps | Strength: 250mg | Form: Capsule
3084,Health_Product_3084,8,1,108.95,46.78,MediCare,2028-06-22,Controlled,2023-02-27,Pack: 30g / Form: Cream
3085,Health_Product_3085,7,2,272.08,193.62,MediCare,2026-03-09,Ambient,2021-12-16,Pack: 30g
3086,Health_Product_3086,2,5,85.65,31.63,CuraMax,2028-06-17,Ambient,2024-12-27,Pack: 90 tabs | Strength: 650mg | Form: Tablet
3087,Health_Product_3087,5,5,44.39,21.32,PharmaCo,2027-06-10,Refrigerated,2024-05-12,Form: Device | Warranty: 12m
3088,Health_Product_3088,5,1,30.08,15.3,BioZen,2027-05-21,Ambient,2025-04-23,Form: Device | Warranty: 6m
3089,Health_Product_3089,6,5,47.73,31.26,PharmaCo,2027-06-20,Refrigerated,2022-11-06,Strength: 200mg/5ml / Pack: 50ml / Form: Liquid
3090,Health_Product_3090,6,1,61.26,38.81,CuraMax,2029-06-08,Ambient,2024-01-01,
3091,Health_Product_3091,7,2,198.41,96.97,CuraMax,2028-06-29,Ambient,2022-10-25,Pack: 20g
3092,Health_Product_3092,8,5,44.58,24.93,VitalMeds,2026-06-07,Controlled,2024-04-16,Pack: 30g | Form: Cream
3093,Health_Product_3093,7,4,244.27,161.02,BioZen,2029-12-14,Refrigerated,2022-07-17,Pack: 90g
3094,Health_Product_3094,1,1,222.3,79.3,MediCare,2028-01-05,Ambient,2023-07-17,Pack: 30 tabs | Strength: 650mg | Form: Tablet
3095,Health_Product_3095,3,4,108.63,70.26,HealthPlus,2026-12-18,Controlled,2025-06-11,Strength: 50mg / Pack: 100 caps / Form: Capsule
3096,Health_Product_3096,3,1,215.26,150.76,PharmaCo,2026-10-20,Controlled,2025-02-26,Pack: 90 caps / Strength: 25mg / Form: Capsule
3097,Health_Product_3097,4,3,122.34,44.27,PharmaCo,2028-05-11,Controlled,2023-04-12,Pack: 20g | Form: Cream
3098,Health_Product_3098,2,1,251.09,92.12,VitalMeds,2026-07-27,Controlled,2022-07-27,
3099,Health_Product_3099,5,2,236.72,113.03,VitalMeds,2028-06-07,Ambient,2022-02-19,Form: Device
3100,Health_Product_3100,2,2,134.0,51.25,BioZen,2029-08-22,Controlled,2021-11-24,Pack: 20 tabs | Strength: 200mg | Form: Tablet
3101,Health_Product_3101,2,4,275.72,145.4,LifeLine,2029-02-13,Controlled,2025-06-01,Pack: 30 tabs | Strength: 100mg | Form: Tablet
3102,Health_Product_3102,9,3,209.68,129.92,LifeLine,2029-12-31,Controlled,2022-08-26,Pack: 90 units | Form: Kit
3103,Health_Product_3103,2,2,148.45,83.1,PharmaCo,2026-10-13,Refrigerated,2023-06-18,Pack: 30 tabs | Strength: 25mg | Form: Tablet
3104,Health_Product_3104,1,4,47.97,20.28,PharmaCo,2027-02-18,Controlled,2023-09-04,Pack: 90 tabs | Strength: 50mg | Form: Tablet
3105,Health_Product_3105,2,5,103.94,130.62,LifeLine,2026-09-30,Refrigerated,2023-04-08,Pack: 30 tabs | Strength: 50mg | Form: Tablet
3106,Health_Product_3106,9,4,163.86,98.87,VitalMeds,2027-09-15,Refrigerated,2022-09-21,Pack: 100 units | Form: Kit
3107,Health_Product_3107,7,1,116.51,145.46,VitalMeds,2026-09-26,Ambient,2023-08-11,Pack: 100g / Form: Bandage
3108,Health_Product_3108,5,4,100.7,40.71,CuraMax,2028-03-11,Refrigerated,2024-07-04,Form: Device / Warranty: 12m
3109,Health_Product_3109,9,4,273.51,165.79,CuraMax,2027-04-17,Controlled,2022-10-29,Pack: 30 units
3110,Health_Product_3110,6,3,272.03,186.95,HealthPlus,2029-07-10,Controlled,2022-10-22,Pack: 150ml | Strength: 650mg/5ml | Form: Liquid
3111,Health_Product_3111,2,4,288.42,154.47,BioZen,2026-09-16,Refrigerated,2023-09-28,Pack: 100 tabs | Strength: 50mg | Form: Tablet
3112,Health_Product_3112,8,3,101.23,48.98,CuraMax,2028-04-01,Controlled,2024-10-24,Pack: 100g / Form: Cream
3113,Health_Product_3113,1,2,24.26,10.02,HealthPlus,2029-01-05,Ambient,2025-04-22,Pack: 90 tabs | Strength: 500mg | Form: Tablet
3114,Health_Product_3114,9,2,155.46,104.27,HealthPlus,2028-03-24,Ambient,2022-03-16,
3115,Health_Product_3115,6,2,258.79,128.33,PharmaCo,2026-09-25,Refrigerated,2025-05-30,Pack: 150ml | Strength: 650mg/5ml | Form: Liquid
3116,Health_Product_3116,1,4,244.28,169.09,MediCare,2027-04-30,Refrigerated,2025-10-27,Pack: 30 tabs | Strength: 200mg | Form: Tablet
3117,Health_Product_3117,9,3,37.05,24.59,CuraMax,2029-05-18,Ambient,2023-01-06,Pack: 10 units
3118,Health_Product_3118,8,1,247.64,121.18,MediCare,2027-12-29,Refrigerated,2024-07-14,Pack: 100g | Form: Cream
3119,Health_Product_3119,6,1,147.92,83.18,CuraMax,2027-10-19,Refrigerated,2023-05-21,Pack: 450ml | Strength: 50mg/5ml | Form: Liquid
3120,Health_Product_3120,9,5,91.56,32.97,MediCare,2028-05-31,Refrigerated,2024-04-10,Pack: 20 units | Form: Kit
3121,Health_Product_3121,2,2,126.17,56.45,PharmaCo,2029-05-23,Controlled,2022-02-17,Strength: 50mg / Form: Tablet / Pack: 20 tabs
3122,Health_Product_3122,9,1,207.43,127.11,HealthPlus,2029-02-27,Refrigerated,2024-03-27,
3123,Health_Product_3123,1,5,126.19,75.82,BioZen,2028-05-07,Refrigerated,2022-02-07,Pack: 90 tabs | Strength: 250mg | Form: Tablet
3124,Health_Product_3124,7,3,203.66,97.91,PharmaCo,2028-05-05,Refrigerated,2024-12-07,Pack: 60g | Form: Bandage
3125,Health_Product_3125,4,3,6.16,4.0,MediCare,2028-06-28,Controlled,2025-04-17,Pack: 20g | Form: Cream
3126,Health_Product_3126,4,3,66.37,29.02,BioZen,2027-04-01,Ambient,2023-11-10,Pack: 20g | Form: Cream
3127,Health_Product_3127,7,5,54.11,28.17,MediCare,2028-04-01,Refrigerated,2022-11-06,Pack: 100g | Form: Bandage
3128,Health_Product_3128,3,2,195.63,102.67,LifeLine,2026-10-25,Ambient,2025-10-29,
3129,Health_Product_3129,6,5,25.28,12.04,PharmaCo,2028-09-26,Ambient,2024-07-16,Pack: 300ml | Strength: 50mg/5ml | Form: Liquid
3130,Health_Product_3130,5,3,178.12,125.26,PharmaCo,2028-09-23,Ambient,2023-10-11,Form: Device | Warranty: 24m
3131,Health_Product_3131,3,5,279.22,169.7,PharmaCo,2026-11-20,Controlled,2023-07-02,Pack: 90 caps | Strength: 500mg | Form: Capsule
3132,Health_Product_3132,7,5,262.69,144.35,MediCare,2029-01-19,Refrigerated,2022-07-18,Pack: 90g | Form: Bandage
3133,Health_Product_3133,9,5,44.58,24.02,BioZen,2027-04-24,Ambient,2025-02-02,Pack: 90 units | Form: Kit
3134,Health_Product_3134,9,1,74.59,30.5,MediCare,2026-10-11,Refrigerated,2024-09-09,Pack: 100 units | Form: Kit
3135,Health_Product_3135,8,1,219.84,107.22,PharmaCo,2029-12-03,Refrigerated,2025-06-29,Pack: 60g | Form: Cream
3136,Health_Product_3136,7,3,248.29,148.71,VitalMeds,2029-11-18,Ambient,2024-10-03,Pack: 20g / Form: Bandage
3137,Health_Product_3137,4,5,148.61,102.85,MediCare,2026-04-17,Ambient,2024-10-01,Pack: 60g | Form: Cream
3138,Health_Product_3138,5,5,123.94,80.82,PharmaCo,2027-06-09,Ambient,2024-04-19,Form: Device | Warranty: 24m
3139,Health_Product_3139,2,2,174.85,80.63,VitalMeds,2026-09-25,Refrigerated,2025-05-02,Pack: 10 tabs / Strength: 50mg
3140,Health_Product_3140,7,1,171.49,87.56,HealthPlus,2026-04-15,Refrigerated,2025-09-01,Pack: 20g | Form: Bandage
3141,Health_Product_3141,4,3,233.43,88.86,BioZen,2026-04-19,Controlled,2025-07-12,Pack: 100g / Form: Cream
3142,Health_Product_3142,9,1,74.54,28.91,LifeLine,2026-04-18,Ambient,2025-10-31,Pack: 30 units / Form: Kit
3143,Health_Product_3143,4,4,248.95,130.45,LifeLine,2027-06-29,Controlled,2024-11-01,Pack: 30g | Form: Cream
3144,Health_Product_3144,7,4,218.86,119.54,LifeLine,2028-09-10,Refrigerated,2025-11-11,Pack: 20g / Form: Bandage
3145,Health_Product_3145,9,3,102.13,45.72,HealthPlus,2029-01-08,Ambient,2024-11-24,Pack: 60 units / Form: Kit
3146,Health_Product_3146,9,1,215.67,126.78,PharmaCo,2026-10-31,Controlled,2024-01-01,Pack: 30 units | Form: Kit
3147,Health_Product_3147,9,1,222.37,135.7,VitalMeds,2026-06-21,Ambient,2023-04-01,Pack: 10 units | Form: Kit
3148,Health_Product_3148,3,2,16.32,7.52,LifeLine,2027-02-19,Refrigerated,2022-12-13,Strength: 200mg / Pack: 90 caps
3149,Health_Product_3149,1,2,44.23,27.89,CuraMax,2029-09-02,Refrigerated,2022-04-07,Pack: 10 tabs | Strength: 650mg | Form: Tablet
3150,Health_Product_3150,9,5,217.6,92.71,BioZen,2027-09-06,Controlled,2022-11-28,Pack: 60 units / Form: Kit
3151,Health_Product_3151,3,2,152.27,83.96,PharmaCo,2026-11-11,Ambient,2022-09-24,Pack: 30 caps | Strength: 100mg | Form: Capsule
3152,Health_Product_3152,9,3,208.28,134.88,LifeLine,2029-11-12,Controlled,2025-01-11,
3153,Health_Product_3153,7,4,118.25,124.74,HealthPlus,2026-12-14,Refrigerated,2023-09-12,Pack: 90g
3154,Health_Product_3154,3,3,258.98,324.09,HealthPlus,2026-12-14,Refrigerated,2025-05-22,Pack: 60 caps / Strength: 50mg
3155,Health_Product_3155,3,1,170.76,63.46,VitalMeds,2026-09-23,Refrigerated,2025-11-22,Pack: 90 caps | Strength: 200mg | Form: Capsule
3156,Health_Product_3156,1,1,295.23,167.6,CuraMax,2027-04-06,Controlled,2022-05-27,Pack: 100 tabs | Strength: 50mg | Form: Tablet
3157,Health_Product_3157,1,3,195.54,235.59,MediCare,2026-10-01,Refrigerated,2021-11-26,Pack: 90 tabs | Strength: 100mg | Form: Tablet
3158,Health_Product_3158,2,4,83.07,49.37,PharmaCo,2028-03-31,Refrigerated,2023-07-06,Pack: 90 tabs | Strength: 25mg | Form: Tablet
3159,Health_Product_3159,6,2,138.56,91.22,MediCare,2026-09-05,Refrigerated,2022-04-30,Pack: 50ml | Strength: 25mg/5ml | Form: Liquid
3160,Health_Product_3160,9,1,283.4,175.3,HealthPlus,2028-09-24,Refrigerated,2022-04-12,
3161,Health_Product_3161,7,5,106.77,68.59,MediCare,2027-10-14,Controlled,2024-12-19,Pack: 100g
3162,Health_Product_3162,5,3,92.24,42.14,CuraMax,2026-09-24,Ambient,2023-07-15,Form: Device | Warranty: 12m
3163,Health_Product_3163,3,3,184.56,91.06,LifeLine,2029-03-27,Controlled,2023-11-13,Pack: 10 caps | Strength: 250mg | Form: Capsule
3164,Health_Product_3164,6,3,137.29,79.89,HealthPlus,2026-08-13,Ambient,2022-01-15,Pack: 500ml | Strength: 200mg/5ml | Form: Liquid
3165,Health_Product_3165,9,4,143.86,79.81,VitalMeds,2029-10-24,Ambient,2022-09-15,Pack: 20 units / Form: Kit
3166,Health_Product_3166,6,3,299.16,211.09,CuraMax,2027-09-14,Ambient,2025-07-20,Pack: 50ml | Strength: 650mg/5ml | Form: Liquid
3167,Health_Product_3167,3,1,78.47,32.89,LifeLine,2027-02-27,Ambient,2023-10-01,Pack: 90 caps / Strength: 100mg / Form: Capsule
3168,Health_Product_3168,8,3,64.23,30.83,LifeLine,2028-05-09,Controlled,2023-06-18,Pack: 60g | Form: Cream
3169,Health_Product_3169,4,2,12.14,12.75,PharmaCo,2027-01-02,Refrigerated,2024-02-29,Pack: 90g | Form: Cream
3170,Health_Product_3170,3,2,53.5,35.91,LifeLine,2026-09-19,Controlled,2022-01-19,Pack: 100 caps | Strength: 250mg | Form: Capsule
3171,Health_Product_3171,3,3,171.62,119.08,LifeLine,2028-03-19,Controlled,2022-09-14,Form: Capsule / Pack: 10 caps / Strength: 200mg
3172,Health_Product_3172,8,1,191.61,90.89,MediCare,2027-01-01,Ambient,2021-12-05,Pack: 90g | Form: Cream
3173,Health_Product_3173,5,2,49.14,18.42,PharmaCo,2028-02-10,Ambient,2024-08-10,Form: Device / Warranty: 6m
3174,Health_Product_3174,1,3,32.06,16.22,VitalMeds,2028-01-18,Controlled,2024-07-08,Pack: 100 tabs | Strength: 500mg | Form: Tablet
3175,Health_Product_3175,4,1,280.19,138.95,VitalMeds,2026-10-03,Ambient,2022-11-20,Pack: 90g | Form: Cream
3176,Health_Product_3176,5,3,145.57,104.08,HealthPlus,2029-12-04,Ambient,2025-06-04,Form: Device | Warranty: 6m
3177,Health_Product_3177,6,4,220.44,112.31,LifeLine,2029-11-28,Controlled,2022-06-13,Strength: 25mg/5ml / Pack: 500ml
3178,Health_Product_3178,4,3,125.31,58.03,VitalMeds,2028-05-18,Ambient,2024-11-02,Pack: 20g | Form: Cream
3179,Health_Product_3179,3,5,50.14,24.33,VitalMeds,2026-10-10,Controlled,2022-03-03,Pack: 90 caps | Strength: 650mg | Form: Capsule
3180,Health_Product_3180,4,2,289.25,143.72,PharmaCo,2026-10-23,Controlled,2022-04-19,
3181,Health_Product_3181,7,1,263.21,172.13,VitalMeds,2025-12-17,Ambient,2025-05-11,Pack: 60g | Form: Bandage
3182,Health_Product_3182,6,4,206.56,78.49,LifeLine,2029-01-26,Controlled,2021-11-26,Pack: 50ml / Strength: 250mg/5ml
3183,Health_Product_3183,4,5,103.83,48.5,MediCare,2026-09-14,Controlled,2024-04-22,Pack: 100g | Form: Cream
3184,Health_Product_3184,6,5,267.77,189.46,HealthPlus,2027-10-14,Refrigerated,2024-11-21,Strength: 25mg/5ml / Pack: 300ml
3185,Health_Product_3185,7,5,72.66,29.55,PharmaCo,2027-06-21,Refrigerated,2023-06-11,Pack: 20g / Form: Bandage
3186,Health_Product_3186,4,2,46.25,28.9,PharmaCo,2028-10-01,Controlled,2024-10-17,Pack: 60g | Form: Cream
3187,Health_Product_3187,8,2,192.28,92.65,PharmaCo,2026-09-06,Refrigerated,2023-06-30,Pack: 100g
3188,Health_Product_3188,2,4,148.25,83.8,HealthPlus,2028-10-17,Controlled,2022-01-21,Pack: 20 tabs | Strength: 100mg | Form: Tablet
3189,Health_Product_3189,3,4,286.4,110.79,HealthPlus,2026-12-08,Controlled,2023-05-20,Pack: 60 caps / Strength: 250mg / Form: Capsule
3190,Health_Product_3190,3,3,16.09,7.46,MediCare,2026-09-15,Ambient,2025-01-02,Pack: 20 caps | Strength: 100mg | Form: Capsule
3191,Health_Product_3191,2,2,20.35,10.89,HealthPlus,2029-11-10,Ambient,2022-11-23,Pack: 30 tabs | Strength: 100mg | Form: Tablet
3192,Health_Product_3192,7,3,169.71,73.95,PharmaCo,2028-04-30,Refrigerated,2025-01-19,Pack: 90g | Form: Bandage
3193,Health_Product_3193,3,5,226.74,124.82,LifeLine,2026-11-06,Controlled,2022-10-12,Pack: 60 caps | Strength: 500mg | Form: Capsule
3194,Health_Product_3194,2,4,272.54,117.55,LifeLine,2028-10-31,Ambient,2023-10-04,Pack: 100 tabs | Strength: 500mg | Form: Tablet
3195,Health_Product_3195,7,5,33.32,19.68,CuraMax,2026-12-29,Refrigerated,2022-01-12,Pack: 10g
3196,Health_Product_3196,7,5,7.78,9.87,BioZen,2026-09-15,Refrigerated,2025-05-24,Pack: 90g / Form: Bandage
3197,Health_Product_3197,4,4,106.26,40.55,CuraMax,2029-03-26,Controlled,2024-09-19,Form: Cream / Pack: 30g
3198,Health_Product_3198,7,3,150.73,64.84,HealthPlus,2027-09-01,Refrigerated,2024-03-17,Pack: 60g / Form: Bandage
3199,Health_Product_3199,2,2,54.83,36.32,HealthPlus,2026-02-24,Controlled,2023-11-08,Pack: 20 tabs / Strength: 250mg
3200,Health_Product_3200,4,2,83.88,48.96,PharmaCo,2028-05-17,Refrigerated,2023-12-15,Pack: 30g | Form: Cream
3201,Health_Product_3201,1,5,119.11,45.16,CuraMax,2029-04-09,Ambient,2022-04-22,Pack: 30 tabs / Strength: 500mg
3202,Health_Product_3202,3,3,56.98,30.2,MediCare,2026-10-19,Refrigerated,2024-05-03,Pack: 30 caps | Strength: 25mg | Form: Capsule
3203,Health_Product_3203,9,2,211.08,90.26,HealthPlus,2027-01-19,Refrigerated,2025-08-31,Pack: 60 units | Form: Kit
3204,Health_Product_3204,6,5,204.7,86.72,HealthPlus,2027-01-22,Refrigerated,2024-12-18,
3205,Health_Product_3205,4,1,164.78,115.02,VitalMeds,2029-05-29,Refrigerated,2025-05-02,Pack: 10g | Form: Cream
3206,Health_Product_3206,7,2,55.09,34.8,BioZen,2028-01-27,Ambient,2022-09-13,Pack: 60g / Form: Bandage
3207,Health_Product_3207,7,2,208.68,126.8,LifeLine,2029-06-28,Ambient,2022-07-05,
3208,Health_Product_3208,4,1,243.36,106.69,LifeLine,2026-01-01,Ambient,2024-10-20,Pack: 90g
3209,Health_Product_3209,2,2,117.05,46.1,LifeLine,2029-05-13,Ambient,2025-05-23,Pack: 10 tabs / Strength: 500mg / Form: Tablet
3210,Health_Product_3210,3,1,179.13,120.41,BioZen,2026-09-23,Ambient,2023-11-23,Pack: 90 caps / Strength: 250mg / Form: Capsule
3211,Health_Product_3211,8,3,157.98,55.64,BioZen,2029-11-21,Refrigerated,2021-12-02,Pack: 10g | Form: Cream
3212,Health_Product_3212,8,1,213.17,105.22,HealthPlus,2029-10-24,Controlled,2023-08-12,Pack: 10g | Form: Cream
3213,Health_Product_3213,2,2,48.37,21.9,VitalMeds,2027-07-06,Ambient,2024-11-27,Pack: 20 tabs | Strength: 50mg | Form: Tablet
3214,Health_Product_3214,4,3,228.52,128.21,BioZen,2029-01-08,Ambient,2024-11-20,Pack: 10g / Form: Cream
3215,Health_Product_3215,4,1,231.0,102.26,MediCare,2027-02-27,Refrigerated,2025-01-13,
3216,Health_Product_3216,8,3,118.25,55.0,CuraMax,2028-10-16,Refrigerated,2022-11-20,Pack: 30g | Form: Cream
3217,Health_Product_3217,1,5,193.82,128.8,PharmaCo,2026-02-26,Controlled,2022-07-25,Pack: 60 tabs / Strength: 25mg / Form: Tablet
3218,Health_Product_3218,7,2,272.02,155.92,BioZen,2026-07-01,Ambient,2022-04-19,Pack: 100g / Form: Bandage
3219,Health_Product_3219,3,4,203.26,82.1,LifeLine,2028-12-31,Controlled,2022-12-03,Pack: 90 caps / Form: Capsule / Strength: 200mg
3220,Health_Product_3220,3,2,221.1,250.08,MediCare,2026-12-10,Controlled,2022-02-21,Pack: 60 caps / Strength: 100mg
3221,Health_Product_3221,6,3,156.24,66.68,PharmaCo,2029-12-15,Refrigerated,2022-06-17,Pack: 500ml | Strength: 50mg/5ml | Form: Liquid
3222,Health_Product_3222,2,2,100.83,51.44,BioZen,2026-01-30,Refrigerated,2025-04-30,Pack: 20 tabs / Strength: 25mg
3223,Health_Product_3223,8,3,162.99,96.04,VitalMeds,2029-01-06,Ambient,2025-07-23,Pack: 100g | Form: Cream
3224,Health_Product_3224,3,1,192.18,86.6,CuraMax,2026-10-22,Ambient,2024-01-28,Pack: 60 caps | Strength: 650mg | Form: Capsule
3225,Health_Product_3225,7,1,16.69,8.21,CuraMax,2029-05-18,Ambient,2024-01-20,Pack: 100g / Form: Bandage
3226,Health_Product_3226,7,2,52.47,32.62,BioZen,2027-07-16,Refrigerated,2024-02-25,
3227,Health_Product_3227,6,5,95.93,66.87,HealthPlus,2029-05-10,Refrigerated,2023-07-30,Pack: 100ml | Strength: 500mg/5ml | Form: Liquid
3228,Health_Product_3228,1,3,144.66,78.96,BioZen,2026-12-24,Controlled,2023-03-23,Pack: 90 tabs | Strength: 250mg | Form: Tablet
3229,Health_Product_3229,3,2,14.85,5.25,HealthPlus,2026-12-28,Ambient,2024-07-08,Pack: 30 caps / Strength: 650mg
3230,Health_Product_3230,4,1,21.51,10.22,HealthPlus,2026-03-15,Refrigerated,2024-05-07,
3231,Health_Product_3231,4,5,35.73,17.78,LifeLine,2029-03-13,Ambient,2023-01-24,Pack: 10g
3232,Health_Product_3232,5,2,230.99,109.83,LifeLine,2027-03-23,Refrigerated,2022-11-18,Form: Device / Warranty: 24m
3233,Health_Product_3233,2,3,200.67,102.63,LifeLine,2029-07-25,Ambient,2021-12-10,Pack: 60 tabs | Strength: 100mg | Form: Tablet
3234,Health_Product_3234,5,4,187.48,109.5,HealthPlus,2026-06-13,Ambient,2023-11-10,Form: Device
3235,Health_Product_3235,1,3,261.87,103.39,LifeLine,2029-08-25,Refrigerated,2022-08-02,Pack: 100 tabs / Strength: 500mg / Form: Tablet
3236,Health_Product_3236,6,3,173.53,78.24,CuraMax,2028-04-13,Ambient,2023-04-04,Pack: 500ml / Strength: 250mg/5ml
3237,Health_Product_3237,1,2,165.8,206.87,PharmaCo,2029-08-17,Ambient,2022-06-22,Pack: 60 tabs | Strength: 500mg | Form: Tablet
3238,Health_Product_3238,9,1,128.52,59.99,PharmaCo,2028-07-16,Controlled,2025-11-01,Pack: 90 units | Form: Kit
3239,Health_Product_3239,2,5,212.25,152.12,CuraMax,2027-10-14,Ambient,2022-03-30,Pack: 90 tabs | Strength: 250mg | Form: Tablet
3240,Health_Product_3240,7,1,109.21,55.66,PharmaCo,2029-08-04,Ambient,2023-11-14,Pack: 30g | Form: Bandage
3241,Health_Product_3241,4,4,288.91,194.1,LifeLine,2027-03-03,Refrigerated,2021-12-08,Pack: 60g | Form: Cream
3242,Health_Product_3242,7,5,63.88,43.55,VitalMeds,2028-04-25,Ambient,2024-11-09,Pack: 10g | Form: Bandage
3243,Health_Product_3243,7,5,50.81,33.5,LifeLine,2026-11-27,Ambient,2021-12-19,Pack: 90g / Form: Bandage
3244,Health_Product_3244,5,2,108.58,39.89,CuraMax,2029-08-05,Refrigerated,2024-11-19,Form: Device / Warranty: 6m
3245,Health_Product_3245,5,5,34.71,24.32,MediCare,2026-02-11,Ambient,2022-08-07,Form: Device | Warranty: 24m
3246,Health_Product_3246,5,1,63.47,25.24,MediCare,2029-04-05,Controlled,2023-11-28,Form: Device / Warranty: 6m
3247,Health_Product_3247,2,1,173.52,62.94,CuraMax,2027-01-18,Refrigerated,2023-01-27,Pack: 20 tabs | Strength: 200mg | Form: Tablet
3248,Health_Product_3248,1,5,164.73,82.91,HealthPlus,2027-07-15,Ambient,2023-09-16,Pack: 30 tabs / Strength: 500mg / Form: Tablet
3249,Health_Product_3249,3,5,171.19,72.24,VitalMeds,2026-09-18,Controlled,2025-10-24,Pack: 20 caps | Strength: 200mg | Form: Capsule
3250,Health_Product_3250,7,4,84.92,35.51,LifeLine,2029-02-15,Ambient,2022-12-24,Pack: 20g
3251,Health_Product_3251,6,4,57.11,26.07,MediCare,2028-05-08,Controlled,2023-10-26,Pack: 150ml | Strength: 650mg/5ml | Form: Liquid
3252,Health_Product_3252,1,4,283.92,125.47,CuraMax,2028-06-11,Ambient,2024-02-07,Pack: 30 tabs | Strength: 250mg | Form: Tablet
3253,Health_Product_3253,1,1,57.77,34.86,CuraMax,2026-07-25,Controlled,2025-03-05,Strength: 250mg / Form: Tablet / Pack: 30 tabs
3254,Health_Product_3254,2,2,218.41,91.54,LifeLine,2029-02-11,Controlled,2023-05-20,Pack: 20 tabs | Strength: 650mg | Form: Tablet
3255,Health_Product_3255,2,5,69.97,38.55,CuraMax,2028-12-17,Refrigerated,2024-01-11,Strength: 250mg / Pack: 20 tabs / Form: Tablet
3256,Health_Product_3256,7,2,76.64,54.8,VitalMeds,2029-03-11,Ambient,2022-01-05,Pack: 30g | Form: Bandage
3257,Health_Product_3257,6,1,239.56,122.17,PharmaCo,2028-11-16,Refrigerated,2021-12-23,Pack: 150ml | Strength: 650mg/5ml | Form: Liquid
3258,Health_Product_3258,6,5,40.66,23.89,MediCare,2028-03-05,Ambient,2025-11-11,Form: Liquid / Pack: 300ml / Strength: 250mg/5ml
3259,Health_Product_3259,2,3,85.2,60.38,MediCare,2026-08-27,Refrigerated,2025-02-07,Pack: 90 tabs | Strength: 50mg | Form: Tablet
3260,Health_Product_3260,4,2,200.73,80.48,MediCare,2028-01-20,Refrigerated,2022-03-26,Pack: 60g
3261,Health_Product_3261,1,3,241.27,121.81,CuraMax,2028-06-29,Ambient,2022-05-02,Pack: 30 tabs | Strength: 500mg | Form: Tablet
3262,Health_Product_3262,9,1,275.31,182.96,PharmaCo,2028-01-30,Ambient,2022-02-03,Pack: 20 units | Form: Kit
3263,Health_Product_3263,8,1,155.33,107.95,BioZen,2027-07-26,Refrigerated,2024-01-26,Pack: 90g | Form: Cream
3264,Health_Product_3264,7,1,212.72,121.77,MediCare,2029-11-23,Controlled,2025-10-11,Pack: 20g | Form: Bandage
3265,Health_Product_3265,8,1,71.14,28.67,BioZen,2029-03-10,Ambient,2025-02-05,Form: Cream / Pack: 30g
3266,Health_Product_3266,1,5,278.87,190.62,PharmaCo,2028-09-04,Controlled,2023-08-29,Pack: 30 tabs | Strength: 650mg | Form: Tablet
3267,Health_Product_3267,1,4,290.08,120.25,PharmaCo,2026-12-04,Controlled,2025-10-24,Strength: 25mg / Pack: 30 tabs
3268,Health_Product_3268,9,3,221.45,106.42,CuraMax,2029-03-16,Controlled,2023-10-30,Pack: 100 units | Form: Kit
3269,Health_Product_3269,6,4,141.64,69.25,VitalMeds,2026-05-12,Refrigerated,2024-03-06,Pack: 50ml | Strength: 200mg/5ml | Form: Liquid
3270,Health_Product_3270,5,2,281.2,144.96,MediCare,2026-12-18,Controlled,2023-05-24,Form: Device / Warranty: 24m
3271,Health_Product_3271,5,4,174.96,112.39,BioZen,2027-01-19,Controlled,2022-12-18,Form: Device | Warranty: 24m
3272,Health_Product_3272,9,3,96.34,120.35,CuraMax,2026-11-05,Controlled,2024-01-14,Pack: 90 units / Form: Kit
3273,Health_Product_3273,1,5,268.08,165.21,CuraMax,2029-01-13,Ambient,2022-07-27,Pack: 100 tabs | Strength: 100mg | Form: Tablet
3274,Health_Product_3274,1,5,69.63,24.94,BioZen,2027-02-09,Controlled,2024-02-15,Pack: 100 tabs | Strength: 500mg | Form: Tablet
3275,Health_Product_3275,6,5,185.23,225.62,PharmaCo,2026-10-03,Ambient,2023-06-03,Pack: 300ml | Strength: 50mg/5ml | Form: Liquid
3276,Health_Product_3276,9,5,198.23,124.21,VitalMeds,2029-01-19,Ambient,2025-02-09,Pack: 10 units | Form: Kit
3277,Health_Product_3277,7,1,77.61,39.93,MediCare,2026-08-07,Controlled,2023-12-26,Pack: 10g | Form: Bandage
3278,Health_Product_3278,1,4,102.86,71.96,MediCare,2028-05-29,Controlled,2022-07-26,Form: Tablet / Strength: 50mg / Pack: 100 tabs
3279,Health_Product_3279,9,2,155.87,102.07,HealthPlus,2028-08-29,Controlled,2022-06-01,Pack: 20 units | Form: Kit
3280,Health_Product_3280,9,3,26.19,15.35,LifeLine,2028-01-09,Refrigerated,2023-09-21,Pack: 60 units / Form: Kit
3281,Health_Product_3281,5,4,133.34,49.75,VitalMeds,2026-07-04,Controlled,2022-01-26,Form: Device | Warranty: 24m
3282,Health_Product_3282,2,4,101.03,59.75,HealthPlus,2028-02-12,Ambient,2025-03-24,Pack: 30 tabs | Strength: 50mg | Form: Tablet
3283,Health_Product_3283,4,4,218.74,150.34,VitalMeds,2026-10-14,Ambient,2023-12-31,Pack: 10g | Form: Cream
3284,Health_Product_3284,7,2,257.32,126.19,CuraMax,2028-04-28,Controlled,2025-07-21,Pack: 10g | Form: Bandage
3285,Health_Product_3285,2,4,191.77,126.59,LifeLine,2026-01-25,Ambient,2024-09-28,Pack: 20 tabs / Strength: 500mg
3286,Health_Product_3286,3,2,280.37,130.62,BioZen,2026-12-24,Controlled,2022-10-21,Strength: 250mg / Form: Capsule / Pack: 20 caps
3287,Health_Product_3287,8,1,162.69,91.26,LifeLine,2026-04-05,Ambient,2025-08-18,Pack: 100g | Form: Cream
3288,Health_Product_3288,6,5,69.47,40.98,CuraMax,2027-06-16,Controlled,2021-12-10,Pack: 150ml | Strength: 650mg/5ml | Form: Liquid
3289,Health_Product_3289,4,2,284.05,170.67,MediCare,2027-03-26,Refrigerated,2025-05-14,Pack: 30g | Form: Cream
3290,Health_Product_3290,5,5,19.98,13.52,PharmaCo,2026-11-15,Controlled,2021-12-23,Form: Device | Warranty: 12m
3291,Health_Product_3291,6,2,254.69,111.25,HealthPlus,2028-05-03,Ambient,2023-01-13,Pack: 100ml | Strength: 500mg/5ml | Form: Liquid
3292,Health_Product_3292,7,2,86.74,38.78,HealthPlus,2030-01-01,Refrigerated,2024-05-29,
3293,Health_Product_3293,5,2,248.44,151.67,LifeLine,2029-07-28,Ambient,2024-05-23,Form: Device | Warranty: 24m
3294,Health_Product_3294,3,2,166.37,69.14,PharmaCo,2028-01-07,Ambient,2023-11-15,Pack: 90 caps / Strength: 200mg
3295,Health_Product_3295,5,1,261.9,136.65,PharmaCo,2030-01-18,Refrigerated,2025-06-10,Form: Device | Warranty: 12m
3296,Health_Product_3296,4,2,246.29,88.03,LifeLine,2026-04-18,Ambient,2022-05-20,Pack: 30g | Form: Cream
3297,Health_Product_3297,7,4,223.68,89.96,MediCare,2029-05-27,Ambient,2022-04-04,Pack: 100g | Form: Bandage
3298,Health_Product_3298,3,3,275.29,356.91,HealthPlus,2026-09-19,Refrigerated,2025-06-18,Pack: 30 caps | Strength: 25mg | Form: Capsule
3299,Health_Product_3299,3,2,101.13,63.36,HealthPlus,2026-12-15,Refrigerated,2023-12-28,Pack: 20 caps | Strength: 100mg | Form: Capsule
3300,Health_Product_3300,2,3,196.06,76.99,PharmaCo,2029-09-07,Ambient,2022-06-15,Pack: 10 tabs | Strength: 100mg | Form: Tablet
3301,Health_Product_3301,3,5,15.96,6.93,VitalMeds,2027-01-02,Ambient,2023-02-17,Strength: 200mg / Pack: 90 caps
3302,Health_Product_3302,1,2,47.98,18.55,HealthPlus,2026-05-25,Ambient,2022-10-17,Pack: 90 tabs | Strength: 200mg | Form: Tablet
3303,Health_Product_3303,8,4,231.3,118.05,BioZen,2028-06-18,Refrigerated,2021-11-08,Pack: 30g | Form: Cream
3304,Health_Product_3304,3,3,106.71,42.33,VitalMeds,2026-12-29,Ambient,2023-01-23,Pack: 20 caps | Strength: 250mg | Form: Capsule
3305,Health_Product_3305,5,3,38.58,19.75,LifeLine,2026-05-16,Refrigerated,2024-02-23,Form: Device / Warranty: 12m
3306,Health_Product_3306,2,3,204.43,126.93,BioZen,2026-11-06,Refrigerated,2025-02-23,Strength: 50mg / Pack: 10 tabs
3307,Health_Product_3307,3,4,273.05,293.9,VitalMeds,2027-08-29,Refrigerated,2025-11-06,Form: Capsule / Pack: 30 caps / Strength: 500mg
3308,Health_Product_3308,7,4,119.09,54.04,BioZen,2026-12-31,Controlled,2024-10-01,Pack: 20g | Form: Bandage
3309,Health_Product_3309,1,2,57.51,34.47,HealthPlus,2027-05-18,Ambient,2024-06-02,Pack: 90 tabs / Strength: 25mg / Form: Tablet
3310,Health_Product_3310,1,5,221.65,153.66,PharmaCo,2028-10-01,Controlled,2022-12-20,Pack: 90 tabs | Strength: 100mg | Form: Tablet
3311,Health_Product_3311,7,4,294.86,141.12,PharmaCo,2030-01-18,Controlled,2023-12-21,Pack: 10g | Form: Bandage
3312,Health_Product_3312,3,1,272.11,128.37,HealthPlus,2027-09-03,Ambient,2021-12-15,Strength: 25mg / Pack: 30 caps
3313,Health_Product_3313,2,4,56.59,31.77,HealthPlus,2028-11-25,Ambient,2021-12-18,Pack: 30 tabs | Strength: 650mg | Form: Tablet
3314,Health_Product_3314,8,5,176.67,77.88,MediCare,2027-04-23,Refrigerated,2023-03-05,Pack: 20g
3315,Health_Product_3315,8,5,7.49,4.43,HealthPlus,2027-08-26,Refrigerated,2021-12-17,Pack: 60g | Form: Cream
3316,Health_Product_3316,9,4,257.24,328.21,VitalMeds,2026-11-01,Ambient,2023-11-12,Pack: 30 units / Form: Kit
3317,Health_Product_3317,9,1,195.22,101.5,VitalMeds,2029-06-25,Refrigerated,2023-10-01,Pack: 30 units | Form: Kit
3318,Health_Product_3318,4,3,295.68,177.83,MediCare,2027-05-29,Controlled,2024-06-12,Pack: 20g | Form: Cream
3319,Health_Product_3319,7,4,158.5,93.7,VitalMeds,2028-12-22,Controlled,2024-08-17,Pack: 60g | Form: Bandage
3320,Health_Product_3320,9,3,230.71,84.05,BioZen,2028-01-24,Ambient,2023-11-01,Pack: 90 units | Form: Kit
3321,Health_Product_3321,5,1,64.94,27.14,VitalMeds,2027-04-16,Controlled,2023-09-14,Form: Device | Warranty: 6m
3322,Health_Product_3322,6,3,141.72,96.46,HealthPlus,2027-02-25,Controlled,2024-10-04,Pack: 450ml / Strength: 25mg/5ml
3323,Health_Product_3323,9,5,162.83,113.56,CuraMax,2029-11-24,Controlled,2022-05-30,Form: Kit / Pack: 20 units
3324,Health_Product_3324,5,4,81.07,51.78,PharmaCo,2027-05-22,Refrigerated,2022-11-11,Form: Device
3325,Health_Product_3325,1,1,134.9,93.2,CuraMax,2029-09-23,Refrigerated,2024-08-25,Pack: 100 tabs | Strength: 200mg | Form: Tablet
3326,Health_Product_3326,7,4,150.33,69.64,CuraMax,2029-06-10,Ambient,2025-11-30,Pack: 100g | Form: Bandage
3327,Health_Product_3327,7,3,146.15,64.55,CuraMax,2026-01-28,Ambient,2025-05-11,Pack: 100g | Form: Bandage
3328,Health_Product_3328,6,3,166.28,81.84,HealthPlus,2029-06-07,Controlled,2022-07-18,
3329,Health_Product_3329,2,1,83.1,30.79,VitalMeds,2029-02-22,Ambient,2024-09-22,Pack: 60 tabs | Strength: 500mg | Form: Tablet
3330,Health_Product_3330,2,4,5.38,3.5,MediCare,2026-02-13,Ambient,2022-10-16,Form: Tablet / Strength: 650mg / Pack: 10 tabs
3331,Health_Product_3331,3,2,90.84,64.87,PharmaCo,2028-01-02,Ambient,2025-11-22,Pack: 90 caps | Strength: 250mg | Form: Capsule
3332,Health_Product_3332,2,4,110.01,72.04,LifeLine,2026-05-02,Refrigerated,2023-11-12,Pack: 10 tabs | Strength: 250mg | Form: Tablet
3333,Health_Product_3333,8,5,139.54,77.49,VitalMeds,2029-02-07,Ambient,2021-11-21,Pack: 100g | Form: Cream
3334,Health_Product_3334,2,5,253.53,116.43,BioZen,2028-11-01,Ambient,2022-03-27,Strength: 250mg / Pack: 100 tabs
3335,Health_Product_3335,5,5,242.34,102.55,CuraMax,2029-09-23,Controlled,2022-08-17,Form: Device | Warranty: 24m
3336,Health_Product_3336,9,1,229.16,111.07,LifeLine,2029-10-16,Controlled,2025-05-17,Pack: 100 units / Form: Kit
3337,Health_Product_3337,3,2,69.86,41.69,HealthPlus,2026-12-10,Refrigerated,2022-02-11,Pack: 30 caps | Strength: 650mg | Form: Capsule
3338,Health_Product_3338,3,3,259.54,133.77,VitalMeds,2026-11-16,Ambient,2023-03-10,Pack: 90 caps | Strength: 650mg | Form: Capsule
3339,Health_Product_3339,3,4,47.51,33.05,PharmaCo,2026-10-22,Refrigerated,2024-10-30,Pack: 20 caps | Strength: 500mg | Form: Capsule
3340,Health_Product_3340,9,5,258.23,172.0,PharmaCo,2027-03-07,Ambient,2023-10-02,Pack: 10 units / Form: Kit
3341,Health_Product_3341,8,3,283.9,110.12,CuraMax,2026-08-23,Ambient,2023-06-11,Pack: 10g | Form: Cream
3342,Health_Product_3342,9,1,147.68,58.87,LifeLine,2026-10-06,Controlled,2024-07-01,Pack: 90 units | Form: Kit
3343,Health_Product_3343,8,5,86.21,51.74,MediCare,2027-11-26,Ambient,2022-04-27,Pack: 10g | Form: Cream
3344,Health_Product_3344,6,3,213.94,93.15,PharmaCo,2029-02-23,Controlled,2025-09-29,Pack: 300ml | Strength: 200mg/5ml | Form: Liquid
3345,Health_Product_3345,2,5,14.55,9.35,CuraMax,2026-12-08,Ambient,2024-04-20,Pack: 100 tabs | Strength: 650mg | Form: Tablet
3346,Health_Product_3346,4,3,114.41,65.08,MediCare,2029-04-23,Ambient,2023-01-05,Pack: 90g | Form: Cream
3347,Health_Product_3347,5,2,218.52,95.06,BioZen,2028-05-03,Refrigerated,2023-02-12,Form: Device | Warranty: 12m
3348,Health_Product_3348,9,5,137.28,72.36,CuraMax,2026-11-20,Refrigerated,2025-10-10,Pack: 20 units | Form: Kit
3349,Health_Product_3349,2,4,83.58,41.81,BioZen,2026-07-26,Refrigerated,2024-05-16,Pack: 20 tabs / Strength: 500mg / Form: Tablet
3350,Health_Product_3350,8,5,83.88,56.46,CuraMax,2026-01-17,Ambient,2022-02-06,Pack: 100g | Form: Cream
3351,Health_Product_3351,7,4,287.75,104.14,MediCare,2027-06-07,Refrigerated,2022-01-01,Pack: 30g | Form: Bandage
3352,Health_Product_3352,9,1,62.44,42.55,PharmaCo,2028-06-08,Refrigerated,2023-11-01,Form: Kit / Pack: 30 units
3353,Health_Product_3353,2,2,60.01,35.48,VitalMeds,2025-12-16,Ambient,2022-01-21,Pack: 90 tabs | Strength: 200mg | Form: Tablet
3354,Health_Product_3354,2,5,147.52,91.89,CuraMax,2026-02-14,Ambient,2025-12-09,Pack: 90 tabs | Strength: 250mg | Form: Tablet
3355,Health_Product_3355,4,4,116.0,40.71,MediCare,2026-01-12,Controlled,2022-11-19,Form: Cream / Pack: 10g
3356,Health_Product_3356,5,1,216.95,126.36,CuraMax,2027-03-16,Controlled,2022-05-24,Form: Device | Warranty: 24m
3357,Health_Product_3357,1,4,110.53,62.75,HealthPlus,2026-11-18,Refrigerated,2024-07-15,Pack: 20 tabs / Strength: 100mg
3358,Health_Product_3358,5,3,295.84,162.35,HealthPlus,2028-04-17,Refrigerated,2025-11-18,Form: Device | Warranty: 24m
3359,Health_Product_3359,1,1,239.85,153.69,CuraMax,2026-11-17,Ambient,2023-09-02,Pack: 30 tabs / Form: Tablet / Strength: 50mg
3360,Health_Product_3360,6,3,204.32,113.53,MediCare,2026-02-27,Controlled,2023-10-16,Pack: 50ml | Strength: 500mg/5ml | Form: Liquid
3361,Health_Product_3361,8,3,78.3,52.24,LifeLine,2028-09-05,Refrigerated,2025-04-26,Pack: 60g | Form: Cream
3362,Health_Product_3362,5,5,84.88,37.01,PharmaCo,2028-01-08,Ambient,2022-06-20,Form: Device | Warranty: 6m
3363,Health_Product_3363,1,3,244.42,158.44,HealthPlus,2026-01-23,Refrigerated,2023-07-31,Pack: 10 tabs | Strength: 200mg | Form: Tablet
3364,Health_Product_3364,3,4,230.51,95.97,VitalMeds,2026-11-05,Ambient,2022-07-12,Pack: 20 caps | Strength: 250mg | Form: Capsule
3365,Health_Product_3365,8,5,172.42,112.22,VitalMeds,2029-08-09,Refrigerated,2022-04-13,Pack: 30g | Form: Cream
3366,Health_Product_3366,9,5,19.48,13.6,BioZen,2029-03-16,Ambient,2021-11-19,Pack: 60 units / Form: Kit
3367,Health_Product_3367,2,4,298.44,141.52,PharmaCo,2029-05-24,Controlled,2024-02-12,Pack: 20 tabs | Strength: 250mg | Form: Tablet
3368,Health_Product_3368,3,5,275.56,311.66,MediCare,2026-12-10,Ambient,2022-02-09,Pack: 90 caps | Strength: 650mg | Form: Capsule
3369,Health_Product_3369,2,5,131.05,77.79,CuraMax,2029-09-11,Refrigerated,2023-08-13,Pack: 30 tabs | Strength: 25mg | Form: Tablet
3370,Health_Product_3370,5,4,190.38,72.23,PharmaCo,2029-08-28,Ambient,2025-04-18,
3371,Health_Product_3371,3,5,213.63,113.82,VitalMeds,2026-10-30,Refrigerated,2022-12-15,Pack: 30 caps / Strength: 500mg / Form: Capsule
3372,Health_Product_3372,2,3,296.88,143.52,CuraMax,2027-10-17,Refrigerated,2022-03-19,Pack: 60 tabs / Strength: 200mg
3373,Health_Product_3373,2,2,203.49,136.91,MediCare,2026-12-28,Ambient,2024-06-29,Pack: 90 tabs | Strength: 250mg | Form: Tablet
3374,Health_Product_3374,1,3,10.75,7.25,LifeLine,2029-12-03,Refrigerated,2025-05-06,Pack: 60 tabs | Strength: 500mg | Form: Tablet
3375,Health_Product_3375,9,1,226.09,137.75,MediCare,2029-12-05,Refrigerated,2024-12-21,Pack: 30 units | Form: Kit
3376,Health_Product_3376,3,5,32.03,18.98,MediCare,2026-12-05,Refrigerated,2023-05-27,Pack: 100 caps | Strength: 100mg | Form: Capsule
3377,Health_Product_3377,7,4,84.67,52.62,PharmaCo,2029-05-21,Controlled,2025-08-02,Pack: 100g | Form: Bandage
3378,Health_Product_3378,7,1,217.93,105.79,BioZen,2027-05-08,Ambient,2025-03-06,Pack: 30g | Form: Bandage
3379,Health_Product_3379,8,3,36.31,18.14,CuraMax,2027-08-04,Controlled,2023-06-24,Pack: 60g / Form: Cream
3380,Health_Product_3380,2,5,243.57,135.15,HealthPlus,2027-10-05,Refrigerated,2023-04-23,Pack: 30 tabs / Strength: 100mg / Form: Tablet
3381,Health_Product_3381,4,2,6.6,4.6,HealthPlus,2026-02-24,Controlled,2022-07-06,Pack: 100g / Form: Cream
3382,Health_Product_3382,8,3,294.65,182.06,BioZen,2029-10-03,Ambient,2024-11-27,Pack: 100g
3383,Health_Product_3383,6,3,145.01,80.32,HealthPlus,2026-05-25,Ambient,2022-09-11,Pack: 50ml | Strength: 650mg/5ml | Form: Liquid
3384,Health_Product_3384,9,1,228.35,145.01,LifeLine,2026-08-06,Controlled,2024-10-06,Pack: 90 units | Form: Kit
3385,Health_Product_3385,2,1,243.99,118.88,CuraMax,2025-12-14,Controlled,2023-06-30,Pack: 90 tabs | Strength: 25mg | Form: Tablet
3386,Health_Product_3386,3,2,35.12,21.78,VitalMeds,2026-12-16,Refrigerated,2024-11-14,
3387,Health_Product_3387,9,5,239.35,120.14,CuraMax,2027-10-06,Refrigerated,2023-06-20,Pack: 60 units | Form: Kit
3388,Health_Product_3388,8,3,6.56,2.97,LifeLine,2026-04-24,Refrigerated,2023-10-25,Pack: 60g | Form: Cream
3389,Health_Product_3389,9,1,197.76,113.83,MediCare,2026-11-20,Ambient,2024-08-17,Pack: 10 units | Form: Kit
3390,Health_Product_3390,6,1,156.31,94.43,LifeLine,2027-05-01,Controlled,2025-07-04,Pack: 100ml | Strength: 250mg/5ml | Form: Liquid
3391,Health_Product_3391,1,1,279.78,145.47,MediCare,2028-05-19,Controlled,2025-06-18,Strength: 250mg / Form: Tablet / Pack: 90 tabs
3392,Health_Product_3392,3,5,263.44,147.32,LifeLine,2026-12-15,Refrigerated,2025-03-01,Pack: 10 caps / Strength: 50mg
3393,Health_Product_3393,8,5,137.05,83.16,CuraMax,2028-07-27,Refrigerated,2025-11-06,Pack: 10g | Form: Cream
3394,Health_Product_3394,9,4,234.95,271.6,HealthPlus,2026-09-23,Controlled,2023-01-24,Pack: 60 units / Form: Kit
3395,Health_Product_3395,6,2,16.63,11.33,PharmaCo,2026-08-20,Refrigerated,2022-01-05,Form: Liquid / Pack: 500ml / Strength: 250mg/5ml
3396,Health_Product_3396,3,4,180.95,87.07,BioZen,2026-12-26,Controlled,2025-06-14,Pack: 100 caps / Strength: 500mg / Form: Capsule
3397,Health_Product_3397,4,5,240.44,168.8,HealthPlus,2028-04-12,Ambient,2025-09-11,Pack: 100g | Form: Cream
3398,Health_Product_3398,8,1,249.41,146.1,MediCare,2028-05-27,Controlled,2025-04-13,Pack: 60g | Form: Cream
3399,Health_Product_3399,4,4,82.08,52.65,VitalMeds,2028-01-07,Refrigerated,2025-04-04,Pack: 30g | Form: Cream
3400,Health_Product_3400,3,4,203.61,123.98,CuraMax,2027-03-05,Refrigerated,2023-04-28,Pack: 100 caps | Strength: 200mg | Form: Capsule
3401,Health_Product_3401,7,3,119.16,50.77,HealthPlus,2028-09-04,Refrigerated,2024-07-29,Pack: 10g | Form: Bandage
3402,Health_Product_3402,7,2,274.18,103.21,HealthPlus,2029-11-05,Ambient,2023-11-23,
3403,Health_Product_3403,3,5,297.7,378.65,HealthPlus,2026-11-03,Controlled,2022-07-14,Pack: 10 caps | Strength: 200mg | Form: Capsule
3404,Health_Product_3404,2,1,144.88,78.1,PharmaCo,2027-10-28,Controlled,2025-08-30,Form: Tablet / Strength: 100mg / Pack: 100 tabs
3405,Health_Product_3405,7,2,26.44,16.12,HealthPlus,2029-09-24,Ambient,2024-06-19,Pack: 20g | Form: Bandage
3406,Health_Product_3406,7,3,207.49,256.56,BioZen,2026-07-30,Refrigerated,2023-07-18,
3407,Health_Product_3407,7,4,210.5,240.93,VitalMeds,2026-11-27,Controlled,2024-08-01,Pack: 100g | Form: Bandage
3408,Health_Product_3408,3,2,122.87,55.96,LifeLine,2029-11-28,Controlled,2023-12-22,Pack: 90 caps | Strength: 100mg | Form: Capsule
3409,Health_Product_3409,4,3,60.89,37.77,HealthPlus,2026-08-01,Ambient,2025-11-03,Pack: 90g / Form: Cream
3410,Health_Product_3410,3,1,264.03,119.45,BioZen,2028-02-02,Ambient,2023-06-04,
3411,Health_Product_3411,9,1,47.45,29.15,VitalMeds,2029-08-01,Refrigerated,2023-03-30,Pack: 90 units
3412,Health_Product_3412,9,3,33.22,16.35,CuraMax,2029-06-07,Ambient,2025-10-11,Pack: 100 units / Form: Kit
3413,Health_Product_3413,3,1,28.74,32.11,HealthPlus,2027-03-01,Controlled,2023-04-22,
3414,Health_Product_3414,5,3,126.68,51.03,LifeLine,2028-05-18,Ambient,2024-01-14,Form: Device | Warranty: 24m
3415,Health_Product_3415,2,3,40.74,17.35,CuraMax,2026-05-13,Refrigerated,2022-01-24,Strength: 250mg / Pack: 90 tabs
3416,Health_Product_3416,8,1,13.77,8.31,BioZen,2029-05-04,Refrigerated,2024-05-05,Pack: 30g | Form: Cream
3417,Health_Product_3417,3,1,110.77,61.73,CuraMax,2026-11-19,Refrigerated,2024-10-31,Pack: 10 caps | Strength: 100mg | Form: Capsule
3418,Health_Product_3418,8,2,205.41,87.39,CuraMax,2030-01-11,Ambient,2024-11-21,Pack: 30g / Form: Cream
3419,Health_Product_3419,2,5,114.68,78.45,PharmaCo,2029-02-13,Refrigerated,2022-01-31,
3420,Health_Product_3420,7,5,139.25,62.95,VitalMeds,2029-12-19,Ambient,2023-07-31,Pack: 90g | Form: Bandage
3421,Health_Product_3421,9,1,278.71,140.97,PharmaCo,2028-07-05,Controlled,2022-08-09,Pack: 30 units | Form: Kit
3422,Health_Product_3422,8,5,228.7,97.16,CuraMax,2028-08-26,Refrigerated,2022-05-29,
3423,Health_Product_3423,2,3,215.72,106.47,CuraMax,2029-05-31,Ambient,2023-08-08,Strength: 50mg / Pack: 90 tabs / Form: Tablet
3424,Health_Product_3424,2,2,241.7,128.56,BioZen,2028-12-28,Refrigerated,2023-10-11,Strength: 200mg / Form: Tablet / Pack: 60 tabs
3425,Health_Product_3425,6,3,69.47,31.9,PharmaCo,2026-08-28,Refrigerated,2024-08-17,Pack: 150ml / Strength: 500mg/5ml / Form: Liquid
3426,Health_Product_3426,9,3,44.84,28.45,LifeLine,2026-05-10,Ambient,2024-12-12,Pack: 90 units | Form: Kit
3427,Health_Product_3427,3,4,255.9,126.86,BioZen,2026-11-30,Controlled,2024-05-17,Pack: 10 caps | Strength: 500mg | Form: Capsule
3428,Health_Product_3428,7,2,103.76,64.32,HealthPlus,2027-09-11,Refrigerated,2023-10-11,Pack: 90g | Form: Bandage
3429,Health_Product_3429,9,2,85.57,36.51,BioZen,2028-03-24,Ambient,2023-09-07,Pack: 10 units | Form: Kit
3430,Health_Product_3430,1,3,129.32,63.3,PharmaCo,2029-03-19,Controlled,2022-12-09,Pack: 100 tabs | Strength: 500mg | Form: Tablet
3431,Health_Product_3431,2,4,99.52,35.13,LifeLine,2029-05-14,Ambient,2023-11-19,Pack: 100 tabs / Strength: 50mg / Form: Tablet
3432,Health_Product_3432,9,1,203.01,128.04,BioZen,2026-04-27,Ambient,2022-07-12,Pack: 100 units / Form: Kit
3433,Health_Product_3433,1,1,246.77,143.52,CuraMax,2026-03-05,Refrigerated,2022-03-30,Pack: 100 tabs | Strength: 50mg | Form: Tablet
3434,Health_Product_3434,3,4,141.5,92.34,LifeLine,2026-10-22,Ambient,2025-05-17,Pack: 60 caps | Strength: 25mg | Form: Capsule
3435,Health_Product_3435,1,5,51.44,26.68,BioZen,2029-04-06,Refrigerated,2023-05-22,
3436,Health_Product_3436,3,4,42.4,27.39,PharmaCo,2027-02-09,Ambient,2022-02-25,Pack: 100 caps | Strength: 650mg | Form: Capsule
3437,Health_Product_3437,2,1,204.83,120.77,LifeLine,2026-11-07,Controlled,2023-08-26,Pack: 10 tabs | Strength: 250mg | Form: Tablet
3438,Health_Product_3438,3,4,158.96,55.85,BioZen,2026-10-11,Controlled,2024-01-02,Pack: 10 caps | Strength: 250mg | Form: Capsule
3439,Health_Product_3439,4,2,185.93,82.53,BioZen,2027-01-14,Controlled,2024-02-22,Form: Cream / Pack: 30g
3440,Health_Product_3440,6,5,268.54,143.06,MediCare,2028-05-10,Controlled,2024-12-30,Pack: 500ml | Strength: 200mg/5ml | Form: Liquid
3441,Health_Product_3441,7,1,123.14,71.29,CuraMax,2029-01-31,Controlled,2024-10-14,Pack: 10g | Form: Bandage
3442,Health_Product_3442,3,3,226.0,84.58,PharmaCo,2026-12-28,Ambient,2024-01-17,Strength: 25mg / Pack: 20 caps
3443,Health_Product_3443,2,2,41.98,25.64,MediCare,2027-12-14,Ambient,2021-12-12,Pack: 60 tabs | Strength: 100mg | Form: Tablet
3444,Health_Product_3444,6,1,258.4,142.41,PharmaCo,2027-07-22,Refrigerated,2023-09-26,Pack: 150ml / Strength: 200mg/5ml / Form: Liquid
3445,Health_Product_3445,1,4,148.07,80.63,BioZen,2026-11-12,Refrigerated,2024-05-01,Form: Tablet / Strength: 500mg / Pack: 20 tabs
3446,Health_Product_3446,7,3,73.94,33.87,PharmaCo,2026-02-21,Controlled,2023-10-04,Pack: 100g | Form: Bandage
3447,Health_Product_3447,5,4,75.22,42.88,LifeLine,2028-06-26,Ambient,2023-04-09,Warranty: 6m / Form: Device
3448,Health_Product_3448,9,5,112.32,40.45,HealthPlus,2027-11-23,Refrigerated,2023-08-10,Pack: 100 units | Form: Kit
3449,Health_Product_3449,1,3,230.36,86.14,VitalMeds,2028-10-20,Refrigerated,2022-12-09,
3450,Health_Product_3450,9,4,152.84,94.99,PharmaCo,2027-02-07,Ambient,2024-08-09,Pack: 60 units
3451,Health_Product_3451,9,4,205.28,96.3,BioZen,2027-11-13,Controlled,2025-04-29,Pack: 100 units | Form: Kit
3452,Health_Product_3452,1,4,110.17,52.7,BioZen,2027-08-20,Refrigerated,2024-07-05,Pack: 30 tabs | Strength: 200mg | Form: Tablet
3453,Health_Product_3453,2,5,78.61,33.57,VitalMeds,2027-12-14,Controlled,2024-09-07,Pack: 90 tabs | Strength: 250mg | Form: Tablet
3454,Health_Product_3454,3,3,150.11,77.29,PharmaCo,2026-01-29,Refrigerated,2025-11-12,Pack: 10 caps | Strength: 50mg | Form: Capsule
3455,Health_Product_3455,3,1,267.12,98.63,PharmaCo,2026-10-04,Ambient,2022-01-13,Pack: 20 caps | Strength: 50mg | Form: Capsule
3456,Health_Product_3456,8,3,288.3,132.95,LifeLine,2026-04-20,Ambient,2024-05-16,Pack: 90g
3457,Health_Product_3457,9,3,254.16,138.53,CuraMax,2026-09-22,Ambient,2022-03-05,
3458,Health_Product_3458,3,4,279.43,145.94,VitalMeds,2028-05-28,Ambient,2024-10-23,Pack: 30 caps / Strength: 200mg / Form: Capsule
3459,Health_Product_3459,7,5,71.87,76.47,CuraMax,2026-12-27,Refrigerated,2022-01-26,Pack: 60g | Form: Bandage
3460,Health_Product_3460,6,2,126.25,62.35,HealthPlus,2027-06-02,Ambient,2025-06-01,Pack: 50ml / Strength: 200mg/5ml / Form: Liquid
3461,Health_Product_3461,5,2,206.99,102.09,HealthPlus,2027-01-08,Refrigerated,2025-11-29,Form: Device | Warranty: 12m
3462,Health_Product_3462,4,5,22.22,11.92,PharmaCo,2027-08-21,Controlled,2022-12-03,Pack: 60g / Form: Cream
3463,Health_Product_3463,3,2,200.2,84.17,PharmaCo,2026-01-11,Refrigerated,2025-06-11,Pack: 100 caps | Strength: 200mg | Form: Capsule
3464,Health_Product_3464,7,1,229.39,154.66,MediCare,2028-01-10,Refrigerated,2025-03-11,Pack: 90g / Form: Bandage
3465,Health_Product_3465,9,5,42.05,23.62,HealthPlus,2026-02-24,Refrigerated,2024-04-08,Pack: 30 units / Form: Kit
3466,Health_Product_3466,5,2,56.73,23.89,CuraMax,2029-12-02,Controlled,2022-10-27,Form: Device | Warranty: 12m
3467,Health_Product_3467,6,4,19.2,12.36,LifeLine,2027-01-30,Ambient,2025-09-28,Pack: 500ml | Strength: 50mg/5ml | Form: Liquid
3468,Health_Product_3468,7,3,77.29,28.03,MediCare,2026-12-01,Controlled,2023-08-26,Pack: 100g / Form: Bandage
3469,Health_Product_3469,3,3,269.31,192.17,PharmaCo,2028-03-17,Ambient,2024-10-30,Pack: 30 caps | Strength: 250mg | Form: Capsule
3470,Health_Product_3470,8,2,223.12,149.51,PharmaCo,2029-03-04,Refrigerated,2021-12-23,Pack: 90g | Form: Cream
3471,Health_Product_3471,8,2,27.97,15.79,VitalMeds,2026-05-07,Controlled,2025-09-26,Pack: 10g | Form: Cream
3472,Health_Product_3472,6,1,192.46,75.29,HealthPlus,2027-09-10,Refrigerated,2022-12-27,Pack: 100ml | Strength: 650mg/5ml | Form: Liquid
3473,Health_Product_3473,8,5,299.63,128.74,CuraMax,2027-09-07,Ambient,2021-11-18,Pack: 60g | Form: Cream
3474,Health_Product_3474,8,1,225.42,102.2,VitalMeds,2026-01-10,Ambient,2023-09-20,Pack: 100g
3475,Health_Product_3475,4,1,223.04,97.96,PharmaCo,2027-10-04,Controlled,2023-10-27,Pack: 20g
3476,Health_Product_3476,3,5,182.52,234.28,PharmaCo,2026-11-15,Ambient,2023-10-09,Pack: 100 caps / Strength: 500mg / Form: Capsule
3477,Health_Product_3477,1,5,98.03,68.57,MediCare,2029-08-08,Ambient,2023-02-02,Pack: 20 tabs | Strength: 650mg | Form: Tablet
3478,Health_Product_3478,6,2,56.09,28.85,LifeLine,2026-02-08,Ambient,2024-12-15,Pack: 450ml | Strength: 50mg/5ml | Form: Liquid
3479,Health_Product_3479,4,2,35.53,21.13,LifeLine,2028-12-20,Refrigerated,2024-08-28,Pack: 100g | Form: Cream
3480,Health_Product_3480,1,2,192.85,116.63,BioZen,2027-09-26,Refrigerated,2024-01-29,Pack: 60 tabs | Strength: 100mg | Form: Tablet
3481,Health_Product_3481,6,4,275.89,185.53,PharmaCo,2026-06-27,Ambient,2023-03-21,
3482,Health_Product_3482,7,3,81.05,29.38,CuraMax,2028-08-17,Ambient,2024-04-08,Pack: 60g | Form: Bandage
3483,Health_Product_3483,3,5,258.71,129.25,LifeLine,2026-11-27,Controlled,2025-11-10,Pack: 90 caps | Strength: 200mg | Form: Capsule
3484,Health_Product_3484,5,4,253.29,162.19,MediCare,2028-12-09,Refrigerated,2022-05-02,Form: Device | Warranty: 6m
3485,Health_Product_3485,6,1,66.19,43.12,VitalMeds,2029-04-10,Refrigerated,2022-03-12,Pack: 300ml | Strength: 200mg/5ml | Form: Liquid
3486,Health_Product_3486,2,1,5.27,3.65,BioZen,2027-06-11,Refrigerated,2023-06-01,Form: Tablet / Pack: 30 tabs / Strength: 200mg
3487,Health_Product_3487,1,3,44.51,27.15,VitalMeds,2026-02-04,Ambient,2025-02-11,Strength: 250mg / Pack: 90 tabs / Form: Tablet
3488,Health_Product_3488,3,3,26.16,11.53,HealthPlus,2026-09-30,Refrigerated,2025-04-06,Pack: 20 caps | Strength: 650mg | Form: Capsule
3489,Health_Product_3489,7,1,82.65,44.39,BioZen,2028-02-27,Ambient,2023-06-10,Form: Bandage / Pack: 100g
3490,Health_Product_3490,9,4,38.47,13.92,VitalMeds,2028-04-12,Ambient,2023-05-08,
3491,Health_Product_3491,4,5,158.97,93.69,CuraMax,2028-08-18,Refrigerated,2022-06-14,Pack: 10g | Form: Cream
3492,Health_Product_3492,2,2,19.33,10.73,LifeLine,2029-07-15,Ambient,2022-04-05,Strength: 25mg / Pack: 10 tabs
3493,Health_Product_3493,6,2,98.51,58.78,PharmaCo,2026-05-02,Ambient,2024-12-08,Pack: 150ml | Strength: 200mg/5ml | Form: Liquid
3494,Health_Product_3494,9,5,150.03,104.14,MediCare,2028-09-04,Ambient,2024-03-18,Pack: 90 units | Form: Kit
3495,Health_Product_3495,8,1,228.84,138.29,CuraMax,2027-01-09,Refrigerated,2022-08-27,Pack: 100g | Form: Cream
3496,Health_Product_3496,5,5,43.54,20.4,LifeLine,2029-02-04,Controlled,2025-08-11,
3497,Health_Product_3497,8,4,20.48,8.67,VitalMeds,2029-11-11,Ambient,2025-04-08,Pack: 90g | Form: Cream
3498,Health_Product_3498,8,3,145.94,97.23,PharmaCo,2028-12-06,Refrigerated,2025-06-18,Pack: 100g | Form: Cream
3499,Health_Product_3499,2,4,297.78,125.63,VitalMeds,2026-09-02,Ambient,2024-07-01,Pack: 100 tabs | Strength: 50mg | Form: Tablet
3500,Health_Product_3500,3,1,288.2,118.1,MediCare,2026-12-02,Ambient,2024-05-12,Pack: 90 caps | Strength: 250mg | Form: Capsule
3501,Health_Product_3501,8,1,178.7,76.21,CuraMax,2028-08-19,Ambient,2024-02-04,Pack: 20g | Form: Cream
3502,Health_Product_3502,4,4,94.21,50.71,MediCare,2029-12-22,Controlled,2025-05-21,Pack: 10g
3503,Health_Product_3503,3,4,85.02,33.66,VitalMeds,2029-12-16,Controlled,2022-02-06,Pack: 100 caps / Strength: 50mg / Form: Capsule
3504,Health_Product_3504,7,1,254.59,177.48,HealthPlus,2027-06-17,Refrigerated,2022-11-30,Pack: 90g | Form: Bandage
3505,Health_Product_3505,6,4,286.02,202.36,PharmaCo,2026-11-26,Controlled,2023-01-31,Pack: 150ml | Strength: 50mg/5ml | Form: Liquid
3506,Health_Product_3506,8,1,103.97,73.85,CuraMax,2029-12-25,Controlled,2024-02-29,Pack: 30g | Form: Cream
3507,Health_Product_3507,5,3,155.14,56.54,PharmaCo,2029-11-20,Refrigerated,2022-02-21,
3508,Health_Product_3508,9,5,42.28,29.6,PharmaCo,2026-03-14,Controlled,2024-02-02,Pack: 90 units | Form: Kit
3509,Health_Product_3509,5,1,259.83,186.83,MediCare,2029-07-03,Ambient,2024-09-21,Form: Device / Warranty: 6m
3510,Health_Product_3510,9,5,166.1,116.05,PharmaCo,2028-07-01,Controlled,2025-09-12,Pack: 10 units | Form: Kit
3511,Health_Product_3511,9,3,24.66,14.75,CuraMax,2028-08-26,Ambient,2024-08-02,Pack: 30 units / Form: Kit
3512,Health_Product_3512,8,2,101.8,62.04,LifeLine,2027-01-24,Refrigerated,2021-11-23,Pack: 20g | Form: Cream
3513,Health_Product_3513,8,2,9.45,3.73,CuraMax,2028-03-15,Controlled,2024-09-28,Form: Cream / Pack: 20g
3514,Health_Product_3514,5,4,225.4,151.8,CuraMax,2029-04-23,Ambient,2023-07-14,Form: Device | Warranty: 6m
3515,Health_Product_3515,3,5,51.17,58.74,MediCare,2026-09-27,Controlled,2022-01-29,
3516,Health_Product_3516,4,2,116.73,54.58,LifeLine,2029-05-13,Ambient,2022-08-07,Pack: 100g | Form: Cream
3517,Health_Product_3517,3,1,74.38,96.11,PharmaCo,2027-01-06,Refrigerated,2022-07-21,Pack: 30 caps | Strength: 500mg | Form: Capsule
3518,Health_Product_3518,8,4,37.42,18.94,BioZen,2027-10-14,Controlled,2025-03-21,Pack: 30g | Form: Cream
3519,Health_Product_3519,8,2,150.93,60.15,LifeLine,2029-01-25,Controlled,2025-07-31,Pack: 30g / Form: Cream
3520,Health_Product_3520,4,5,38.12,27.01,HealthPlus,2028-02-27,Controlled,2022-01-20,Pack: 20g | Form: Cream
3521,Health_Product_3521,1,1,281.63,201.12,PharmaCo,2027-07-23,Controlled,2024-03-07,Pack: 90 tabs | Strength: 200mg | Form: Tablet
3522,Health_Product_3522,9,4,104.9,114.14,BioZen,2026-12-25,Controlled,2024-05-06,
3523,Health_Product_3523,7,2,112.61,75.45,CuraMax,2028-07-01,Ambient,2025-03-26,
3524,Health_Product_3524,8,4,45.48,22.49,VitalMeds,2026-12-16,Refrigerated,2024-02-10,Pack: 90g / Form: Cream
3525,Health_Product_3525,9,2,232.12,114.0,HealthPlus,2027-12-03,Controlled,2022-02-19,Pack: 10 units | Form: Kit
3526,Health_Product_3526,6,2,237.39,106.16,LifeLine,2029-10-14,Refrigerated,2024-11-12,Strength: 25mg/5ml / Pack: 300ml
3527,Health_Product_3527,5,4,194.69,71.36,VitalMeds,2027-03-02,Controlled,2024-05-17,Form: Device
3528,Health_Product_3528,4,4,16.76,7.53,BioZen,2029-05-15,Refrigerated,2022-09-21,Pack: 10g | Form: Cream
3529,Health_Product_3529,6,3,160.67,59.43,VitalMeds,2030-01-02,Controlled,2022-02-04,Pack: 450ml / Strength: 25mg/5ml / Form: Liquid
3530,Health_Product_3530,7,5,159.08,110.09,MediCare,2027-09-12,Controlled,2024-03-02,Pack: 10g / Form: Bandage
3531,Health_Product_3531,9,3,89.26,53.1,VitalMeds,2026-06-09,Controlled,2022-05-21,Pack: 90 units / Form: Kit
3532,Health_Product_3532,8,3,223.5,151.54,PharmaCo,2029-03-28,Refrigerated,2023-08-03,Pack: 100g | Form: Cream
3533,Health_Product_3533,1,4,111.48,68.6,MediCare,2027-04-28,Refrigerated,2022-12-09,Pack: 60 tabs / Strength: 200mg / Form: Tablet
3534,Health_Product_3534,1,5,175.95,70.13,PharmaCo,2028-03-08,Refrigerated,2024-03-19,Pack: 30 tabs | Strength: 250mg | Form: Tablet
3535,Health_Product_3535,8,1,24.54,17.13,LifeLine,2029-07-14,Refrigerated,2024-01-15,Pack: 20g | Form: Cream
3536,Health_Product_3536,1,5,211.65,144.55,CuraMax,2027-11-18,Refrigerated,2025-10-22,Pack: 20 tabs | Strength: 25mg | Form: Tablet
3537,Health_Product_3537,7,3,12.2,5.84,MediCare,2026-01-01,Controlled,2022-12-11,Pack: 10g | Form: Bandage
3538,Health_Product_3538,4,4,240.86,94.24,CuraMax,2026-09-12,Ambient,2025-08-29,Form: Cream / Pack: 30g
3539,Health_Product_3539,9,4,185.94,113.52,PharmaCo,2026-07-17,Refrigerated,2024-03-27,Pack: 90 units
3540,Health_Product_3540,9,4,76.77,47.56,PharmaCo,2026-09-24,Refrigerated,2022-08-02,Pack: 10 units | Form: Kit
3541,Health_Product_3541,6,5,94.4,64.36,PharmaCo,2026-06-04,Ambient,2022-11-26,Pack: 150ml | Strength: 250mg/5ml | Form: Liquid
3542,Health_Product_3542,1,1,51.33,18.97,BioZen,2028-01-30,Ambient,2023-07-04,Pack: 30 tabs | Strength: 250mg | Form: Tablet
3543,Health_Product_3543,3,4,108.26,128.91,MediCare,2026-10-04,Refrigerated,2025-03-07,Pack: 100 caps / Strength: 50mg / Form: Capsule
3544,Health_Product_3544,7,2,250.91,143.36,MediCare,2028-06-21,Controlled,2025-06-19,Pack: 90g
3545,Health_Product_3545,6,4,227.79,131.91,PharmaCo,2026-11-18,Controlled,2022-10-22,Pack: 300ml | Strength: 200mg/5ml | Form: Liquid
3546,Health_Product_3546,7,3,70.48,25.54,LifeLine,2026-05-01,Ambient,2024-10-19,Pack: 90g | Form: Bandage
3547,Health_Product_3547,5,3,16.02,7.96,BioZen,2027-09-02,Refrigerated,2024-03-12,Form: Device | Warranty: 12m
3548,Health_Product_3548,5,2,58.2,32.95,CuraMax,2029-07-28,Refrigerated,2025-04-25,Form: Device / Warranty: 24m
3549,Health_Product_3549,7,1,281.4,175.32,BioZen,2029-02-19,Ambient,2023-02-20,Pack: 100g | Form: Bandage
3550,Health_Product_3550,8,1,212.85,99.4,MediCare,2029-07-03,Ambient,2023-07-21,
3551,Health_Product_3551,2,2,284.46,150.49,MediCare,2025-12-16,Controlled,2025-12-03,
3552,Health_Product_3552,6,1,206.13,134.23,LifeLine,2027-05-24,Controlled,2025-10-27,Pack: 450ml / Strength: 650mg/5ml / Form: Liquid
3553,Health_Product_3553,7,3,32.74,23.01,LifeLine,2028-08-31,Ambient,2024-08-21,Pack: 90g | Form: Bandage
3554,Health_Product_3554,4,1,110.72,48.19,MediCare,2026-01-29,Controlled,2022-11-07,
3555,Health_Product_3555,8,1,215.5,95.6,PharmaCo,2028-10-21,Ambient,2022-09-26,Pack: 60g / Form: Cream
3556,Health_Product_3556,4,4,270.72,188.89,CuraMax,2029-09-21,Controlled,2023-08-28,Pack: 30g | Form: Cream
3557,Health_Product_3557,2,2,48.26,23.96,VitalMeds,2028-07-21,Refrigerated,2021-12-07,Pack: 10 tabs | Strength: 25mg | Form: Tablet
3558,Health_Product_3558,7,5,34.06,20.97,MediCare,2027-11-24,Refrigerated,2024-11-26,Pack: 20g | Form: Bandage
3559,Health_Product_3559,3,3,22.55,24.66,PharmaCo,2026-10-08,Ambient,2023-09-03,Pack: 90 caps | Strength: 500mg | Form: Capsule
3560,Health_Product_3560,1,3,245.9,112.05,MediCare,2027-05-14,Refrigerated,2022-06-11,Pack: 20 tabs | Strength: 250mg | Form: Tablet
3561,Health_Product_3561,5,1,20.63,12.21,HealthPlus,2026-08-15,Refrigerated,2024-06-26,Form: Device | Warranty: 6m
3562,Health_Product_3562,7,2,153.18,90.77,BioZen,2028-03-16,Refrigerated,2025-07-26,Pack: 10g | Form: Bandage
3563,Health_Product_3563,4,5,272.79,304.71,BioZen,2026-12-28,Ambient,2024-07-11,Pack: 20g | Form: Cream
3564,Health_Product_3564,4,5,294.0,113.74,HealthPlus,2025-12-18,Ambient,2025-07-10,Pack: 30g / Form: Cream
3565,Health_Product_3565,8,5,62.8,45.1,MediCare,2029-06-16,Ambient,2025-08-03,Pack: 30g | Form: Cream
3566,Health_Product_3566,1,5,245.52,122.31,MediCare,2029-05-18,Ambient,2025-11-14,Pack: 10 tabs | Strength: 25mg | Form: Tablet
3567,Health_Product_3567,8,5,286.13,167.72,MediCare,2028-11-03,Refrigerated,2022-11-19,Pack: 100g / Form: Cream
3568,Health_Product_3568,6,5,121.41,82.28,VitalMeds,2027-08-14,Ambient,2022-03-22,Pack: 100ml | Strength: 25mg/5ml | Form: Liquid
3569,Health_Product_3569,8,4,129.8,65.76,HealthPlus,2027-03-26,Controlled,2025-02-03,
3570,Health_Product_3570,6,1,41.91,26.67,LifeLine,2027-06-19,Controlled,2023-02-18,Pack: 50ml | Strength: 50mg/5ml | Form: Liquid
3571,Health_Product_3571,2,4,35.51,25.2,CuraMax,2029-01-09,Ambient,2022-07-15,
3572,Health_Product_3572,1,1,288.02,139.06,HealthPlus,2027-03-13,Controlled,2025-04-06,Pack: 90 tabs | Strength: 25mg | Form: Tablet
3573,Health_Product_3573,4,3,28.15,14.07,VitalMeds,2029-01-19,Controlled,2021-12-13,Pack: 90g | Form: Cream
3574,Health_Product_3574,3,4,179.73,123.13,LifeLine,2026-11-03,Refrigerated,2025-10-18,Pack: 90 caps | Strength: 200mg | Form: Capsule
3575,Health_Product_3575,8,1,244.46,100.0,VitalMeds,2029-09-17,Controlled,2023-06-19,Pack: 100g | Form: Cream
3576,Health_Product_3576,4,2,15.56,5.61,VitalMeds,2028-01-22,Controlled,2025-09-17,Form: Cream / Pack: 100g
3577,Health_Product_3577,2,3,13.15,9.02,LifeLine,2028-07-22,Ambient,2022-03-23,Pack: 90 tabs | Strength: 250mg | Form: Tablet
3578,Health_Product_3578,1,3,153.81,100.59,MediCare,2029-06-07,Controlled,2022-10-29,Pack: 10 tabs | Strength: 50mg | Form: Tablet
3579,Health_Product_3579,3,5,150.11,106.56,LifeLine,2026-09-21,Controlled,2024-01-30,Pack: 60 caps | Strength: 50mg | Form: Capsule
3580,Health_Product_3580,4,3,109.26,40.6,LifeLine,2029-12-15,Controlled,2021-12-24,Pack: 30g
3581,Health_Product_3581,5,3,137.36,56.01,MediCare,2029-03-17,Controlled,2022-10-14,Form: Device
3582,Health_Product_3582,4,3,132.66,51.6,VitalMeds,2029-04-07,Ambient,2023-11-25,Pack: 20g | Form: Cream
3583,Health_Product_3583,9,2,94.0,56.67,HealthPlus,2028-07-27,Refrigerated,2023-02-07,Pack: 100 units | Form: Kit
3584,Health_Product_3584,9,3,150.94,86.67,HealthPlus,2029-05-27,Refrigerated,2023-04-25,
3585,Health_Product_3585,9,4,137.03,66.18,LifeLine,2027-11-03,Refrigerated,2022-08-09,Pack: 30 units | Form: Kit
3586,Health_Product_3586,7,2,124.39,46.18,VitalMeds,2027-07-08,Ambient,2025-08-29,Form: Bandage / Pack: 10g
3587,Health_Product_3587,6,5,200.67,117.73,VitalMeds,2026-07-30,Controlled,2023-09-20,Pack: 300ml | Strength: 650mg/5ml | Form: Liquid
3588,Health_Product_3588,3,5,242.62,284.9,BioZen,2026-12-10,Refrigerated,2022-01-28,Pack: 20 caps | Strength: 500mg | Form: Capsule
3589,Health_Product_3589,4,1,37.22,14.58,CuraMax,2027-01-19,Ambient,2024-02-06,Pack: 20g | Form: Cream
3590,Health_Product_3590,5,1,84.56,58.03,CuraMax,2027-08-06,Ambient,2023-03-28,Form: Device | Warranty: 12m
3591,Health_Product_3591,8,5,124.83,52.88,CuraMax,2028-08-09,Refrigerated,2022-10-27,Pack: 30g / Form: Cream
3592,Health_Product_3592,8,4,276.39,172.77,LifeLine,2026-01-11,Controlled,2022-12-24,Pack: 10g / Form: Cream
3593,Health_Product_3593,7,3,182.63,123.73,CuraMax,2028-07-20,Ambient,2024-08-27,Pack: 30g
3594,Health_Product_3594,5,2,45.15,25.48,BioZen,2027-06-06,Ambient,2022-12-14,Warranty: 24m / Form: Device
3595,Health_Product_3595,2,4,194.44,85.81,PharmaCo,2028-09-03,Ambient,2023-05-16,Pack: 10 tabs | Strength: 25mg | Form: Tablet
3596,Health_Product_3596,7,5,155.56,72.25,PharmaCo,2029-06-30,Ambient,2024-01-15,Pack: 10g | Form: Bandage
3597,Health_Product_3597,3,1,150.73,102.15,PharmaCo,2026-12-11,Refrigerated,2022-06-02,Pack: 20 caps | Strength: 500mg | Form: Capsule
3598,Health_Product_3598,7,4,290.81,133.88,LifeLine,2027-01-24,Refrigerated,2025-04-22,Pack: 10g | Form: Bandage
3599,Health_Product_3599,6,3,254.62,159.42,CuraMax,2027-11-05,Ambient,2021-11-28,Pack: 450ml | Strength: 250mg/5ml | Form: Liquid
3600,Health_Product_3600,1,3,138.14,98.96,CuraMax,2028-02-05,Refrigerated,2023-12-01,Pack: 60 tabs / Strength: 25mg / Form: Tablet
3601,Health_Product_3601,6,4,194.57,140.08,BioZen,2026-01-20,Controlled,2022-08-25,
3602,Health_Product_3602,7,1,61.91,33.89,LifeLine,2028-11-16,Ambient,2024-07-13,Pack: 90g | Form: Bandage
3603,Health_Product_3603,8,1,82.17,53.89,LifeLine,2028-05-11,Controlled,2023-07-25,Pack: 100g | Form: Cream
3604,Health_Product_3604,9,4,37.35,26.76,VitalMeds,2026-04-05,Refrigerated,2025-07-27,Pack: 100 units | Form: Kit
3605,Health_Product_3605,1,1,70.46,34.43,BioZen,2026-12-06,Refrigerated,2022-01-23,Strength: 25mg / Pack: 30 tabs
3606,Health_Product_3606,2,5,240.42,106.6,VitalMeds,2027-01-27,Refrigerated,2025-11-22,
3607,Health_Product_3607,4,5,281.13,110.28,BioZen,2027-12-19,Ambient,2025-09-14,Pack: 90g | Form: Cream
3608,Health_Product_3608,9,4,206.88,260.9,HealthPlus,2026-06-18,Ambient,2025-04-12,Pack: 30 units | Form: Kit
3609,Health_Product_3609,5,5,144.68,96.33,BioZen,2027-10-21,Controlled,2025-08-14,Form: Device
3610,Health_Product_3610,4,3,107.15,60.84,BioZen,2028-01-22,Ambient,2025-11-14,Pack: 30g | Form: Cream
3611,Health_Product_3611,7,4,139.82,94.14,PharmaCo,2026-01-28,Refrigerated,2025-01-02,Pack: 10g | Form: Bandage
3612,Health_Product_3612,2,1,6.98,4.48,CuraMax,2027-04-04,Refrigerated,2024-07-28,Pack: 20 tabs | Strength: 100mg | Form: Tablet
3613,Health_Product_3613,3,3,191.36,114.68,HealthPlus,2027-12-02,Refrigerated,2024-04-09,Pack: 30 caps | Strength: 200mg | Form: Capsule
3614,Health_Product_3614,4,3,84.75,48.77,MediCare,2028-04-29,Refrigerated,2025-05-06,Pack: 10g | Form: Cream
3615,Health_Product_3615,1,3,290.56,106.89,LifeLine,2027-10-17,Ambient,2025-05-29,Pack: 100 tabs | Strength: 200mg | Form: Tablet
3616,Health_Product_3616,7,3,24.31,16.35,HealthPlus,2028-08-25,Refrigerated,2024-01-20,Pack: 30g | Form: Bandage
3617,Health_Product_3617,8,5,235.35,118.76,HealthPlus,2029-12-26,Refrigerated,2022-02-08,Pack: 90g | Form: Cream
3618,Health_Product_3618,5,5,31.38,17.48,PharmaCo,2029-07-03,Ambient,2025-10-09,Form: Device / Warranty: 6m
3619,Health_Product_3619,8,1,203.19,72.77,HealthPlus,2028-04-22,Ambient,2023-07-01,Pack: 20g | Form: Cream
3620,Health_Product_3620,8,1,161.01,112.12,VitalMeds,2026-09-06,Ambient,2023-10-13,Pack: 90g | Form: Cream
3621,Health_Product_3621,1,3,56.22,38.46,HealthPlus,2028-06-23,Ambient,2023-02-02,Pack: 20 tabs / Strength: 500mg
3622,Health_Product_3622,6,4,249.07,137.24,CuraMax,2027-06-25,Controlled,2022-10-25,Pack: 450ml / Strength: 250mg/5ml
3623,Health_Product_3623,5,1,93.15,52.5,HealthPlus,2027-02-18,Refrigerated,2025-04-08,Form: Device | Warranty: 24m
3624,Health_Product_3624,1,3,229.05,139.92,LifeLine,2027-01-30,Refrigerated,2025-05-08,Pack: 100 tabs / Strength: 250mg
3625,Health_Product_3625,5,2,262.44,117.56,CuraMax,2029-06-21,Refrigerated,2025-01-12,Form: Device | Warranty: 24m
3626,Health_Product_3626,1,3,170.34,73.61,HealthPlus,2029-03-14,Ambient,2024-08-10,Pack: 30 tabs | Strength: 650mg | Form: Tablet
3627,Health_Product_3627,2,1,241.86,144.97,LifeLine,2027-08-05,Ambient,2022-04-27,Pack: 60 tabs / Strength: 250mg / Form: Tablet
3628,Health_Product_3628,4,1,255.98,99.48,PharmaCo,2026-09-27,Refrigerated,2023-10-06,Pack: 20g | Form: Cream
3629,Health_Product_3629,4,2,238.62,123.61,BioZen,2029-11-27,Refrigerated,2024-03-17,Pack: 10g / Form: Cream
3630,Health_Product_3630,7,2,224.52,266.43,BioZen,2026-10-13,Controlled,2024-06-14,Pack: 20g | Form: Bandage
3631,Health_Product_3631,7,2,128.43,63.07,PharmaCo,2028-06-18,Refrigerated,2023-05-03,Pack: 100g
3632,Health_Product_3632,7,3,256.48,107.35,VitalMeds,2030-01-19,Ambient,2023-08-19,
3633,Health_Product_3633,8,4,26.64,12.83,LifeLine,2028-06-14,Controlled,2023-12-27,Pack: 90g | Form: Cream
3634,Health_Product_3634,8,4,182.38,86.61,HealthPlus,2026-09-09,Refrigerated,2023-01-18,Pack: 20g | Form: Cream
3635,Health_Product_3635,2,5,147.65,78.95,BioZen,2028-05-30,Refrigerated,2024-01-30,Strength: 500mg / Form: Tablet / Pack: 20 tabs
3636,Health_Product_3636,9,2,159.76,95.8,CuraMax,2028-09-05,Refrigerated,2025-10-02,Pack: 60 units | Form: Kit
3637,Health_Product_3637,1,5,186.13,131.83,BioZen,2029-04-26,Refrigerated,2025-06-22,Pack: 100 tabs | Strength: 250mg | Form: Tablet
3638,Health_Product_3638,1,5,17.46,7.04,BioZen,2026-11-30,Controlled,2021-12-09,Pack: 60 tabs | Strength: 25mg | Form: Tablet
3639,Health_Product_3639,7,3,60.79,40.91,BioZen,2029-01-19,Ambient,2022-09-02,Pack: 20g
3640,Health_Product_3640,4,2,254.43,115.8,VitalMeds,2026-03-18,Controlled,2023-12-06,Pack: 10g | Form: Cream
3641,Health_Product_3641,3,4,58.19,33.1,HealthPlus,2026-09-19,Ambient,2023-12-11,Pack: 30 caps | Strength: 500mg | Form: Capsule
3642,Health_Product_3642,9,1,50.87,28.1,BioZen,2026-11-29,Refrigerated,2023-07-22,Pack: 90 units | Form: Kit
3643,Health_Product_3643,5,5,88.58,49.26,BioZen,2029-08-24,Ambient,2022-01-12,Form: Device / Warranty: 24m
3644,Health_Product_3644,4,1,5.94,3.67,CuraMax,2027-12-18,Refrigerated,2022-03-19,Pack: 30g | Form: Cream
3645,Health_Product_3645,2,5,22.15,10.88,VitalMeds,2026-03-29,Refrigerated,2023-04-19,Pack: 20 tabs | Strength: 100mg | Form: Tablet
3646,Health_Product_3646,2,4,261.37,122.34,BioZen,2026-03-27,Controlled,2023-06-30,Pack: 20 tabs / Form: Tablet / Strength: 500mg
3647,Health_Product_3647,1,4,126.33,84.08,PharmaCo,2028-12-27,Ambient,2022-11-25,Pack: 90 tabs | Strength: 50mg | Form: Tablet
3648,Health_Product_3648,2,3,263.28,113.59,LifeLine,2029-12-11,Controlled,2024-02-25,Pack: 60 tabs | Strength: 650mg | Form: Tablet
3649,Health_Product_3649,2,3,97.08,40.45,LifeLine,2026-07-16,Controlled,2025-10-29,Pack: 90 tabs / Strength: 50mg
3650,Health_Product_3650,1,2,58.65,20.87,PharmaCo,2028-12-14,Ambient,2024-09-11,Strength: 25mg / Pack: 90 tabs
3651,Health_Product_3651,6,2,67.57,28.91,LifeLine,2028-11-28,Refrigerated,2025-09-17,Pack: 300ml | Strength: 200mg/5ml | Form: Liquid
3652,Health_Product_3652,9,4,64.73,35.07,HealthPlus,2028-07-11,Refrigerated,2024-03-22,Pack: 60 units | Form: Kit
3653,Health_Product_3653,7,2,185.64,101.96,MediCare,2028-06-19,Controlled,2022-12-17,Pack: 90g | Form: Bandage
3654,Health_Product_3654,5,2,33.13,14.71,LifeLine,2029-12-03,Controlled,2022-12-27,Form: Device | Warranty: 24m
3655,Health_Product_3655,8,1,158.07,59.55,LifeLine,2026-01-20,Ambient,2024-12-09,Pack: 90g / Form: Cream
3656,Health_Product_3656,1,3,38.9,24.33,PharmaCo,2028-03-17,Ambient,2024-09-24,Pack: 30 tabs | Strength: 200mg | Form: Tablet
3657,Health_Product_3657,9,4,214.34,135.13,HealthPlus,2029-01-10,Ambient,2021-11-12,Pack: 30 units | Form: Kit
3658,Health_Product_3658,8,1,91.63,65.9,MediCare,2028-07-13,Controlled,2022-02-02,Pack: 20g | Form: Cream
3659,Health_Product_3659,4,2,247.54,169.07,VitalMeds,2027-07-05,Controlled,2022-07-22,Form: Cream / Pack: 90g
3660,Health_Product_3660,2,2,19.6,13.58,BioZen,2028-07-03,Refrigerated,2022-08-12,Pack: 20 tabs | Strength: 250mg | Form: Tablet
3661,Health_Product_3661,5,5,262.96,169.7,BioZen,2030-01-19,Refrigerated,2023-08-09,Form: Device / Warranty: 6m
3662,Health_Product_3662,3,5,114.7,125.32,HealthPlus,2026-12-30,Controlled,2022-12-24,Pack: 60 caps | Strength: 50mg | Form: Capsule
3663,Health_Product_3663,8,5,244.52,97.21,HealthPlus,2027-08-25,Refrigerated,2025-06-16,Pack: 60g | Form: Cream
3664,Health_Product_3664,2,3,75.54,43.83,VitalMeds,2029-08-02,Controlled,2025-06-04,Pack: 90 tabs | Strength: 25mg | Form: Tablet
3665,Health_Product_3665,4,3,76.94,28.52,LifeLine,2026-02-16,Refrigerated,2023-07-18,Pack: 60g | Form: Cream
3666,Health_Product_3666,9,4,13.37,9.06,BioZen,2027-10-04,Controlled,2024-12-12,
3667,Health_Product_3667,5,4,286.76,151.49,PharmaCo,2029-04-08,Refrigerated,2022-11-08,
3668,Health_Product_3668,8,1,219.47,133.45,MediCare,2029-03-05,Controlled,2021-12-26,Pack: 100g | Form: Cream
3669,Health_Product_3669,3,2,204.7,75.6,PharmaCo,2026-04-14,Ambient,2023-09-21,Pack: 100 caps | Strength: 250mg | Form: Capsule
3670,Health_Product_3670,3,3,60.46,76.81,LifeLine,2027-01-01,Controlled,2023-12-30,Pack: 100 caps | Strength: 25mg | Form: Capsule
3671,Health_Product_3671,2,4,176.23,81.32,MediCare,2028-04-19,Refrigerated,2025-04-13,
3672,Health_Product_3672,1,5,154.99,70.59,VitalMeds,2027-01-14,Controlled,2022-02-03,Pack: 30 tabs / Strength: 650mg
3673,Health_Product_3673,5,3,286.09,141.38,VitalMeds,2029-07-03,Refrigerated,2025-06-23,Warranty: 24m / Form: Device
3674,Health_Product_3674,5,3,120.97,42.37,BioZen,2027-04-06,Ambient,2024-03-01,Form: Device / Warranty: 12m
3675,Health_Product_3675,9,2,44.84,23.44,MediCare,2026-03-12,Controlled,2023-07-02,Pack: 100 units | Form: Kit
3676,Health_Product_3676,2,5,204.26,108.26,PharmaCo,2029-09-19,Ambient,2022-07-31,Pack: 10 tabs | Strength: 50mg | Form: Tablet
3677,Health_Product_3677,2,2,64.92,43.45,LifeLine,2026-04-26,Ambient,2023-04-10,Pack: 10 tabs | Strength: 200mg | Form: Tablet
3678,Health_Product_3678,7,3,245.62,126.73,MediCare,2028-07-23,Controlled,2024-10-31,Form: Bandage / Pack: 30g
3679,Health_Product_3679,8,3,215.56,104.44,VitalMeds,2028-12-28,Ambient,2024-11-13,Pack: 20g | Form: Cream
3680,Health_Product_3680,1,2,192.78,138.43,PharmaCo,2029-03-21,Refrigerated,2022-11-02,Strength: 250mg / Pack: 60 tabs / Form: Tablet
3681,Health_Product_3681,5,2,210.73,118.29,PharmaCo,2027-04-05,Refrigerated,2025-02-24,Form: Device | Warranty: 6m
3682,Health_Product_3682,7,5,42.37,22.24,HealthPlus,2029-07-04,Refrigerated,2024-08-03,Pack: 100g | Form: Bandage
3683,Health_Product_3683,9,3,249.35,133.03,CuraMax,2027-03-15,Refrigerated,2025-03-26,Form: Kit / Pack: 10 units
3684,Health_Product_3684,1,3,257.66,167.32,MediCare,2029-03-10,Controlled,2024-12-26,Form: Tablet / Pack: 30 tabs / Strength: 500mg
3685,Health_Product_3685,1,2,226.56,107.85,HealthPlus,2029-01-04,Ambient,2025-11-13,Pack: 90 tabs | Strength: 50mg | Form: Tablet
3686,Health_Product_3686,4,4,112.16,55.41,PharmaCo,2028-01-11,Ambient,2023-02-18,Pack: 10g | Form: Cream
3687,Health_Product_3687,7,3,97.04,61.1,BioZen,2027-09-06,Refrigerated,2025-04-29,Pack: 20g / Form: Bandage
3688,Health_Product_3688,3,1,167.58,63.18,CuraMax,2026-10-19,Controlled,2024-03-03,Pack: 30 caps | Strength: 100mg | Form: Capsule
3689,Health_Product_3689,5,3,134.27,89.98,BioZen,2027-05-26,Refrigerated,2025-05-02,Form: Device | Warranty: 24m
3690,Health_Product_3690,4,4,38.07,19.38,LifeLine,2029-09-05,Refrigerated,2023-10-30,Pack: 60g | Form: Cream
3691,Health_Product_3691,6,4,104.89,59.27,CuraMax,2026-06-15,Refrigerated,2023-01-08,Strength: 25mg/5ml / Form: Liquid / Pack: 500ml
3692,Health_Product_3692,7,3,37.4,23.57,CuraMax,2028-01-22,Controlled,2025-09-10,Pack: 20g / Form: Bandage
3693,Health_Product_3693,2,3,126.64,56.79,BioZen,2027-02-10,Ambient,2024-08-13,Pack: 10 tabs / Strength: 50mg / Form: Tablet
3694,Health_Product_3694,5,4,179.33,121.84,BioZen,2027-12-23,Controlled,2022-07-26,
3695,Health_Product_3695,5,2,143.1,101.93,MediCare,2026-10-07,Controlled,2023-09-10,Warranty: 12m / Form: Device
3696,Health_Product_3696,3,4,163.57,87.16,PharmaCo,2026-11-18,Ambient,2023-10-26,Pack: 100 caps | Strength: 200mg | Form: Capsule
3697,Health_Product_3697,1,3,242.32,168.82,MediCare,2027-04-11,Refrigerated,2023-10-20,Pack: 60 tabs / Strength: 25mg
3698,Health_Product_3698,2,1,246.22,86.28,BioZen,2027-02-15,Ambient,2023-05-29,Pack: 60 tabs | Strength: 650mg | Form: Tablet
3699,Health_Product_3699,8,1,164.54,112.03,VitalMeds,2028-02-29,Controlled,2025-04-17,Pack: 10g
3700,Health_Product_3700,5,1,110.95,51.6,MediCare,2027-08-11,Controlled,2022-12-20,Form: Device / Warranty: 6m
3701,Health_Product_3701,6,1,233.61,108.69,PharmaCo,2027-07-21,Controlled,2022-12-25,Pack: 450ml | Strength: 50mg/5ml | Form: Liquid
3702,Health_Product_3702,3,2,97.98,42.56,BioZen,2028-10-09,Ambient,2025-06-07,Pack: 20 caps | Strength: 500mg | Form: Capsule
3703,Health_Product_3703,5,2,150.75,70.44,PharmaCo,2026-06-03,Refrigerated,2023-06-12,Form: Device | Warranty: 6m
3704,Health_Product_3704,8,3,56.67,24.31,LifeLine,2028-02-14,Refrigerated,2024-07-01,Pack: 30g
3705,Health_Product_3705,6,5,292.19,200.2,MediCare,2027-04-26,Refrigerated,2024-07-02,Pack: 300ml | Strength: 100mg/5ml | Form: Liquid
3706,Health_Product_3706,4,4,150.71,102.88,HealthPlus,2029-12-23,Ambient,2023-06-03,Pack: 60g | Form: Cream
3707,Health_Product_3707,2,5,289.26,112.18,VitalMeds,2027-10-16,Ambient,2022-03-06,Pack: 100 tabs | Strength: 50mg | Form: Tablet
3708,Health_Product_3708,8,3,184.74,74.42,MediCare,2029-10-15,Refrigerated,2022-09-22,
3709,Health_Product_3709,4,3,134.43,89.93,VitalMeds,2029-07-29,Refrigerated,2022-06-12,Pack: 60g
3710,Health_Product_3710,7,2,28.9,14.38,CuraMax,2027-09-19,Ambient,2025-11-30,Pack: 30g / Form: Bandage
3711,Health_Product_3711,3,2,211.63,87.32,VitalMeds,2026-12-23,Ambient,2023-12-17,Pack: 60 caps | Strength: 25mg | Form: Capsule
3712,Health_Product_3712,9,1,296.47,159.78,BioZen,2029-10-24,Ambient,2023-12-29,Pack: 60 units | Form: Kit
3713,Health_Product_3713,6,3,44.17,22.27,MediCare,2029-01-12,Refrigerated,2025-02-20,Form: Liquid / Pack: 300ml / Strength: 650mg/5ml
3714,Health_Product_3714,5,5,123.41,53.2,VitalMeds,2029-02-26,Controlled,2023-11-10,Form: Device | Warranty: 6m
3715,Health_Product_3715,6,4,113.52,70.01,HealthPlus,2028-09-08,Refrigerated,2022-07-20,Pack: 300ml | Strength: 250mg/5ml | Form: Liquid
3716,Health_Product_3716,4,4,105.11,61.34,BioZen,2029-02-28,Refrigerated,2024-03-22,Pack: 90g
3717,Health_Product_3717,5,5,144.56,55.93,VitalMeds,2027-11-17,Refrigerated,2023-06-21,Form: Device | Warranty: 6m
3718,Health_Product_3718,8,2,246.76,170.85,HealthPlus,2026-12-21,Refrigerated,2023-04-25,Pack: 30g | Form: Cream
3719,Health_Product_3719,8,5,155.4,86.5,CuraMax,2027-09-30,Ambient,2023-09-02,Pack: 60g | Form: Cream
3720,Health_Product_3720,3,4,100.68,44.56,PharmaCo,2027-01-07,Ambient,2025-12-10,Pack: 10 caps / Form: Capsule / Strength: 100mg
3721,Health_Product_3721,5,3,104.79,44.67,PharmaCo,2030-01-13,Refrigerated,2024-10-17,Form: Device | Warranty: 24m
3722,Health_Product_3722,5,3,200.08,224.17,BioZen,2026-12-05,Controlled,2023-04-11,Form: Device / Warranty: 6m
3723,Health_Product_3723,5,4,38.21,19.38,HealthPlus,2027-08-29,Ambient,2025-12-10,
3724,Health_Product_3724,3,2,210.5,84.23,VitalMeds,2026-11-23,Controlled,2024-07-22,Pack: 20 caps | Strength: 250mg | Form: Capsule
3725,Health_Product_3725,7,3,33.53,16.89,CuraMax,2028-04-13,Controlled,2025-04-30,
3726,Health_Product_3726,8,4,94.45,38.26,HealthPlus,2026-08-14,Ambient,2025-04-02,Pack: 90g | Form: Cream
3727,Health_Product_3727,8,4,93.24,55.29,VitalMeds,2027-04-09,Controlled,2023-09-04,Pack: 90g | Form: Cream
3728,Health_Product_3728,6,4,61.78,39.57,PharmaCo,2027-09-28,Ambient,2022-11-10,Pack: 450ml | Strength: 500mg/5ml | Form: Liquid
3729,Health_Product_3729,7,2,212.08,117.35,PharmaCo,2029-05-07,Controlled,2024-09-01,Pack: 100g
3730,Health_Product_3730,3,3,177.7,106.91,BioZen,2027-07-23,Ambient,2024-10-25,Pack: 20 caps / Strength: 650mg / Form: Capsule
3731,Health_Product_3731,5,4,41.42,28.88,PharmaCo,2027-08-17,Controlled,2021-12-28,Form: Device | Warranty: 24m
3732,Health_Product_3732,3,4,96.95,56.83,HealthPlus,2026-12-10,Ambient,2023-06-10,Pack: 60 caps | Strength: 25mg | Form: Capsule
3733,Health_Product_3733,8,3,260.38,126.22,CuraMax,2028-12-24,Controlled,2024-06-10,Pack: 20g / Form: Cream
3734,Health_Product_3734,7,2,190.45,98.33,PharmaCo,2027-06-18,Refrigerated,2022-06-12,Pack: 60g | Form: Bandage
3735,Health_Product_3735,5,5,16.23,10.85,LifeLine,2030-01-17,Ambient,2023-05-03,Form: Device / Warranty: 24m
3736,Health_Product_3736,8,1,64.59,25.73,CuraMax,2029-11-17,Ambient,2024-01-27,Pack: 10g | Form: Cream
3737,Health_Product_3737,1,1,47.95,22.56,VitalMeds,2027-02-22,Refrigerated,2024-12-09,Pack: 90 tabs | Strength: 500mg | Form: Tablet
3738,Health_Product_3738,4,1,68.85,38.8,VitalMeds,2028-09-07,Controlled,2023-10-28,Pack: 20g / Form: Cream
3739,Health_Product_3739,5,5,238.73,143.3,PharmaCo,2027-07-26,Controlled,2023-02-28,Form: Device | Warranty: 6m
3740,Health_Product_3740,1,2,184.87,116.93,PharmaCo,2027-09-19,Refrigerated,2022-10-24,Pack: 30 tabs / Strength: 200mg / Form: Tablet
3741,Health_Product_3741,9,4,86.59,40.5,LifeLine,2027-12-12,Refrigerated,2024-09-16,Pack: 30 units / Form: Kit
3742,Health_Product_3742,5,2,141.25,57.06,CuraMax,2029-03-08,Controlled,2025-10-13,Form: Device / Warranty: 6m
3743,Health_Product_3743,6,4,231.15,162.57,BioZen,2026-11-02,Refrigerated,2024-10-28,Pack: 300ml | Strength: 200mg/5ml | Form: Liquid
3744,Health_Product_3744,6,2,144.12,54.52,LifeLine,2027-04-07,Refrigerated,2025-11-18,Pack: 500ml | Strength: 50mg/5ml | Form: Liquid
3745,Health_Product_3745,9,3,158.73,61.18,PharmaCo,2026-11-16,Controlled,2022-08-07,Pack: 10 units | Form: Kit
3746,Health_Product_3746,9,3,130.71,69.69,HealthPlus,2026-03-05,Refrigerated,2022-12-13,Pack: 100 units | Form: Kit
3747,Health_Product_3747,9,2,62.36,40.73,BioZen,2029-04-29,Controlled,2024-06-02,Pack: 20 units | Form: Kit
3748,Health_Product_3748,6,4,222.9,141.89,VitalMeds,2026-01-10,Ambient,2023-07-03,Pack: 150ml | Strength: 25mg/5ml | Form: Liquid
3749,Health_Product_3749,6,1,11.76,8.2,MediCare,2028-12-15,Ambient,2025-04-14,Pack: 100ml | Strength: 650mg/5ml | Form: Liquid
3750,Health_Product_3750,9,3,135.19,54.4,BioZen,2029-10-08,Refrigerated,2022-03-18,Pack: 30 units | Form: Kit
3751,Health_Product_3751,5,5,26.69,13.05,CuraMax,2027-02-10,Refrigerated,2024-09-11,Form: Device / Warranty: 12m
3752,Health_Product_3752,6,2,124.87,56.74,VitalMeds,2026-12-29,Ambient,2023-04-25,Pack: 50ml / Strength: 650mg/5ml / Form: Liquid
3753,Health_Product_3753,4,5,147.66,98.71,VitalMeds,2027-05-08,Ambient,2023-11-16,Pack: 100g | Form: Cream
3754,Health_Product_3754,2,3,17.12,9.09,VitalMeds,2028-08-03,Refrigerated,2022-09-08,Pack: 60 tabs | Strength: 50mg | Form: Tablet
3755,Health_Product_3755,4,2,166.01,59.75,LifeLine,2026-10-15,Ambient,2022-10-28,Pack: 100g
3756,Health_Product_3756,6,4,128.73,78.78,PharmaCo,2030-01-07,Controlled,2025-08-16,Strength: 100mg/5ml / Pack: 50ml
3757,Health_Product_3757,9,3,30.29,14.96,VitalMeds,2028-10-28,Controlled,2023-07-18,Form: Kit / Pack: 10 units
3758,Health_Product_3758,7,5,7.33,4.01,CuraMax,2029-04-07,Controlled,2024-01-11,Pack: 100g | Form: Bandage
3759,Health_Product_3759,4,4,271.41,184.75,BioZen,2028-06-13,Refrigerated,2022-10-07,Pack: 30g | Form: Cream
3760,Health_Product_3760,3,2,99.57,105.47,HealthPlus,2026-11-27,Controlled,2022-03-24,Pack: 20 caps | Strength: 500mg | Form: Capsule
3761,Health_Product_3761,2,5,270.37,320.07,MediCare,2026-09-21,Ambient,2024-03-26,Pack: 60 tabs | Strength: 250mg | Form: Tablet
3762,Health_Product_3762,6,4,205.5,91.94,CuraMax,2026-04-05,Refrigerated,2024-01-21,Pack: 150ml | Strength: 500mg/5ml | Form: Liquid
3763,Health_Product_3763,7,1,114.54,54.42,PharmaCo,2026-12-07,Controlled,2024-08-23,Pack: 100g | Form: Bandage
3764,Health_Product_3764,2,5,284.81,111.0,BioZen,2027-02-11,Controlled,2022-10-22,Pack: 100 tabs / Strength: 500mg / Form: Tablet
3765,Health_Product_3765,1,5,241.94,147.09,PharmaCo,2028-05-06,Controlled,2022-07-21,Pack: 100 tabs | Strength: 500mg | Form: Tablet
3766,Health_Product_3766,9,3,116.8,49.84,LifeLine,2029-12-20,Ambient,2024-12-13,Pack: 30 units | Form: Kit
3767,Health_Product_3767,1,5,232.98,161.38,CuraMax,2026-12-07,Ambient,2022-01-30,Pack: 90 tabs / Strength: 200mg / Form: Tablet
3768,Health_Product_3768,3,4,238.65,102.57,HealthPlus,2026-10-28,Controlled,2025-12-07,Pack: 90 caps / Strength: 50mg
3769,Health_Product_3769,2,5,168.65,74.98,MediCare,2027-01-07,Ambient,2022-07-02,Pack: 30 tabs | Strength: 650mg | Form: Tablet
3770,Health_Product_3770,8,4,187.45,86.21,LifeLine,2029-03-22,Ambient,2025-09-04,Pack: 60g | Form: Cream
3771,Health_Product_3771,1,1,94.3,59.82,HealthPlus,2027-08-27,Refrigerated,2022-06-10,
3772,Health_Product_3772,1,3,157.74,80.17,CuraMax,2027-04-27,Refrigerated,2022-04-12,Pack: 90 tabs / Strength: 50mg
3773,Health_Product_3773,7,5,217.48,142.05,MediCare,2027-12-01,Ambient,2024-11-26,Pack: 10g | Form: Bandage
3774,Health_Product_3774,8,3,28.49,18.24,PharmaCo,2027-12-18,Ambient,2025-08-15,Pack: 10g / Form: Cream
3775,Health_Product_3775,1,1,114.01,79.11,LifeLine,2027-07-18,Controlled,2022-03-21,
3776,Health_Product_3776,1,4,180.98,114.01,LifeLine,2026-08-29,Refrigerated,2023-11-14,Pack: 10 tabs / Strength: 25mg / Form: Tablet
3777,Health_Product_3777,7,1,68.11,25.15,CuraMax,2027-09-20,Refrigerated,2023-08-14,Pack: 10g | Form: Bandage
3778,Health_Product_3778,7,5,130.82,86.31,CuraMax,2029-02-11,Ambient,2024-09-04,Pack: 100g / Form: Bandage
3779,Health_Product_3779,2,5,75.28,52.48,VitalMeds,2028-10-02,Refrigerated,2025-11-23,Pack: 60 tabs / Strength: 500mg / Form: Tablet
3780,Health_Product_3780,3,1,251.54,180.52,PharmaCo,2026-11-25,Ambient,2023-03-31,Pack: 20 caps | Strength: 200mg | Form: Capsule
3781,Health_Product_3781,2,1,182.32,72.26,CuraMax,2027-03-06,Controlled,2022-09-23,Pack: 10 tabs | Strength: 50mg | Form: Tablet
3782,Health_Product_3782,7,2,281.7,162.52,LifeLine,2029-06-09,Ambient,2022-10-27,Pack: 100g | Form: Bandage
3783,Health_Product_3783,6,5,93.66,39.69,MediCare,2027-11-13,Ambient,2022-04-21,Strength: 250mg/5ml / Pack: 450ml
3784,Health_Product_3784,3,4,168.07,75.15,MediCare,2026-09-27,Controlled,2022-08-03,Pack: 60 caps | Strength: 500mg | Form: Capsule
3785,Health_Product_3785,4,2,259.08,162.15,MediCare,2029-03-03,Controlled,2022-09-01,Pack: 90g
3786,Health_Product_3786,5,1,55.24,39.32,CuraMax,2026-01-20,Ambient,2023-08-07,Form: Device
3787,Health_Product_3787,5,4,253.0,144.23,CuraMax,2029-03-03,Controlled,2023-02-09,Form: Device | Warranty: 6m
3788,Health_Product_3788,1,1,121.36,80.67,HealthPlus,2029-06-20,Controlled,2024-12-26,Strength: 200mg / Pack: 20 tabs
3789,Health_Product_3789,9,4,33.2,11.73,PharmaCo,2027-03-10,Ambient,2022-09-15,Form: Kit / Pack: 60 units
3790,Health_Product_3790,5,2,281.47,102.33,VitalMeds,2028-07-09,Ambient,2025-08-26,Form: Device
3791,Health_Product_3791,8,4,108.58,61.98,BioZen,2026-06-20,Ambient,2022-11-22,Pack: 20g | Form: Cream
3792,Health_Product_3792,6,1,49.1,24.25,VitalMeds,2029-05-19,Ambient,2023-01-23,Pack: 150ml | Strength: 200mg/5ml | Form: Liquid
3793,Health_Product_3793,8,5,257.9,175.17,HealthPlus,2028-05-17,Refrigerated,2023-11-24,Pack: 20g | Form: Cream
3794,Health_Product_3794,2,1,161.68,74.65,PharmaCo,2029-12-16,Refrigerated,2022-11-13,Pack: 10 tabs | Strength: 250mg | Form: Tablet
3795,Health_Product_3795,7,3,57.54,29.34,CuraMax,2029-12-10,Controlled,2023-10-04,Pack: 10g | Form: Bandage
3796,Health_Product_3796,1,3,5.32,2.9,MediCare,2028-08-23,Ambient,2024-12-11,Pack: 30 tabs | Strength: 250mg | Form: Tablet
3797,Health_Product_3797,5,4,83.56,101.66,CuraMax,2026-12-17,Refrigerated,2024-10-31,Form: Device | Warranty: 6m
3798,Health_Product_3798,4,1,19.38,13.3,CuraMax,2028-03-22,Controlled,2025-03-30,Pack: 90g | Form: Cream
3799,Health_Product_3799,9,2,169.85,88.64,VitalMeds,2026-03-13,Refrigerated,2022-10-01,Pack: 30 units | Form: Kit
3800,Health_Product_3800,7,2,55.11,27.94,PharmaCo,2028-03-10,Refrigerated,2022-03-03,Pack: 60g | Form: Bandage
3801,Health_Product_3801,1,3,220.65,146.6,HealthPlus,2028-06-20,Ambient,2023-04-07,
3802,Health_Product_3802,4,5,126.29,58.78,BioZen,2026-11-17,Controlled,2024-10-29,Pack: 30g | Form: Cream
3803,Health_Product_3803,9,1,246.21,160.64,BioZen,2026-01-23,Refrigerated,2025-07-26,Pack: 90 units
3804,Health_Product_3804,2,3,47.41,18.74,HealthPlus,2029-12-15,Ambient,2024-11-19,Strength: 50mg / Pack: 60 tabs
3805,Health_Product_3805,2,1,63.43,26.49,MediCare,2029-05-16,Controlled,2025-11-30,Pack: 20 tabs | Strength: 100mg | Form: Tablet
3806,Health_Product_3806,4,4,95.53,67.04,PharmaCo,2027-03-28,Ambient,2025-08-11,Pack: 20g / Form: Cream
3807,Health_Product_3807,8,4,121.77,80.58,LifeLine,2027-08-30,Ambient,2023-04-24,Pack: 60g | Form: Cream
3808,Health_Product_3808,7,3,85.33,42.11,MediCare,2027-09-12,Controlled,2024-10-07,
3809,Health_Product_3809,7,4,41.53,24.35,MediCare,2026-06-15,Refrigerated,2025-01-31,Form: Bandage / Pack: 60g
3810,Health_Product_3810,5,5,296.78,207.42,HealthPlus,2027-09-14,Refrigerated,2021-12-28,Form: Device | Warranty: 24m
3811,Health_Product_3811,5,3,281.85,120.74,CuraMax,2026-02-25,Refrigerated,2024-03-06,Form: Device | Warranty: 12m
3812,Health_Product_3812,6,4,292.38,108.72,MediCare,2027-01-25,Refrigerated,2022-03-31,
3813,Health_Product_3813,5,4,15.25,8.37,LifeLine,2027-08-24,Ambient,2025-09-12,Form: Device | Warranty: 12m
3814,Health_Product_3814,2,3,264.67,106.6,CuraMax,2029-01-14,Ambient,2022-03-26,Pack: 60 tabs | Strength: 500mg | Form: Tablet
3815,Health_Product_3815,4,3,259.27,108.71,BioZen,2028-01-16,Ambient,2023-11-14,Form: Cream / Pack: 90g
3816,Health_Product_3816,5,1,202.57,137.72,MediCare,2029-08-13,Ambient,2022-01-15,Form: Device | Warranty: 6m
3817,Health_Product_3817,4,1,44.85,15.82,MediCare,2026-04-27,Ambient,2025-03-28,Pack: 20g / Form: Cream
3818,Health_Product_3818,6,3,182.18,118.82,MediCare,2027-06-15,Controlled,2022-03-30,Pack: 450ml | Strength: 200mg/5ml | Form: Liquid
3819,Health_Product_3819,2,5,280.92,152.05,PharmaCo,2027-10-18,Controlled,2023-10-14,Pack: 60 tabs | Strength: 650mg | Form: Tablet
3820,Health_Product_3820,7,5,233.4,129.99,LifeLine,2028-10-10,Refrigerated,2022-10-13,Pack: 60g / Form: Bandage
3821,Health_Product_3821,2,3,256.33,153.43,PharmaCo,2027-04-17,Ambient,2024-04-22,Pack: 20 tabs | Strength: 25mg | Form: Tablet
3822,Health_Product_3822,2,4,240.09,122.36,CuraMax,2029-10-25,Controlled,2022-02-04,Pack: 100 tabs | Strength: 100mg | Form: Tablet
3823,Health_Product_3823,8,2,93.96,36.91,HealthPlus,2029-02-17,Ambient,2022-03-08,Pack: 90g | Form: Cream
3824,Health_Product_3824,8,3,240.16,269.73,BioZen,2026-12-05,Ambient,2023-10-29,Pack: 20g | Form: Cream
3825,Health_Product_3825,7,5,163.86,103.09,VitalMeds,2026-05-14,Refrigerated,2023-03-01,Pack: 90g | Form: Bandage
3826,Health_Product_3826,6,5,36.83,15.9,CuraMax,2027-03-07,Refrigerated,2024-04-14,Pack: 50ml | Strength: 250mg/5ml | Form: Liquid
3827,Health_Product_3827,1,1,275.11,99.15,VitalMeds,2027-03-09,Refrigerated,2022-09-09,Pack: 10 tabs | Strength: 25mg | Form: Tablet
3828,Health_Product_3828,4,2,259.44,184.84,HealthPlus,2028-03-21,Ambient,2025-08-11,Pack: 60g / Form: Cream
3829,Health_Product_3829,9,3,21.98,15.67,LifeLine,2027-06-25,Controlled,2023-12-14,Pack: 10 units / Form: Kit
3830,Health_Product_3830,3,5,206.85,101.34,BioZen,2026-12-01,Ambient,2023-03-27,Pack: 30 caps | Strength: 250mg | Form: Capsule
3831,Health_Product_3831,5,2,38.97,14.01,MediCare,2027-05-08,Refrigerated,2024-08-20,Form: Device | Warranty: 12m
3832,Health_Product_3832,2,1,145.86,90.3,LifeLine,2028-03-24,Controlled,2024-05-12,Pack: 30 tabs | Strength: 100mg | Form: Tablet
3833,Health_Product_3833,5,2,88.08,57.91,PharmaCo,2026-04-12,Controlled,2023-09-24,Form: Device | Warranty: 24m
3834,Health_Product_3834,8,3,77.1,30.55,MediCare,2029-11-10,Refrigerated,2022-02-05,Pack: 10g
3835,Health_Product_3835,6,2,132.49,53.01,CuraMax,2026-12-04,Ambient,2022-01-21,Pack: 300ml | Strength: 500mg/5ml | Form: Liquid
3836,Health_Product_3836,4,5,108.06,70.7,BioZen,2027-05-19,Ambient,2023-09-02,Pack: 30g | Form: Cream
3837,Health_Product_3837,4,3,267.04,184.55,MediCare,2026-03-02,Controlled,2023-05-28,Form: Cream / Pack: 30g
3838,Health_Product_3838,3,2,263.49,169.31,BioZen,2027-05-10,Ambient,2023-05-17,Pack: 90 caps | Strength: 650mg | Form: Capsule
3839,Health_Product_3839,7,5,288.37,122.35,BioZen,2029-08-31,Controlled,2023-06-03,
3840,Health_Product_3840,5,3,114.48,57.5,CuraMax,2026-02-23,Ambient,2024-02-20,Form: Device | Warranty: 6m
3841,Health_Product_3841,8,5,70.34,40.26,BioZen,2029-03-12,Refrigerated,2022-03-02,Pack: 10g | Form: Cream
3842,Health_Product_3842,3,3,101.0,41.34,MediCare,2026-07-12,Refrigerated,2021-11-14,Pack: 20 caps / Strength: 650mg
3843,Health_Product_3843,5,4,144.84,61.98,LifeLine,2026-05-09,Refrigerated,2022-05-06,Form: Device / Warranty: 6m
3844,Health_Product_3844,1,4,221.23,100.59,HealthPlus,2029-10-03,Ambient,2025-03-07,Strength: 100mg / Pack: 60 tabs
3845,Health_Product_3845,4,2,12.74,6.86,LifeLine,2026-02-11,Ambient,2023-12-02,Pack: 100g
3846,Health_Product_3846,5,1,218.67,117.86,HealthPlus,2028-04-16,Ambient,2023-08-15,Form: Device / Warranty: 6m
3847,Health_Product_3847,1,4,22.35,14.56,BioZen,2027-06-28,Refrigerated,2025-04-30,
3848,Health_Product_3848,4,3,117.49,73.86,CuraMax,2027-08-13,Controlled,2024-05-21,Pack: 90g | Form: Cream
3849,Health_Product_3849,2,3,161.28,110.97,PharmaCo,2026-04-23,Ambient,2022-05-11,Pack: 90 tabs / Strength: 650mg / Form: Tablet
3850,Health_Product_3850,7,5,37.62,24.76,VitalMeds,2026-11-11,Refrigerated,2022-05-29,Pack: 10g / Form: Bandage
3851,Health_Product_3851,8,2,183.18,81.32,LifeLine,2026-01-03,Ambient,2022-05-09,Pack: 10g | Form: Cream
3852,Health_Product_3852,8,3,39.73,18.78,PharmaCo,2029-01-23,Refrigerated,2025-03-01,Pack: 20g | Form: Cream
3853,Health_Product_3853,5,5,192.74,103.15,PharmaCo,2028-12-31,Refrigerated,2024-02-06,Form: Device | Warranty: 6m
3854,Health_Product_3854,3,5,206.36,73.32,PharmaCo,2026-11-28,Controlled,2024-09-23,Pack: 20 caps | Strength: 500mg | Form: Capsule
3855,Health_Product_3855,7,5,249.67,170.89,MediCare,2027-04-02,Ambient,2023-08-03,Pack: 10g | Form: Bandage
3856,Health_Product_3856,9,1,165.58,60.67,CuraMax,2025-12-15,Controlled,2022-05-15,
3857,Health_Product_3857,4,3,150.71,70.73,BioZen,2029-11-24,Refrigerated,2025-04-02,Pack: 30g / Form: Cream
3858,Health_Product_3858,6,3,23.91,13.4,CuraMax,2028-02-04,Controlled,2022-08-14,Pack: 100ml | Strength: 250mg/5ml | Form: Liquid
3859,Health_Product_3859,1,4,161.61,87.53,PharmaCo,2028-03-21,Refrigerated,2025-02-12,Pack: 60 tabs / Strength: 500mg
3860,Health_Product_3860,9,5,218.79,235.11,CuraMax,2026-12-29,Refrigerated,2023-07-24,Pack: 10 units | Form: Kit
3861,Health_Product_3861,7,4,60.3,32.87,BioZen,2027-02-07,Ambient,2024-09-22,Pack: 20g
3862,Health_Product_3862,4,1,142.08,61.77,HealthPlus,2026-06-18,Ambient,2025-04-29,
3863,Health_Product_3863,5,4,161.74,68.64,MediCare,2027-07-15,Controlled,2024-07-30,Form: Device | Warranty: 6m
3864,Health_Product_3864,6,5,195.84,134.28,MediCare,2028-12-03,Ambient,2024-11-05,Pack: 150ml | Strength: 500mg/5ml | Form: Liquid
3865,Health_Product_3865,5,3,153.51,68.72,HealthPlus,2026-01-05,Ambient,2023-10-28,
3866,Health_Product_3866,6,4,175.63,79.73,MediCare,2027-02-02,Ambient,2024-07-13,Pack: 50ml | Strength: 250mg/5ml | Form: Liquid
3867,Health_Product_3867,6,1,143.03,71.91,LifeLine,2026-05-09,Refrigerated,2023-07-12,Pack: 50ml / Strength: 25mg/5ml
3868,Health_Product_3868,2,2,8.13,3.26,HealthPlus,2029-09-02,Controlled,2022-09-23,Pack: 10 tabs / Strength: 650mg / Form: Tablet
3869,Health_Product_3869,3,4,38.95,20.94,HealthPlus,2026-01-02,Refrigerated,2023-11-22,Pack: 90 caps | Strength: 200mg | Form: Capsule
3870,Health_Product_3870,9,3,36.42,21.71,HealthPlus,2029-12-11,Refrigerated,2022-09-07,Pack: 90 units / Form: Kit
3871,Health_Product_3871,9,2,284.6,182.38,BioZen,2027-05-14,Ambient,2023-06-22,
3872,Health_Product_3872,1,2,210.7,129.21,VitalMeds,2027-12-11,Refrigerated,2023-08-16,Pack: 10 tabs | Strength: 25mg | Form: Tablet
3873,Health_Product_3873,1,3,282.74,114.4,CuraMax,2026-01-01,Controlled,2023-02-18,
3874,Health_Product_3874,6,5,252.23,130.84,BioZen,2028-01-25,Controlled,2025-08-17,Pack: 500ml / Strength: 25mg/5ml / Form: Liquid
3875,Health_Product_3875,6,5,131.19,47.79,BioZen,2026-05-02,Controlled,2023-03-23,Pack: 150ml / Strength: 50mg/5ml
3876,Health_Product_3876,9,4,13.68,4.88,VitalMeds,2027-08-31,Ambient,2023-05-19,Pack: 60 units / Form: Kit
3877,Health_Product_3877,6,1,271.57,139.27,PharmaCo,2027-07-03,Controlled,2024-04-17,
3878,Health_Product_3878,9,2,184.16,81.69,BioZen,2028-10-19,Controlled,2022-08-13,Pack: 20 units | Form: Kit
3879,Health_Product_3879,2,1,170.84,102.99,BioZen,2026-02-14,Refrigerated,2023-08-21,Pack: 10 tabs | Strength: 200mg | Form: Tablet
3880,Health_Product_3880,2,2,15.35,9.49,PharmaCo,2028-05-13,Refrigerated,2023-12-10,Pack: 60 tabs | Strength: 250mg | Form: Tablet
3881,Health_Product_3881,1,1,232.74,158.57,PharmaCo,2028-02-29,Ambient,2022-07-25,Pack: 90 tabs | Strength: 250mg | Form: Tablet
3882,Health_Product_3882,3,5,108.68,68.63,LifeLine,2026-10-22,Ambient,2024-02-05,Pack: 100 caps | Strength: 50mg | Form: Capsule
3883,Health_Product_3883,7,1,28.16,10.36,LifeLine,2026-04-30,Ambient,2022-10-05,Pack: 60g / Form: Bandage
3884,Health_Product_3884,3,5,274.47,133.8,MediCare,2026-09-27,Ambient,2021-12-17,Pack: 60 caps | Strength: 650mg | Form: Capsule
3885,Health_Product_3885,1,3,190.4,244.77,MediCare,2026-02-20,Ambient,2024-04-09,Strength: 100mg / Pack: 30 tabs / Form: Tablet
3886,Health_Product_3886,7,2,192.14,94.7,CuraMax,2028-11-06,Controlled,2023-11-10,Form: Bandage / Pack: 20g
3887,Health_Product_3887,4,2,153.72,62.91,HealthPlus,2028-04-23,Ambient,2022-01-02,Pack: 60g | Form: Cream
3888,Health_Product_3888,4,1,81.36,31.42,LifeLine,2029-01-15,Refrigerated,2025-09-28,Pack: 100g / Form: Cream
3889,Health_Product_3889,3,1,44.35,24.07,MediCare,2027-03-06,Ambient,2022-11-28,
3890,Health_Product_3890,3,2,292.76,180.5,CuraMax,2026-11-07,Ambient,2025-07-08,Pack: 60 caps | Strength: 500mg | Form: Capsule
3891,Health_Product_3891,8,4,112.03,68.31,BioZen,2026-09-06,Ambient,2023-05-07,Pack: 20g | Form: Cream
3892,Health_Product_3892,5,3,251.04,129.75,CuraMax,2028-05-22,Ambient,2022-04-27,Form: Device | Warranty: 12m
3893,Health_Product_3893,1,3,62.76,34.09,BioZen,2029-03-13,Refrigerated,2024-03-31,
3894,Health_Product_3894,1,4,245.77,132.97,BioZen,2026-04-27,Controlled,2023-05-25,Pack: 20 tabs / Form: Tablet / Strength: 25mg
3895,Health_Product_3895,2,1,169.93,102.96,MediCare,2029-09-15,Refrigerated,2022-12-28,Pack: 60 tabs / Strength: 100mg
3896,Health_Product_3896,2,3,278.29,102.34,BioZen,2028-08-11,Controlled,2025-09-21,
3897,Health_Product_3897,8,2,138.73,84.99,PharmaCo,2029-02-05,Refrigerated,2025-11-12,Pack: 20g / Form: Cream
3898,Health_Product_3898,2,3,51.04,28.86,VitalMeds,2029-09-15,Controlled,2022-08-01,Pack: 20 tabs | Strength: 50mg | Form: Tablet
3899,Health_Product_3899,9,2,260.24,110.16,PharmaCo,2026-04-02,Ambient,2022-02-21,Pack: 60 units | Form: Kit
3900,Health_Product_3900,5,5,45.08,16.6,CuraMax,2029-05-09,Ambient,2024-02-17,Form: Device
3901,Health_Product_3901,6,5,254.57,99.32,HealthPlus,2028-11-06,Ambient,2024-05-10,Pack: 100ml / Strength: 100mg/5ml / Form: Liquid
3902,Health_Product_3902,6,1,67.12,36.52,HealthPlus,2027-06-07,Ambient,2025-09-29,Pack: 50ml | Strength: 500mg/5ml | Form: Liquid
3903,Health_Product_3903,2,4,11.83,7.46,VitalMeds,2027-12-29,Controlled,2023-11-02,Pack: 60 tabs | Strength: 100mg | Form: Tablet
3904,Health_Product_3904,2,2,17.02,8.06,HealthPlus,2027-05-23,Ambient,2024-12-31,Pack: 10 tabs | Strength: 50mg | Form: Tablet
3905,Health_Product_3905,9,2,78.69,38.58,VitalMeds,2028-12-07,Ambient,2025-06-27,Pack: 30 units
3906,Health_Product_3906,4,4,263.06,182.99,MediCare,2029-10-06,Ambient,2022-12-25,Pack: 100g / Form: Cream
3907,Health_Product_3907,7,2,232.08,99.52,HealthPlus,2026-03-02,Refrigerated,2023-05-19,Pack: 20g
3908,Health_Product_3908,5,3,222.61,86.46,VitalMeds,2026-05-12,Controlled,2025-04-15,Form: Device | Warranty: 6m
3909,Health_Product_3909,2,1,131.64,62.8,VitalMeds,2029-12-25,Controlled,2022-10-28,Pack: 100 tabs / Form: Tablet / Strength: 200mg
3910,Health_Product_3910,9,4,68.18,42.68,HealthPlus,2028-04-10,Ambient,2025-01-30,Form: Kit / Pack: 90 units
3911,Health_Product_3911,5,5,24.87,14.47,CuraMax,2028-09-29,Refrigerated,2022-11-17,Form: Device | Warranty: 12m
3912,Health_Product_3912,7,1,142.86,71.98,VitalMeds,2026-08-30,Ambient,2022-07-30,Pack: 60g
3913,Health_Product_3913,3,1,93.38,66.02,VitalMeds,2026-12-29,Controlled,2023-06-08,Form: Capsule / Pack: 20 caps / Strength: 25mg
3914,Health_Product_3914,1,3,151.18,94.03,PharmaCo,2026-04-19,Ambient,2025-10-13,Pack: 10 tabs / Form: Tablet / Strength: 50mg
3915,Health_Product_3915,4,1,231.83,86.45,PharmaCo,2027-08-23,Controlled,2023-12-12,Pack: 100g / Form: Cream
3916,Health_Product_3916,2,3,78.13,48.87,PharmaCo,2028-07-28,Controlled,2023-11-24,Pack: 90 tabs | Strength: 650mg | Form: Tablet
3917,Health_Product_3917,5,4,125.84,45.16,PharmaCo,2027-01-07,Ambient,2022-07-14,Form: Device
3918,Health_Product_3918,8,3,281.93,166.51,CuraMax,2028-07-21,Ambient,2024-09-05,Pack: 60g | Form: Cream
3919,Health_Product_3919,4,1,188.6,80.7,MediCare,2027-09-06,Ambient,2022-09-12,
3920,Health_Product_3920,9,2,153.34,93.18,HealthPlus,2029-05-23,Refrigerated,2025-01-06,Pack: 30 units | Form: Kit
3921,Health_Product_3921,5,4,125.04,58.1,LifeLine,2027-08-21,Ambient,2024-01-26,Form: Device / Warranty: 6m
3922,Health_Product_3922,8,1,131.26,88.34,HealthPlus,2029-06-30,Refrigerated,2024-01-02,Pack: 10g | Form: Cream
3923,Health_Product_3923,5,2,188.77,89.6,MediCare,2026-01-15,Ambient,2025-12-11,Form: Device | Warranty: 12m
3924,Health_Product_3924,9,5,79.29,45.93,MediCare,2026-05-14,Ambient,2025-11-12,Pack: 20 units | Form: Kit
3925,Health_Product_3925,3,3,148.57,181.5,BioZen,2026-10-28,Refrigerated,2024-12-20,Pack: 10 caps | Strength: 100mg | Form: Capsule
3926,Health_Product_3926,8,1,168.24,115.98,BioZen,2029-04-14,Refrigerated,2024-07-24,Pack: 100g / Form: Cream
3927,Health_Product_3927,1,1,151.92,97.07,HealthPlus,2028-11-17,Controlled,2024-11-29,Pack: 30 tabs | Strength: 650mg | Form: Tablet
3928,Health_Product_3928,6,2,23.27,10.24,BioZen,2026-06-07,Ambient,2021-11-29,
3929,Health_Product_3929,7,4,16.62,11.65,HealthPlus,2028-05-06,Ambient,2023-08-26,Pack: 60g / Form: Bandage
3930,Health_Product_3930,6,2,45.62,22.0,MediCare,2029-08-01,Ambient,2024-07-27,
3931,Health_Product_3931,1,3,265.48,156.95,VitalMeds,2028-03-19,Controlled,2024-07-23,Pack: 60 tabs / Strength: 200mg / Form: Tablet
3932,Health_Product_3932,3,3,141.95,88.7,MediCare,2030-01-08,Refrigerated,2023-03-01,Pack: 100 caps / Strength: 500mg / Form: Capsule
3933,Health_Product_3933,8,5,139.73,50.09,BioZen,2026-10-21,Refrigerated,2023-03-22,Pack: 60g | Form: Cream
3934,Health_Product_3934,4,4,229.61,161.83,LifeLine,2029-11-07,Controlled,2024-04-24,Pack: 30g | Form: Cream
3935,Health_Product_3935,5,1,252.22,120.42,VitalMeds,2027-01-09,Refrigerated,2025-01-17,Form: Device | Warranty: 24m
3936,Health_Product_3936,3,5,86.07,102.36,BioZen,2026-12-20,Refrigerated,2022-08-16,Pack: 100 caps | Strength: 650mg | Form: Capsule
3937,Health_Product_3937,3,1,168.53,112.03,PharmaCo,2027-01-06,Controlled,2024-07-09,Pack: 100 caps | Strength: 650mg | Form: Capsule
3938,Health_Product_3938,9,3,194.75,118.81,MediCare,2026-03-01,Controlled,2022-11-08,Pack: 90 units | Form: Kit
3939,Health_Product_3939,8,5,242.29,92.58,VitalMeds,2030-01-09,Refrigerated,2022-12-04,
3940,Health_Product_3940,6,1,124.8,49.08,PharmaCo,2028-05-10,Refrigerated,2022-03-17,Pack: 450ml | Strength: 25mg/5ml | Form: Liquid
3941,Health_Product_3941,9,1,111.71,68.66,HealthPlus,2027-04-03,Controlled,2025-11-29,Pack: 100 units | Form: Kit
3942,Health_Product_3942,7,2,180.96,68.34,LifeLine,2027-10-29,Refrigerated,2023-11-06,Pack: 90g | Form: Bandage
3943,Health_Product_3943,4,4,244.85,168.79,BioZen,2026-10-31,Refrigerated,2024-10-24,Pack: 20g | Form: Cream
3944,Health_Product_3944,3,2,279.03,332.18,BioZen,2026-09-27,Refrigerated,2022-02-07,Pack: 20 caps | Strength: 100mg | Form: Capsule
3945,Health_Product_3945,2,2,165.44,78.44,BioZen,2026-10-20,Controlled,2022-09-10,Pack: 90 tabs | Strength: 50mg | Form: Tablet
3946,Health_Product_3946,9,2,97.86,47.39,CuraMax,2029-01-11,Refrigerated,2022-04-24,Pack: 20 units | Form: Kit
3947,Health_Product_3947,5,1,230.65,123.95,CuraMax,2027-01-17,Refrigerated,2022-05-24,Form: Device
3948,Health_Product_3948,7,1,28.74,31.56,VitalMeds,2026-10-09,Refrigerated,2022-12-21,Pack: 20g | Form: Bandage
3949,Health_Product_3949,5,2,111.64,71.44,HealthPlus,2027-04-03,Controlled,2025-12-13,Form: Device | Warranty: 12m
3950,Health_Product_3950,6,1,264.7,188.11,MediCare,2027-08-21,Controlled,2024-06-01,Pack: 50ml | Strength: 50mg/5ml | Form: Liquid
3951,Health_Product_3951,1,2,206.2,116.77,MediCare,2027-11-30,Ambient,2025-04-13,Pack: 20 tabs | Strength: 25mg | Form: Tablet
3952,Health_Product_3952,8,4,120.93,62.28,PharmaCo,2026-02-06,Controlled,2024-03-26,Form: Cream / Pack: 90g
3953,Health_Product_3953,4,4,281.48,121.72,BioZen,2028-10-06,Ambient,2024-06-29,Pack: 100g / Form: Cream
3954,Health_Product_3954,5,3,87.13,51.56,BioZen,2028-10-19,Controlled,2025-07-02,Form: Device / Warranty: 24m
3955,Health_Product_3955,1,5,21.86,13.2,PharmaCo,2028-06-26,Controlled,2023-07-19,Pack: 20 tabs | Strength: 500mg | Form: Tablet
3956,Health_Product_3956,8,3,85.16,51.4,LifeLine,2029-09-20,Refrigerated,2022-12-28,Pack: 20g / Form: Cream
3957,Health_Product_3957,2,3,247.7,89.17,BioZen,2027-05-20,Ambient,2024-05-10,Pack: 20 tabs | Strength: 25mg | Form: Tablet
3958,Health_Product_3958,7,2,57.58,70.22,HealthPlus,2026-10-08,Ambient,2025-03-14,Pack: 10g / Form: Bandage
3959,Health_Product_3959,6,3,282.52,134.23,HealthPlus,2027-04-14,Controlled,2021-11-07,Pack: 450ml | Strength: 200mg/5ml | Form: Liquid
3960,Health_Product_3960,6,1,115.54,72.25,CuraMax,2026-01-22,Ambient,2023-01-31,Pack: 100ml | Strength: 200mg/5ml | Form: Liquid
3961,Health_Product_3961,1,1,26.62,16.8,HealthPlus,2025-12-20,Refrigerated,2023-06-24,Pack: 60 tabs | Strength: 200mg | Form: Tablet
3962,Health_Product_3962,4,3,207.87,122.79,MediCare,2029-01-03,Refrigerated,2025-08-03,
3963,Health_Product_3963,1,5,213.31,105.82,VitalMeds,2026-05-27,Refrigerated,2023-12-06,Pack: 20 tabs / Strength: 500mg / Form: Tablet
3964,Health_Product_3964,7,2,160.0,92.02,MediCare,2028-12-17,Refrigerated,2025-03-12,Pack: 20g | Form: Bandage
3965,Health_Product_3965,5,5,18.49,6.75,BioZen,2028-09-24,Ambient,2025-01-11,Form: Device
3966,Health_Product_3966,9,1,271.55,171.59,BioZen,2026-11-28,Controlled,2025-06-18,Pack: 20 units | Form: Kit
3967,Health_Product_3967,3,1,263.36,101.88,VitalMeds,2026-10-13,Refrigerated,2021-12-06,Pack: 10 caps | Strength: 25mg | Form: Capsule
3968,Health_Product_3968,4,5,185.04,91.93,HealthPlus,2027-07-21,Refrigerated,2023-09-01,Pack: 20g | Form: Cream
3969,Health_Product_3969,7,1,14.87,5.77,VitalMeds,2028-09-02,Refrigerated,2023-10-11,Pack: 20g | Form: Bandage
3970,Health_Product_3970,2,1,19.72,13.01,PharmaCo,2028-10-23,Ambient,2024-01-08,Pack: 20 tabs | Strength: 200mg | Form: Tablet
3971,Health_Product_3971,4,4,23.72,13.13,BioZen,2027-07-05,Refrigerated,2025-01-25,
3972,Health_Product_3972,6,4,103.03,62.4,LifeLine,2029-03-03,Controlled,2022-05-29,Pack: 300ml / Strength: 650mg/5ml / Form: Liquid
3973,Health_Product_3973,8,2,106.98,64.46,BioZen,2027-05-19,Ambient,2024-11-04,Pack: 90g | Form: Cream
3974,Health_Product_3974,6,5,76.8,50.8,CuraMax,2026-09-27,Ambient,2024-11-11,Strength: 200mg/5ml / Pack: 450ml
3975,Health_Product_3975,8,2,28.57,11.4,MediCare,2026-11-22,Controlled,2025-07-23,Pack: 20g / Form: Cream
3976,Health_Product_3976,2,4,37.15,22.07,HealthPlus,2026-07-15,Ambient,2022-01-19,Pack: 100 tabs | Strength: 25mg | Form: Tablet
3977,Health_Product_3977,5,4,68.63,38.62,LifeLine,2028-06-19,Controlled,2024-07-20,Form: Device | Warranty: 24m
3978,Health_Product_3978,2,5,75.88,27.43,PharmaCo,2025-12-29,Controlled,2023-11-14,Pack: 90 tabs | Strength: 650mg | Form: Tablet
3979,Health_Product_3979,4,3,130.91,55.57,LifeLine,2027-10-30,Ambient,2022-06-28,Pack: 60g | Form: Cream
3980,Health_Product_3980,1,5,78.72,35.35,VitalMeds,2026-11-17,Ambient,2024-04-17,Pack: 60 tabs | Strength: 500mg | Form: Tablet
3981,Health_Product_3981,4,4,18.18,6.85,BioZen,2028-09-25,Controlled,2022-04-22,Pack: 10g | Form: Cream
3982,Health_Product_3982,1,4,155.88,75.02,VitalMeds,2029-11-19,Controlled,2023-12-07,Pack: 90 tabs | Strength: 250mg | Form: Tablet
3983,Health_Product_3983,8,4,20.84,7.5,BioZen,2026-01-27,Controlled,2024-04-07,Pack: 10g | Form: Cream
3984,Health_Product_3984,9,3,232.69,129.07,MediCare,2028-09-12,Ambient,2025-04-10,Pack: 100 units | Form: Kit
3985,Health_Product_3985,7,1,123.22,52.77,MediCare,2028-05-27,Refrigerated,2024-05-18,
3986,Health_Product_3986,1,5,146.44,66.8,MediCare,2025-12-22,Controlled,2022-03-22,Pack: 100 tabs | Strength: 50mg | Form: Tablet
3987,Health_Product_3987,6,2,82.75,56.84,PharmaCo,2028-03-18,Refrigerated,2025-06-11,
3988,Health_Product_3988,9,2,41.25,22.11,PharmaCo,2027-12-10,Ambient,2024-04-26,
3989,Health_Product_3989,5,1,160.8,72.29,PharmaCo,2028-01-21,Refrigerated,2025-04-09,Form: Device | Warranty: 24m
3990,Health_Product_3990,8,3,76.74,43.85,LifeLine,2029-12-15,Controlled,2022-01-01,Pack: 10g | Form: Cream
3991,Health_Product_3991,5,3,21.74,9.23,PharmaCo,2028-04-10,Refrigerated,2023-05-12,Form: Device
3992,Health_Product_3992,7,5,61.26,23.13,PharmaCo,2026-11-09,Controlled,2023-01-03,Pack: 90g | Form: Bandage
3993,Health_Product_3993,6,4,150.72,53.92,LifeLine,2026-08-01,Refrigerated,2022-09-08,Pack: 450ml | Strength: 250mg/5ml | Form: Liquid
3994,Health_Product_3994,1,4,151.29,106.22,HealthPlus,2026-10-30,Ambient,2022-02-07,
3995,Health_Product_3995,7,5,47.13,29.13,MediCare,2026-07-03,Refrigerated,2023-05-08,Pack: 20g
3996,Health_Product_3996,9,5,90.06,58.18,VitalMeds,2029-11-20,Controlled,2023-11-01,Pack: 20 units | Form: Kit
3997,Health_Product_3997,9,1,298.25,212.63,LifeLine,2028-06-06,Controlled,2025-03-13,Pack: 30 units
3998,Health_Product_3998,5,1,213.28,148.17,PharmaCo,2028-01-27,Refrigerated,2023-11-16,Form: Device | Warranty: 6m
3999,Health_Product_3999,3,5,269.35,167.71,LifeLine,2026-12-23,Ambient,2025-07-11,Pack: 60 caps | Strength: 250mg | Form: Capsule
4000,Health_Product_4000,4,4,63.68,38.64,HealthPlus,2026-06-01,Controlled,2023-10-12,Pack: 90g / Form: Cream
4001,Health_Product_4001,7,1,298.21,141.54,LifeLine,2026-11-11,Ambient,2024-04-17,Pack: 30g / Form: Bandage
4002,Health_Product_4002,9,4,119.14,46.28,CuraMax,2026-03-13,Refrigerated,2023-06-18,Pack: 60 units | Form: Kit
4003,Health_Product_4003,4,5,251.91,141.64,CuraMax,2028-05-01,Controlled,2022-02-24,Pack: 90g | Form: Cream
4004,Health_Product_4004,8,2,101.61,57.23,PharmaCo,2026-10-23,Controlled,2025-11-09,
4005,Health_Product_4005,9,3,291.78,204.93,HealthPlus,2026-07-31,Ambient,2021-12-04,Pack: 20 units | Form: Kit
4006,Health_Product_4006,1,2,32.69,16.79,BioZen,2026-02-20,Controlled,2025-05-08,
4007,Health_Product_4007,2,2,100.68,60.97,PharmaCo,2025-12-16,Controlled,2025-02-23,Pack: 20 tabs / Strength: 50mg / Form: Tablet
4008,Health_Product_4008,5,4,27.14,15.27,LifeLine,2028-12-11,Refrigerated,2025-09-17,Form: Device / Warranty: 24m
4009,Health_Product_4009,4,3,204.52,84.96,PharmaCo,2028-02-21,Refrigerated,2024-08-22,Pack: 90g / Form: Cream
4010,Health_Product_4010,4,2,286.68,163.14,HealthPlus,2029-02-15,Refrigerated,2023-03-22,Pack: 10g / Form: Cream
4011,Health_Product_4011,2,4,282.24,155.19,CuraMax,2026-11-25,Ambient,2025-06-05,Pack: 20 tabs | Strength: 250mg | Form: Tablet
4012,Health_Product_4012,2,2,79.57,42.39,BioZen,2029-03-02,Refrigerated,2023-06-10,Pack: 10 tabs | Strength: 50mg | Form: Tablet
4013,Health_Product_4013,8,3,54.94,29.67,LifeLine,2026-02-07,Ambient,2024-12-01,Pack: 60g | Form: Cream
4014,Health_Product_4014,4,3,264.53,108.64,PharmaCo,2028-05-18,Refrigerated,2023-11-15,Pack: 60g | Form: Cream
4015,Health_Product_4015,6,2,242.21,126.31,HealthPlus,2028-08-21,Refrigerated,2024-08-04,Pack: 450ml | Strength: 650mg/5ml | Form: Liquid
4016,Health_Product_4016,7,2,287.03,164.78,MediCare,2028-03-03,Refrigerated,2025-12-07,Form: Bandage / Pack: 10g
4017,Health_Product_4017,5,2,219.84,116.76,PharmaCo,2026-07-23,Ambient,2022-09-24,Form: Device
4018,Health_Product_4018,2,3,87.19,46.28,CuraMax,2026-06-07,Refrigerated,2021-12-08,Pack: 100 tabs | Strength: 100mg | Form: Tablet
4019,Health_Product_4019,9,3,280.45,106.2,PharmaCo,2027-02-27,Ambient,2023-04-13,Pack: 30 units | Form: Kit
4020,Health_Product_4020,3,4,165.71,197.21,LifeLine,2026-11-23,Ambient,2025-10-28,Strength: 650mg / Pack: 30 caps
4021,Health_Product_4021,1,2,187.93,88.09,VitalMeds,2029-02-22,Ambient,2025-04-05,Pack: 30 tabs | Strength: 50mg | Form: Tablet
4022,Health_Product_4022,5,1,98.46,49.74,HealthPlus,2029-04-06,Refrigerated,2025-07-08,Form: Device
4023,Health_Product_4023,1,4,212.47,121.06,HealthPlus,2027-08-09,Ambient,2025-01-14,Pack: 10 tabs | Strength: 500mg | Form: Tablet
4024,Health_Product_4024,3,3,65.39,78.09,CuraMax,2027-07-06,Ambient,2021-11-05,Pack: 30 caps | Strength: 50mg | Form: Capsule
4025,Health_Product_4025,9,3,29.02,11.87,LifeLine,2028-02-19,Refrigerated,2023-03-24,Pack: 100 units | Form: Kit
4026,Health_Product_4026,4,5,11.28,4.01,MediCare,2029-03-01,Refrigerated,2025-07-09,Pack: 10g | Form: Cream
4027,Health_Product_4027,1,5,185.29,95.65,MediCare,2026-02-24,Controlled,2025-02-14,Pack: 90 tabs / Strength: 200mg / Form: Tablet
4028,Health_Product_4028,4,2,228.98,116.75,PharmaCo,2027-03-03,Controlled,2025-09-30,Pack: 60g / Form: Cream
4029,Health_Product_4029,3,2,143.7,79.64,LifeLine,2027-02-06,Ambient,2024-10-11,Pack: 20 caps | Strength: 100mg | Form: Capsule
4030,Health_Product_4030,7,5,84.15,55.4,LifeLine,2029-01-06,Controlled,2023-09-04,Pack: 90g | Form: Bandage
4031,Health_Product_4031,5,5,171.75,111.1,LifeLine,2026-12-31,Refrigerated,2024-10-10,
4032,Health_Product_4032,2,1,37.41,14.48,HealthPlus,2026-03-01,Refrigerated,2022-04-14,Pack: 60 tabs | Strength: 250mg | Form: Tablet
4033,Health_Product_4033,3,3,227.19,158.03,HealthPlus,2026-07-23,Ambient,2025-03-14,Pack: 90 caps / Strength: 650mg / Form: Capsule
4034,Health_Product_4034,5,1,34.71,13.57,MediCare,2026-06-01,Refrigerated,2023-12-04,
4035,Health_Product_4035,4,2,212.58,124.31,MediCare,2029-11-19,Refrigerated,2024-08-21,Pack: 90g / Form: Cream
4036,Health_Product_4036,7,3,58.54,35.05,LifeLine,2029-08-11,Refrigerated,2022-09-30,
4037,Health_Product_4037,4,5,220.05,282.08,VitalMeds,2026-10-02,Ambient,2023-08-01,Pack: 100g / Form: Cream
4038,Health_Product_4038,1,4,132.22,59.26,LifeLine,2029-09-15,Refrigerated,2025-09-30,Pack: 10 tabs | Strength: 25mg | Form: Tablet
4039,Health_Product_4039,6,4,250.14,118.12,CuraMax,2026-07-03,Controlled,2024-08-23,Pack: 300ml | Strength: 500mg/5ml | Form: Liquid
4040,Health_Product_4040,4,5,30.06,16.62,LifeLine,2026-10-14,Controlled,2023-11-29,Pack: 90g | Form: Cream
4041,Health_Product_4041,1,4,293.9,124.57,BioZen,2029-10-05,Refrigerated,2021-12-15,Pack: 20 tabs | Strength: 650mg | Form: Tablet
4042,Health_Product_4042,8,1,72.76,26.01,MediCare,2026-05-20,Ambient,2024-12-16,Pack: 100g | Form: Cream
4043,Health_Product_4043,3,4,118.18,65.94,PharmaCo,2026-12-15,Ambient,2025-04-09,Pack: 100 caps / Strength: 250mg / Form: Capsule
4044,Health_Product_4044,8,4,248.48,129.74,HealthPlus,2028-03-22,Ambient,2024-08-22,Pack: 30g | Form: Cream
4045,Health_Product_4045,1,1,116.02,68.8,MediCare,2027-12-19,Ambient,2023-09-13,Pack: 90 tabs | Strength: 50mg | Form: Tablet
4046,Health_Product_4046,2,5,184.72,74.68,LifeLine,2029-10-11,Refrigerated,2024-10-31,Pack: 60 tabs | Strength: 200mg | Form: Tablet
4047,Health_Product_4047,2,4,167.46,110.71,LifeLine,2028-11-09,Refrigerated,2022-09-15,Pack: 100 tabs | Strength: 650mg | Form: Tablet
4048,Health_Product_4048,8,4,233.26,94.26,BioZen,2028-04-13,Refrigerated,2025-05-18,Pack: 10g / Form: Cream
4049,Health_Product_4049,6,3,265.95,180.79,BioZen,2025-12-19,Refrigerated,2023-06-17,Pack: 150ml | Strength: 100mg/5ml | Form: Liquid
4050,Health_Product_4050,5,3,34.42,17.77,PharmaCo,2028-05-03,Controlled,2025-11-05,Form: Device | Warranty: 12m
4051,Health_Product_4051,8,2,201.34,111.43,PharmaCo,2028-03-12,Ambient,2024-11-14,Pack: 10g
4052,Health_Product_4052,7,1,23.79,16.22,HealthPlus,2030-01-10,Ambient,2025-09-07,Pack: 100g | Form: Bandage
4053,Health_Product_4053,7,2,128.99,59.46,CuraMax,2029-07-02,Ambient,2022-12-12,Pack: 30g | Form: Bandage
4054,Health_Product_4054,8,1,294.86,123.04,VitalMeds,2029-06-17,Refrigerated,2025-07-25,Pack: 90g | Form: Cream
4055,Health_Product_4055,8,1,261.18,134.49,CuraMax,2029-09-25,Controlled,2025-06-06,Pack: 30g / Form: Cream
4056,Health_Product_4056,3,1,210.96,92.91,BioZen,2026-09-19,Refrigerated,2022-09-12,Pack: 30 caps / Strength: 500mg / Form: Capsule
4057,Health_Product_4057,7,2,65.21,35.56,LifeLine,2029-10-09,Controlled,2025-09-18,Form: Bandage / Pack: 90g
4058,Health_Product_4058,9,4,187.76,84.84,VitalMeds,2026-01-03,Ambient,2023-09-11,Pack: 30 units / Form: Kit
4059,Health_Product_4059,4,2,123.78,82.92,MediCare,2027-06-25,Refrigerated,2023-11-15,Form: Cream / Pack: 30g
4060,Health_Product_4060,9,2,142.12,81.68,HealthPlus,2028-01-17,Controlled,2021-11-10,Pack: 60 units | Form: Kit
4061,Health_Product_4061,3,2,266.85,93.42,BioZen,2026-05-29,Ambient,2024-11-19,Pack: 100 caps | Strength: 650mg | Form: Capsule
4062,Health_Product_4062,9,5,254.38,320.27,CuraMax,2026-10-02,Refrigerated,2022-07-10,Pack: 60 units | Form: Kit
4063,Health_Product_4063,2,2,82.2,101.07,LifeLine,2027-07-17,Controlled,2025-03-08,Pack: 90 tabs | Strength: 650mg | Form: Tablet
4064,Health_Product_4064,9,1,161.75,75.78,PharmaCo,2027-11-14,Ambient,2023-06-11,Pack: 20 units
4065,Health_Product_4065,1,3,260.33,128.01,MediCare,2029-01-04,Refrigerated,2025-09-22,Pack: 10 tabs | Strength: 250mg | Form: Tablet
4066,Health_Product_4066,3,2,234.5,300.95,MediCare,2026-11-16,Refrigerated,2024-11-22,Pack: 10 caps / Strength: 200mg / Form: Capsule
4067,Health_Product_4067,8,1,152.07,78.1,LifeLine,2029-09-22,Refrigerated,2022-12-26,Pack: 60g
4068,Health_Product_4068,2,3,256.26,149.3,MediCare,2028-07-26,Controlled,2022-10-16,Pack: 10 tabs | Strength: 200mg | Form: Tablet
4069,Health_Product_4069,1,5,93.16,37.67,LifeLine,2026-06-21,Refrigerated,2022-08-28,Pack: 90 tabs / Strength: 25mg
4070,Health_Product_4070,1,1,66.02,46.81,MediCare,2029-07-28,Refrigerated,2025-01-06,Pack: 100 tabs | Strength: 650mg | Form: Tablet
4071,Health_Product_4071,1,2,267.92,166.1,PharmaCo,2026-07-24,Ambient,2025-04-05,Pack: 10 tabs | Strength: 650mg | Form: Tablet
4072,Health_Product_4072,8,5,193.89,85.81,LifeLine,2028-10-08,Refrigerated,2025-02-12,Pack: 30g | Form: Cream
4073,Health_Product_4073,6,4,130.54,80.67,HealthPlus,2028-03-28,Ambient,2022-09-01,Pack: 450ml | Strength: 100mg/5ml | Form: Liquid
4074,Health_Product_4074,2,1,169.29,95.27,BioZen,2029-11-11,Ambient,2022-02-05,Pack: 100 tabs | Strength: 250mg | Form: Tablet
4075,Health_Product_4075,2,2,187.08,73.04,PharmaCo,2026-02-11,Controlled,2022-09-22,Pack: 10 tabs | Strength: 200mg | Form: Tablet
4076,Health_Product_4076,6,3,20.31,8.45,PharmaCo,2029-10-26,Refrigerated,2023-02-02,Strength: 250mg/5ml / Pack: 150ml
4077,Health_Product_4077,9,4,273.08,99.75,BioZen,2029-07-25,Controlled,2024-01-13,
4078,Health_Product_4078,8,5,53.2,34.55,HealthPlus,2027-10-29,Refrigerated,2025-06-09,Pack: 60g | Form: Cream
4079,Health_Product_4079,2,2,288.13,159.66,MediCare,2027-08-02,Controlled,2023-04-13,Pack: 20 tabs / Strength: 250mg / Form: Tablet
4080,Health_Product_4080,9,4,7.89,3.69,CuraMax,2026-11-25,Ambient,2023-01-24,Pack: 60 units | Form: Kit
4081,Health_Product_4081,3,2,157.77,62.59,LifeLine,2026-10-21,Ambient,2023-10-07,Pack: 10 caps / Form: Capsule / Strength: 200mg
4082,Health_Product_4082,2,1,258.24,136.63,HealthPlus,2027-03-15,Ambient,2023-11-28,Pack: 60 tabs / Strength: 200mg / Form: Tablet
4083,Health_Product_4083,3,4,253.63,294.91,PharmaCo,2026-11-24,Refrigerated,2022-01-01,Pack: 10 caps | Strength: 50mg | Form: Capsule
4084,Health_Product_4084,6,3,71.25,43.44,HealthPlus,2025-12-23,Ambient,2025-11-04,Pack: 50ml | Strength: 200mg/5ml | Form: Liquid
4085,Health_Product_4085,5,3,196.68,139.42,PharmaCo,2027-02-03,Controlled,2023-02-17,Form: Device / Warranty: 12m
4086,Health_Product_4086,7,3,169.49,86.6,MediCare,2026-03-19,Ambient,2022-08-02,Pack: 100g
4087,Health_Product_4087,1,5,207.97,104.03,HealthPlus,2029-09-16,Controlled,2025-01-24,Strength: 25mg / Pack: 90 tabs
4088,Health_Product_4088,7,5,60.1,29.26,HealthPlus,2026-05-30,Controlled,2022-04-02,Pack: 90g | Form: Bandage
4089,Health_Product_4089,9,1,201.35,132.08,VitalMeds,2029-09-14,Refrigerated,2024-03-26,Pack: 30 units | Form: Kit
4090,Health_Product_4090,2,4,13.26,5.41,PharmaCo,2029-10-16,Refrigerated,2025-10-04,Pack: 100 tabs | Strength: 650mg | Form: Tablet
4091,Health_Product_4091,2,3,299.63,142.99,VitalMeds,2028-07-06,Refrigerated,2023-01-20,Strength: 250mg / Form: Tablet / Pack: 90 tabs
4092,Health_Product_4092,9,4,298.12,184.31,MediCare,2027-10-04,Ambient,2022-03-26,Form: Kit / Pack: 30 units
4093,Health_Product_4093,4,2,21.01,7.48,BioZen,2029-08-03,Controlled,2025-09-26,Pack: 10g | Form: Cream
4094,Health_Product_4094,4,1,239.12,109.29,HealthPlus,2026-04-03,Controlled,2024-12-11,Pack: 10g | Form: Cream
4095,Health_Product_4095,5,5,85.36,50.13,LifeLine,2026-09-09,Ambient,2023-04-29,Form: Device
4096,Health_Product_4096,1,3,113.28,47.44,HealthPlus,2026-05-07,Controlled,2023-09-09,Pack: 100 tabs / Strength: 50mg / Form: Tablet
4097,Health_Product_4097,8,3,133.9,61.86,CuraMax,2026-04-09,Refrigerated,2022-01-17,Pack: 10g / Form: Cream
4098,Health_Product_4098,5,2,155.98,191.25,PharmaCo,2027-01-12,Ambient,2022-01-24,Form: Device | Warranty: 12m
4099,Health_Product_4099,3,4,51.29,25.96,LifeLine,2026-11-08,Controlled,2024-08-18,Pack: 20 caps / Strength: 500mg / Form: Capsule
4100,Health_Product_4100,1,1,121.02,47.1,LifeLine,2029-02-19,Controlled,2024-07-26,Strength: 100mg / Pack: 30 tabs
4101,Health_Product_4101,5,3,195.12,136.03,VitalMeds,2027-10-22,Refrigerated,2022-01-09,Form: Device
4102,Health_Product_4102,8,1,38.86,14.24,MediCare,2027-06-04,Controlled,2024-07-28,Pack: 30g | Form: Cream
4103,Health_Product_4103,6,1,252.77,158.59,HealthPlus,2026-06-24,Controlled,2023-06-24,Pack: 300ml / Strength: 250mg/5ml
4104,Health_Product_4104,6,2,179.93,67.73,CuraMax,2026-08-24,Controlled,2024-05-21,Pack: 300ml | Strength: 50mg/5ml | Form: Liquid
4105,Health_Product_4105,6,4,252.85,132.22,PharmaCo,2029-10-02,Ambient,2021-12-08,Pack: 300ml | Strength: 650mg/5ml | Form: Liquid
4106,Health_Product_4106,4,2,258.35,107.19,LifeLine,2027-03-31,Ambient,2023-07-05,Pack: 60g | Form: Cream
4107,Health_Product_4107,1,3,60.86,24.48,MediCare,2026-04-12,Controlled,2023-04-15,Strength: 100mg / Form: Tablet / Pack: 60 tabs
4108,Health_Product_4108,3,4,33.87,13.43,MediCare,2027-03-21,Refrigerated,2022-07-18,Pack: 60 caps | Strength: 25mg | Form: Capsule
4109,Health_Product_4109,1,5,192.23,99.48,HealthPlus,2027-06-19,Ambient,2025-11-21,Form: Tablet / Strength: 650mg / Pack: 100 tabs
4110,Health_Product_4110,4,5,177.23,95.83,BioZen,2027-03-19,Ambient,2024-04-07,Pack: 90g | Form: Cream
4111,Health_Product_4111,8,1,174.78,69.8,HealthPlus,2029-11-30,Ambient,2025-05-10,Pack: 30g | Form: Cream
4112,Health_Product_4112,7,1,76.06,54.18,HealthPlus,2027-05-23,Controlled,2023-03-01,Pack: 60g | Form: Bandage
4113,Health_Product_4113,6,4,20.95,9.33,MediCare,2030-01-08,Controlled,2023-11-10,Pack: 300ml | Strength: 25mg/5ml | Form: Liquid
4114,Health_Product_4114,8,4,78.34,40.72,VitalMeds,2026-06-13,Refrigerated,2022-10-04,Form: Cream / Pack: 20g
4115,Health_Product_4115,1,4,127.6,54.87,VitalMeds,2026-12-18,Refrigerated,2023-12-02,Pack: 90 tabs / Strength: 500mg / Form: Tablet
4116,Health_Product_4116,5,1,98.72,52.59,HealthPlus,2026-02-25,Refrigerated,2023-06-10,Form: Device | Warranty: 6m
4117,Health_Product_4117,4,1,193.64,121.94,BioZen,2028-08-13,Refrigerated,2025-07-12,Pack: 20g
4118,Health_Product_4118,7,1,155.32,84.31,BioZen,2029-12-28,Refrigerated,2022-08-23,Pack: 60g | Form: Bandage
4119,Health_Product_4119,9,3,94.99,43.29,MediCare,2028-08-30,Ambient,2022-07-28,Pack: 100 units | Form: Kit
4120,Health_Product_4120,6,4,171.15,75.63,MediCare,2029-05-16,Ambient,2025-03-13,
4121,Health_Product_4121,5,5,119.14,75.15,PharmaCo,2030-01-20,Refrigerated,2025-08-22,Warranty: 12m / Form: Device
4122,Health_Product_4122,5,3,176.8,69.61,HealthPlus,2028-03-20,Controlled,2025-09-11,Form: Device | Warranty: 12m
4123,Health_Product_4123,5,2,193.44,94.18,PharmaCo,2027-08-25,Refrigerated,2022-01-22,Form: Device | Warranty: 12m
4124,Health_Product_4124,8,2,279.28,113.4,HealthPlus,2029-03-26,Ambient,2022-02-15,Pack: 100g | Form: Cream
4125,Health_Product_4125,8,3,288.83,128.66,BioZen,2029-04-12,Refrigerated,2022-06-05,Pack: 10g / Form: Cream
4126,Health_Product_4126,9,1,90.92,36.96,HealthPlus,2026-06-16,Controlled,2024-01-08,Pack: 100 units | Form: Kit
4127,Health_Product_4127,1,5,287.08,194.67,PharmaCo,2029-03-29,Controlled,2024-09-04,Pack: 30 tabs | Strength: 50mg | Form: Tablet
4128,Health_Product_4128,3,4,136.58,161.64,BioZen,2027-03-08,Controlled,2025-08-26,Pack: 100 caps / Strength: 250mg
4129,Health_Product_4129,9,4,147.7,82.35,LifeLine,2028-12-06,Refrigerated,2023-09-25,Pack: 90 units | Form: Kit
4130,Health_Product_4130,1,4,123.73,53.58,MediCare,2028-06-23,Controlled,2025-09-06,Pack: 100 tabs / Strength: 500mg / Form: Tablet
4131,Health_Product_4131,4,4,120.77,65.07,MediCare,2028-07-04,Ambient,2024-11-17,Pack: 30g | Form: Cream
4132,Health_Product_4132,3,2,28.05,15.22,BioZen,2026-10-19,Controlled,2022-03-05,Pack: 100 caps / Strength: 25mg / Form: Capsule
4133,Health_Product_4133,5,4,194.37,110.49,VitalMeds,2028-01-24,Controlled,2024-02-01,
4134,Health_Product_4134,8,1,120.93,45.01,CuraMax,2026-08-14,Controlled,2023-12-24,Pack: 10g | Form: Cream
4135,Health_Product_4135,4,4,16.86,11.97,VitalMeds,2026-12-18,Ambient,2023-01-15,Pack: 100g | Form: Cream
4136,Health_Product_4136,7,2,71.23,37.2,HealthPlus,2029-04-17,Refrigerated,2025-06-11,Pack: 20g / Form: Bandage
4137,Health_Product_4137,1,1,267.87,185.58,HealthPlus,2029-10-26,Ambient,2023-11-17,Pack: 100 tabs | Strength: 50mg | Form: Tablet
4138,Health_Product_4138,3,1,173.74,61.44,VitalMeds,2026-11-26,Controlled,2022-12-08,Pack: 30 caps | Strength: 650mg | Form: Capsule
4139,Health_Product_4139,2,4,68.13,82.34,LifeLine,2026-12-22,Refrigerated,2024-08-07,Pack: 10 tabs / Strength: 200mg / Form: Tablet
4140,Health_Product_4140,3,4,85.73,33.3,HealthPlus,2026-09-26,Ambient,2024-02-05,
4141,Health_Product_4141,4,3,111.36,70.69,BioZen,2028-08-16,Controlled,2023-12-04,Pack: 60g / Form: Cream
4142,Health_Product_4142,4,3,120.04,56.23,PharmaCo,2029-06-28,Controlled,2022-08-04,Pack: 100g | Form: Cream
4143,Health_Product_4143,5,4,176.87,116.91,MediCare,2028-01-28,Refrigerated,2022-08-07,Form: Device | Warranty: 12m
4144,Health_Product_4144,6,5,82.38,54.2,MediCare,2029-11-09,Refrigerated,2025-03-31,Pack: 150ml | Strength: 650mg/5ml | Form: Liquid
4145,Health_Product_4145,1,4,115.47,68.95,PharmaCo,2027-04-03,Refrigerated,2025-06-27,Pack: 30 tabs | Strength: 200mg | Form: Tablet
4146,Health_Product_4146,3,2,143.57,85.62,VitalMeds,2026-11-05,Refrigerated,2023-07-18,Pack: 10 caps | Strength: 100mg | Form: Capsule
4147,Health_Product_4147,1,3,42.14,25.67,MediCare,2026-11-30,Ambient,2022-01-01,Pack: 20 tabs | Strength: 50mg | Form: Tablet
4148,Health_Product_4148,4,1,172.6,103.44,MediCare,2027-12-02,Ambient,2022-06-24,Pack: 100g | Form: Cream
4149,Health_Product_4149,1,4,169.99,83.83,MediCare,2029-09-14,Ambient,2024-07-21,Pack: 60 tabs | Strength: 100mg | Form: Tablet
4150,Health_Product_4150,1,2,7.93,4.78,PharmaCo,2028-06-18,Controlled,2024-01-20,Pack: 90 tabs / Strength: 650mg / Form: Tablet
4151,Health_Product_4151,7,2,52.84,36.04,BioZen,2027-12-18,Controlled,2024-07-18,Pack: 30g | Form: Bandage
4152,Health_Product_4152,8,1,297.04,140.52,LifeLine,2029-11-16,Refrigerated,2025-07-02,Pack: 30g / Form: Cream
4153,Health_Product_4153,7,3,35.24,24.65,MediCare,2026-12-08,Controlled,2022-07-04,Pack: 20g / Form: Bandage
4154,Health_Product_4154,5,4,154.53,54.86,BioZen,2029-08-22,Controlled,2024-12-17,Form: Device
4155,Health_Product_4155,3,3,216.69,103.83,BioZen,2026-11-10,Ambient,2022-01-13,Pack: 30 caps | Strength: 500mg | Form: Capsule
4156,Health_Product_4156,4,1,32.43,12.94,LifeLine,2028-10-10,Refrigerated,2025-03-22,Pack: 20g / Form: Cream
4157,Health_Product_4157,5,1,92.01,36.51,CuraMax,2029-03-18,Controlled,2022-07-24,Form: Device
4158,Health_Product_4158,6,3,265.29,172.89,LifeLine,2027-02-23,Refrigerated,2024-06-07,Pack: 450ml | Strength: 650mg/5ml | Form: Liquid
4159,Health_Product_4159,5,3,151.01,104.17,VitalMeds,2028-06-23,Refrigerated,2025-01-16,Form: Device | Warranty: 24m
4160,Health_Product_4160,8,4,217.45,138.68,VitalMeds,2028-08-02,Refrigerated,2023-01-27,Pack: 10g
4161,Health_Product_4161,9,3,273.97,194.89,VitalMeds,2026-01-04,Ambient,2022-08-02,Pack: 20 units
4162,Health_Product_4162,6,3,138.85,59.71,LifeLine,2026-08-22,Refrigerated,2023-06-08,Pack: 50ml | Strength: 25mg/5ml | Form: Liquid
4163,Health_Product_4163,2,1,26.56,10.68,CuraMax,2027-03-09,Refrigerated,2021-12-24,
4164,Health_Product_4164,2,4,295.7,160.46,CuraMax,2028-11-28,Refrigerated,2024-08-29,
4165,Health_Product_4165,1,3,47.67,31.31,VitalMeds,2026-04-23,Refrigerated,2025-07-02,Form: Tablet / Pack: 20 tabs / Strength: 500mg
4166,Health_Product_4166,2,2,39.59,14.44,MediCare,2027-08-19,Controlled,2023-08-01,Pack: 30 tabs | Strength: 200mg | Form: Tablet
4167,Health_Product_4167,6,2,177.45,127.47,CuraMax,2026-09-14,Controlled,2023-02-05,Pack: 500ml | Strength: 100mg/5ml | Form: Liquid
4168,Health_Product_4168,9,3,291.62,167.05,MediCare,2029-11-25,Refrigerated,2024-03-10,Pack: 100 units | Form: Kit
4169,Health_Product_4169,7,3,60.48,43.07,PharmaCo,2027-11-02,Controlled,2023-10-14,Pack: 20g / Form: Bandage
4170,Health_Product_4170,7,5,116.17,56.35,VitalMeds,2029-08-16,Controlled,2025-05-11,Pack: 30g | Form: Bandage
4171,Health_Product_4171,4,4,59.57,30.94,CuraMax,2029-08-16,Refrigerated,2024-06-07,Pack: 20g / Form: Cream
4172,Health_Product_4172,6,5,295.5,185.68,HealthPlus,2029-03-27,Refrigerated,2021-12-21,Pack: 100ml / Strength: 25mg/5ml / Form: Liquid
4173,Health_Product_4173,4,2,238.89,153.68,HealthPlus,2027-01-08,Refrigerated,2025-10-29,Pack: 90g
4174,Health_Product_4174,5,2,230.52,100.56,LifeLine,2027-04-29,Refrigerated,2025-01-17,Form: Device | Warranty: 6m
4175,Health_Product_4175,2,1,114.22,79.27,BioZen,2028-09-05,Controlled,2023-02-24,
4176,Health_Product_4176,2,5,79.96,53.65,VitalMeds,2029-09-13,Refrigerated,2025-02-13,Pack: 100 tabs | Strength: 50mg | Form: Tablet
4177,Health_Product_4177,3,4,119.5,42.63,HealthPlus,2026-10-30,Refrigerated,2024-02-18,Pack: 30 caps | Strength: 50mg | Form: Capsule
4178,Health_Product_4178,9,1,87.34,34.72,HealthPlus,2027-06-17,Refrigerated,2022-08-24,Pack: 90 units | Form: Kit
4179,Health_Product_4179,8,5,95.95,51.19,VitalMeds,2029-09-27,Controlled,2024-04-10,Pack: 60g | Form: Cream
4180,Health_Product_4180,5,3,198.19,103.17,CuraMax,2027-06-05,Controlled,2023-07-29,Warranty: 24m / Form: Device
4181,Health_Product_4181,1,4,149.63,91.59,LifeLine,2028-05-26,Controlled,2022-12-24,Pack: 60 tabs | Strength: 100mg | Form: Tablet
4182,Health_Product_4182,5,2,104.29,39.96,PharmaCo,2027-07-29,Refrigerated,2024-03-14,Form: Device | Warranty: 24m
4183,Health_Product_4183,6,3,13.52,7.96,BioZen,2029-03-16,Refrigerated,2023-12-29,Pack: 100ml | Strength: 100mg/5ml | Form: Liquid
4184,Health_Product_4184,7,5,189.32,109.44,PharmaCo,2026-05-12,Ambient,2022-06-10,
4185,Health_Product_4185,2,2,43.27,18.88,PharmaCo,2027-03-11,Controlled,2022-03-16,
4186,Health_Product_4186,7,4,28.28,15.57,BioZen,2028-09-21,Ambient,2021-12-02,Pack: 10g | Form: Bandage
4187,Health_Product_4187,9,3,56.23,24.3,HealthPlus,2027-07-09,Refrigerated,2025-10-12,Pack: 30 units / Form: Kit
4188,Health_Product_4188,9,2,22.17,8.96,MediCare,2028-02-24,Refrigerated,2021-12-29,Form: Kit / Pack: 60 units
4189,Health_Product_4189,3,3,186.02,104.55,HealthPlus,2026-12-27,Controlled,2022-02-01,
4190,Health_Product_4190,2,2,162.1,115.36,HealthPlus,2026-09-24,Ambient,2022-01-15,Strength: 250mg / Pack: 90 tabs / Form: Tablet
4191,Health_Product_4191,8,2,111.6,48.84,HealthPlus,2026-10-04,Ambient,2022-11-01,Pack: 30g | Form: Cream
4192,Health_Product_4192,9,4,95.8,46.13,VitalMeds,2026-06-18,Controlled,2025-04-17,Pack: 100 units / Form: Kit
4193,Health_Product_4193,7,5,177.26,78.87,VitalMeds,2027-07-07,Ambient,2022-01-03,Pack: 10g | Form: Bandage
4194,Health_Product_4194,7,5,263.15,118.05,VitalMeds,2026-03-29,Refrigerated,2025-08-11,Pack: 90g | Form: Bandage
4195,Health_Product_4195,1,5,183.55,91.69,HealthPlus,2026-08-28,Refrigerated,2023-10-02,Form: Tablet / Strength: 250mg / Pack: 30 tabs
4196,Health_Product_4196,5,4,237.54,144.82,VitalMeds,2028-06-01,Ambient,2022-06-29,
4197,Health_Product_4197,8,3,142.05,51.76,LifeLine,2027-09-19,Controlled,2025-07-01,Pack: 30g | Form: Cream
4198,Health_Product_4198,9,2,113.2,79.71,PharmaCo,2027-06-13,Refrigerated,2024-07-10,Pack: 100 units | Form: Kit
4199,Health_Product_4199,3,2,246.88,90.64,MediCare,2026-10-28,Controlled,2022-09-15,Pack: 30 caps | Strength: 650mg | Form: Capsule
4200,Health_Product_4200,9,2,92.05,62.23,LifeLine,2027-01-23,Ambient,2023-11-18,Pack: 20 units | Form: Kit
4201,Health_Product_4201,7,1,155.8,106.09,MediCare,2027-02-03,Controlled,2025-08-11,Pack: 30g | Form: Bandage
4202,Health_Product_4202,5,1,291.05,158.35,HealthPlus,2027-04-25,Controlled,2023-05-06,Form: Device | Warranty: 12m
4203,Health_Product_4203,4,1,66.29,26.56,LifeLine,2027-11-16,Ambient,2023-01-03,Pack: 100g | Form: Cream
4204,Health_Product_4204,9,2,83.16,46.5,PharmaCo,2029-05-29,Controlled,2022-06-19,Pack: 30 units | Form: Kit
4205,Health_Product_4205,2,3,29.88,17.41,CuraMax,2029-05-10,Ambient,2022-10-14,Pack: 90 tabs | Strength: 50mg | Form: Tablet
4206,Health_Product_4206,1,1,190.35,127.03,MediCare,2027-10-08,Ambient,2025-05-04,Pack: 20 tabs | Strength: 500mg | Form: Tablet
4207,Health_Product_4207,5,5,259.71,143.84,HealthPlus,2026-02-21,Refrigerated,2022-02-03,Form: Device
4208,Health_Product_4208,5,3,240.62,120.78,MediCare,2028-02-12,Ambient,2023-02-18,Form: Device / Warranty: 12m
4209,Health_Product_4209,7,2,129.52,85.5,MediCare,2026-12-12,Ambient,2024-07-29,Pack: 90g | Form: Bandage
4210,Health_Product_4210,1,1,241.24,171.99,VitalMeds,2026-01-05,Refrigerated,2025-03-05,Pack: 10 tabs | Strength: 650mg | Form: Tablet
4211,Health_Product_4211,6,3,141.7,83.42,LifeLine,2029-11-30,Controlled,2022-09-13,Pack: 150ml | Strength: 25mg/5ml | Form: Liquid
4212,Health_Product_4212,7,2,163.79,110.32,BioZen,2028-09-26,Controlled,2024-10-30,Pack: 10g | Form: Bandage
4213,Health_Product_4213,8,1,13.84,7.91,BioZen,2026-01-28,Refrigerated,2025-02-03,Pack: 20g | Form: Cream
4214,Health_Product_4214,6,4,145.65,88.15,MediCare,2027-12-28,Ambient,2022-12-23,Pack: 50ml | Strength: 25mg/5ml | Form: Liquid
4215,Health_Product_4215,9,2,237.07,143.34,VitalMeds,2027-06-20,Ambient,2023-09-21,Pack: 90 units | Form: Kit
4216,Health_Product_4216,3,5,289.68,176.93,LifeLine,2026-12-26,Refrigerated,2023-06-30,Pack: 100 caps / Strength: 250mg
4217,Health_Product_4217,6,3,93.78,43.96,VitalMeds,2029-09-27,Controlled,2025-06-06,Pack: 150ml | Strength: 200mg/5ml | Form: Liquid
4218,Health_Product_4218,7,1,130.28,73.35,PharmaCo,2028-03-22,Refrigerated,2025-03-15,Pack: 10g | Form: Bandage
4219,Health_Product_4219,8,3,6.09,3.47,PharmaCo,2027-06-24,Refrigerated,2021-11-21,Pack: 10g | Form: Cream
4220,Health_Product_4220,7,3,47.37,22.1,CuraMax,2029-03-14,Ambient,2024-05-14,Pack: 90g | Form: Bandage
4221,Health_Product_4221,5,1,175.03,83.92,CuraMax,2028-10-31,Refrigerated,2022-11-11,Form: Device | Warranty: 24m
4222,Health_Product_4222,6,5,269.15,170.11,HealthPlus,2027-04-21,Ambient,2025-10-05,Pack: 500ml / Strength: 500mg/5ml / Form: Liquid
4223,Health_Product_4223,2,5,273.37,154.62,LifeLine,2028-02-22,Refrigerated,2023-01-07,Pack: 60 tabs | Strength: 200mg | Form: Tablet
4224,Health_Product_4224,2,4,88.62,35.91,PharmaCo,2027-07-14,Controlled,2024-11-28,Pack: 20 tabs | Strength: 50mg | Form: Tablet
4225,Health_Product_4225,2,2,23.11,15.25,HealthPlus,2026-03-20,Controlled,2022-09-23,Form: Tablet / Strength: 25mg / Pack: 20 tabs
4226,Health_Product_4226,5,2,16.07,10.88,VitalMeds,2029-04-08,Refrigerated,2023-08-12,Form: Device | Warranty: 6m
4227,Health_Product_4227,6,3,245.05,128.03,CuraMax,2028-11-12,Controlled,2022-06-27,Pack: 450ml | Strength: 650mg/5ml | Form: Liquid
4228,Health_Product_4228,8,4,204.28,87.29,LifeLine,2027-01-22,Refrigerated,2022-05-10,Pack: 20g / Form: Cream
4229,Health_Product_4229,4,2,279.06,195.51,LifeLine,2028-09-27,Refrigerated,2023-03-24,Pack: 100g | Form: Cream
4230,Health_Product_4230,3,3,180.26,121.94,CuraMax,2026-10-08,Ambient,2025-06-26,Pack: 90 caps | Strength: 250mg | Form: Capsule
4231,Health_Product_4231,1,4,208.48,91.82,VitalMeds,2026-06-10,Controlled,2024-02-18,Pack: 10 tabs / Strength: 100mg / Form: Tablet
4232,Health_Product_4232,9,2,265.77,102.42,LifeLine,2029-01-31,Refrigerated,2022-08-07,Pack: 100 units / Form: Kit
4233,Health_Product_4233,2,4,169.21,86.81,CuraMax,2027-12-11,Refrigerated,2023-10-30,Pack: 30 tabs | Strength: 25mg | Form: Tablet
4234,Health_Product_4234,8,3,264.32,158.66,BioZen,2027-06-09,Refrigerated,2023-04-04,Form: Cream / Pack: 60g
4235,Health_Product_4235,3,2,114.02,47.31,VitalMeds,2029-05-20,Refrigerated,2025-07-14,Pack: 10 caps / Strength: 50mg / Form: Capsule
4236,Health_Product_4236,9,3,63.0,34.01,HealthPlus,2029-12-26,Ambient,2022-11-21,Pack: 100 units / Form: Kit
4237,Health_Product_4237,3,2,199.43,101.19,PharmaCo,2026-09-23,Controlled,2024-08-04,Pack: 30 caps | Strength: 500mg | Form: Capsule
4238,Health_Product_4238,2,5,278.2,189.04,MediCare,2026-07-29,Controlled,2024-10-18,Pack: 30 tabs | Strength: 200mg | Form: Tablet
4239,Health_Product_4239,2,5,112.01,57.01,LifeLine,2027-09-22,Controlled,2025-08-02,
4240,Health_Product_4240,8,4,161.7,88.53,PharmaCo,2026-05-08,Ambient,2024-05-22,Pack: 10g | Form: Cream
4241,Health_Product_4241,5,2,70.31,49.46,PharmaCo,2027-10-13,Ambient,2022-10-27,Form: Device | Warranty: 24m
4242,Health_Product_4242,7,3,30.94,14.26,VitalMeds,2027-10-13,Refrigerated,2025-04-14,Pack: 60g | Form: Bandage
4243,Health_Product_4243,3,1,133.4,60.95,BioZen,2027-09-19,Controlled,2023-06-21,Pack: 30 caps / Form: Capsule / Strength: 250mg
4244,Health_Product_4244,7,4,8.07,5.21,MediCare,2028-01-14,Refrigerated,2022-11-23,Pack: 100g | Form: Bandage
4245,Health_Product_4245,4,3,233.11,105.53,BioZen,2029-01-27,Refrigerated,2025-08-08,Pack: 20g | Form: Cream
4246,Health_Product_4246,1,4,245.11,161.23,LifeLine,2029-04-25,Controlled,2023-06-13,Pack: 30 tabs | Strength: 650mg | Form: Tablet
4247,Health_Product_4247,6,2,69.3,26.7,CuraMax,2029-12-09,Controlled,2024-11-09,Pack: 500ml | Strength: 25mg/5ml | Form: Liquid
4248,Health_Product_4248,8,2,45.02,17.61,HealthPlus,2028-08-25,Controlled,2025-08-14,Pack: 90g | Form: Cream
4249,Health_Product_4249,9,4,60.55,41.39,PharmaCo,2029-07-12,Controlled,2022-05-23,Pack: 100 units | Form: Kit
4250,Health_Product_4250,6,4,67.08,75.98,HealthPlus,2027-09-11,Refrigerated,2023-06-16,
4251,Health_Product_4251,3,4,210.41,129.6,BioZen,2026-09-26,Ambient,2022-08-08,Pack: 90 caps | Strength: 50mg | Form: Capsule
4252,Health_Product_4252,6,5,91.39,39.6,CuraMax,2027-08-21,Ambient,2023-01-15,Pack: 500ml / Form: Liquid / Strength: 200mg/5ml
4253,Health_Product_4253,9,4,273.71,112.64,BioZen,2028-12-11,Ambient,2023-04-05,Pack: 90 units | Form: Kit
4254,Health_Product_4254,7,5,54.34,35.81,HealthPlus,2028-09-11,Controlled,2024-04-13,Pack: 90g | Form: Bandage
4255,Health_Product_4255,9,4,162.81,78.59,LifeLine,2029-05-13,Ambient,2023-09-25,Pack: 90 units | Form: Kit
4256,Health_Product_4256,1,4,202.68,105.06,MediCare,2026-01-09,Ambient,2024-08-14,Pack: 10 tabs | Strength: 250mg | Form: Tablet
4257,Health_Product_4257,4,5,241.69,87.09,CuraMax,2027-09-16,Ambient,2022-01-28,Pack: 30g / Form: Cream
4258,Health_Product_4258,6,1,197.16,97.16,MediCare,2028-07-14,Controlled,2022-09-09,Pack: 500ml / Strength: 500mg/5ml
4259,Health_Product_4259,7,3,252.77,160.52,MediCare,2029-01-09,Refrigerated,2022-04-02,Pack: 20g / Form: Bandage
4260,Health_Product_4260,2,2,80.05,52.34,VitalMeds,2026-01-22,Refrigerated,2024-07-12,Pack: 20 tabs | Strength: 100mg | Form: Tablet
4261,Health_Product_4261,3,2,266.45,162.15,LifeLine,2028-03-07,Controlled,2023-01-06,Pack: 100 caps | Strength: 500mg | Form: Capsule
4262,Health_Product_4262,6,4,234.9,142.37,CuraMax,2026-02-02,Ambient,2024-04-23,Pack: 100ml | Strength: 650mg/5ml | Form: Liquid
4263,Health_Product_4263,7,2,110.99,59.64,BioZen,2029-10-30,Ambient,2023-05-07,Pack: 100g | Form: Bandage
4264,Health_Product_4264,9,3,25.72,14.12,LifeLine,2027-12-22,Refrigerated,2025-12-05,Pack: 20 units | Form: Kit
4265,Health_Product_4265,5,4,226.0,141.2,LifeLine,2029-02-20,Controlled,2025-01-21,Form: Device | Warranty: 24m
4266,Health_Product_4266,9,1,252.22,111.36,LifeLine,2026-08-10,Controlled,2025-02-15,Pack: 90 units | Form: Kit
4267,Health_Product_4267,2,2,90.99,39.64,PharmaCo,2029-08-15,Ambient,2025-11-19,Pack: 10 tabs | Strength: 50mg | Form: Tablet
4268,Health_Product_4268,6,2,106.32,74.58,BioZen,2026-01-26,Refrigerated,2024-09-05,Pack: 500ml | Strength: 25mg/5ml | Form: Liquid
4269,Health_Product_4269,1,4,234.46,84.46,PharmaCo,2029-06-18,Controlled,2025-10-02,Pack: 10 tabs | Strength: 650mg | Form: Tablet
4270,Health_Product_4270,5,2,198.43,79.69,HealthPlus,2026-07-29,Ambient,2025-03-22,Form: Device | Warranty: 6m
4271,Health_Product_4271,5,5,143.94,80.75,LifeLine,2029-08-04,Ambient,2023-07-01,Form: Device | Warranty: 12m
4272,Health_Product_4272,3,2,48.45,61.06,CuraMax,2026-12-23,Ambient,2022-11-06,Pack: 10 caps | Strength: 100mg | Form: Capsule
4273,Health_Product_4273,4,3,102.84,56.46,HealthPlus,2026-06-16,Ambient,2024-11-19,Pack: 10g | Form: Cream
4274,Health_Product_4274,9,5,109.33,52.63,BioZen,2027-02-07,Ambient,2023-04-18,Pack: 10 units | Form: Kit
4275,Health_Product_4275,9,4,5.88,4.19,CuraMax,2029-02-05,Ambient,2025-07-18,Pack: 30 units / Form: Kit
4276,Health_Product_4276,3,5,46.57,28.43,LifeLine,2028-05-28,Controlled,2023-09-30,Pack: 30 caps | Strength: 250mg | Form: Capsule
4277,Health_Product_4277,1,5,254.96,167.67,LifeLine,2027-02-02,Refrigerated,2024-08-08,Pack: 30 tabs / Strength: 50mg / Form: Tablet
4278,Health_Product_4278,4,4,194.45,70.95,MediCare,2028-01-27,Ambient,2022-10-27,Pack: 100g / Form: Cream
4279,Health_Product_4279,1,5,33.29,14.56,CuraMax,2026-04-18,Refrigerated,2022-09-04,Pack: 10 tabs | Strength: 50mg | Form: Tablet
4280,Health_Product_4280,2,2,149.75,73.14,VitalMeds,2028-12-01,Controlled,2024-12-03,Pack: 60 tabs | Strength: 500mg | Form: Tablet
4281,Health_Product_4281,6,2,139.99,58.45,LifeLine,2029-05-29,Refrigerated,2025-01-26,Pack: 450ml | Strength: 650mg/5ml | Form: Liquid
4282,Health_Product_4282,1,3,121.26,45.71,HealthPlus,2028-12-18,Controlled,2023-06-24,Pack: 30 tabs | Strength: 50mg | Form: Tablet
4283,Health_Product_4283,2,5,238.94,103.53,VitalMeds,2026-08-29,Ambient,2025-04-07,Pack: 100 tabs / Strength: 50mg / Form: Tablet
4284,Health_Product_4284,4,4,236.93,129.71,MediCare,2027-07-28,Refrigerated,2023-06-03,Pack: 100g | Form: Cream
4285,Health_Product_4285,4,1,163.28,99.18,CuraMax,2027-02-22,Refrigerated,2024-07-13,Pack: 30g | Form: Cream
4286,Health_Product_4286,8,5,115.74,73.66,VitalMeds,2028-10-11,Refrigerated,2022-01-05,Pack: 60g / Form: Cream
4287,Health_Product_4287,9,1,46.35,16.96,VitalMeds,2027-04-20,Ambient,2024-07-14,
4288,Health_Product_4288,5,3,126.74,64.43,MediCare,2028-10-17,Ambient,2022-10-23,Warranty: 12m / Form: Device
4289,Health_Product_4289,3,2,162.3,64.14,HealthPlus,2026-12-24,Ambient,2025-11-17,Pack: 100 caps | Strength: 250mg | Form: Capsule
4290,Health_Product_4290,5,2,95.36,48.59,BioZen,2026-01-24,Refrigerated,2025-03-06,Form: Device
4291,Health_Product_4291,9,2,201.49,102.87,VitalMeds,2026-10-23,Refrigerated,2023-05-20,Form: Kit / Pack: 20 units
4292,Health_Product_4292,7,1,207.77,111.02,MediCare,2026-05-01,Ambient,2022-03-04,Pack: 100g | Form: Bandage
4293,Health_Product_4293,8,4,180.83,123.03,LifeLine,2029-05-19,Ambient,2023-08-18,Pack: 60g / Form: Cream
4294,Health_Product_4294,8,2,235.35,152.48,PharmaCo,2026-09-22,Refrigerated,2023-07-17,
4295,Health_Product_4295,1,3,46.13,27.01,HealthPlus,2027-03-12,Controlled,2022-12-19,Pack: 60 tabs | Strength: 100mg | Form: Tablet
4296,Health_Product_4296,5,1,34.96,23.69,PharmaCo,2027-12-13,Controlled,2025-02-04,Form: Device | Warranty: 6m
4297,Health_Product_4297,3,3,46.02,27.66,BioZen,2026-09-23,Ambient,2023-02-16,Form: Capsule / Strength: 100mg / Pack: 60 caps
4298,Health_Product_4298,3,3,249.3,283.43,PharmaCo,2026-12-26,Controlled,2022-11-17,Pack: 60 caps | Strength: 50mg | Form: Capsule
4299,Health_Product_4299,8,1,298.37,166.67,MediCare,2027-05-13,Refrigerated,2025-06-20,Pack: 30g | Form: Cream
4300,Health_Product_4300,7,1,175.0,95.26,CuraMax,2029-10-06,Refrigerated,2024-08-04,Pack: 60g | Form: Bandage
4301,Health_Product_4301,8,5,94.17,58.19,CuraMax,2026-12-02,Ambient,2025-10-24,Pack: 20g | Form: Cream
4302,Health_Product_4302,7,3,127.35,45.5,LifeLine,2027-01-18,Ambient,2024-05-06,Form: Bandage / Pack: 90g
4303,Health_Product_4303,3,1,112.61,68.18,PharmaCo,2027-01-02,Controlled,2022-01-27,Pack: 100 caps | Strength: 500mg | Form: Capsule
4304,Health_Product_4304,4,2,59.34,41.29,CuraMax,2026-11-27,Ambient,2025-11-20,Pack: 30g | Form: Cream
4305,Health_Product_4305,6,2,27.53,16.91,CuraMax,2028-09-29,Refrigerated,2025-09-23,
4306,Health_Product_4306,4,5,88.64,32.23,CuraMax,2026-10-28,Ambient,2022-12-24,Pack: 10g / Form: Cream
4307,Health_Product_4307,4,5,293.29,143.66,VitalMeds,2028-07-18,Ambient,2023-05-23,
4308,Health_Product_4308,2,1,56.69,36.82,BioZen,2026-09-07,Refrigerated,2022-08-29,Pack: 10 tabs / Strength: 200mg / Form: Tablet
4309,Health_Product_4309,6,4,86.17,101.23,PharmaCo,2026-10-06,Refrigerated,2024-09-13,Pack: 450ml / Strength: 50mg/5ml / Form: Liquid
4310,Health_Product_4310,1,3,26.38,12.85,CuraMax,2028-05-10,Controlled,2024-10-20,Pack: 20 tabs / Strength: 100mg / Form: Tablet
4311,Health_Product_4311,9,1,76.57,50.63,PharmaCo,2029-06-21,Controlled,2024-10-24,
4312,Health_Product_4312,1,3,152.45,102.08,PharmaCo,2028-01-06,Ambient,2022-10-03,Pack: 90 tabs | Strength: 100mg | Form: Tablet
4313,Health_Product_4313,7,2,58.04,22.96,VitalMeds,2027-06-10,Ambient,2025-09-19,Pack: 10g / Form: Bandage
4314,Health_Product_4314,2,5,154.25,102.26,PharmaCo,2029-10-02,Ambient,2021-11-25,Pack: 90 tabs | Strength: 200mg | Form: Tablet
4315,Health_Product_4315,5,3,179.55,84.38,VitalMeds,2028-10-31,Refrigerated,2023-08-24,Form: Device | Warranty: 12m
4316,Health_Product_4316,2,2,40.27,51.39,LifeLine,2026-10-01,Controlled,2023-02-15,Pack: 30 tabs / Strength: 25mg / Form: Tablet
4317,Health_Product_4317,1,3,270.53,148.63,HealthPlus,2027-09-11,Refrigerated,2024-01-19,
4318,Health_Product_4318,7,5,260.57,155.13,LifeLine,2029-03-31,Controlled,2023-03-26,Pack: 90g | Form: Bandage
4319,Health_Product_4319,8,2,54.34,33.91,LifeLine,2027-12-30,Refrigerated,2023-11-04,Pack: 100g / Form: Cream
4320,Health_Product_4320,4,2,81.65,41.9,CuraMax,2029-09-27,Refrigerated,2025-06-28,Pack: 100g | Form: Cream
4321,Health_Product_4321,8,5,191.11,207.25,BioZen,2026-10-17,Controlled,2024-12-11,Pack: 100g | Form: Cream
4322,Health_Product_4322,1,4,74.96,48.69,PharmaCo,2027-06-11,Refrigerated,2025-06-09,Pack: 100 tabs | Strength: 250mg | Form: Tablet
4323,Health_Product_4323,7,1,133.58,85.57,MediCare,2027-12-14,Refrigerated,2023-12-14,Pack: 20g | Form: Bandage
4324,Health_Product_4324,3,5,163.37,178.65,PharmaCo,2026-10-31,Refrigerated,2024-10-23,Pack: 30 caps | Strength: 250mg | Form: Capsule
4325,Health_Product_4325,8,1,112.02,40.76,PharmaCo,2028-02-21,Refrigerated,2022-05-09,
4326,Health_Product_4326,9,5,171.58,91.3,CuraMax,2028-01-17,Refrigerated,2024-12-05,Pack: 90 units | Form: Kit
4327,Health_Product_4327,6,1,290.19,198.03,HealthPlus,2028-06-22,Refrigerated,2022-01-02,Form: Liquid / Pack: 450ml / Strength: 250mg/5ml
4328,Health_Product_4328,2,4,81.0,34.06,PharmaCo,2028-08-27,Controlled,2023-12-04,Pack: 90 tabs | Strength: 100mg | Form: Tablet
4329,Health_Product_4329,8,3,266.9,190.45,PharmaCo,2028-10-15,Ambient,2024-08-20,Pack: 30g / Form: Cream
4330,Health_Product_4330,4,5,64.84,42.07,CuraMax,2028-05-03,Ambient,2025-06-29,Pack: 20g | Form: Cream
4331,Health_Product_4331,1,5,93.3,57.16,LifeLine,2029-10-12,Controlled,2025-03-04,Pack: 20 tabs | Strength: 200mg | Form: Tablet
4332,Health_Product_4332,6,2,119.85,71.98,LifeLine,2026-01-07,Controlled,2023-10-25,Pack: 100ml | Strength: 500mg/5ml | Form: Liquid
4333,Health_Product_4333,8,4,37.39,21.21,LifeLine,2028-12-04,Refrigerated,2022-10-24,Pack: 60g | Form: Cream
4334,Health_Product_4334,1,5,243.26,150.01,PharmaCo,2029-12-14,Refrigerated,2025-08-15,Pack: 20 tabs | Strength: 500mg | Form: Tablet
4335,Health_Product_4335,2,4,47.19,23.88,VitalMeds,2027-01-31,Refrigerated,2021-11-23,Strength: 100mg / Pack: 30 tabs
4336,Health_Product_4336,3,2,202.78,134.39,BioZen,2026-12-11,Ambient,2022-11-27,Strength: 25mg / Pack: 90 caps
4337,Health_Product_4337,7,3,8.28,5.03,CuraMax,2029-07-14,Refrigerated,2025-11-11,Pack: 30g / Form: Bandage
4338,Health_Product_4338,5,3,60.66,38.54,VitalMeds,2028-01-26,Controlled,2025-01-28,Form: Device / Warranty: 12m
4339,Health_Product_4339,2,3,116.58,129.07,LifeLine,2026-09-29,Refrigerated,2024-01-20,Pack: 20 tabs | Strength: 25mg | Form: Tablet
4340,Health_Product_4340,5,2,139.94,53.75,MediCare,2026-05-28,Refrigerated,2021-12-05,Form: Device | Warranty: 6m
4341,Health_Product_4341,5,4,163.1,60.44,CuraMax,2027-09-16,Refrigerated,2023-07-16,Form: Device / Warranty: 12m
4342,Health_Product_4342,8,2,28.07,18.14,HealthPlus,2027-07-29,Refrigerated,2025-02-25,Pack: 60g | Form: Cream
4343,Health_Product_4343,5,1,11.33,5.05,BioZen,2027-11-20,Controlled,2023-11-17,Warranty: 6m / Form: Device
4344,Health_Product_4344,2,2,64.11,76.71,HealthPlus,2027-08-06,Ambient,2022-05-30,Pack: 20 tabs / Strength: 25mg / Form: Tablet
4345,Health_Product_4345,7,4,261.81,134.62,BioZen,2027-05-29,Ambient,2023-08-01,
4346,Health_Product_4346,9,4,52.27,64.49,VitalMeds,2026-11-26,Refrigerated,2025-09-14,Pack: 30 units / Form: Kit
4347,Health_Product_4347,3,1,170.81,62.33,BioZen,2026-12-16,Ambient,2023-04-09,Pack: 30 caps | Strength: 50mg | Form: Capsule
4348,Health_Product_4348,3,3,103.07,67.62,PharmaCo,2026-12-19,Refrigerated,2025-12-09,Pack: 100 caps | Strength: 100mg | Form: Capsule
4349,Health_Product_4349,8,3,117.92,67.79,LifeLine,2028-03-13,Controlled,2025-05-06,Pack: 100g | Form: Cream
4350,Health_Product_4350,5,5,291.72,158.64,LifeLine,2029-02-21,Controlled,2023-07-29,Form: Device | Warranty: 6m
4351,Health_Product_4351,9,1,63.29,44.27,HealthPlus,2026-08-21,Ambient,2023-09-30,Form: Kit / Pack: 30 units
4352,Health_Product_4352,1,4,85.98,35.6,CuraMax,2027-11-16,Ambient,2025-01-22,Pack: 10 tabs | Strength: 25mg | Form: Tablet
4353,Health_Product_4353,1,5,51.2,22.81,VitalMeds,2028-09-24,Refrigerated,2025-10-05,Pack: 90 tabs | Strength: 250mg | Form: Tablet
4354,Health_Product_4354,9,4,279.33,175.98,PharmaCo,2026-07-29,Ambient,2021-11-25,Pack: 10 units | Form: Kit
4355,Health_Product_4355,1,2,193.78,215.35,CuraMax,2026-10-17,Ambient,2022-03-17,Pack: 90 tabs / Strength: 25mg / Form: Tablet
4356,Health_Product_4356,2,2,147.87,73.91,BioZen,2026-06-15,Ambient,2025-01-16,
4357,Health_Product_4357,7,1,68.1,47.8,LifeLine,2026-07-16,Controlled,2023-05-07,Pack: 20g / Form: Bandage
4358,Health_Product_4358,7,4,178.31,124.31,CuraMax,2029-07-15,Refrigerated,2023-07-04,Pack: 60g | Form: Bandage
4359,Health_Product_4359,1,3,43.92,15.57,MediCare,2027-11-14,Ambient,2024-12-01,Pack: 30 tabs | Strength: 500mg | Form: Tablet
4360,Health_Product_4360,8,3,75.1,31.07,PharmaCo,2026-11-10,Controlled,2022-09-07,Form: Cream / Pack: 30g
4361,Health_Product_4361,3,1,214.22,139.99,PharmaCo,2026-12-16,Ambient,2024-09-23,Pack: 20 caps | Strength: 250mg | Form: Capsule
4362,Health_Product_4362,5,2,108.42,51.39,CuraMax,2025-12-29,Ambient,2023-09-04,Form: Device | Warranty: 12m
4363,Health_Product_4363,4,3,278.22,107.2,PharmaCo,2026-06-09,Ambient,2024-04-25,Form: Cream / Pack: 30g
4364,Health_Product_4364,5,3,251.79,161.26,MediCare,2026-09-07,Controlled,2021-12-24,Form: Device | Warranty: 6m
4365,Health_Product_4365,7,4,191.97,99.48,BioZen,2028-05-13,Refrigerated,2024-06-07,Pack: 90g / Form: Bandage
4366,Health_Product_4366,9,4,218.46,116.26,MediCare,2029-09-09,Refrigerated,2024-08-21,Pack: 20 units / Form: Kit
4367,Health_Product_4367,4,5,87.4,92.41,MediCare,2026-09-29,Refrigerated,2023-09-27,Pack: 60g | Form: Cream
4368,Health_Product_4368,1,5,28.62,31.33,CuraMax,2026-10-11,Ambient,2025-09-05,Pack: 10 tabs / Strength: 25mg / Form: Tablet
4369,Health_Product_4369,4,4,56.27,31.17,VitalMeds,2026-06-11,Controlled,2025-01-14,Pack: 30g | Form: Cream
4370,Health_Product_4370,9,1,241.1,102.82,BioZen,2026-01-24,Refrigerated,2025-02-15,Pack: 20 units / Form: Kit
4371,Health_Product_4371,6,3,281.55,134.0,MediCare,2028-04-11,Refrigerated,2022-03-05,Pack: 50ml / Strength: 650mg/5ml
4372,Health_Product_4372,1,2,230.22,131.42,HealthPlus,2026-12-28,Refrigerated,2024-04-30,Pack: 60 tabs / Strength: 200mg / Form: Tablet
4373,Health_Product_4373,7,2,31.76,21.98,CuraMax,2028-05-05,Ambient,2025-05-08,Pack: 90g | Form: Bandage
4374,Health_Product_4374,2,3,22.67,15.65,LifeLine,2029-06-08,Ambient,2023-02-10,Pack: 60 tabs | Strength: 650mg | Form: Tablet
4375,Health_Product_4375,3,3,162.5,74.19,LifeLine,2026-12-21,Ambient,2025-04-08,Pack: 100 caps | Strength: 500mg | Form: Capsule
4376,Health_Product_4376,1,4,211.53,131.61,PharmaCo,2028-01-20,Ambient,2025-08-01,
4377,Health_Product_4377,1,1,72.14,45.95,CuraMax,2029-03-20,Controlled,2024-11-14,Pack: 10 tabs | Strength: 50mg | Form: Tablet
4378,Health_Product_4378,5,5,178.28,115.75,BioZen,2029-08-12,Ambient,2021-11-30,Form: Device | Warranty: 12m
4379,Health_Product_4379,5,4,203.29,114.08,MediCare,2026-11-28,Controlled,2023-05-08,Form: Device
4380,Health_Product_4380,6,5,288.08,101.95,MediCare,2028-08-31,Controlled,2023-09-10,Pack: 500ml | Strength: 500mg/5ml | Form: Liquid
4381,Health_Product_4381,1,3,120.12,75.89,HealthPlus,2027-06-18,Refrigerated,2022-07-30,Pack: 60 tabs | Strength: 25mg | Form: Tablet
4382,Health_Product_4382,9,2,188.98,73.6,HealthPlus,2028-11-04,Controlled,2024-08-14,Pack: 60 units | Form: Kit
4383,Health_Product_4383,6,5,121.14,47.64,BioZen,2029-01-05,Ambient,2024-03-31,Pack: 50ml | Strength: 250mg/5ml | Form: Liquid
4384,Health_Product_4384,1,1,173.26,99.47,MediCare,2027-09-21,Controlled,2022-02-15,Pack: 20 tabs | Strength: 25mg | Form: Tablet
4385,Health_Product_4385,2,5,224.5,160.27,MediCare,2027-06-10,Controlled,2023-05-01,
4386,Health_Product_4386,9,5,130.06,57.19,BioZen,2028-10-04,Ambient,2025-08-20,Pack: 20 units | Form: Kit
4387,Health_Product_4387,3,2,175.47,103.34,HealthPlus,2026-11-14,Ambient,2025-09-30,Pack: 60 caps | Strength: 650mg | Form: Capsule
4388,Health_Product_4388,9,3,255.69,118.22,PharmaCo,2028-08-04,Ambient,2024-07-09,Pack: 60 units | Form: Kit
4389,Health_Product_4389,6,5,119.29,81.42,HealthPlus,2028-05-15,Refrigerated,2022-01-16,Pack: 150ml | Strength: 50mg/5ml | Form: Liquid
4390,Health_Product_4390,7,4,212.2,120.87,PharmaCo,2027-12-17,Ambient,2023-04-06,Pack: 30g | Form: Bandage
4391,Health_Product_4391,2,1,186.99,79.8,VitalMeds,2028-08-28,Refrigerated,2021-12-14,Pack: 90 tabs | Strength: 200mg | Form: Tablet
4392,Health_Product_4392,1,3,165.71,74.07,BioZen,2027-02-20,Ambient,2024-08-21,Pack: 90 tabs | Strength: 650mg | Form: Tablet
4393,Health_Product_4393,5,3,264.52,134.91,LifeLine,2028-12-31,Controlled,2025-05-09,
4394,Health_Product_4394,7,1,96.82,38.26,CuraMax,2029-11-20,Ambient,2023-11-13,Pack: 30g | Form: Bandage
4395,Health_Product_4395,3,1,44.9,17.02,PharmaCo,2026-11-21,Ambient,2023-11-21,Strength: 25mg / Pack: 10 caps / Form: Capsule
4396,Health_Product_4396,9,3,104.75,63.02,BioZen,2027-12-05,Controlled,2024-01-12,Pack: 60 units | Form: Kit
4397,Health_Product_4397,4,3,171.56,85.89,HealthPlus,2028-03-16,Ambient,2022-08-30,Form: Cream / Pack: 90g
4398,Health_Product_4398,7,2,45.13,27.92,VitalMeds,2027-01-06,Refrigerated,2025-10-12,Pack: 90g | Form: Bandage
4399,Health_Product_4399,2,3,275.91,107.8,LifeLine,2027-05-10,Refrigerated,2024-04-02,Pack: 60 tabs | Strength: 200mg | Form: Tablet
4400,Health_Product_4400,6,4,34.3,19.74,BioZen,2029-02-08,Refrigerated,2024-10-29,Pack: 450ml | Strength: 250mg/5ml | Form: Liquid
4401,Health_Product_4401,8,2,288.3,148.19,PharmaCo,2027-09-21,Refrigerated,2023-03-10,Pack: 60g | Form: Cream
4402,Health_Product_4402,6,5,224.79,83.5,VitalMeds,2027-10-05,Refrigerated,2025-05-31,Pack: 300ml / Strength: 500mg/5ml / Form: Liquid
4403,Health_Product_4403,2,3,20.25,11.17,LifeLine,2028-05-25,Controlled,2025-10-21,Pack: 30 tabs | Strength: 650mg | Form: Tablet
4404,Health_Product_4404,3,2,222.63,84.74,BioZen,2026-02-21,Controlled,2024-09-24,Pack: 20 caps | Strength: 100mg | Form: Capsule
4405,Health_Product_4405,8,2,191.62,125.75,CuraMax,2028-05-22,Ambient,2022-10-28,Pack: 10g | Form: Cream
4406,Health_Product_4406,5,1,59.02,74.28,MediCare,2027-01-05,Controlled,2023-04-27,Form: Device | Warranty: 12m
4407,Health_Product_4407,3,3,166.48,92.58,VitalMeds,2027-01-04,Controlled,2023-12-14,Pack: 20 caps / Strength: 25mg / Form: Capsule
4408,Health_Product_4408,1,5,70.88,28.31,CuraMax,2028-11-13,Controlled,2024-05-10,
4409,Health_Product_4409,8,5,124.27,56.71,HealthPlus,2029-07-01,Refrigerated,2023-05-10,Pack: 10g | Form: Cream
4410,Health_Product_4410,3,2,156.78,83.46,PharmaCo,2026-12-05,Ambient,2022-04-26,Pack: 90 caps / Strength: 50mg / Form: Capsule
4411,Health_Product_4411,7,1,42.59,24.89,CuraMax,2027-02-24,Ambient,2022-09-17,Pack: 30g / Form: Bandage
4412,Health_Product_4412,9,2,283.73,118.54,BioZen,2027-02-22,Ambient,2023-06-18,Pack: 20 units
4413,Health_Product_4413,7,5,91.62,32.37,VitalMeds,2026-06-06,Controlled,2024-01-18,Pack: 30g | Form: Bandage
4414,Health_Product_4414,4,4,157.22,75.08,VitalMeds,2029-01-18,Controlled,2023-02-09,Pack: 60g
4415,Health_Product_4415,5,2,94.13,49.76,LifeLine,2027-12-12,Ambient,2025-05-22,Form: Device | Warranty: 6m
4416,Health_Product_4416,7,2,282.07,117.97,LifeLine,2027-10-11,Ambient,2024-12-19,Pack: 10g | Form: Bandage
4417,Health_Product_4417,3,3,289.64,323.91,MediCare,2026-12-08,Refrigerated,2025-11-03,Pack: 20 caps | Strength: 200mg | Form: Capsule
4418,Health_Product_4418,8,1,169.71,80.65,HealthPlus,2029-10-21,Controlled,2022-11-06,Pack: 60g
4419,Health_Product_4419,1,5,125.82,65.22,BioZen,2027-06-20,Refrigerated,2022-01-20,Pack: 90 tabs | Strength: 100mg | Form: Tablet
4420,Health_Product_4420,5,4,296.42,141.85,HealthPlus,2027-08-14,Refrigerated,2024-11-02,Form: Device | Warranty: 12m
4421,Health_Product_4421,8,3,256.84,149.62,BioZen,2029-12-23,Refrigerated,2024-06-08,Pack: 100g | Form: Cream
4422,Health_Product_4422,5,1,156.66,57.32,CuraMax,2026-08-23,Controlled,2022-06-26,Form: Device
4423,Health_Product_4423,6,3,244.39,100.99,VitalMeds,2026-06-02,Controlled,2021-12-26,Pack: 300ml / Strength: 25mg/5ml / Form: Liquid
4424,Health_Product_4424,3,2,266.47,135.93,CuraMax,2029-05-05,Ambient,2023-09-05,Pack: 30 caps / Form: Capsule / Strength: 100mg
4425,Health_Product_4425,2,1,295.87,142.56,LifeLine,2029-10-06,Refrigerated,2023-05-09,Pack: 100 tabs | Strength: 650mg | Form: Tablet
4426,Health_Product_4426,7,4,55.1,27.27,PharmaCo,2027-12-31,Ambient,2023-02-11,Pack: 100g | Form: Bandage
4427,Health_Product_4427,4,4,47.28,30.61,CuraMax,2029-04-18,Ambient,2025-06-01,
4428,Health_Product_4428,3,1,237.61,161.09,HealthPlus,2028-04-08,Ambient,2025-08-18,Pack: 100 caps / Strength: 25mg / Form: Capsule
4429,Health_Product_4429,9,2,68.11,30.11,PharmaCo,2025-12-20,Controlled,2025-01-03,Pack: 10 units | Form: Kit
4430,Health_Product_4430,6,2,241.28,159.12,PharmaCo,2029-07-16,Controlled,2024-12-05,Pack: 450ml / Strength: 50mg/5ml
4431,Health_Product_4431,3,5,109.27,56.79,PharmaCo,2026-11-01,Ambient,2022-04-25,Pack: 90 caps | Strength: 200mg | Form: Capsule
4432,Health_Product_4432,5,5,247.54,111.72,MediCare,2029-07-07,Ambient,2022-03-09,Form: Device | Warranty: 24m
4433,Health_Product_4433,3,4,68.77,49.14,CuraMax,2026-09-22,Controlled,2022-08-03,Pack: 10 caps | Strength: 650mg | Form: Capsule
4434,Health_Product_4434,1,4,177.92,211.84,PharmaCo,2029-02-18,Refrigerated,2024-06-08,Pack: 10 tabs | Strength: 100mg | Form: Tablet
4435,Health_Product_4435,3,1,141.95,153.83,PharmaCo,2026-09-20,Refrigerated,2024-11-15,Pack: 90 caps | Strength: 650mg | Form: Capsule
4436,Health_Product_4436,6,2,23.38,9.64,BioZen,2029-08-17,Ambient,2022-05-25,Pack: 150ml | Strength: 250mg/5ml | Form: Liquid
4437,Health_Product_4437,9,2,278.63,112.35,CuraMax,2029-05-15,Ambient,2024-03-10,Pack: 90 units / Form: Kit
4438,Health_Product_4438,6,4,152.0,81.51,HealthPlus,2027-02-11,Controlled,2023-07-24,Pack: 100ml | Strength: 25mg/5ml | Form: Liquid
4439,Health_Product_4439,3,3,245.69,144.05,HealthPlus,2026-11-16,Ambient,2024-01-30,Pack: 90 caps | Strength: 500mg | Form: Capsule
4440,Health_Product_4440,3,4,87.49,36.16,HealthPlus,2026-12-07,Refrigerated,2025-11-12,Strength: 100mg / Pack: 60 caps / Form: Capsule
4441,Health_Product_4441,2,5,231.81,154.93,VitalMeds,2029-10-25,Controlled,2023-04-07,Pack: 10 tabs | Strength: 25mg | Form: Tablet
4442,Health_Product_4442,6,5,13.09,7.16,HealthPlus,2028-02-14,Controlled,2023-06-05,
4443,Health_Product_4443,5,5,297.75,149.48,PharmaCo,2029-02-22,Ambient,2024-10-12,Form: Device | Warranty: 6m
4444,Health_Product_4444,5,3,217.98,124.85,CuraMax,2026-03-06,Refrigerated,2022-07-20,Form: Device | Warranty: 12m
4445,Health_Product_4445,9,2,113.89,66.62,BioZen,2026-08-12,Ambient,2021-12-24,Pack: 100 units | Form: Kit
4446,Health_Product_4446,9,5,218.75,80.03,MediCare,2029-06-08,Ambient,2024-01-09,Pack: 10 units | Form: Kit
4447,Health_Product_4447,4,2,121.73,87.64,BioZen,2029-12-20,Refrigerated,2024-04-16,Pack: 100g | Form: Cream
4448,Health_Product_4448,6,5,154.28,74.77,MediCare,2028-04-16,Refrigerated,2023-07-20,Pack: 300ml / Strength: 200mg/5ml
4449,Health_Product_4449,9,5,21.26,7.93,BioZen,2028-07-01,Refrigerated,2022-11-03,Pack: 100 units / Form: Kit
4450,Health_Product_4450,2,4,108.59,72.25,PharmaCo,2028-08-01,Controlled,2022-01-07,Pack: 10 tabs / Strength: 250mg
4451,Health_Product_4451,8,3,156.67,112.4,MediCare,2027-02-02,Ambient,2024-03-27,Pack: 60g | Form: Cream
4452,Health_Product_4452,4,3,53.98,35.2,MediCare,2025-12-23,Controlled,2024-03-15,Pack: 100g
4453,Health_Product_4453,1,1,284.87,189.49,BioZen,2027-08-12,Refrigerated,2023-01-09,Pack: 30 tabs | Strength: 250mg | Form: Tablet
4454,Health_Product_4454,8,5,19.96,24.56,CuraMax,2026-09-16,Controlled,2024-08-31,Pack: 100g | Form: Cream
4455,Health_Product_4455,7,4,7.22,4.99,PharmaCo,2026-07-18,Refrigerated,2024-03-28,Pack: 20g | Form: Bandage
4456,Health_Product_4456,4,4,299.26,108.7,CuraMax,2028-02-24,Controlled,2025-04-29,Pack: 20g | Form: Cream
4457,Health_Product_4457,9,1,194.12,123.01,MediCare,2026-09-06,Controlled,2023-12-29,Pack: 90 units | Form: Kit
4458,Health_Product_4458,9,3,110.65,66.19,MediCare,2029-02-05,Controlled,2022-07-10,Pack: 60 units | Form: Kit
4459,Health_Product_4459,7,5,219.65,80.91,CuraMax,2028-09-07,Refrigerated,2022-04-29,Pack: 90g | Form: Bandage
4460,Health_Product_4460,7,4,253.12,139.54,PharmaCo,2027-10-05,Controlled,2023-07-28,Pack: 60g / Form: Bandage
4461,Health_Product_4461,6,1,170.9,92.38,CuraMax,2027-05-02,Controlled,2024-06-13,Pack: 50ml | Strength: 100mg/5ml | Form: Liquid
4462,Health_Product_4462,8,5,53.59,32.47,VitalMeds,2027-03-07,Controlled,2021-12-26,Pack: 30g
4463,Health_Product_4463,5,4,226.86,85.91,CuraMax,2026-04-21,Refrigerated,2023-09-23,Form: Device | Warranty: 12m
4464,Health_Product_4464,6,3,200.71,130.05,VitalMeds,2027-10-25,Refrigerated,2023-11-10,Pack: 500ml / Strength: 100mg/5ml / Form: Liquid
4465,Health_Product_4465,4,3,209.9,84.29,LifeLine,2029-04-08,Controlled,2025-05-28,Pack: 20g | Form: Cream
4466,Health_Product_4466,9,2,137.77,69.56,HealthPlus,2027-09-02,Refrigerated,2024-04-29,Pack: 90 units | Form: Kit
4467,Health_Product_4467,4,4,174.09,117.7,LifeLine,2026-08-23,Refrigerated,2023-07-30,Pack: 30g
4468,Health_Product_4468,1,3,72.0,40.13,VitalMeds,2028-03-17,Controlled,2022-02-26,Pack: 90 tabs | Strength: 650mg | Form: Tablet
4469,Health_Product_4469,8,4,135.98,66.69,BioZen,2028-03-25,Ambient,2025-02-14,Pack: 60g / Form: Cream
4470,Health_Product_4470,5,5,210.01,77.25,PharmaCo,2026-07-21,Ambient,2021-12-20,Form: Device | Warranty: 12m
4471,Health_Product_4471,1,1,145.55,87.15,MediCare,2029-10-23,Refrigerated,2025-12-03,Pack: 30 tabs | Strength: 650mg | Form: Tablet
4472,Health_Product_4472,4,4,108.32,77.45,CuraMax,2029-05-09,Ambient,2025-03-24,Pack: 10g | Form: Cream
4473,Health_Product_4473,8,5,239.55,164.66,HealthPlus,2029-05-29,Controlled,2024-12-17,Pack: 30g / Form: Cream
4474,Health_Product_4474,9,5,43.58,26.82,VitalMeds,2029-11-21,Controlled,2025-06-03,Pack: 10 units
4475,Health_Product_4475,3,5,106.24,41.32,LifeLine,2027-01-07,Controlled,2021-11-24,Pack: 20 caps / Strength: 25mg / Form: Capsule
4476,Health_Product_4476,6,5,65.47,28.71,CuraMax,2029-01-06,Ambient,2022-06-02,Strength: 200mg/5ml / Pack: 300ml
4477,Health_Product_4477,3,4,113.78,47.69,PharmaCo,2027-02-01,Controlled,2024-07-26,Pack: 10 caps | Strength: 25mg | Form: Capsule
4478,Health_Product_4478,2,5,9.82,4.73,CuraMax,2026-10-15,Ambient,2022-07-07,Pack: 60 tabs | Strength: 650mg | Form: Tablet
4479,Health_Product_4479,9,1,174.9,76.46,CuraMax,2027-11-22,Ambient,2022-08-21,Pack: 10 units | Form: Kit
4480,Health_Product_4480,3,1,152.85,67.32,PharmaCo,2027-03-05,Ambient,2024-10-08,Pack: 20 caps / Strength: 50mg / Form: Capsule
4481,Health_Product_4481,3,4,282.77,355.72,VitalMeds,2027-01-01,Ambient,2024-07-11,Pack: 30 caps | Strength: 250mg | Form: Capsule
4482,Health_Product_4482,7,4,271.97,127.26,CuraMax,2026-02-05,Refrigerated,2022-12-31,Pack: 90g
4483,Health_Product_4483,5,2,59.72,35.86,MediCare,2027-08-31,Controlled,2023-03-08,Form: Device | Warranty: 6m
4484,Health_Product_4484,4,1,15.87,11.12,VitalMeds,2028-12-16,Controlled,2022-08-22,Form: Cream / Pack: 10g
4485,Health_Product_4485,6,4,221.23,129.69,HealthPlus,2029-07-08,Refrigerated,2025-09-13,Pack: 150ml | Strength: 250mg/5ml | Form: Liquid
4486,Health_Product_4486,7,2,176.6,110.92,CuraMax,2029-08-11,Ambient,2022-03-17,Pack: 60g | Form: Bandage
4487,Health_Product_4487,6,2,200.94,126.21,HealthPlus,2028-02-07,Ambient,2025-08-09,Pack: 50ml | Strength: 650mg/5ml | Form: Liquid
4488,Health_Product_4488,1,5,96.16,45.42,CuraMax,2027-10-18,Refrigerated,2024-08-11,Pack: 20 tabs / Strength: 25mg / Form: Tablet
4489,Health_Product_4489,6,1,264.78,94.14,MediCare,2028-07-30,Controlled,2023-04-28,Pack: 300ml | Strength: 25mg/5ml | Form: Liquid
4490,Health_Product_4490,5,3,191.1,70.78,PharmaCo,2026-08-30,Refrigerated,2022-06-07,Form: Device | Warranty: 6m
4491,Health_Product_4491,8,4,5.44,2.47,LifeLine,2030-01-04,Controlled,2025-11-29,Pack: 90g | Form: Cream
4492,Health_Product_4492,1,2,81.38,49.25,LifeLine,2027-10-09,Ambient,2023-06-11,Form: Tablet / Strength: 650mg / Pack: 60 tabs
4493,Health_Product_4493,5,4,189.89,130.16,BioZen,2028-07-29,Controlled,2023-02-18,Form: Device / Warranty: 12m
4494,Health_Product_4494,3,2,178.93,189.01,PharmaCo,2026-10-06,Controlled,2025-04-19,Strength: 100mg / Form: Capsule / Pack: 100 caps
4495,Health_Product_4495,4,2,68.61,24.67,VitalMeds,2029-11-24,Controlled,2024-08-08,Pack: 100g
4496,Health_Product_4496,2,3,178.35,127.76,MediCare,2026-07-11,Ambient,2025-09-25,Pack: 10 tabs | Strength: 250mg | Form: Tablet
4497,Health_Product_4497,4,4,170.04,79.8,HealthPlus,2027-04-19,Ambient,2025-10-22,Pack: 20g | Form: Cream
4498,Health_Product_4498,2,4,22.2,14.69,CuraMax,2028-11-28,Controlled,2025-01-10,Form: Tablet / Pack: 60 tabs / Strength: 50mg
4499,Health_Product_4499,1,4,192.36,80.16,HealthPlus,2028-12-30,Controlled,2023-05-13,Pack: 90 tabs | Strength: 100mg | Form: Tablet
4500,Health_Product_4500,3,2,228.12,256.9,HealthPlus,2026-10-05,Controlled,2025-01-31,
4501,Health_Product_4501,8,3,128.6,63.01,LifeLine,2029-04-30,Ambient,2022-12-15,Pack: 100g
4502,Health_Product_4502,5,3,212.6,141.97,CuraMax,2028-05-22,Ambient,2025-12-05,Form: Device / Warranty: 6m
4503,Health_Product_4503,5,4,41.69,18.0,LifeLine,2029-03-23,Controlled,2025-11-19,Form: Device | Warranty: 6m
4504,Health_Product_4504,4,1,109.51,44.57,PharmaCo,2029-08-24,Ambient,2022-11-16,Pack: 60g | Form: Cream
4505,Health_Product_4505,5,1,72.17,49.55,MediCare,2029-12-31,Controlled,2025-11-04,Form: Device
4506,Health_Product_4506,7,4,272.83,190.21,CuraMax,2029-09-22,Controlled,2023-10-24,Pack: 10g | Form: Bandage
4507,Health_Product_4507,1,4,296.97,105.32,BioZen,2026-06-08,Ambient,2024-02-22,Pack: 20 tabs / Strength: 650mg / Form: Tablet
4508,Health_Product_4508,7,2,107.62,66.63,MediCare,2029-10-19,Refrigerated,2024-05-10,Form: Bandage / Pack: 100g
4509,Health_Product_4509,6,5,258.93,120.25,PharmaCo,2027-06-17,Refrigerated,2022-09-22,Pack: 300ml | Strength: 50mg/5ml | Form: Liquid
4510,Health_Product_4510,2,4,153.02,74.77,PharmaCo,2029-09-30,Ambient,2023-03-23,Pack: 10 tabs / Strength: 650mg
4511,Health_Product_4511,5,2,35.46,18.57,PharmaCo,2027-04-15,Ambient,2023-11-10,Form: Device | Warranty: 6m
4512,Health_Product_4512,3,4,294.31,149.48,LifeLine,2026-09-20,Refrigerated,2024-02-16,Pack: 90 caps | Strength: 100mg | Form: Capsule
4513,Health_Product_4513,7,1,172.7,93.35,BioZen,2027-11-20,Refrigerated,2022-05-16,Pack: 60g / Form: Bandage
4514,Health_Product_4514,4,2,123.51,69.84,HealthPlus,2028-06-16,Refrigerated,2022-01-30,
4515,Health_Product_4515,1,3,259.98,135.78,MediCare,2028-11-11,Refrigerated,2024-05-07,Pack: 30 tabs / Strength: 50mg / Form: Tablet
4516,Health_Product_4516,4,1,244.25,148.89,BioZen,2027-05-18,Refrigerated,2022-08-20,Pack: 100g
4517,Health_Product_4517,9,2,95.49,58.81,BioZen,2028-12-08,Ambient,2022-03-15,Pack: 90 units | Form: Kit
4518,Health_Product_4518,9,4,81.85,41.98,PharmaCo,2026-10-02,Refrigerated,2023-11-29,
4519,Health_Product_4519,6,4,151.29,60.93,PharmaCo,2026-12-27,Ambient,2022-07-06,Pack: 500ml | Strength: 500mg/5ml | Form: Liquid
4520,Health_Product_4520,8,4,216.59,127.15,HealthPlus,2029-01-26,Refrigerated,2023-11-12,Form: Cream / Pack: 90g
4521,Health_Product_4521,5,5,205.87,130.93,PharmaCo,2029-01-01,Refrigerated,2023-09-08,Form: Device / Warranty: 12m
4522,Health_Product_4522,1,4,200.34,117.42,PharmaCo,2026-04-22,Ambient,2025-09-29,Pack: 10 tabs | Strength: 25mg | Form: Tablet
4523,Health_Product_4523,1,1,209.54,118.93,CuraMax,2026-05-20,Controlled,2023-06-01,Strength: 200mg / Pack: 60 tabs
4524,Health_Product_4524,7,4,225.51,98.07,CuraMax,2026-06-13,Refrigerated,2022-04-09,Pack: 30g
4525,Health_Product_4525,5,5,45.08,26.54,PharmaCo,2028-08-31,Controlled,2022-02-21,Form: Device
4526,Health_Product_4526,3,4,143.67,153.42,LifeLine,2026-12-19,Controlled,2024-01-06,Strength: 500mg / Pack: 10 caps
4527,Health_Product_4527,8,5,48.46,33.45,VitalMeds,2026-02-16,Refrigerated,2022-01-19,Pack: 100g / Form: Cream
4528,Health_Product_4528,5,4,232.23,137.45,MediCare,2029-12-19,Refrigerated,2023-06-23,Form: Device
4529,Health_Product_4529,5,4,228.35,103.43,VitalMeds,2027-02-27,Refrigerated,2021-12-23,Form: Device | Warranty: 6m
4530,Health_Product_4530,2,4,86.32,45.32,MediCare,2029-10-08,Refrigerated,2025-11-26,Pack: 90 tabs | Strength: 200mg | Form: Tablet
4531,Health_Product_4531,9,5,100.41,109.43,LifeLine,2028-03-26,Controlled,2021-11-18,Pack: 30 units | Form: Kit
4532,Health_Product_4532,7,5,255.14,120.97,HealthPlus,2026-04-03,Refrigerated,2023-09-24,Pack: 10g / Form: Bandage
4533,Health_Product_4533,1,4,272.4,148.3,PharmaCo,2029-09-08,Ambient,2022-01-06,Pack: 30 tabs / Strength: 500mg / Form: Tablet
4534,Health_Product_4534,4,1,280.19,168.53,LifeLine,2029-01-14,Controlled,2023-03-16,Pack: 10g
4535,Health_Product_4535,9,5,220.3,138.61,VitalMeds,2027-04-17,Controlled,2022-12-11,Pack: 100 units / Form: Kit
4536,Health_Product_4536,4,5,167.04,69.21,BioZen,2026-08-31,Ambient,2022-09-29,Pack: 10g
4537,Health_Product_4537,2,2,290.19,162.25,HealthPlus,2027-01-01,Refrigerated,2023-08-24,Pack: 10 tabs / Strength: 50mg / Form: Tablet
4538,Health_Product_4538,4,2,187.08,128.62,MediCare,2026-10-15,Controlled,2025-07-13,Pack: 60g | Form: Cream
4539,Health_Product_4539,7,1,142.39,100.85,CuraMax,2027-12-30,Refrigerated,2024-10-27,Pack: 20g / Form: Bandage
4540,Health_Product_4540,3,4,228.26,135.31,BioZen,2026-06-09,Controlled,2025-04-17,
4541,Health_Product_4541,1,5,187.04,133.54,VitalMeds,2026-01-31,Refrigerated,2024-10-22,Pack: 30 tabs | Strength: 500mg | Form: Tablet
4542,Health_Product_4542,9,5,19.56,10.98,HealthPlus,2027-10-04,Refrigerated,2022-06-27,Pack: 100 units / Form: Kit
4543,Health_Product_4543,9,1,172.84,88.8,BioZen,2028-12-18,Ambient,2025-07-02,Form: Kit / Pack: 100 units
4544,Health_Product_4544,4,3,92.44,51.22,LifeLine,2029-01-16,Refrigerated,2022-07-26,Pack: 100g | Form: Cream
4545,Health_Product_4545,3,5,181.72,71.38,VitalMeds,2028-09-07,Refrigerated,2023-10-18,Pack: 60 caps | Strength: 25mg | Form: Capsule
4546,Health_Product_4546,1,5,166.28,207.28,LifeLine,2026-11-23,Refrigerated,2023-10-08,Pack: 30 tabs | Strength: 25mg | Form: Tablet
4547,Health_Product_4547,7,5,235.46,122.35,LifeLine,2026-07-12,Refrigerated,2025-05-09,Pack: 20g | Form: Bandage
4548,Health_Product_4548,2,3,284.28,188.76,LifeLine,2029-03-25,Ambient,2025-05-30,Pack: 20 tabs / Form: Tablet / Strength: 500mg
4549,Health_Product_4549,4,2,159.75,100.75,VitalMeds,2027-08-30,Refrigerated,2023-03-24,Pack: 100g | Form: Cream
4550,Health_Product_4550,2,5,235.6,134.89,LifeLine,2028-06-26,Ambient,2022-12-16,
4551,Health_Product_4551,3,2,181.25,86.73,CuraMax,2026-09-27,Refrigerated,2025-03-16,Pack: 10 caps / Strength: 500mg
4552,Health_Product_4552,4,3,66.2,27.75,LifeLine,2028-10-27,Refrigerated,2025-09-30,Pack: 20g
4553,Health_Product_4553,4,4,56.22,26.91,MediCare,2028-03-09,Refrigerated,2025-06-28,Pack: 20g | Form: Cream
4554,Health_Product_4554,9,2,125.08,145.07,BioZen,2026-09-15,Ambient,2022-01-15,Pack: 60 units / Form: Kit
4555,Health_Product_4555,4,2,100.76,45.07,HealthPlus,2026-12-18,Refrigerated,2022-03-05,Pack: 30g | Form: Cream
4556,Health_Product_4556,1,2,79.39,93.08,PharmaCo,2027-05-08,Refrigerated,2022-02-17,Pack: 60 tabs | Strength: 25mg | Form: Tablet
4557,Health_Product_4557,5,4,173.01,85.31,BioZen,2027-10-20,Controlled,2025-04-11,
4558,Health_Product_4558,7,1,53.75,34.04,PharmaCo,2029-03-09,Controlled,2025-05-07,Pack: 10g | Form: Bandage
4559,Health_Product_4559,6,4,182.04,123.24,PharmaCo,2026-02-11,Controlled,2023-08-08,Pack: 500ml | Strength: 100mg/5ml | Form: Liquid
4560,Health_Product_4560,1,3,119.63,72.83,VitalMeds,2028-07-29,Ambient,2024-10-19,
4561,Health_Product_4561,7,3,241.18,114.9,MediCare,2027-12-02,Ambient,2024-01-22,Pack: 10g | Form: Bandage
4562,Health_Product_4562,7,3,281.49,143.64,VitalMeds,2028-02-06,Controlled,2022-06-27,Pack: 100g | Form: Bandage
4563,Health_Product_4563,6,2,264.94,106.78,CuraMax,2028-11-18,Controlled,2023-11-08,Pack: 50ml | Strength: 50mg/5ml | Form: Liquid
4564,Health_Product_4564,4,2,98.34,40.54,PharmaCo,2028-01-22,Ambient,2025-06-29,Pack: 10g | Form: Cream
4565,Health_Product_4565,6,3,229.97,94.47,LifeLine,2025-12-14,Controlled,2021-12-05,Pack: 150ml | Strength: 200mg/5ml | Form: Liquid
4566,Health_Product_4566,5,3,143.37,57.11,LifeLine,2026-04-09,Refrigerated,2023-10-04,Form: Device | Warranty: 24m
4567,Health_Product_4567,6,3,129.83,54.07,BioZen,2027-09-03,Refrigerated,2025-06-26,Pack: 300ml | Strength: 500mg/5ml | Form: Liquid
4568,Health_Product_4568,2,2,153.81,65.37,HealthPlus,2027-02-01,Refrigerated,2025-09-17,Pack: 60 tabs | Strength: 50mg | Form: Tablet
4569,Health_Product_4569,6,4,128.98,50.48,VitalMeds,2026-02-08,Ambient,2023-09-27,Pack: 300ml | Strength: 50mg/5ml | Form: Liquid
4570,Health_Product_4570,7,5,120.43,70.68,MediCare,2029-01-03,Refrigerated,2022-06-02,Pack: 20g | Form: Bandage
4571,Health_Product_4571,1,4,27.95,20.02,MediCare,2030-01-08,Controlled,2023-02-18,Pack: 100 tabs | Strength: 500mg | Form: Tablet
4572,Health_Product_4572,3,1,264.1,305.11,BioZen,2026-10-06,Controlled,2023-10-03,Pack: 60 caps | Strength: 250mg | Form: Capsule
4573,Health_Product_4573,8,3,110.3,40.47,HealthPlus,2026-06-10,Controlled,2023-03-20,Form: Cream / Pack: 10g
4574,Health_Product_4574,9,3,53.24,26.97,VitalMeds,2026-05-05,Controlled,2025-03-06,Pack: 20 units | Form: Kit
4575,Health_Product_4575,3,4,240.32,279.67,PharmaCo,2026-10-08,Ambient,2024-09-30,
4576,Health_Product_4576,2,5,100.94,40.36,CuraMax,2026-05-12,Refrigerated,2024-06-15,Form: Tablet / Strength: 650mg / Pack: 10 tabs
4577,Health_Product_4577,2,1,129.33,85.83,MediCare,2029-08-03,Refrigerated,2024-07-13,Pack: 90 tabs | Strength: 500mg | Form: Tablet
4578,Health_Product_4578,5,3,119.35,67.95,CuraMax,2028-09-19,Refrigerated,2024-05-14,Form: Device / Warranty: 6m
4579,Health_Product_4579,5,2,259.05,179.93,MediCare,2027-11-24,Refrigerated,2024-06-27,Form: Device | Warranty: 6m
4580,Health_Product_4580,7,3,106.55,71.83,MediCare,2029-09-25,Ambient,2024-02-29,Pack: 100g / Form: Bandage
4581,Health_Product_4581,5,5,165.05,99.11,HealthPlus,2028-07-23,Refrigerated,2025-01-22,Form: Device | Warranty: 6m
4582,Health_Product_4582,2,3,117.36,69.64,LifeLine,2028-06-14,Ambient,2024-08-20,Strength: 250mg / Pack: 100 tabs
4583,Health_Product_4583,5,3,132.65,56.89,CuraMax,2029-12-10,Controlled,2025-11-24,Warranty: 12m / Form: Device
4584,Health_Product_4584,1,3,44.51,17.5,CuraMax,2027-06-23,Ambient,2024-11-02,Pack: 30 tabs | Strength: 100mg | Form: Tablet
4585,Health_Product_4585,2,5,195.87,98.66,HealthPlus,2027-10-08,Refrigerated,2021-11-11,Pack: 60 tabs / Strength: 100mg / Form: Tablet
4586,Health_Product_4586,9,5,211.99,232.52,BioZen,2026-11-17,Controlled,2024-10-10,Pack: 90 units | Form: Kit
4587,Health_Product_4587,1,1,284.06,110.19,VitalMeds,2029-10-31,Ambient,2023-02-14,Strength: 25mg / Pack: 90 tabs
4588,Health_Product_4588,2,3,154.53,71.37,BioZen,2029-10-31,Ambient,2022-09-16,
4589,Health_Product_4589,9,3,160.8,107.48,LifeLine,2029-10-16,Controlled,2025-02-20,Pack: 60 units | Form: Kit
4590,Health_Product_4590,6,2,273.92,97.61,MediCare,2028-05-22,Controlled,2024-11-06,Pack: 300ml | Strength: 200mg/5ml | Form: Liquid
4591,Health_Product_4591,9,4,8.55,3.92,MediCare,2028-11-30,Refrigerated,2024-04-17,Pack: 60 units | Form: Kit
4592,Health_Product_4592,5,1,126.48,64.11,BioZen,2026-02-17,Refrigerated,2022-07-02,Form: Device | Warranty: 6m
4593,Health_Product_4593,4,3,181.65,97.89,CuraMax,2026-10-27,Ambient,2023-11-24,Pack: 10g | Form: Cream
4594,Health_Product_4594,8,3,152.87,63.77,HealthPlus,2028-05-26,Refrigerated,2022-11-13,Pack: 90g | Form: Cream
4595,Health_Product_4595,3,5,234.05,165.42,CuraMax,2026-10-25,Ambient,2025-04-12,Pack: 10 caps | Strength: 250mg | Form: Capsule
4596,Health_Product_4596,4,3,135.8,76.62,PharmaCo,2026-02-28,Controlled,2024-05-29,Pack: 20g / Form: Cream
4597,Health_Product_4597,2,4,260.21,329.11,MediCare,2026-12-17,Refrigerated,2023-10-14,
4598,Health_Product_4598,6,2,9.46,3.34,VitalMeds,2029-11-27,Controlled,2025-01-04,Strength: 250mg/5ml / Pack: 450ml
4599,Health_Product_4599,7,4,117.55,62.27,HealthPlus,2027-05-01,Ambient,2023-07-08,Pack: 90g / Form: Bandage
4600,Health_Product_4600,6,2,124.61,82.23,HealthPlus,2027-09-04,Ambient,2024-08-17,
4601,Health_Product_4601,6,2,214.74,92.61,BioZen,2026-09-10,Ambient,2023-07-02,Pack: 50ml | Strength: 25mg/5ml | Form: Liquid
4602,Health_Product_4602,3,4,191.63,241.95,LifeLine,2026-10-06,Refrigerated,2025-07-12,Pack: 90 caps / Strength: 25mg / Form: Capsule
4603,Health_Product_4603,9,3,117.83,42.14,CuraMax,2029-05-04,Ambient,2023-09-04,Pack: 60 units | Form: Kit
4604,Health_Product_4604,7,1,69.12,49.18,LifeLine,2027-09-16,Ambient,2022-04-04,Pack: 90g | Form: Bandage
4605,Health_Product_4605,4,2,8.96,3.36,PharmaCo,2029-03-14,Refrigerated,2022-10-22,Pack: 60g | Form: Cream
4606,Health_Product_4606,9,3,96.54,65.87,LifeLine,2026-07-20,Refrigerated,2024-04-04,Pack: 100 units | Form: Kit
4607,Health_Product_4607,4,3,162.44,75.67,VitalMeds,2028-04-01,Controlled,2023-07-06,Pack: 20g | Form: Cream
4608,Health_Product_4608,4,2,11.99,6.8,PharmaCo,2029-06-11,Controlled,2022-08-05,Pack: 10g
4609,Health_Product_4609,5,5,297.87,179.12,CuraMax,2027-05-03,Controlled,2024-01-17,Form: Device | Warranty: 24m
4610,Health_Product_4610,3,4,60.85,24.47,BioZen,2026-11-14,Refrigerated,2025-06-18,Strength: 50mg / Pack: 60 caps / Form: Capsule
4611,Health_Product_4611,8,4,101.81,52.35,PharmaCo,2026-02-04,Controlled,2024-03-25,Pack: 30g | Form: Cream
4612,Health_Product_4612,9,4,82.36,38.74,HealthPlus,2028-09-09,Controlled,2025-04-14,Pack: 60 units | Form: Kit
4613,Health_Product_4613,3,1,139.88,51.89,VitalMeds,2026-12-31,Refrigerated,2025-01-04,Pack: 100 caps | Strength: 50mg | Form: Capsule
4614,Health_Product_4614,1,4,265.59,174.83,HealthPlus,2027-12-21,Controlled,2025-05-19,Pack: 30 tabs | Strength: 200mg | Form: Tablet
4615,Health_Product_4615,5,2,141.46,51.88,MediCare,2027-01-05,Ambient,2023-01-30,Form: Device | Warranty: 12m
4616,Health_Product_4616,2,5,49.04,29.02,VitalMeds,2026-03-20,Refrigerated,2024-07-25,Pack: 100 tabs | Strength: 200mg | Form: Tablet
4617,Health_Product_4617,2,5,188.57,87.91,LifeLine,2028-09-16,Refrigerated,2025-10-16,Form: Tablet / Pack: 100 tabs / Strength: 50mg
4618,Health_Product_4618,9,4,169.21,71.25,VitalMeds,2027-12-11,Refrigerated,2022-11-17,Pack: 60 units | Form: Kit
4619,Health_Product_4619,8,5,241.32,144.03,PharmaCo,2029-07-17,Controlled,2023-07-25,Form: Cream / Pack: 30g
4620,Health_Product_4620,4,1,217.43,122.32,HealthPlus,2029-08-30,Controlled,2023-12-19,Pack: 100g | Form: Cream
4621,Health_Product_4621,9,1,163.86,209.47,MediCare,2026-09-26,Controlled,2023-08-27,Pack: 60 units / Form: Kit
4622,Health_Product_4622,6,2,39.36,21.25,CuraMax,2026-10-17,Controlled,2024-12-10,Pack: 300ml | Strength: 50mg/5ml | Form: Liquid
4623,Health_Product_4623,3,5,43.71,54.65,CuraMax,2026-12-13,Ambient,2023-07-28,Pack: 60 caps | Strength: 50mg | Form: Capsule
4624,Health_Product_4624,2,1,94.8,63.48,HealthPlus,2028-10-30,Ambient,2025-01-12,Pack: 60 tabs | Strength: 25mg | Form: Tablet
4625,Health_Product_4625,9,5,272.27,126.91,VitalMeds,2027-10-04,Refrigerated,2022-08-12,Pack: 30 units
4626,Health_Product_4626,8,3,25.44,11.21,HealthPlus,2028-05-13,Ambient,2025-05-01,Pack: 60g | Form: Cream
4627,Health_Product_4627,2,3,74.77,46.97,CuraMax,2029-06-08,Ambient,2022-05-09,Pack: 30 tabs | Strength: 100mg | Form: Tablet
4628,Health_Product_4628,5,1,139.15,49.61,VitalMeds,2028-11-29,Controlled,2024-02-09,Form: Device | Warranty: 6m
4629,Health_Product_4629,5,1,220.22,98.91,CuraMax,2026-12-14,Refrigerated,2023-04-11,Form: Device
4630,Health_Product_4630,8,1,139.11,68.01,HealthPlus,2029-02-08,Ambient,2024-12-25,Pack: 60g | Form: Cream
4631,Health_Product_4631,3,3,8.1,5.48,VitalMeds,2026-09-18,Refrigerated,2023-06-30,Pack: 100 caps | Strength: 650mg | Form: Capsule
4632,Health_Product_4632,2,1,216.47,151.89,MediCare,2026-09-25,Refrigerated,2023-08-24,Pack: 60 tabs | Strength: 50mg | Form: Tablet
4633,Health_Product_4633,9,5,295.42,181.71,LifeLine,2028-05-17,Controlled,2023-03-16,Pack: 100 units | Form: Kit
4634,Health_Product_4634,7,3,286.81,152.65,MediCare,2027-05-23,Controlled,2023-12-15,Pack: 30g | Form: Bandage
4635,Health_Product_4635,3,1,143.89,84.47,HealthPlus,2028-02-22,Ambient,2025-08-01,Pack: 20 caps | Strength: 25mg | Form: Capsule
4636,Health_Product_4636,1,5,111.78,56.25,CuraMax,2028-03-04,Controlled,2025-08-13,Pack: 30 tabs / Strength: 250mg / Form: Tablet
4637,Health_Product_4637,6,4,194.27,89.47,VitalMeds,2026-06-04,Controlled,2023-03-26,Pack: 500ml | Strength: 25mg/5ml | Form: Liquid
4638,Health_Product_4638,9,3,13.94,9.78,LifeLine,2028-02-21,Refrigerated,2023-04-13,Pack: 60 units / Form: Kit
4639,Health_Product_4639,9,3,18.51,7.27,PharmaCo,2026-05-21,Ambient,2022-09-18,Pack: 90 units | Form: Kit
4640,Health_Product_4640,3,1,82.62,96.64,BioZen,2026-12-06,Ambient,2024-11-30,Pack: 30 caps / Strength: 50mg
4641,Health_Product_4641,3,5,124.63,152.64,PharmaCo,2026-12-03,Controlled,2023-09-17,Pack: 90 caps | Strength: 250mg | Form: Capsule
4642,Health_Product_4642,1,4,293.74,181.4,MediCare,2028-04-19,Refrigerated,2022-10-23,Pack: 20 tabs / Strength: 250mg
4643,Health_Product_4643,4,2,274.17,98.91,LifeLine,2027-05-11,Controlled,2022-07-23,Pack: 10g / Form: Cream
4644,Health_Product_4644,8,4,186.79,66.97,LifeLine,2029-12-26,Controlled,2023-09-20,Pack: 90g | Form: Cream
4645,Health_Product_4645,1,3,110.39,59.73,CuraMax,2029-08-13,Controlled,2021-11-10,Pack: 90 tabs | Strength: 250mg | Form: Tablet
4646,Health_Product_4646,7,5,45.69,24.18,CuraMax,2026-07-05,Controlled,2023-11-18,Pack: 90g | Form: Bandage
4647,Health_Product_4647,2,2,83.34,42.83,BioZen,2028-07-08,Controlled,2023-07-04,
4648,Health_Product_4648,9,4,223.94,103.43,MediCare,2027-02-20,Ambient,2023-06-19,Pack: 60 units | Form: Kit
4649,Health_Product_4649,2,5,32.45,23.2,BioZen,2026-04-17,Ambient,2022-06-26,Strength: 650mg / Pack: 100 tabs / Form: Tablet
4650,Health_Product_4650,2,2,292.1,131.63,MediCare,2026-03-08,Ambient,2025-01-07,Pack: 10 tabs | Strength: 250mg | Form: Tablet
4651,Health_Product_4651,3,5,43.36,23.04,PharmaCo,2026-09-26,Controlled,2022-04-15,
4652,Health_Product_4652,6,3,271.26,135.58,LifeLine,2026-06-07,Controlled,2025-12-03,Pack: 500ml / Form: Liquid / Strength: 100mg/5ml
4653,Health_Product_4653,1,1,105.45,43.55,LifeLine,2026-02-20,Refrigerated,2022-12-19,
4654,Health_Product_4654,5,2,129.77,55.15,LifeLine,2026-10-25,Controlled,2023-07-01,Form: Device | Warranty: 6m
4655,Health_Product_4655,5,3,282.77,195.05,PharmaCo,2026-09-24,Refrigerated,2023-05-27,Form: Device | Warranty: 12m
4656,Health_Product_4656,8,1,24.01,16.03,MediCare,2027-07-20,Refrigerated,2022-06-14,Pack: 30g | Form: Cream
4657,Health_Product_4657,5,4,23.18,9.82,HealthPlus,2029-09-28,Ambient,2025-04-30,
4658,Health_Product_4658,2,3,79.3,53.45,VitalMeds,2026-02-24,Refrigerated,2025-07-18,Pack: 20 tabs | Strength: 100mg | Form: Tablet
4659,Health_Product_4659,2,3,217.31,92.88,LifeLine,2029-09-09,Refrigerated,2023-08-26,Strength: 650mg / Pack: 20 tabs
4660,Health_Product_4660,4,3,284.0,165.24,HealthPlus,2028-03-04,Ambient,2022-12-29,Pack: 90g / Form: Cream
4661,Health_Product_4661,8,5,198.97,75.62,LifeLine,2026-08-08,Controlled,2024-12-14,Pack: 90g | Form: Cream
4662,Health_Product_4662,9,1,290.08,196.02,BioZen,2029-01-13,Ambient,2022-12-24,Pack: 100 units | Form: Kit
4663,Health_Product_4663,1,5,254.52,93.93,PharmaCo,2026-06-16,Ambient,2021-12-24,Pack: 30 tabs / Strength: 25mg / Form: Tablet
4664,Health_Product_4664,1,2,69.1,38.37,PharmaCo,2027-01-27,Controlled,2023-10-17,Pack: 100 tabs | Strength: 250mg | Form: Tablet
4665,Health_Product_4665,1,3,167.64,107.04,LifeLine,2029-09-18,Controlled,2023-01-10,
4666,Health_Product_4666,5,2,293.19,115.29,HealthPlus,2029-09-08,Controlled,2025-08-30,Form: Device | Warranty: 24m
4667,Health_Product_4667,5,1,95.59,47.76,CuraMax,2028-09-03,Refrigerated,2023-02-26,
4668,Health_Product_4668,8,5,130.61,47.74,VitalMeds,2028-09-21,Controlled,2022-10-13,Pack: 60g | Form: Cream
4669,Health_Product_4669,6,3,46.28,27.89,BioZen,2027-06-14,Refrigerated,2025-04-14,
4670,Health_Product_4670,5,4,182.09,84.45,LifeLine,2028-08-03,Ambient,2023-05-11,Form: Device | Warranty: 24m
4671,Health_Product_4671,3,2,128.9,136.01,VitalMeds,2026-10-17,Controlled,2024-11-23,
4672,Health_Product_4672,9,1,59.09,41.07,VitalMeds,2028-12-15,Ambient,2022-02-05,Form: Kit / Pack: 20 units
4673,Health_Product_4673,6,2,115.64,53.56,CuraMax,2028-09-08,Refrigerated,2024-08-04,Pack: 150ml | Strength: 500mg/5ml | Form: Liquid
4674,Health_Product_4674,3,2,191.28,70.39,CuraMax,2026-10-05,Controlled,2024-12-12,Pack: 100 caps | Strength: 250mg | Form: Capsule
4675,Health_Product_4675,8,2,123.55,74.13,HealthPlus,2028-03-10,Ambient,2024-06-12,Pack: 60g
4676,Health_Product_4676,8,1,218.62,140.16,LifeLine,2026-02-19,Ambient,2024-04-08,Pack: 30g | Form: Cream
4677,Health_Product_4677,2,2,144.65,101.89,VitalMeds,2029-04-21,Ambient,2025-07-17,Pack: 20 tabs | Strength: 650mg | Form: Tablet
4678,Health_Product_4678,6,3,293.67,119.93,BioZen,2028-06-03,Refrigerated,2022-05-20,Pack: 300ml / Strength: 25mg/5ml / Form: Liquid
4679,Health_Product_4679,7,1,76.54,37.89,VitalMeds,2029-10-22,Controlled,2024-03-01,Pack: 90g / Form: Bandage
4680,Health_Product_4680,6,5,58.27,38.59,PharmaCo,2028-10-25,Ambient,2025-11-22,Pack: 150ml | Strength: 250mg/5ml | Form: Liquid
4681,Health_Product_4681,1,5,280.92,182.19,CuraMax,2027-09-19,Ambient,2022-06-07,Pack: 100 tabs | Strength: 100mg | Form: Tablet
4682,Health_Product_4682,2,3,132.6,77.06,BioZen,2027-11-19,Controlled,2024-06-01,Pack: 10 tabs | Strength: 200mg | Form: Tablet
4683,Health_Product_4683,9,5,98.68,44.37,MediCare,2027-03-29,Refrigerated,2022-02-06,Pack: 60 units | Form: Kit
4684,Health_Product_4684,6,5,81.94,37.29,VitalMeds,2028-03-14,Ambient,2024-06-20,Pack: 300ml | Strength: 50mg/5ml | Form: Liquid
4685,Health_Product_4685,8,5,71.5,28.31,MediCare,2027-02-17,Ambient,2024-08-15,Pack: 100g | Form: Cream
4686,Health_Product_4686,9,3,39.27,27.14,MediCare,2028-03-12,Refrigerated,2023-11-30,Pack: 100 units | Form: Kit
4687,Health_Product_4687,6,3,232.09,96.08,HealthPlus,2026-09-01,Ambient,2023-08-04,Pack: 100ml | Strength: 100mg/5ml | Form: Liquid
4688,Health_Product_4688,2,2,29.07,16.34,CuraMax,2025-12-30,Ambient,2022-06-12,Pack: 10 tabs | Strength: 100mg | Form: Tablet
4689,Health_Product_4689,7,1,113.72,64.39,LifeLine,2027-09-25,Ambient,2022-10-16,Pack: 100g / Form: Bandage
4690,Health_Product_4690,8,4,43.58,21.21,HealthPlus,2028-10-11,Controlled,2024-08-12,Pack: 30g
4691,Health_Product_4691,6,5,53.87,25.88,PharmaCo,2027-10-26,Controlled,2022-04-14,Pack: 100ml | Strength: 100mg/5ml | Form: Liquid
4692,Health_Product_4692,9,5,194.61,116.26,MediCare,2027-03-18,Refrigerated,2023-09-29,Pack: 60 units / Form: Kit
4693,Health_Product_4693,2,3,180.56,89.14,LifeLine,2026-05-14,Ambient,2025-02-25,Pack: 60 tabs | Strength: 650mg | Form: Tablet
4694,Health_Product_4694,1,4,203.6,90.48,MediCare,2028-06-13,Refrigerated,2024-10-20,
4695,Health_Product_4695,5,5,165.13,82.18,BioZen,2029-07-27,Controlled,2023-02-09,Form: Device | Warranty: 6m
4696,Health_Product_4696,8,2,154.89,100.5,VitalMeds,2029-11-24,Ambient,2024-11-18,Pack: 20g | Form: Cream
4697,Health_Product_4697,2,2,243.05,171.98,LifeLine,2028-02-14,Refrigerated,2023-08-22,Pack: 10 tabs | Strength: 500mg | Form: Tablet
4698,Health_Product_4698,5,5,34.58,20.24,HealthPlus,2029-05-03,Refrigerated,2024-04-26,Form: Device | Warranty: 12m
4699,Health_Product_4699,3,1,267.47,171.01,BioZen,2026-12-23,Refrigerated,2021-12-10,Pack: 20 caps | Strength: 650mg | Form: Capsule
4700,Health_Product_4700,9,4,107.24,58.68,LifeLine,2027-06-24,Refrigerated,2025-08-27,Pack: 30 units | Form: Kit
4701,Health_Product_4701,5,1,229.97,133.66,BioZen,2026-03-05,Controlled,2024-09-16,Form: Device / Warranty: 24m
4702,Health_Product_4702,8,2,231.73,165.82,MediCare,2027-03-31,Ambient,2024-12-18,Pack: 60g | Form: Cream
4703,Health_Product_4703,5,4,54.03,27.67,PharmaCo,2029-04-05,Controlled,2024-01-15,Form: Device | Warranty: 6m
4704,Health_Product_4704,9,3,285.66,106.98,MediCare,2028-03-08,Refrigerated,2024-03-20,Pack: 20 units | Form: Kit
4705,Health_Product_4705,8,1,295.32,207.93,PharmaCo,2027-04-19,Ambient,2024-10-01,Pack: 100g / Form: Cream
4706,Health_Product_4706,7,4,279.0,179.52,LifeLine,2027-08-15,Controlled,2025-01-11,Pack: 10g | Form: Bandage
4707,Health_Product_4707,5,4,198.63,247.94,LifeLine,2026-11-26,Ambient,2024-09-05,Form: Device
4708,Health_Product_4708,2,5,236.2,168.53,BioZen,2027-04-27,Ambient,2025-10-20,Pack: 100 tabs / Strength: 500mg / Form: Tablet
4709,Health_Product_4709,6,4,218.13,104.23,CuraMax,2029-05-03,Controlled,2023-12-08,Pack: 450ml | Strength: 25mg/5ml | Form: Liquid
4710,Health_Product_4710,5,5,34.39,16.77,CuraMax,2028-11-18,Controlled,2023-10-04,
4711,Health_Product_4711,5,4,75.47,43.44,LifeLine,2028-09-20,Refrigerated,2023-01-08,Form: Device | Warranty: 24m
4712,Health_Product_4712,5,3,260.62,117.67,PharmaCo,2026-02-23,Ambient,2025-05-29,Form: Device | Warranty: 12m
4713,Health_Product_4713,5,1,265.54,161.57,LifeLine,2026-04-21,Refrigerated,2022-05-13,Form: Device | Warranty: 24m
4714,Health_Product_4714,1,5,244.58,99.44,CuraMax,2027-07-21,Ambient,2022-05-29,Pack: 10 tabs | Strength: 500mg | Form: Tablet
4715,Health_Product_4715,3,5,160.62,62.64,LifeLine,2026-12-26,Refrigerated,2024-11-23,Pack: 60 caps | Strength: 100mg | Form: Capsule
4716,Health_Product_4716,1,4,126.7,69.42,VitalMeds,2026-03-18,Refrigerated,2022-11-16,Pack: 90 tabs / Strength: 500mg / Form: Tablet
4717,Health_Product_4717,9,4,98.6,54.78,HealthPlus,2026-08-18,Ambient,2024-02-05,Pack: 90 units / Form: Kit
4718,Health_Product_4718,7,1,121.19,47.2,HealthPlus,2027-03-26,Controlled,2023-01-26,Pack: 90g | Form: Bandage
4719,Health_Product_4719,3,3,197.14,139.33,BioZen,2026-12-29,Refrigerated,2022-05-21,Pack: 90 caps | Strength: 250mg | Form: Capsule
4720,Health_Product_4720,9,1,189.24,106.37,LifeLine,2028-02-03,Refrigerated,2025-03-14,Pack: 10 units / Form: Kit
4721,Health_Product_4721,8,4,99.76,40.49,LifeLine,2029-01-17,Controlled,2025-10-01,Pack: 10g | Form: Cream
4722,Health_Product_4722,6,1,229.38,106.72,BioZen,2028-02-02,Ambient,2023-04-03,Pack: 300ml | Strength: 500mg/5ml | Form: Liquid
4723,Health_Product_4723,2,4,158.59,102.46,BioZen,2029-09-02,Ambient,2024-10-01,Pack: 100 tabs | Strength: 500mg | Form: Tablet
4724,Health_Product_4724,5,2,183.9,99.97,BioZen,2028-07-11,Controlled,2024-11-12,Form: Device | Warranty: 6m
4725,Health_Product_4725,8,2,111.06,46.6,LifeLine,2028-07-12,Ambient,2022-09-04,Pack: 20g | Form: Cream
4726,Health_Product_4726,6,3,228.82,88.79,HealthPlus,2026-08-08,Ambient,2024-07-15,Pack: 150ml / Form: Liquid / Strength: 500mg/5ml
4727,Health_Product_4727,3,1,261.31,133.11,BioZen,2027-01-01,Controlled,2022-03-09,Pack: 100 caps | Strength: 250mg | Form: Capsule
4728,Health_Product_4728,5,3,76.14,36.15,BioZen,2028-02-17,Ambient,2024-09-16,Form: Device
4729,Health_Product_4729,9,5,271.77,161.08,LifeLine,2026-09-08,Refrigerated,2022-09-17,Pack: 60 units
4730,Health_Product_4730,9,2,19.17,13.27,LifeLine,2028-02-23,Refrigerated,2024-12-24,Pack: 30 units | Form: Kit
4731,Health_Product_4731,5,4,294.77,130.19,LifeLine,2026-09-29,Controlled,2022-02-06,Form: Device / Warranty: 24m
4732,Health_Product_4732,9,1,126.36,84.21,MediCare,2028-06-02,Controlled,2022-11-14,Pack: 90 units / Form: Kit
4733,Health_Product_4733,1,5,55.86,38.58,MediCare,2028-02-11,Refrigerated,2025-07-13,Pack: 90 tabs / Strength: 100mg / Form: Tablet
4734,Health_Product_4734,5,2,158.48,108.36,LifeLine,2029-06-16,Ambient,2024-06-10,
4735,Health_Product_4735,3,2,190.8,133.99,BioZen,2027-11-14,Controlled,2024-01-06,Pack: 10 caps | Strength: 250mg | Form: Capsule
4736,Health_Product_4736,4,4,142.61,94.35,VitalMeds,2028-04-27,Ambient,2024-07-31,Pack: 10g | Form: Cream
4737,Health_Product_4737,6,1,239.47,136.4,BioZen,2028-05-03,Refrigerated,2022-02-11,Pack: 100ml | Strength: 100mg/5ml | Form: Liquid
4738,Health_Product_4738,1,3,121.9,61.15,VitalMeds,2027-11-25,Refrigerated,2025-03-31,Pack: 100 tabs | Strength: 50mg | Form: Tablet
4739,Health_Product_4739,3,5,20.8,11.06,LifeLine,2026-11-25,Ambient,2023-08-26,Pack: 100 caps | Strength: 50mg | Form: Capsule
4740,Health_Product_4740,9,5,188.0,126.5,CuraMax,2027-12-27,Controlled,2025-11-28,Pack: 10 units | Form: Kit
4741,Health_Product_4741,9,4,237.02,109.39,LifeLine,2028-08-06,Ambient,2023-10-13,Pack: 10 units
4742,Health_Product_4742,4,2,27.94,11.43,HealthPlus,2029-11-13,Ambient,2022-01-20,Pack: 30g | Form: Cream
4743,Health_Product_4743,3,3,133.16,53.54,VitalMeds,2026-12-07,Controlled,2022-05-22,Pack: 30 caps | Strength: 25mg | Form: Capsule
4744,Health_Product_4744,8,2,51.73,33.93,VitalMeds,2026-12-22,Ambient,2023-01-06,Pack: 10g | Form: Cream
4745,Health_Product_4745,7,2,178.91,113.03,VitalMeds,2029-06-26,Refrigerated,2022-04-15,Pack: 20g / Form: Bandage
4746,Health_Product_4746,9,2,37.73,20.15,LifeLine,2029-02-17,Controlled,2024-06-25,Pack: 60 units | Form: Kit
4747,Health_Product_4747,9,5,64.01,28.91,VitalMeds,2027-05-04,Controlled,2022-09-17,Pack: 20 units | Form: Kit
4748,Health_Product_4748,6,5,219.49,131.85,VitalMeds,2029-07-08,Controlled,2024-12-19,Pack: 100ml | Strength: 50mg/5ml | Form: Liquid
4749,Health_Product_4749,9,4,295.72,107.71,PharmaCo,2027-06-20,Controlled,2024-03-31,Pack: 100 units | Form: Kit
4750,Health_Product_4750,9,3,273.27,153.1,CuraMax,2028-03-10,Controlled,2023-10-22,Pack: 30 units | Form: Kit
4751,Health_Product_4751,2,1,211.42,105.16,HealthPlus,2029-07-22,Refrigerated,2024-02-16,Pack: 30 tabs | Strength: 200mg | Form: Tablet
4752,Health_Product_4752,4,3,172.06,122.47,LifeLine,2027-03-17,Refrigerated,2022-06-16,Form: Cream / Pack: 30g
4753,Health_Product_4753,2,3,147.9,79.54,BioZen,2029-02-23,Refrigerated,2025-05-03,Pack: 30 tabs | Strength: 650mg | Form: Tablet
4754,Health_Product_4754,3,5,118.45,65.66,MediCare,2026-11-27,Refrigerated,2022-04-11,Pack: 10 caps / Form: Capsule / Strength: 100mg
4755,Health_Product_4755,6,3,148.31,91.0,BioZen,2028-10-29,Controlled,2024-08-12,Pack: 50ml | Strength: 50mg/5ml | Form: Liquid
4756,Health_Product_4756,9,5,140.6,74.42,MediCare,2029-12-31,Controlled,2023-04-03,Pack: 60 units
4757,Health_Product_4757,5,4,141.46,61.26,HealthPlus,2027-01-23,Controlled,2023-08-25,Form: Device | Warranty: 24m
4758,Health_Product_4758,2,2,174.1,95.54,HealthPlus,2028-11-08,Controlled,2023-02-27,Pack: 90 tabs / Strength: 650mg / Form: Tablet
4759,Health_Product_4759,2,3,132.53,92.69,MediCare,2026-11-04,Controlled,2022-11-02,Pack: 10 tabs | Strength: 50mg | Form: Tablet
4760,Health_Product_4760,7,3,7.11,3.57,BioZen,2026-05-11,Ambient,2023-03-17,Pack: 90g | Form: Bandage
4761,Health_Product_4761,7,5,226.73,276.69,LifeLine,2026-12-19,Ambient,2024-01-24,Pack: 60g | Form: Bandage
4762,Health_Product_4762,8,1,172.61,122.88,PharmaCo,2026-02-02,Controlled,2024-10-09,Pack: 10g / Form: Cream
4763,Health_Product_4763,4,1,155.64,102.27,MediCare,2026-05-19,Ambient,2022-06-04,Pack: 30g | Form: Cream
4764,Health_Product_4764,6,2,40.41,24.0,VitalMeds,2027-08-17,Ambient,2023-07-28,Pack: 450ml | Strength: 100mg/5ml | Form: Liquid
4765,Health_Product_4765,4,2,141.89,88.3,MediCare,2027-11-12,Ambient,2024-12-23,Form: Cream / Pack: 100g
4766,Health_Product_4766,8,2,32.11,22.36,BioZen,2029-11-18,Ambient,2025-04-30,Pack: 100g
4767,Health_Product_4767,2,2,261.98,184.72,HealthPlus,2028-05-24,Ambient,2025-05-17,Pack: 30 tabs | Strength: 650mg | Form: Tablet
4768,Health_Product_4768,2,2,22.65,16.05,PharmaCo,2025-12-20,Refrigerated,2024-02-10,Strength: 100mg / Pack: 90 tabs
4769,Health_Product_4769,7,3,29.41,17.1,CuraMax,2028-01-26,Refrigerated,2022-03-15,Pack: 20g / Form: Bandage
4770,Health_Product_4770,1,4,71.43,35.17,BioZen,2027-06-13,Refrigerated,2023-05-10,Pack: 90 tabs / Strength: 500mg
4771,Health_Product_4771,2,4,81.23,32.43,PharmaCo,2028-06-05,Refrigerated,2024-02-05,Pack: 90 tabs | Strength: 25mg | Form: Tablet
4772,Health_Product_4772,3,1,251.16,123.73,HealthPlus,2026-12-15,Refrigerated,2025-04-29,Pack: 100 caps | Strength: 500mg | Form: Capsule
4773,Health_Product_4773,6,5,27.27,19.06,BioZen,2029-10-11,Controlled,2025-07-15,Pack: 500ml | Strength: 650mg/5ml | Form: Liquid
4774,Health_Product_4774,6,3,273.16,185.54,HealthPlus,2025-12-14,Refrigerated,2025-03-29,Pack: 450ml / Strength: 100mg/5ml
4775,Health_Product_4775,6,2,204.36,111.12,PharmaCo,2027-08-05,Refrigerated,2024-01-05,Pack: 500ml / Strength: 200mg/5ml / Form: Liquid
4776,Health_Product_4776,7,2,185.53,101.8,PharmaCo,2026-10-05,Refrigerated,2024-03-22,Pack: 20g / Form: Bandage
4777,Health_Product_4777,3,2,61.61,28.61,VitalMeds,2030-01-06,Controlled,2025-11-25,Pack: 10 caps | Strength: 250mg | Form: Capsule
4778,Health_Product_4778,1,2,115.68,59.94,BioZen,2028-10-01,Controlled,2023-04-05,Pack: 30 tabs | Strength: 25mg | Form: Tablet
4779,Health_Product_4779,5,2,62.09,38.14,CuraMax,2029-03-03,Ambient,2023-05-20,Form: Device | Warranty: 24m
4780,Health_Product_4780,5,5,150.91,75.29,BioZen,2028-10-01,Controlled,2022-02-24,Form: Device / Warranty: 24m
4781,Health_Product_4781,3,3,151.09,63.39,HealthPlus,2026-11-27,Refrigerated,2023-06-04,Pack: 60 caps | Strength: 200mg | Form: Capsule
4782,Health_Product_4782,6,1,192.06,105.66,PharmaCo,2026-05-20,Ambient,2023-08-06,Pack: 450ml | Strength: 50mg/5ml | Form: Liquid
4783,Health_Product_4783,4,5,223.56,96.89,MediCare,2029-02-27,Controlled,2025-06-07,
4784,Health_Product_4784,5,2,47.74,33.92,PharmaCo,2026-09-21,Refrigerated,2023-01-19,Form: Device | Warranty: 12m
4785,Health_Product_4785,2,4,40.45,20.0,PharmaCo,2028-02-29,Refrigerated,2024-03-26,Pack: 100 tabs | Strength: 650mg | Form: Tablet
4786,Health_Product_4786,8,1,269.4,184.96,HealthPlus,2027-08-05,Refrigerated,2025-10-16,Pack: 30g | Form: Cream
4787,Health_Product_4787,8,1,40.72,17.65,CuraMax,2028-07-24,Ambient,2024-11-06,Pack: 60g | Form: Cream
4788,Health_Product_4788,6,2,287.26,120.65,BioZen,2027-03-05,Ambient,2023-03-07,Pack: 450ml | Strength: 200mg/5ml | Form: Liquid
4789,Health_Product_4789,1,1,176.57,228.28,PharmaCo,2026-11-25,Ambient,2024-05-23,Pack: 100 tabs | Strength: 100mg | Form: Tablet
4790,Health_Product_4790,2,3,239.56,152.93,MediCare,2027-05-24,Refrigerated,2024-03-08,Pack: 20 tabs | Strength: 25mg | Form: Tablet
4791,Health_Product_4791,6,1,35.63,19.94,MediCare,2028-09-24,Refrigerated,2023-02-06,Pack: 500ml | Strength: 200mg/5ml | Form: Liquid
4792,Health_Product_4792,4,1,55.38,24.09,LifeLine,2029-09-03,Refrigerated,2025-05-24,Pack: 10g
4793,Health_Product_4793,9,3,50.26,18.3,HealthPlus,2028-06-27,Refrigerated,2022-05-12,Pack: 100 units | Form: Kit
4794,Health_Product_4794,4,1,74.56,43.15,BioZen,2026-12-30,Controlled,2023-10-28,Pack: 90g / Form: Cream
4795,Health_Product_4795,1,3,213.27,84.98,HealthPlus,2027-12-12,Controlled,2024-03-01,Pack: 100 tabs | Strength: 100mg | Form: Tablet
4796,Health_Product_4796,8,5,274.21,130.79,PharmaCo,2027-01-15,Controlled,2022-04-21,Pack: 100g / Form: Cream
4797,Health_Product_4797,6,3,159.32,95.6,HealthPlus,2029-07-09,Refrigerated,2025-12-01,Pack: 50ml | Strength: 200mg/5ml | Form: Liquid
4798,Health_Product_4798,5,2,70.42,27.2,VitalMeds,2028-01-31,Refrigerated,2023-01-15,Form: Device / Warranty: 24m
4799,Health_Product_4799,6,4,64.96,25.79,CuraMax,2026-06-16,Controlled,2023-09-10,Pack: 150ml | Strength: 100mg/5ml | Form: Liquid
4800,Health_Product_4800,4,2,158.83,59.21,LifeLine,2029-06-22,Refrigerated,2025-06-06,Pack: 60g
4801,Health_Product_4801,6,4,174.92,125.69,BioZen,2028-08-18,Controlled,2022-02-23,Pack: 100ml / Strength: 650mg/5ml / Form: Liquid
4802,Health_Product_4802,7,4,147.57,72.78,VitalMeds,2028-08-30,Refrigerated,2025-05-17,
4803,Health_Product_4803,8,4,43.51,29.81,MediCare,2028-08-06,Ambient,2022-03-07,Pack: 30g | Form: Cream
4804,Health_Product_4804,1,4,297.49,314.01,MediCare,2026-11-05,Ambient,2023-01-21,Pack: 90 tabs / Strength: 250mg / Form: Tablet
4805,Health_Product_4805,7,4,102.63,64.52,LifeLine,2027-09-25,Ambient,2021-11-10,Pack: 60g | Form: Bandage
4806,Health_Product_4806,8,1,220.47,95.03,CuraMax,2028-02-04,Controlled,2022-08-10,Pack: 100g | Form: Cream
4807,Health_Product_4807,1,4,229.68,122.74,MediCare,2029-10-17,Refrigerated,2023-09-05,Pack: 100 tabs / Strength: 250mg / Form: Tablet
4808,Health_Product_4808,4,1,119.6,78.35,HealthPlus,2026-07-05,Controlled,2024-01-17,Pack: 20g | Form: Cream
4809,Health_Product_4809,4,4,243.37,158.69,PharmaCo,2026-05-14,Ambient,2022-09-13,Pack: 10g
4810,Health_Product_4810,3,1,218.31,140.57,MediCare,2027-11-28,Ambient,2022-04-23,Pack: 90 caps | Strength: 25mg | Form: Capsule
4811,Health_Product_4811,6,3,252.17,165.12,MediCare,2026-04-25,Ambient,2022-03-01,Pack: 50ml / Strength: 250mg/5ml / Form: Liquid
4812,Health_Product_4812,5,4,35.9,15.37,BioZen,2027-12-08,Controlled,2022-04-04,Form: Device | Warranty: 6m
4813,Health_Product_4813,8,4,8.66,4.58,HealthPlus,2028-11-07,Controlled,2023-01-26,Pack: 90g | Form: Cream
4814,Health_Product_4814,2,5,62.81,33.25,PharmaCo,2028-12-19,Ambient,2024-10-24,Strength: 500mg / Pack: 60 tabs
4815,Health_Product_4815,5,4,232.98,158.31,HealthPlus,2027-05-09,Ambient,2024-07-17,Form: Device | Warranty: 12m
4816,Health_Product_4816,5,3,211.39,97.21,VitalMeds,2028-11-16,Controlled,2022-07-22,Form: Device | Warranty: 12m
4817,Health_Product_4817,2,2,296.98,206.3,LifeLine,2029-06-23,Ambient,2023-05-28,Pack: 20 tabs | Strength: 200mg | Form: Tablet
4818,Health_Product_4818,9,1,99.66,51.5,HealthPlus,2029-10-02,Controlled,2023-06-03,
4819,Health_Product_4819,5,2,169.89,101.56,CuraMax,2026-03-20,Refrigerated,2024-08-13,Form: Device | Warranty: 12m
4820,Health_Product_4820,2,3,180.48,81.12,LifeLine,2029-04-20,Ambient,2023-08-02,Pack: 10 tabs | Strength: 650mg | Form: Tablet
4821,Health_Product_4821,3,3,60.08,76.85,HealthPlus,2026-10-31,Refrigerated,2021-11-24,Pack: 20 caps / Strength: 100mg / Form: Capsule
4822,Health_Product_4822,6,2,171.4,105.0,PharmaCo,2027-11-15,Controlled,2022-11-22,Form: Liquid / Pack: 300ml / Strength: 500mg/5ml
4823,Health_Product_4823,3,5,295.16,159.3,CuraMax,2026-12-20,Ambient,2025-11-12,Pack: 90 caps | Strength: 650mg | Form: Capsule
4824,Health_Product_4824,6,2,18.11,12.57,VitalMeds,2030-01-03,Ambient,2025-03-08,Pack: 500ml / Strength: 200mg/5ml / Form: Liquid
4825,Health_Product_4825,8,4,225.75,140.58,CuraMax,2029-04-29,Ambient,2023-04-11,Pack: 90g | Form: Cream
4826,Health_Product_4826,6,5,42.75,23.89,HealthPlus,2028-08-07,Controlled,2022-04-02,Strength: 200mg/5ml / Pack: 300ml
4827,Health_Product_4827,2,2,275.92,187.09,CuraMax,2026-07-22,Controlled,2023-01-22,Pack: 10 tabs | Strength: 200mg | Form: Tablet
4828,Health_Product_4828,1,1,48.52,28.93,BioZen,2029-03-09,Refrigerated,2023-04-01,Pack: 10 tabs | Strength: 200mg | Form: Tablet
4829,Health_Product_4829,1,3,248.57,146.53,VitalMeds,2027-02-09,Refrigerated,2024-08-18,Pack: 10 tabs | Strength: 650mg | Form: Tablet
4830,Health_Product_4830,3,3,275.48,121.53,CuraMax,2028-09-10,Refrigerated,2022-11-07,
4831,Health_Product_4831,7,2,142.11,70.5,LifeLine,2029-04-05,Controlled,2025-05-15,Pack: 10g | Form: Bandage
4832,Health_Product_4832,9,3,74.67,45.01,PharmaCo,2026-03-31,Ambient,2024-07-04,Pack: 30 units | Form: Kit
4833,Health_Product_4833,4,1,265.61,180.6,MediCare,2026-09-14,Controlled,2024-02-12,Pack: 100g / Form: Cream
4834,Health_Product_4834,8,5,204.83,95.6,LifeLine,2026-06-23,Refrigerated,2023-09-12,Pack: 20g / Form: Cream
4835,Health_Product_4835,9,2,134.04,57.6,BioZen,2026-08-16,Refrigerated,2021-12-26,Pack: 100 units | Form: Kit
4836,Health_Product_4836,4,5,82.61,47.06,PharmaCo,2029-12-19,Refrigerated,2025-08-28,Pack: 20g
4837,Health_Product_4837,2,3,101.33,37.98,PharmaCo,2026-09-19,Refrigerated,2022-02-27,Pack: 10 tabs | Strength: 250mg | Form: Tablet
4838,Health_Product_4838,2,5,291.87,179.32,LifeLine,2029-06-14,Ambient,2021-12-08,Form: Tablet / Strength: 200mg / Pack: 20 tabs
4839,Health_Product_4839,9,5,186.92,114.05,MediCare,2029-10-12,Refrigerated,2024-06-01,Pack: 100 units | Form: Kit
4840,Health_Product_4840,9,4,186.71,89.87,MediCare,2026-09-27,Controlled,2022-04-15,
4841,Health_Product_4841,8,2,234.24,159.35,PharmaCo,2026-03-28,Ambient,2024-04-14,Pack: 60g | Form: Cream
4842,Health_Product_4842,6,1,118.59,63.54,LifeLine,2029-06-15,Ambient,2022-07-15,Strength: 100mg/5ml / Pack: 50ml
4843,Health_Product_4843,9,1,240.94,141.9,VitalMeds,2028-02-20,Controlled,2025-03-18,Pack: 90 units | Form: Kit
4844,Health_Product_4844,1,4,22.41,9.58,PharmaCo,2029-06-09,Controlled,2023-08-06,Strength: 25mg / Pack: 10 tabs / Form: Tablet
4845,Health_Product_4845,4,2,27.05,13.64,VitalMeds,2027-12-19,Controlled,2022-11-08,Pack: 30g | Form: Cream
4846,Health_Product_4846,3,5,261.96,175.28,LifeLine,2026-11-12,Ambient,2023-08-30,Pack: 10 caps | Strength: 50mg | Form: Capsule
4847,Health_Product_4847,8,4,16.42,7.04,PharmaCo,2026-02-14,Controlled,2022-01-01,Pack: 60g / Form: Cream
4848,Health_Product_4848,4,5,119.34,59.02,HealthPlus,2026-02-11,Controlled,2024-06-09,Pack: 60g
4849,Health_Product_4849,7,4,278.48,130.24,VitalMeds,2026-11-12,Refrigerated,2023-05-08,Pack: 30g
4850,Health_Product_4850,8,1,247.64,100.52,BioZen,2028-10-10,Controlled,2025-08-31,Pack: 30g / Form: Cream
4851,Health_Product_4851,8,1,16.77,7.67,VitalMeds,2027-03-23,Controlled,2023-08-10,Pack: 90g
4852,Health_Product_4852,7,1,16.96,7.4,VitalMeds,2029-04-21,Ambient,2024-07-11,Pack: 20g
4853,Health_Product_4853,3,2,130.89,90.54,PharmaCo,2029-02-17,Refrigerated,2021-12-27,Pack: 20 caps | Strength: 25mg | Form: Capsule
4854,Health_Product_4854,5,2,143.79,89.75,VitalMeds,2028-05-01,Ambient,2022-12-30,Form: Device
4855,Health_Product_4855,7,3,25.56,11.94,PharmaCo,2026-07-26,Ambient,2022-10-07,Pack: 30g | Form: Bandage
4856,Health_Product_4856,2,2,157.92,99.87,BioZen,2028-02-01,Controlled,2025-08-13,Pack: 20 tabs | Strength: 650mg | Form: Tablet
4857,Health_Product_4857,6,5,152.6,54.66,VitalMeds,2029-04-17,Refrigerated,2023-08-17,Pack: 150ml | Strength: 500mg/5ml | Form: Liquid
4858,Health_Product_4858,6,3,82.33,44.85,LifeLine,2028-10-10,Refrigerated,2022-07-18,Pack: 500ml | Strength: 100mg/5ml | Form: Liquid
4859,Health_Product_4859,1,3,237.78,105.25,VitalMeds,2028-12-08,Controlled,2023-09-16,Pack: 30 tabs | Strength: 100mg | Form: Tablet
4860,Health_Product_4860,9,5,152.96,60.01,BioZen,2027-06-16,Refrigerated,2025-11-24,Pack: 60 units
4861,Health_Product_4861,8,5,103.4,70.0,HealthPlus,2027-04-30,Ambient,2022-05-18,Pack: 20g | Form: Cream
4862,Health_Product_4862,8,3,31.69,13.43,LifeLine,2029-01-05,Controlled,2022-01-11,Pack: 30g | Form: Cream
4863,Health_Product_4863,3,3,119.26,78.03,MediCare,2026-10-31,Controlled,2022-01-09,
4864,Health_Product_4864,1,3,279.19,140.4,MediCare,2028-03-06,Ambient,2022-06-26,
4865,Health_Product_4865,4,1,236.45,84.01,VitalMeds,2029-11-25,Ambient,2024-09-15,Pack: 10g
4866,Health_Product_4866,8,1,26.76,16.62,HealthPlus,2028-11-28,Ambient,2022-01-12,Pack: 100g / Form: Cream
4867,Health_Product_4867,7,4,35.87,20.47,CuraMax,2028-06-08,Controlled,2025-06-18,
4868,Health_Product_4868,6,5,51.57,24.62,LifeLine,2027-08-23,Ambient,2023-04-10,Pack: 300ml | Strength: 650mg/5ml | Form: Liquid
4869,Health_Product_4869,7,4,73.83,33.53,VitalMeds,2026-02-28,Refrigerated,2022-02-14,Pack: 20g | Form: Bandage
4870,Health_Product_4870,8,2,250.29,94.43,BioZen,2027-05-16,Ambient,2021-12-23,Pack: 100g | Form: Cream
4871,Health_Product_4871,3,2,195.12,136.26,MediCare,2027-09-24,Controlled,2023-11-03,Strength: 500mg / Pack: 20 caps / Form: Capsule
4872,Health_Product_4872,3,5,152.96,81.49,VitalMeds,2026-11-09,Ambient,2024-01-15,Pack: 20 caps | Strength: 50mg | Form: Capsule
4873,Health_Product_4873,6,4,188.5,71.94,HealthPlus,2026-09-15,Ambient,2024-09-29,
4874,Health_Product_4874,9,5,210.93,141.62,CuraMax,2029-09-27,Controlled,2022-07-11,Pack: 60 units | Form: Kit
4875,Health_Product_4875,1,3,206.72,93.68,VitalMeds,2026-09-06,Ambient,2024-12-02,Pack: 30 tabs | Strength: 100mg | Form: Tablet
4876,Health_Product_4876,8,1,140.24,59.65,CuraMax,2029-08-31,Refrigerated,2022-03-03,Pack: 30g / Form: Cream
4877,Health_Product_4877,1,2,204.58,92.87,CuraMax,2027-01-14,Refrigerated,2025-12-06,Strength: 500mg / Pack: 90 tabs
4878,Health_Product_4878,9,4,221.67,123.89,BioZen,2028-06-20,Controlled,2022-04-01,Pack: 30 units
4879,Health_Product_4879,3,4,79.99,30.19,BioZen,2027-01-05,Refrigerated,2022-06-30,Pack: 60 caps | Strength: 50mg | Form: Capsule
4880,Health_Product_4880,5,1,230.99,122.02,VitalMeds,2028-03-27,Ambient,2022-06-30,Form: Device | Warranty: 24m
4881,Health_Product_4881,9,5,59.74,40.71,LifeLine,2026-06-07,Ambient,2024-11-03,Pack: 60 units
4882,Health_Product_4882,4,1,80.11,33.62,BioZen,2026-04-02,Ambient,2025-10-16,Pack: 20g | Form: Cream
4883,Health_Product_4883,1,1,85.83,40.56,PharmaCo,2029-06-30,Controlled,2025-02-26,Pack: 90 tabs | Strength: 650mg | Form: Tablet
4884,Health_Product_4884,7,5,135.47,67.27,MediCare,2026-07-29,Refrigerated,2023-12-13,Pack: 30g | Form: Bandage
4885,Health_Product_4885,3,5,194.55,110.29,PharmaCo,2026-09-27,Controlled,2023-05-04,Pack: 60 caps | Strength: 100mg | Form: Capsule
4886,Health_Product_4886,6,5,27.91,19.26,LifeLine,2026-02-03,Ambient,2025-08-08,Pack: 500ml | Strength: 250mg/5ml | Form: Liquid
4887,Health_Product_4887,7,2,117.39,58.22,PharmaCo,2026-09-05,Refrigerated,2024-03-27,Pack: 30g / Form: Bandage
4888,Health_Product_4888,9,2,279.41,104.94,LifeLine,2026-07-11,Refrigerated,2022-03-24,Pack: 30 units | Form: Kit
4889,Health_Product_4889,2,5,122.69,58.74,LifeLine,2027-09-24,Ambient,2024-11-30,Pack: 10 tabs | Strength: 650mg | Form: Tablet
4890,Health_Product_4890,9,5,196.33,82.52,VitalMeds,2026-04-10,Refrigerated,2024-11-16,Pack: 20 units | Form: Kit
4891,Health_Product_4891,8,2,270.82,160.1,PharmaCo,2026-01-03,Refrigerated,2022-03-11,Pack: 60g | Form: Cream
4892,Health_Product_4892,8,2,282.93,102.09,CuraMax,2028-08-10,Ambient,2025-01-30,Form: Cream / Pack: 20g
4893,Health_Product_4893,4,1,265.5,121.6,BioZen,2029-10-01,Ambient,2025-05-05,Pack: 90g | Form: Cream
4894,Health_Product_4894,2,3,268.35,148.05,HealthPlus,2027-08-21,Ambient,2022-04-17,Pack: 30 tabs | Strength: 250mg | Form: Tablet
4895,Health_Product_4895,8,2,245.15,110.96,BioZen,2026-03-20,Ambient,2022-06-26,Pack: 100g | Form: Cream
4896,Health_Product_4896,2,3,209.13,115.83,LifeLine,2028-04-07,Controlled,2022-02-24,Pack: 90 tabs / Strength: 100mg
4897,Health_Product_4897,5,3,54.58,21.42,MediCare,2027-10-27,Ambient,2022-08-31,Form: Device | Warranty: 24m
4898,Health_Product_4898,9,1,247.7,173.1,BioZen,2026-10-26,Refrigerated,2022-07-08,Pack: 90 units | Form: Kit
4899,Health_Product_4899,7,5,256.02,117.16,VitalMeds,2027-12-14,Controlled,2023-01-23,Pack: 10g | Form: Bandage
4900,Health_Product_4900,1,5,263.13,181.96,BioZen,2030-01-15,Refrigerated,2025-02-22,Pack: 20 tabs | Strength: 100mg | Form: Tablet
4901,Health_Product_4901,1,4,181.96,85.62,PharmaCo,2028-10-16,Ambient,2022-12-14,Pack: 100 tabs | Strength: 25mg | Form: Tablet
4902,Health_Product_4902,2,4,224.17,143.31,CuraMax,2028-11-19,Controlled,2023-02-18,Pack: 90 tabs / Strength: 200mg
4903,Health_Product_4903,2,4,195.05,86.03,MediCare,2025-12-17,Controlled,2023-11-03,Pack: 60 tabs | Strength: 25mg | Form: Tablet
4904,Health_Product_4904,8,4,42.62,25.48,PharmaCo,2027-04-11,Refrigerated,2024-06-25,Pack: 30g | Form: Cream
4905,Health_Product_4905,4,5,89.35,41.97,VitalMeds,2026-10-26,Refrigerated,2024-10-24,
4906,Health_Product_4906,3,2,21.02,26.84,VitalMeds,2026-10-28,Refrigerated,2023-08-03,Pack: 90 caps / Strength: 250mg / Form: Capsule
4907,Health_Product_4907,9,1,217.45,244.88,VitalMeds,2026-10-19,Refrigerated,2024-06-22,Form: Kit / Pack: 30 units
4908,Health_Product_4908,3,1,63.53,36.08,BioZen,2027-01-07,Refrigerated,2024-07-28,Pack: 20 caps | Strength: 50mg | Form: Capsule
4909,Health_Product_4909,6,5,259.85,146.35,MediCare,2026-02-17,Controlled,2022-02-16,Pack: 300ml / Strength: 100mg/5ml
4910,Health_Product_4910,2,2,239.73,89.73,HealthPlus,2028-02-01,Ambient,2022-05-03,
4911,Health_Product_4911,2,1,251.26,111.1,CuraMax,2025-12-20,Ambient,2022-05-08,Pack: 60 tabs | Strength: 50mg | Form: Tablet
4912,Health_Product_4912,8,4,161.36,90.62,LifeLine,2028-12-09,Refrigerated,2023-06-11,Pack: 100g | Form: Cream
4913,Health_Product_4913,9,1,96.45,34.41,MediCare,2027-03-23,Ambient,2025-01-08,Pack: 20 units | Form: Kit
4914,Health_Product_4914,4,3,66.81,29.58,MediCare,2028-08-28,Ambient,2023-01-20,Pack: 60g | Form: Cream
4915,Health_Product_4915,2,3,6.91,3.0,MediCare,2027-11-05,Ambient,2025-01-02,Pack: 30 tabs | Strength: 250mg | Form: Tablet
4916,Health_Product_4916,8,2,220.14,97.4,PharmaCo,2026-06-28,Ambient,2024-01-05,Pack: 100g / Form: Cream
4917,Health_Product_4917,8,4,135.63,74.35,PharmaCo,2028-09-06,Controlled,2025-04-20,Pack: 90g | Form: Cream
4918,Health_Product_4918,3,1,67.56,38.19,LifeLine,2026-10-13,Refrigerated,2025-11-05,Pack: 10 caps | Strength: 500mg | Form: Capsule
4919,Health_Product_4919,8,2,23.72,16.28,HealthPlus,2027-07-13,Ambient,2022-12-27,Pack: 20g | Form: Cream
4920,Health_Product_4920,1,2,288.87,142.36,BioZen,2028-01-10,Controlled,2022-08-13,Strength: 25mg / Pack: 30 tabs
4921,Health_Product_4921,5,5,17.24,11.94,CuraMax,2027-07-07,Ambient,2024-08-04,Form: Device | Warranty: 6m
4922,Health_Product_4922,4,5,57.57,34.04,MediCare,2027-04-09,Refrigerated,2024-12-03,Pack: 20g | Form: Cream
4923,Health_Product_4923,9,5,167.19,114.97,MediCare,2026-11-08,Controlled,2022-10-11,Pack: 10 units | Form: Kit
4924,Health_Product_4924,8,4,38.7,25.48,VitalMeds,2027-01-07,Refrigerated,2022-05-24,Pack: 20g / Form: Cream
4925,Health_Product_4925,7,1,109.69,66.3,MediCare,2030-01-20,Controlled,2025-03-26,Pack: 90g | Form: Bandage
4926,Health_Product_4926,4,2,160.66,77.4,CuraMax,2027-12-20,Refrigerated,2024-02-15,
4927,Health_Product_4927,1,1,278.61,122.37,VitalMeds,2026-09-21,Ambient,2023-05-13,Pack: 10 tabs | Strength: 50mg | Form: Tablet
4928,Health_Product_4928,1,2,92.25,39.88,LifeLine,2028-08-04,Ambient,2024-01-16,
4929,Health_Product_4929,5,1,225.15,158.12,PharmaCo,2026-07-27,Refrigerated,2024-04-03,Form: Device | Warranty: 12m
4930,Health_Product_4930,9,3,188.76,133.01,LifeLine,2028-09-16,Refrigerated,2025-10-18,Form: Kit / Pack: 20 units
4931,Health_Product_4931,9,4,136.97,84.67,VitalMeds,2029-02-20,Ambient,2023-11-03,Pack: 20 units | Form: Kit
4932,Health_Product_4932,1,4,215.47,145.87,VitalMeds,2026-09-24,Ambient,2023-06-08,Pack: 100 tabs / Strength: 250mg / Form: Tablet
4933,Health_Product_4933,9,5,242.09,167.05,CuraMax,2029-01-05,Controlled,2025-01-29,Pack: 60 units | Form: Kit
4934,Health_Product_4934,9,2,192.35,103.73,MediCare,2026-03-27,Controlled,2024-02-14,Pack: 100 units | Form: Kit
4935,Health_Product_4935,4,5,264.19,153.96,PharmaCo,2027-01-06,Controlled,2021-12-03,Pack: 90g | Form: Cream
4936,Health_Product_4936,1,2,118.92,60.05,VitalMeds,2027-08-04,Refrigerated,2023-11-09,Pack: 90 tabs | Strength: 100mg | Form: Tablet
4937,Health_Product_4937,5,1,283.93,143.34,HealthPlus,2029-06-22,Refrigerated,2023-06-13,Form: Device | Warranty: 24m
4938,Health_Product_4938,2,5,269.15,98.03,PharmaCo,2026-08-19,Refrigerated,2025-05-06,Pack: 10 tabs / Strength: 250mg / Form: Tablet
4939,Health_Product_4939,2,2,34.17,40.41,BioZen,2029-09-20,Ambient,2024-06-03,Pack: 100 tabs / Strength: 650mg / Form: Tablet
4940,Health_Product_4940,8,5,217.23,130.16,CuraMax,2027-12-22,Controlled,2025-11-08,Pack: 10g | Form: Cream
4941,Health_Product_4941,1,1,299.88,151.78,PharmaCo,2027-04-25,Ambient,2023-07-05,Pack: 30 tabs | Strength: 25mg | Form: Tablet
4942,Health_Product_4942,6,2,203.77,137.09,HealthPlus,2029-06-06,Refrigerated,2025-10-28,Pack: 300ml / Strength: 650mg/5ml
4943,Health_Product_4943,6,5,292.37,138.31,MediCare,2026-05-02,Refrigerated,2022-03-26,Pack: 450ml | Strength: 200mg/5ml | Form: Liquid
4944,Health_Product_4944,2,2,57.99,23.14,BioZen,2029-09-08,Ambient,2025-08-01,Pack: 100 tabs | Strength: 100mg | Form: Tablet
4945,Health_Product_4945,9,3,216.55,140.82,MediCare,2029-10-26,Controlled,2023-06-05,Pack: 60 units | Form: Kit
4946,Health_Product_4946,1,2,294.7,176.63,CuraMax,2029-11-27,Ambient,2023-08-08,Pack: 90 tabs | Strength: 250mg | Form: Tablet
4947,Health_Product_4947,6,2,84.25,37.03,PharmaCo,2026-01-30,Refrigerated,2025-10-09,Pack: 100ml | Strength: 500mg/5ml | Form: Liquid
4948,Health_Product_4948,4,3,206.86,113.46,VitalMeds,2028-04-09,Controlled,2024-01-27,Pack: 60g
4949,Health_Product_4949,8,3,183.09,91.3,LifeLine,2029-11-01,Controlled,2022-02-11,Pack: 90g
4950,Health_Product_4950,4,2,280.14,195.36,MediCare,2027-07-26,Controlled,2022-12-18,Pack: 10g | Form: Cream
4951,Health_Product_4951,3,2,168.36,176.79,VitalMeds,2026-11-09,Refrigerated,2025-02-25,
4952,Health_Product_4952,1,5,279.42,114.17,VitalMeds,2026-09-01,Ambient,2025-10-03,
4953,Health_Product_4953,9,2,283.48,151.89,VitalMeds,2026-12-07,Refrigerated,2022-06-23,Pack: 90 units | Form: Kit
4954,Health_Product_4954,7,5,155.85,104.29,BioZen,2026-03-21,Controlled,2021-11-15,Pack: 10g / Form: Bandage
4955,Health_Product_4955,5,2,18.85,11.28,PharmaCo,2029-10-17,Ambient,2024-11-16,
4956,Health_Product_4956,6,3,215.49,142.59,BioZen,2026-01-06,Refrigerated,2022-07-19,Pack: 500ml / Strength: 200mg/5ml
4957,Health_Product_4957,1,4,298.73,132.23,PharmaCo,2027-01-17,Ambient,2022-10-27,Pack: 30 tabs | Strength: 50mg | Form: Tablet
4958,Health_Product_4958,5,1,292.02,198.19,HealthPlus,2027-01-04,Refrigerated,2024-12-20,Form: Device / Warranty: 6m
4959,Health_Product_4959,4,2,279.36,175.88,HealthPlus,2029-11-02,Ambient,2025-10-25,Pack: 20g | Form: Cream
4960,Health_Product_4960,6,1,182.41,113.04,CuraMax,2026-11-08,Ambient,2022-01-09,Pack: 500ml / Strength: 650mg/5ml / Form: Liquid
4961,Health_Product_4961,4,1,211.05,100.93,BioZen,2026-03-04,Refrigerated,2023-05-14,
4962,Health_Product_4962,5,3,288.46,195.7,MediCare,2029-07-11,Refrigerated,2025-04-09,Form: Device
4963,Health_Product_4963,7,2,83.39,48.87,HealthPlus,2029-02-24,Ambient,2025-01-14,Form: Bandage / Pack: 10g
4964,Health_Product_4964,2,2,160.6,106.83,BioZen,2026-09-25,Refrigerated,2023-07-16,Pack: 90 tabs | Strength: 250mg | Form: Tablet
4965,Health_Product_4965,1,3,30.71,14.85,LifeLine,2026-05-30,Controlled,2025-05-07,Strength: 650mg / Form: Tablet / Pack: 100 tabs
4966,Health_Product_4966,6,4,292.08,117.97,CuraMax,2029-07-29,Refrigerated,2025-08-06,Pack: 100ml | Strength: 500mg/5ml | Form: Liquid
4967,Health_Product_4967,4,4,88.62,95.8,VitalMeds,2026-09-19,Ambient,2024-02-08,Pack: 90g | Form: Cream
4968,Health_Product_4968,9,3,102.91,53.35,CuraMax,2027-08-14,Controlled,2023-01-31,Pack: 90 units | Form: Kit
4969,Health_Product_4969,5,4,129.35,70.8,HealthPlus,2029-07-13,Controlled,2025-10-20,Form: Device / Warranty: 12m
4970,Health_Product_4970,4,5,18.9,10.19,LifeLine,2029-03-04,Controlled,2023-07-25,Pack: 60g
4971,Health_Product_4971,5,5,82.92,45.78,MediCare,2027-09-25,Controlled,2022-08-07,Form: Device
4972,Health_Product_4972,6,4,55.42,36.66,PharmaCo,2028-07-22,Controlled,2023-08-09,Pack: 50ml | Strength: 200mg/5ml | Form: Liquid
4973,Health_Product_4973,2,1,73.07,30.17,PharmaCo,2026-01-14,Refrigerated,2025-08-20,
4974,Health_Product_4974,5,2,250.09,116.78,LifeLine,2027-07-19,Ambient,2025-03-16,Form: Device / Warranty: 24m
4975,Health_Product_4975,7,5,204.05,138.51,BioZen,2026-03-24,Controlled,2023-01-22,Pack: 90g | Form: Bandage
4976,Health_Product_4976,2,4,102.21,56.97,CuraMax,2027-05-21,Controlled,2023-03-24,Pack: 20 tabs / Strength: 200mg / Form: Tablet
4977,Health_Product_4977,1,3,7.77,4.4,LifeLine,2029-05-26,Ambient,2022-07-13,Form: Tablet / Strength: 500mg / Pack: 10 tabs
4978,Health_Product_4978,9,2,146.63,77.26,BioZen,2029-09-16,Controlled,2025-11-01,Pack: 90 units | Form: Kit
4979,Health_Product_4979,3,2,207.95,115.02,BioZen,2026-11-20,Refrigerated,2024-10-07,Pack: 20 caps | Strength: 500mg | Form: Capsule
4980,Health_Product_4980,6,1,210.82,89.24,VitalMeds,2026-02-01,Refrigerated,2022-09-01,Pack: 50ml | Strength: 200mg/5ml | Form: Liquid
4981,Health_Product_4981,8,5,269.89,149.07,LifeLine,2026-12-02,Ambient,2024-12-07,Pack: 20g / Form: Cream
4982,Health_Product_4982,6,3,274.71,197.5,LifeLine,2027-10-18,Ambient,2025-06-30,Pack: 500ml / Strength: 650mg/5ml
4983,Health_Product_4983,3,1,152.36,165.59,VitalMeds,2026-11-06,Controlled,2023-09-01,Pack: 100 caps / Strength: 200mg
4984,Health_Product_4984,2,5,115.49,42.32,MediCare,2029-11-01,Controlled,2022-11-22,Pack: 90 tabs | Strength: 250mg | Form: Tablet
4985,Health_Product_4985,6,4,140.55,90.61,BioZen,2028-08-15,Refrigerated,2022-05-21,Pack: 150ml | Strength: 25mg/5ml | Form: Liquid
4986,Health_Product_4986,6,4,74.9,37.2,CuraMax,2028-02-01,Refrigerated,2024-04-22,Pack: 300ml | Strength: 250mg/5ml | Form: Liquid
4987,Health_Product_4987,3,5,288.72,117.47,HealthPlus,2026-06-21,Controlled,2025-03-07,Pack: 20 caps / Strength: 500mg
4988,Health_Product_4988,2,3,157.65,105.49,MediCare,2027-04-22,Refrigerated,2024-05-27,Pack: 90 tabs | Strength: 650mg | Form: Tablet
4989,Health_Product_4989,5,1,171.02,72.38,BioZen,2029-05-26,Refrigerated,2022-08-27,Form: Device | Warranty: 6m
4990,Health_Product_4990,1,4,121.66,84.03,LifeLine,2029-11-25,Controlled,2025-05-08,Strength: 100mg / Pack: 100 tabs
4991,Health_Product_4991,3,1,203.57,251.98,VitalMeds,2026-12-24,Refrigerated,2021-12-04,Pack: 60 caps | Strength: 25mg | Form: Capsule
4992,Health_Product_4992,3,3,11.58,7.24,CuraMax,2026-11-13,Refrigerated,2022-11-06,Pack: 10 caps | Strength: 50mg | Form: Capsule
4993,Health_Product_4993,2,3,109.89,60.7,HealthPlus,2026-02-10,Refrigerated,2025-02-20,Form: Tablet / Pack: 10 tabs / Strength: 250mg
4994,Health_Product_4994,6,2,59.27,26.37,MediCare,2027-07-08,Refrigerated,2023-04-19,Pack: 150ml | Strength: 25mg/5ml | Form: Liquid
4995,Health_Product_4995,6,5,166.14,99.4,LifeLine,2026-12-27,Ambient,2021-11-26,Pack: 150ml | Strength: 50mg/5ml | Form: Liquid
4996,Health_Product_4996,5,3,251.19,176.95,BioZen,2026-07-15,Ambient,2023-12-11,Warranty: 6m / Form: Device
4997,Health_Product_4997,9,1,111.39,70.71,PharmaCo,2028-08-04,Controlled,2024-11-26,Form: Kit / Pack: 60 units
4998,Health_Product_4998,7,1,292.62,167.81,CuraMax,2026-05-27,Refrigerated,2023-04-06,Pack: 90g | Form: Bandage
4999,Health_Product_4999,5,3,251.79,180.42,BioZen,2026-11-30,Refrigerated,2025-03-07,Form: Device | Warranty: 24m
5000,Health_Product_5000,2,3,197.5,88.51,BioZen,2026-07-05,Controlled,2024-02-22,Pack: 10 tabs / Strength: 250mg
