sale_id,store_id,employee_id,product_id,customer_id,quantity,sale_date,unit_price,discount_pct,payment_method,notes
2,11,44,4308,1300,3,2025-10-06,56.69,29.6,Debit Card,
3,11,63,2359,586,5,2025-12-09,104.55,33.7,Credit Card,
4,10,33,44,1381,2,2025-08-18,38.39,25.6,Credit Card,
5,12,60,3991,146,5,2024-12-12,21.74,4.6,Debit Card,Promo code LOYALTY20 applied at checkout
6,10,16,1274,158,5,2025-08-02,102.58,32.3,Cash,
15,10,101,3653,80,3,2025-01-27,185.64,25.4,Credit Card,Promo code WELCOME15 applied at checkout
18,11,63,4795,795,5,2025-08-01,213.27,32.4,Cash,Price matched to competitor flyer
24,9,61,3820,1362,2,2025-01-10,233.4,7.4,Credit Card,
26,11,97,2982,1362,1,2025-09-04,164.75,29.5,Credit Card,Promo code SAVE10 applied at checkout
29,11,64,4913,120,1,2025-01-25,96.45,26.6,Cash,
34,11,12,1054,426,1,2024-12-07,245.44,24.6,Cash,Promo code LOYALTY20 applied at checkout
37,12,93,3955,454,2,2024-12-19,21.86,8.7,Cash,
39,9,61,1113,236,2,2025-05-31,155.61,3.3,Debit Card,
40,10,33,648,1020,5,2025-04-23,102.52,25.9,Credit Card,
44,11,63,932,205,1,2025-10-10,21.25,23.3,Online,
49,9,111,715,136,1,2025-11-07,91.81,8.8,Debit Card,Promo code SAVE10 applied at checkout
51,12,102,1809,1361,4,2025-03-26,154.49,5.4,Credit Card,
53,12,108,1003,893,1,2025-07-03,221.6,6.4,Credit Card,
54,11,44,3686,101,4,2025-07-11,112.16,23.6,Debit Card,Loyalty tier discount applied
56,11,81,3525,797,1,2025-09-25,232.12,32.7,Online,
59,11,12,240,19,2,2025-09-20,145.18,25.1,Cash,Loyalty tier discount applied
61,9,61,2407,18,5,2025-03-18,40.4,8.2,Debit Card,
62,9,51,3829,1095,1,2025-05-05,21.98,4.7,Online,
63,12,18,2037,89,5,2025-04-17,134.21,5.9,Credit Card,Price matched to competitor flyer
66,11,64,1861,90,2,2025-08-10,150.67,25.3,Online,Price matched to competitor flyer
67,12,36,2398,456,3,2025-05-08,76.97,6.5,Credit Card,
70,10,39,3995,1249,1,2025-05-10,47.13,32.4,Debit Card,Promo code WELCOME15 applied at checkout
71,11,44,3852,184,2,2025-01-11,39.73,29.0,Online,Loyalty tier discount applied
78,11,44,2426,382,1,2025-09-04,6.96,32.8,Cash,
82,12,108,364,123,5,2025-02-25,46.25,4.4,Credit Card,Promo code SAVE10 applied at checkout
88,9,51,3488,18,1,2024-10-16,26.16,10.9,Online,Promo code SAVE10 applied at checkout
89,11,81,635,249,3,2025-03-02,261.12,25.5,Debit Card,Promo code WELCOME15 applied at checkout
94,12,18,4164,119,5,2025-04-10,295.7,9.7,Credit Card,Promo code SEASON25 applied at checkout
97,11,97,4362,265,1,2025-04-02,108.42,33.9,Debit Card,Price matched to competitor flyer
98,9,52,3325,166,4,2025-06-30,134.9,7.3,Cash,
102,12,100,3780,978,5,2025-06-04,251.54,10.9,Debit Card,Price matched to competitor flyer
103,9,111,2875,884,1,2025-09-19,183.71,5.5,Online,Promo code SAVE10 applied at checkout
105,9,61,4624,1485,1,2025-06-17,94.8,3.9,Cash,
106,9,27,3236,6,1,2025-07-10,173.53,6.8,Online,Promo code LOYALTY20 applied at checkout
110,12,100,1061,1095,3,2025-08-26,174.31,5.0,Cash,Promo code SAVE10 applied at checkout
112,10,16,3558,1321,4,2024-11-25,34.06,28.3,Credit Card,
114,11,12,2655,278,1,2024-10-24,49.05,26.9,Cash,Promo code WELCOME15 applied at checkout
117,12,93,646,4,2,2024-12-11,254.91,3.6,Credit Card,
121,11,64,945,87,2,2024-12-29,286.62,26.0,Debit Card,
122,10,101,1642,734,2,2025-06-22,94.46,25.8,Cash,
124,11,64,2757,793,2,2025-11-14,86.9,23.9,Cash,
134,9,111,4746,172,3,2025-05-21,37.73,11.8,Debit Card,
140,10,38,2603,174,1,2024-11-20,138.18,30.1,Debit Card,Promo code SEASON25 applied at checkout
143,10,117,1873,1225,1,2025-02-21,130.47,28.3,Credit Card,Price matched to competitor flyer
146,12,108,3691,150,2,2025-09-19,104.89,8.7,Debit Card,
149,10,71,4504,382,4,2025-03-31,109.51,28.4,Credit Card,
150,10,38,2688,1232,1,2025-04-02,164.33,23.7,Credit Card,
158,9,111,461,107,3,2025-07-27,57.51,3.2,Debit Card,
171,12,100,4465,174,5,2025-09-21,209.9,6.5,Debit Card,
172,9,25,1807,231,4,2025-10-29,46.18,7.0,Cash,
173,9,51,4233,238,4,2025-02-25,169.21,11.6,Cash,
175,12,18,2070,266,3,2025-03-12,58.84,5.5,Credit Card,Price matched to competitor flyer
182,11,12,1664,25,4,2024-11-15,200.07,32.4,Cash,Loyalty tier discount applied
183,9,111,4954,74,3,2025-10-26,155.85,8.1,Credit Card,Promo code LOYALTY20 applied at checkout
185,11,63,3003,177,1,2024-10-18,212.08,30.1,Credit Card,
195,10,90,606,95,2,2024-10-19,119.69,25.2,Credit Card,
200,9,111,430,103,1,2024-10-21,141.68,5.7,Debit Card,
201,12,108,2772,74,1,2025-02-25,274.94,6.0,Debit Card,
203,12,60,364,34,4,2024-10-01,46.25,3.4,Online,
210,10,87,3343,50,2,2024-12-29,86.21,27.7,Credit Card,
216,11,12,2993,144,3,2024-10-11,231.47,25.2,Cash,
217,12,108,513,154,1,2025-01-01,132.35,10.5,Debit Card,
218,9,120,2080,11,2,2025-10-09,182.55,5.4,Credit Card,Price matched to competitor flyer
222,12,108,3227,80,4,2025-01-24,95.93,3.6,Credit Card,
224,10,39,2749,68,1,2025-03-26,231.38,26.1,Credit Card,
226,10,39,446,111,1,2024-12-23,284.64,30.8,Debit Card,Price matched to competitor flyer
230,12,108,2207,244,1,2025-04-02,244.37,6.0,Credit Card,Promo code LOYALTY20 applied at checkout
232,10,101,3028,274,2,2025-11-27,82.38,28.9,Debit Card,Promo code SEASON25 applied at checkout
238,11,64,694,19,4,2025-05-19,213.73,24.3,Cash,Promo code SEASON25 applied at checkout
240,10,71,2154,1286,2,2024-11-04,10.49,30.9,Credit Card,Price matched to competitor flyer
243,12,36,1437,26,5,2025-08-08,268.15,5.7,Debit Card,Price matched to competitor flyer
245,10,87,162,292,5,2025-11-28,197.52,31.3,Cash,Price matched to competitor flyer
246,12,93,1461,401,1,2025-08-17,46.21,11.7,Credit Card,Price matched to competitor flyer
249,11,44,3910,104,1,2025-09-20,68.18,27.4,Credit Card,
252,11,64,4469,5,2,2025-06-09,135.98,24.7,Online,
253,10,90,4059,894,4,2024-10-14,123.78,25.4,Credit Card,
255,11,63,878,844,1,2025-08-26,294.51,22.8,Debit Card,
257,12,102,1126,946,3,2024-10-12,81.85,11.7,Debit Card,Loyalty tier discount applied
259,11,81,4962,267,1,2025-11-30,288.46,25.6,Online,
261,9,25,478,62,1,2025-08-22,171.31,11.8,Cash,
262,9,52,22,98,2,2025-05-26,78.32,11.2,Online,
264,10,87,4817,1335,5,2025-01-26,296.98,29.8,Online,
266,11,63,3718,160,1,2025-01-14,246.76,30.8,Credit Card,
268,9,52,4491,817,1,2025-06-30,5.44,3.8,Cash,
273,11,63,349,23,1,2025-04-13,263.46,28.6,Debit Card,Promo code SAVE10 applied at checkout
279,10,71,1155,711,1,2024-10-14,246.99,24.0,Debit Card,Promo code SAVE10 applied at checkout
282,10,16,449,1287,4,2025-04-15,80.26,28.4,Online,
283,10,101,226,1,4,2025-04-16,200.65,23.5,Cash,
290,10,39,2447,635,5,2025-01-07,69.12,25.1,Credit Card,
295,10,55,3861,762,5,2025-04-15,60.3,33.1,Credit Card,
297,11,12,1602,1366,3,2025-07-17,266.44,33.4,Debit Card,Price matched to competitor flyer
299,12,36,885,157,5,2024-10-02,276.44,11.9,Credit Card,Promo code SEASON25 applied at checkout
300,10,87,99,6,4,2024-12-18,250.24,23.7,Online,
303,12,36,1467,289,2,2025-01-14,29.87,4.8,Debit Card,Price matched to competitor flyer
306,9,27,2901,12,2,2024-12-12,69.74,5.1,Credit Card,Loyalty tier discount applied
315,11,12,427,1140,2,2025-01-10,160.66,30.1,Cash,
319,12,102,2076,2,3,2025-08-30,159.48,6.7,Cash,
321,12,36,1760,314,2,2025-06-25,186.34,7.8,Cash,Price matched to competitor flyer
322,10,71,2560,252,3,2025-12-06,298.12,29.3,Debit Card,Promo code SEASON25 applied at checkout
323,10,33,4153,1208,2,2025-07-29,35.24,24.2,Cash,Promo code WELCOME15 applied at checkout
326,12,93,2277,152,2,2024-11-11,127.96,5.5,Debit Card,Promo code SAVE10 applied at checkout
329,9,120,3648,192,5,2025-08-27,263.28,5.2,Credit Card,
332,11,81,3272,246,1,2025-09-01,96.34,31.5,Credit Card,
335,10,33,4340,270,2,2025-04-14,139.94,28.4,Cash,Promo code SAVE10 applied at checkout
337,10,39,3670,350,4,2025-05-14,60.46,22.9,Debit Card,
338,12,102,2938,371,5,2025-11-14,114.66,11.1,Cash,Price matched to competitor flyer
340,9,51,4891,68,4,2025-01-22,270.82,7.4,Online,
343,12,108,2931,1339,3,2024-12-24,29.43,5.8,Debit Card,
347,11,63,1953,91,2,2025-07-17,217.53,24.1,Credit Card,
350,11,12,4790,1117,1,2025-01-27,239.56,31.2,Cash,Promo code SAVE10 applied at checkout
354,11,44,460,141,2,2025-05-28,42.48,26.5,Credit Card,
356,9,106,294,1161,1,2025-01-18,30.32,11.9,Credit Card,Price matched to competitor flyer
362,12,102,2743,146,1,2025-04-15,254.83,8.6,Debit Card,Promo code SEASON25 applied at checkout
363,12,60,1299,36,4,2025-01-14,33.52,11.7,Credit Card,
364,9,24,3929,182,1,2025-11-20,16.62,11.9,Debit Card,Promo code LOYALTY20 applied at checkout
367,10,16,4896,178,1,2024-12-30,209.13,28.7,Debit Card,Promo code WELCOME15 applied at checkout
371,9,37,2014,90,1,2025-12-03,131.51,5.2,Credit Card,Promo code SEASON25 applied at checkout
372,10,75,3646,1318,1,2025-04-05,261.37,32.5,Online,Promo code SEASON25 applied at checkout
373,10,101,998,286,2,2025-12-02,201.38,23.9,Cash,
374,11,64,3608,1062,5,2025-03-09,206.88,24.1,Debit Card,
376,11,63,209,4,3,2025-01-26,25.49,26.9,Credit Card,Price matched to competitor flyer
377,9,120,2226,846,1,2025-07-31,72.47,6.4,Debit Card,
378,9,37,2648,193,3,2024-10-30,60.7,10.4,Online,
380,11,64,4468,120,1,2025-11-16,72.0,30.1,Online,Promo code SEASON25 applied at checkout
382,10,75,1044,986,5,2025-04-29,188.22,24.0,Cash,Price matched to competitor flyer
385,12,18,1621,181,1,2025-11-08,79.05,4.1,Credit Card,
390,9,37,4897,39,1,2025-07-17,54.58,8.8,Debit Card,Promo code WELCOME15 applied at checkout
391,11,63,1445,188,4,2025-03-16,262.56,30.3,Credit Card,
396,11,81,4101,193,1,2025-01-27,195.12,25.7,Cash,
400,9,27,653,620,3,2025-07-07,28.61,8.6,Credit Card,
401,11,64,1373,105,4,2025-08-12,120.71,32.5,Debit Card,
405,9,111,2501,385,1,2025-01-26,53.29,10.5,Credit Card,Promo code SEASON25 applied at checkout
408,12,36,3654,242,2,2025-08-03,33.13,9.8,Credit Card,Loyalty tier discount applied
409,12,102,1133,71,4,2024-11-20,29.5,10.4,Online,Loyalty tier discount applied
415,12,60,1525,259,1,2025-08-23,169.8,9.4,Cash,
416,12,36,4457,1016,1,2025-08-23,194.12,7.1,Online,Promo code SAVE10 applied at checkout
419,12,102,695,54,3,2024-11-28,256.57,4.5,Debit Card,
421,11,97,4529,293,4,2025-06-13,228.35,24.2,Cash,Price matched to competitor flyer
424,10,71,2203,21,2,2025-04-25,24.29,31.2,Cash,Loyalty tier discount applied
425,12,18,4177,782,1,2025-09-06,119.5,8.8,Credit Card,Loyalty tier discount applied
434,12,36,1386,258,2,2025-03-19,146.95,6.1,Debit Card,Loyalty tier discount applied
438,10,15,3050,184,2,2025-07-24,218.75,27.2,Credit Card,Loyalty tier discount applied
439,10,75,837,69,1,2024-10-22,288.55,30.7,Debit Card,Promo code SAVE10 applied at checkout
443,10,55,1569,1301,2,2025-06-29,43.39,26.5,Debit Card,
445,12,36,3892,259,4,2025-02-03,251.04,8.2,Credit Card,
446,10,90,3175,58,1,2025-06-08,280.19,22.9,Credit Card,
447,9,2,4368,154,1,2025-11-05,28.62,10.5,Credit Card,Promo code SEASON25 applied at checkout
448,12,60,3843,116,1,2024-10-19,144.84,9.7,Credit Card,
449,12,18,2821,7,3,2025-06-01,125.34,7.6,Debit Card,
452,11,12,4216,260,3,2024-12-05,289.68,26.2,Cash,Promo code SAVE10 applied at checkout
456,12,18,1481,1405,1,2025-09-25,229.95,10.8,Debit Card,Promo code WELCOME15 applied at checkout
458,12,100,4651,38,1,2025-12-03,43.36,11.4,Debit Card,
459,9,111,2791,283,1,2025-05-03,197.03,6.2,Online,
463,11,64,419,93,1,2025-03-16,191.86,29.3,Cash,
464,12,102,1465,196,4,2024-10-08,268.5,6.8,Cash,Loyalty tier discount applied
467,12,100,2147,197,2,2025-08-02,212.85,11.2,Cash,
468,12,102,527,899,1,2025-08-07,79.46,5.2,Credit Card,
481,9,25,1681,96,1,2025-03-29,84.02,6.0,Debit Card,
483,9,65,1345,193,2,2025-08-21,221.7,5.7,Cash,Promo code SAVE10 applied at checkout
487,10,87,2941,90,1,2025-01-28,70.88,31.0,Credit Card,Price matched to competitor flyer
489,12,100,1653,1201,3,2025-11-03,37.01,10.1,Cash,Price matched to competitor flyer
493,10,71,3274,1283,4,2025-07-18,69.63,31.1,Debit Card,
494,12,36,2126,213,1,2025-11-29,94.22,6.3,Credit Card,
496,10,67,1233,131,5,2025-02-02,49.76,30.9,Credit Card,Promo code WELCOME15 applied at checkout
498,11,97,2916,114,1,2025-02-02,294.51,25.3,Cash,
500,10,15,4150,69,2,2024-11-14,7.93,23.5,Credit Card,Promo code SEASON25 applied at checkout
502,11,97,2293,192,3,2024-12-30,237.48,33.9,Credit Card,Loyalty tier discount applied
508,10,55,2061,19,1,2025-04-08,195.06,30.1,Online,
514,11,12,2431,52,2,2025-01-22,75.15,27.6,Credit Card,
516,9,25,1085,82,1,2025-08-06,150.47,5.6,Debit Card,
518,12,102,217,117,4,2025-12-02,41.95,7.6,Cash,
519,10,16,4375,547,5,2025-08-31,162.5,24.4,Credit Card,Promo code LOYALTY20 applied at checkout
524,9,6,2365,192,1,2025-05-10,189.98,4.6,Credit Card,Promo code LOYALTY20 applied at checkout
528,11,12,892,654,1,2025-09-18,266.8,25.6,Online,Loyalty tier discount applied
531,11,81,2274,1161,4,2025-07-03,289.27,24.3,Cash,Price matched to competitor flyer
534,10,67,1040,157,5,2025-07-30,68.88,31.2,Credit Card,Loyalty tier discount applied
537,9,37,2691,1132,1,2025-03-16,29.56,4.2,Credit Card,
538,9,6,4545,151,4,2024-12-01,181.72,9.7,Online,Promo code LOYALTY20 applied at checkout
543,9,6,2466,546,1,2025-07-15,202.69,6.6,Credit Card,
547,10,75,2164,267,1,2024-10-02,254.89,31.3,Online,
551,9,51,1177,152,2,2024-11-23,282.63,8.3,Credit Card,
552,10,15,4011,267,1,2025-04-02,282.24,22.0,Debit Card,Promo code SEASON25 applied at checkout
557,11,63,295,1425,2,2025-08-29,10.74,24.0,Debit Card,
560,11,64,4302,186,4,2025-01-09,127.35,32.2,Debit Card,
561,12,108,3070,618,3,2025-09-12,212.83,4.5,Debit Card,Price matched to competitor flyer
562,12,108,4881,232,2,2024-10-20,59.74,3.4,Online,Promo code SEASON25 applied at checkout
566,9,6,321,1343,2,2025-01-06,35.32,3.8,Online,Promo code LOYALTY20 applied at checkout
571,9,27,4883,267,4,2025-07-09,85.83,3.3,Credit Card,Price matched to competitor flyer
572,10,101,2211,108,1,2025-05-30,65.67,28.2,Credit Card,
573,11,12,1878,4,5,2024-11-30,217.15,31.2,Cash,Price matched to competitor flyer
576,12,60,1802,186,3,2024-10-05,167.81,5.3,Debit Card,
577,12,36,147,267,4,2025-03-07,280.48,11.3,Online,
583,10,101,1841,77,2,2025-07-11,218.14,25.6,Debit Card,Promo code SEASON25 applied at checkout
584,9,52,4168,572,5,2025-11-03,291.62,11.7,Online,
588,10,67,1779,142,2,2024-12-05,287.83,32.8,Credit Card,Promo code LOYALTY20 applied at checkout
589,9,51,4733,95,5,2024-10-23,55.86,7.8,Credit Card,Loyalty tier discount applied
596,11,81,1398,285,2,2025-01-31,293.88,24.9,Cash,Loyalty tier discount applied
603,9,2,2139,25,4,2025-09-12,98.72,7.6,Debit Card,
604,9,2,4168,164,1,2024-12-24,291.62,6.3,Credit Card,Loyalty tier discount applied
605,9,65,1033,222,4,2025-04-27,169.38,9.9,Debit Card,Promo code WELCOME15 applied at checkout
606,10,16,684,44,4,2025-04-04,203.95,28.6,Online,
607,11,97,8,259,2,2024-11-04,275.57,22.2,Credit Card,Promo code SAVE10 applied at checkout
609,11,63,2073,219,1,2025-11-14,232.48,31.0,Debit Card,
610,12,108,4935,559,5,2025-07-29,264.19,5.9,Debit Card,
612,12,100,2928,1386,1,2025-05-01,201.81,3.8,Credit Card,
613,10,38,3985,262,2,2025-06-05,123.22,24.9,Debit Card,Price matched to competitor flyer
614,10,117,4989,1017,4,2025-02-16,171.02,24.1,Credit Card,Loyalty tier discount applied
615,11,81,4280,160,5,2025-07-07,149.75,26.5,Credit Card,Loyalty tier discount applied
621,10,75,4541,234,1,2025-07-08,187.04,23.7,Credit Card,
626,11,97,4159,20,3,2025-07-31,151.01,31.5,Debit Card,
627,11,63,3423,224,4,2024-11-24,215.72,30.7,Credit Card,
632,12,100,1371,1179,2,2025-01-27,281.52,11.9,Debit Card,Price matched to competitor flyer
634,12,60,3592,513,5,2025-11-13,276.39,11.9,Debit Card,Promo code WELCOME15 applied at checkout
637,10,39,2571,282,1,2025-11-23,115.75,28.0,Credit Card,Promo code WELCOME15 applied at checkout
640,10,75,1408,1451,3,2025-10-04,200.96,26.8,Credit Card,Loyalty tier discount applied
641,11,44,1061,1157,1,2025-08-12,174.31,26.4,Cash,
644,9,24,3473,204,3,2025-06-19,299.63,3.5,Debit Card,Promo code SEASON25 applied at checkout
647,11,97,4614,173,1,2025-03-19,265.59,32.7,Online,Loyalty tier discount applied
648,10,67,749,1133,1,2025-05-13,145.37,29.9,Debit Card,Promo code LOYALTY20 applied at checkout
652,10,75,72,431,1,2025-05-02,18.91,25.3,Debit Card,Loyalty tier discount applied
653,9,52,4028,213,4,2025-09-24,228.98,4.2,Debit Card,Promo code LOYALTY20 applied at checkout
655,10,55,3967,130,5,2024-12-07,263.36,31.8,Online,Promo code SEASON25 applied at checkout
656,10,38,3319,192,2,2025-06-19,158.5,30.2,Cash,Loyalty tier discount applied
658,11,64,4149,145,5,2025-01-02,169.99,23.2,Credit Card,
659,10,38,2097,363,2,2025-05-05,96.84,27.4,Credit Card,
660,10,16,3970,1256,1,2024-10-15,19.72,22.4,Credit Card,
662,9,2,4731,586,3,2024-10-21,294.77,6.5,Debit Card,Loyalty tier discount applied
671,9,6,1727,247,3,2025-03-19,254.25,5.9,Cash,Promo code LOYALTY20 applied at checkout
672,10,33,3055,107,4,2025-07-05,148.57,28.2,Credit Card,Promo code SEASON25 applied at checkout
673,10,33,1667,247,5,2025-06-08,292.31,27.7,Credit Card,Price matched to competitor flyer
676,10,33,2894,262,3,2024-10-28,6.22,24.4,Credit Card,
679,10,15,221,205,3,2024-11-22,229.43,23.3,Debit Card,
681,12,100,3405,315,1,2025-10-18,26.44,11.5,Credit Card,Price matched to competitor flyer
685,11,97,2601,42,2,2025-01-27,227.75,26.9,Cash,
686,10,39,231,173,2,2025-09-18,95.88,27.1,Credit Card,
687,11,63,4286,169,4,2024-11-08,115.74,30.7,Debit Card,
691,12,102,4114,122,4,2025-02-16,78.34,8.6,Debit Card,
692,11,12,733,1456,5,2025-06-23,247.78,26.1,Debit Card,Price matched to competitor flyer
694,10,15,4407,917,1,2025-08-23,166.48,26.2,Credit Card,
695,9,65,4189,210,1,2025-11-02,186.02,9.9,Online,
697,11,64,4204,32,2,2025-04-05,83.16,27.1,Credit Card,
698,9,25,2677,63,3,2025-10-25,37.87,10.7,Cash,
700,11,12,4440,426,1,2025-01-24,87.49,23.5,Online,Promo code LOYALTY20 applied at checkout
702,11,12,4439,168,3,2024-10-18,245.69,30.0,Debit Card,
703,12,100,2700,89,1,2024-11-02,23.64,7.8,Cash,Loyalty tier discount applied
706,10,55,2776,1052,2,2025-09-28,223.15,28.5,Debit Card,
708,11,63,1759,159,4,2025-04-03,227.66,23.1,Debit Card,Price matched to competitor flyer
709,12,100,1288,413,2,2025-09-02,202.49,10.5,Credit Card,Promo code SEASON25 applied at checkout
713,12,102,4133,39,1,2025-02-23,194.37,4.0,Credit Card,Loyalty tier discount applied
716,9,106,2504,1341,2,2025-07-01,26.2,3.4,Cash,
719,9,6,1100,5,3,2025-04-25,111.58,3.5,Cash,
720,9,61,4699,1010,2,2025-11-24,267.47,5.6,Online,Price matched to competitor flyer
721,10,38,2835,15,2,2024-12-29,215.25,29.8,Debit Card,Price matched to competitor flyer
722,9,61,310,285,5,2025-11-20,78.93,4.8,Online,Price matched to competitor flyer
723,12,60,4429,723,3,2025-04-30,68.11,4.8,Online,
726,11,97,2883,1203,1,2025-02-04,106.9,27.2,Debit Card,Promo code SEASON25 applied at checkout
728,10,39,4285,234,1,2025-07-22,163.28,27.6,Online,
732,12,102,4743,271,1,2025-03-11,133.16,11.2,Credit Card,
737,9,27,1955,900,4,2024-11-10,211.11,9.5,Cash,
741,12,36,2403,623,1,2025-06-08,221.44,8.1,Credit Card,Promo code SEASON25 applied at checkout
742,12,18,3152,363,1,2025-06-21,208.28,8.0,Debit Card,Promo code WELCOME15 applied at checkout
743,12,18,2762,74,5,2025-01-09,54.22,4.8,Credit Card,
746,10,15,4463,704,4,2025-09-19,226.86,25.3,Credit Card,Promo code LOYALTY20 applied at checkout
750,10,16,3654,242,3,2025-06-16,33.13,25.6,Online,Promo code SAVE10 applied at checkout
754,10,71,3109,168,1,2024-12-13,273.51,33.3,Debit Card,
758,10,67,580,1028,2,2024-11-28,170.29,22.1,Cash,Loyalty tier discount applied
760,9,120,2672,1065,2,2025-07-07,5.85,10.9,Credit Card,
761,10,67,4178,74,4,2025-02-28,87.34,28.6,Cash,Price matched to competitor flyer
764,10,55,46,73,2,2025-08-05,117.58,25.7,Credit Card,Price matched to competitor flyer
766,11,81,931,168,1,2025-04-12,129.82,26.2,Online,
767,9,24,1783,919,1,2024-11-30,33.94,6.0,Cash,
770,9,2,3227,103,4,2025-07-10,95.93,7.5,Credit Card,
773,11,81,4149,21,1,2025-08-12,169.99,28.3,Credit Card,Promo code SAVE10 applied at checkout
774,12,60,1219,1226,3,2025-07-18,127.72,10.6,Debit Card,
779,10,33,3214,346,5,2025-02-01,228.52,24.7,Online,
780,11,12,1520,923,2,2024-12-10,143.79,22.4,Debit Card,Price matched to competitor flyer
782,11,12,4624,1248,3,2025-01-23,94.8,26.5,Credit Card,Price matched to competitor flyer
785,10,90,643,194,4,2024-10-17,224.52,27.9,Cash,Promo code SAVE10 applied at checkout
786,11,44,32,154,3,2025-04-03,119.5,28.6,Credit Card,Price matched to competitor flyer
790,9,52,2442,1159,2,2025-10-10,83.55,10.5,Debit Card,Price matched to competitor flyer
795,10,87,4779,205,1,2025-09-05,62.09,27.3,Debit Card,
796,12,100,534,184,5,2025-03-02,209.14,7.6,Debit Card,
804,12,60,4502,256,1,2025-08-14,212.6,4.8,Credit Card,
807,11,63,2710,1178,5,2025-05-01,99.7,31.0,Online,
812,10,67,231,260,2,2025-01-09,95.88,31.0,Debit Card,
818,10,15,3151,757,5,2025-05-19,152.27,28.0,Credit Card,
830,11,97,1144,71,3,2025-07-24,97.39,29.9,Credit Card,
831,10,90,4268,144,1,2024-10-03,106.32,27.2,Debit Card,
832,10,16,4015,425,2,2025-02-03,242.21,31.0,Cash,
835,10,90,2788,71,4,2025-01-28,127.94,32.3,Debit Card,
837,10,38,2381,38,3,2025-04-12,217.81,32.7,Cash,
838,9,37,1509,731,5,2025-01-04,29.2,7.4,Debit Card,
840,12,108,3867,1210,5,2025-03-24,143.03,4.3,Online,
843,11,64,889,7,3,2025-06-10,88.92,23.2,Debit Card,Promo code LOYALTY20 applied at checkout
844,10,75,1647,709,2,2025-02-20,237.8,26.0,Online,Price matched to competitor flyer
845,12,18,2982,17,1,2025-07-28,164.75,11.6,Debit Card,
846,10,67,1720,682,5,2025-04-19,132.04,25.5,Credit Card,Promo code SEASON25 applied at checkout
848,10,101,454,1187,2,2025-11-08,176.48,32.2,Cash,
850,12,36,2782,272,3,2025-07-10,197.78,6.0,Cash,
851,9,106,2363,701,2,2025-05-22,261.85,6.1,Credit Card,
853,11,12,2896,849,2,2025-06-22,219.93,29.7,Credit Card,Price matched to competitor flyer
855,11,64,3977,1193,5,2025-08-03,68.63,26.8,Cash,Promo code LOYALTY20 applied at checkout
856,9,51,503,451,3,2025-11-26,283.11,8.4,Credit Card,
873,9,52,410,187,1,2024-10-15,123.62,6.6,Online,
874,12,36,1999,94,4,2025-12-02,209.16,3.8,Debit Card,
876,10,16,1917,1111,1,2025-10-20,46.18,31.6,Credit Card,Loyalty tier discount applied
877,9,120,1794,77,4,2025-06-16,232.73,5.3,Cash,Loyalty tier discount applied
880,9,52,2232,7,2,2025-02-11,132.35,11.4,Credit Card,Promo code WELCOME15 applied at checkout
882,11,12,4885,260,4,2025-01-17,194.55,27.4,Debit Card,
890,12,36,4237,741,2,2025-10-24,199.43,5.9,Credit Card,
891,11,44,2436,911,1,2025-09-29,275.21,32.7,Debit Card,Price matched to competitor flyer
896,11,44,4800,58,1,2025-06-20,158.83,25.5,Credit Card,
899,11,12,2601,51,1,2025-10-22,227.75,26.3,Credit Card,Promo code SEASON25 applied at checkout
903,9,120,1353,477,1,2025-06-10,279.53,4.6,Credit Card,
906,9,24,2216,132,4,2025-09-20,263.8,4.4,Cash,Price matched to competitor flyer
914,10,101,215,244,1,2025-03-19,120.02,32.7,Cash,
915,9,61,687,38,1,2025-05-30,71.05,11.3,Cash,
919,10,75,731,180,3,2025-06-09,165.37,28.8,Cash,Loyalty tier discount applied
920,10,87,3735,164,3,2024-12-08,16.23,27.7,Cash,Promo code LOYALTY20 applied at checkout
931,11,63,3829,140,1,2025-01-13,21.98,25.2,Cash,
933,12,93,1010,249,1,2025-01-15,63.25,7.3,Credit Card,
938,12,36,3028,89,2,2025-08-31,82.38,11.3,Debit Card,
939,10,67,2684,180,2,2025-03-01,248.46,33.0,Debit Card,
942,9,37,1480,1298,1,2025-06-10,202.12,8.7,Cash,Loyalty tier discount applied
945,10,55,4554,269,5,2025-07-15,125.08,32.7,Credit Card,
950,10,101,881,98,1,2025-07-29,240.45,29.4,Credit Card,Price matched to competitor flyer
953,12,108,3211,1361,1,2025-11-10,157.98,6.1,Credit Card,Promo code SEASON25 applied at checkout
954,12,36,4591,707,1,2025-04-24,8.55,8.0,Debit Card,Promo code SEASON25 applied at checkout
955,12,108,2288,167,1,2025-03-05,10.71,6.8,Debit Card,Promo code SEASON25 applied at checkout
957,10,90,1275,260,5,2024-12-03,77.38,26.8,Credit Card,
958,12,60,2011,191,2,2025-11-28,183.7,7.4,Credit Card,
961,12,93,2152,17,1,2024-11-24,204.48,11.2,Debit Card,
963,10,55,3470,68,2,2025-08-12,223.12,27.3,Online,Promo code SEASON25 applied at checkout
966,10,15,2935,227,1,2024-11-10,17.77,28.9,Credit Card,
970,9,61,4142,768,1,2025-07-16,120.04,8.0,Debit Card,
971,10,75,2509,630,3,2025-09-30,23.74,31.4,Credit Card,
972,9,2,1040,564,3,2025-05-10,68.88,9.3,Credit Card,Promo code LOYALTY20 applied at checkout
981,11,44,1854,709,5,2024-11-02,45.43,33.1,Debit Card,Promo code LOYALTY20 applied at checkout
985,11,44,4830,1417,2,2025-05-13,275.48,23.4,Credit Card,Promo code LOYALTY20 applied at checkout
987,9,106,4856,1434,5,2025-11-19,157.92,8.7,Credit Card,Promo code SEASON25 applied at checkout
989,9,61,439,1275,5,2025-10-13,61.44,5.3,Cash,
995,9,61,2738,1370,2,2025-10-28,41.92,8.6,Credit Card,Price matched to competitor flyer
1002,11,12,1906,234,2,2025-05-03,113.72,30.1,Cash,Loyalty tier discount applied
1005,10,75,659,593,1,2025-10-13,51.6,32.6,Debit Card,
1009,9,24,3940,95,1,2025-05-19,124.8,8.8,Online,
1011,10,75,2338,34,3,2025-11-07,158.91,28.0,Credit Card,Price matched to competitor flyer
1015,11,97,1595,1196,4,2025-10-22,129.67,33.2,Credit Card,
1016,10,90,2375,661,5,2025-11-11,46.41,24.9,Debit Card,Promo code WELCOME15 applied at checkout
1022,11,64,3934,1337,1,2025-07-07,229.61,32.6,Cash,
1023,11,64,3372,219,4,2025-03-29,296.88,27.0,Debit Card,Promo code WELCOME15 applied at checkout
1025,11,81,1159,344,1,2024-11-10,123.62,27.8,Debit Card,Loyalty tier discount applied
1026,12,60,4331,1215,1,2025-04-12,93.3,9.3,Cash,
1044,9,6,2568,805,3,2025-09-18,192.31,4.9,Cash,Loyalty tier discount applied
1045,9,106,4493,38,4,2025-07-28,189.89,7.8,Online,Promo code SAVE10 applied at checkout
1046,11,63,2986,22,4,2024-11-22,54.13,24.2,Cash,Promo code SAVE10 applied at checkout
1047,12,93,1870,291,5,2024-12-16,139.85,4.2,Cash,
1049,9,65,3808,135,4,2025-10-11,85.33,9.5,Debit Card,
1052,11,12,3906,718,4,2025-08-15,263.06,28.5,Online,
1054,9,120,4290,844,3,2025-05-07,95.36,6.3,Credit Card,Promo code LOYALTY20 applied at checkout
1059,9,25,3052,186,1,2025-06-16,263.18,5.5,Online,
1061,11,64,3098,243,1,2024-11-18,251.09,31.7,Debit Card,
1062,9,6,2894,121,2,2025-09-11,6.22,11.5,Credit Card,Loyalty tier discount applied
1063,10,71,1375,333,1,2025-02-11,49.36,33.0,Credit Card,
1064,10,55,621,8,5,2025-07-18,258.74,25.0,Credit Card,
1066,11,12,876,20,1,2024-12-25,213.59,30.7,Credit Card,
1071,12,100,48,454,1,2024-11-17,194.07,6.7,Debit Card,
1074,10,16,2877,1,2,2025-02-22,169.89,25.2,Credit Card,Promo code SAVE10 applied at checkout
1075,9,51,413,805,4,2025-05-17,65.05,10.8,Online,
1078,11,44,418,133,5,2025-06-12,265.44,30.4,Cash,Promo code SAVE10 applied at checkout
1079,12,36,2388,126,3,2025-08-18,211.69,11.2,Online,Promo code SAVE10 applied at checkout
1080,10,38,3178,45,2,2024-12-12,125.31,25.9,Debit Card,
1084,9,6,4483,161,5,2025-10-14,59.72,9.4,Cash,Promo code WELCOME15 applied at checkout
1086,10,39,1706,18,3,2024-12-22,65.11,31.9,Debit Card,Promo code WELCOME15 applied at checkout
1092,10,71,4477,778,1,2025-09-09,113.78,24.4,Debit Card,
1093,12,102,4586,242,4,2025-01-05,211.99,5.0,Credit Card,Promo code SAVE10 applied at checkout
1094,12,102,3022,189,1,2025-10-05,102.25,6.9,Online,Promo code SAVE10 applied at checkout
1098,10,33,774,188,2,2025-03-28,158.15,33.1,Cash,Promo code SEASON25 applied at checkout
1102,10,87,2733,433,2,2025-06-20,257.79,27.2,Debit Card,
1103,9,65,857,104,5,2025-07-21,165.06,4.2,Credit Card,Loyalty tier discount applied
1104,11,64,180,271,1,2025-02-17,284.78,27.6,Online,
1105,9,120,3357,197,4,2025-04-05,110.53,5.9,Online,
1107,9,51,3273,172,2,2024-10-14,268.08,4.0,Debit Card,
1109,12,102,488,40,3,2024-10-17,221.62,8.2,Debit Card,Price matched to competitor flyer
1112,11,97,3680,549,5,2024-10-20,192.78,25.1,Online,
1114,12,60,3046,211,1,2025-02-10,73.04,7.7,Debit Card,
1115,9,6,3968,235,1,2025-02-11,185.04,10.6,Online,Promo code SEASON25 applied at checkout
1122,10,39,4995,223,1,2024-12-10,166.14,26.2,Cash,
1126,11,12,2635,913,4,2024-12-14,71.32,23.9,Debit Card,Promo code SAVE10 applied at checkout
1128,9,65,3328,242,1,2025-11-08,166.28,10.5,Online,Price matched to competitor flyer
1130,12,93,3094,130,2,2025-05-22,222.3,3.1,Credit Card,Promo code LOYALTY20 applied at checkout
1131,10,71,4666,1042,1,2025-08-26,293.19,28.9,Credit Card,
1136,12,93,1071,420,1,2024-11-28,15.87,6.3,Credit Card,Loyalty tier discount applied
1138,9,65,926,5,5,2025-10-27,108.82,11.5,Credit Card,Price matched to competitor flyer
1140,9,27,1601,583,1,2025-03-25,158.74,5.1,Debit Card,
1142,9,2,1496,104,1,2025-04-13,268.49,8.1,Debit Card,Promo code SAVE10 applied at checkout
1144,11,64,4866,248,2,2024-11-03,26.76,28.8,Online,
1149,10,101,684,245,4,2025-08-26,203.95,25.6,Credit Card,
1152,12,108,2183,1139,1,2025-08-11,211.92,3.9,Credit Card,Price matched to competitor flyer
1157,10,87,3994,249,4,2025-01-12,151.29,32.2,Credit Card,Promo code WELCOME15 applied at checkout
1161,11,64,781,400,1,2025-06-21,160.86,27.4,Online,Price matched to competitor flyer
1163,12,102,2274,990,3,2025-07-31,289.27,9.7,Debit Card,
1164,10,55,1043,27,3,2025-04-08,28.61,22.9,Online,
1165,12,36,2013,1401,4,2024-11-25,115.47,11.0,Credit Card,Promo code SAVE10 applied at checkout
1167,12,108,1782,182,3,2025-04-20,259.8,6.6,Debit Card,Price matched to competitor flyer
1168,12,102,120,38,5,2025-01-17,47.43,6.8,Online,
1170,10,15,2614,273,5,2025-01-26,291.0,23.8,Debit Card,Price matched to competitor flyer
1173,11,12,990,2,1,2025-08-31,178.57,30.1,Credit Card,Price matched to competitor flyer
1175,11,12,1949,242,2,2024-11-10,220.41,30.4,Online,
1184,9,65,2987,49,2,2025-02-04,167.24,6.8,Online,
1189,10,75,190,54,1,2025-01-16,67.57,26.6,Debit Card,
1191,10,87,1951,156,2,2024-11-04,293.36,25.8,Debit Card,Loyalty tier discount applied
1195,10,15,4201,205,2,2024-10-11,155.8,31.6,Debit Card,Price matched to competitor flyer
1196,11,12,4718,188,1,2024-11-03,121.19,26.7,Cash,Price matched to competitor flyer
1198,10,67,4995,137,3,2025-11-05,166.14,22.1,Debit Card,Promo code LOYALTY20 applied at checkout
1204,9,2,2633,285,3,2025-06-26,126.07,11.7,Credit Card,Promo code SAVE10 applied at checkout
1205,9,2,4655,947,1,2025-04-28,282.77,9.4,Cash,Promo code SAVE10 applied at checkout
1208,12,108,2814,75,1,2025-09-08,62.55,9.2,Credit Card,Price matched to competitor flyer
1219,12,108,4350,192,1,2025-01-22,291.72,8.5,Credit Card,
1222,11,97,4801,225,1,2025-05-19,174.92,32.3,Online,
1223,10,71,1514,54,3,2024-12-06,117.88,33.5,Debit Card,Loyalty tier discount applied
1224,9,111,2939,1298,3,2024-12-15,229.32,4.5,Credit Card,
1226,12,60,2442,107,2,2025-02-25,83.55,10.2,Debit Card,
1228,11,63,4705,1475,1,2024-11-03,295.32,33.8,Credit Card,Promo code SAVE10 applied at checkout
1229,10,33,4711,99,2,2025-02-27,75.47,33.8,Credit Card,
1232,9,51,1431,242,2,2025-04-12,279.48,11.3,Online,Price matched to competitor flyer
1234,11,81,4931,1213,2,2025-01-06,136.97,29.1,Credit Card,Price matched to competitor flyer
1242,10,75,762,201,5,2024-12-04,254.2,26.2,Debit Card,
1243,11,97,4617,461,4,2025-05-31,188.57,31.9,Debit Card,
1250,11,97,587,1481,1,2025-07-10,236.77,23.7,Debit Card,Promo code SAVE10 applied at checkout
1252,12,36,2256,1185,1,2024-11-11,97.21,9.6,Credit Card,Loyalty tier discount applied
1256,9,120,268,553,1,2025-10-05,115.5,4.5,Cash,
1269,9,120,4703,533,1,2024-11-01,54.03,6.3,Debit Card,
1272,10,55,2954,408,1,2025-05-03,41.41,31.2,Cash,Price matched to competitor flyer
1277,11,44,2609,351,2,2025-03-27,150.79,29.9,Cash,Promo code WELCOME15 applied at checkout
1278,11,81,80,40,3,2025-10-25,258.48,30.4,Debit Card,
1279,10,117,3038,436,1,2024-12-19,87.78,25.3,Debit Card,Loyalty tier discount applied
1280,9,37,3700,243,2,2025-09-23,110.95,11.7,Credit Card,
1286,9,52,763,279,1,2025-09-24,129.32,8.4,Credit Card,
1287,10,71,2674,227,2,2025-03-25,142.33,33.8,Credit Card,Promo code SEASON25 applied at checkout
1288,10,15,615,1322,2,2025-02-11,26.24,25.4,Cash,
1291,12,93,1596,61,2,2025-06-13,189.94,11.5,Cash,
1295,9,120,669,283,2,2025-07-22,245.84,9.1,Debit Card,Promo code SAVE10 applied at checkout
1296,12,18,1785,227,2,2025-06-01,182.24,7.6,Credit Card,
1297,10,90,894,182,1,2025-02-07,132.05,32.4,Debit Card,
1300,9,106,3476,790,3,2025-07-02,182.52,8.0,Online,
1305,11,12,295,89,5,2025-02-09,10.74,26.8,Debit Card,Promo code LOYALTY20 applied at checkout
1307,9,37,4438,144,1,2024-12-02,152.0,6.6,Cash,
1311,12,36,4024,332,1,2025-10-24,65.39,11.9,Credit Card,Promo code SEASON25 applied at checkout
1312,9,52,4840,50,1,2025-11-27,186.71,8.1,Cash,
1314,10,33,3814,89,2,2025-05-08,264.67,22.9,Debit Card,
1315,9,25,1471,1277,5,2025-06-26,158.05,10.9,Cash,
1318,10,117,1237,75,1,2025-06-08,187.27,33.9,Credit Card,
1321,10,101,2852,1158,3,2025-08-09,14.34,23.1,Debit Card,
1322,9,51,397,1441,2,2025-09-25,133.21,4.8,Credit Card,Price matched to competitor flyer
1323,9,52,3447,228,1,2025-07-07,75.22,10.7,Credit Card,Promo code SAVE10 applied at checkout
1325,11,81,3772,260,5,2024-10-07,157.74,31.9,Debit Card,
1326,11,63,292,15,3,2025-01-09,247.33,26.2,Debit Card,Loyalty tier discount applied
1329,12,100,783,157,5,2025-07-05,43.63,6.7,Debit Card,Price matched to competitor flyer
1330,9,111,4151,585,3,2025-02-08,52.84,5.4,Credit Card,Promo code SAVE10 applied at checkout
1332,11,63,4687,226,2,2024-10-04,232.09,25.6,Cash,Promo code SEASON25 applied at checkout
1350,9,65,4996,185,5,2025-10-18,251.19,4.4,Online,Promo code SAVE10 applied at checkout
1352,12,60,2950,67,1,2025-01-02,43.18,9.3,Debit Card,Promo code SAVE10 applied at checkout
1353,11,63,958,300,4,2024-12-31,76.1,25.4,Credit Card,
1355,9,111,547,1323,2,2025-07-22,237.94,9.1,Cash,
1356,9,51,1919,1003,5,2025-10-22,232.3,8.7,Online,Promo code WELCOME15 applied at checkout
1358,9,61,3496,131,5,2025-05-26,43.54,9.7,Cash,
1360,10,15,1042,84,1,2025-01-05,289.97,24.5,Cash,
1363,11,63,277,221,1,2025-05-10,52.13,26.3,Debit Card,
1365,12,100,2453,495,2,2025-11-28,279.05,6.3,Credit Card,Loyalty tier discount applied
1367,10,117,2064,30,1,2025-03-13,83.37,32.4,Credit Card,
1371,10,87,1995,96,2,2025-03-24,225.57,23.0,Credit Card,
1373,10,15,4257,1320,2,2025-10-29,241.69,22.1,Cash,
1374,12,36,4600,2,2,2025-07-05,124.61,10.9,Credit Card,Loyalty tier discount applied
1376,12,60,4417,133,1,2025-03-13,289.64,9.2,Debit Card,Loyalty tier discount applied
1377,12,93,4828,122,1,2025-07-15,48.52,11.7,Credit Card,Loyalty tier discount applied
1381,10,15,1624,1127,1,2024-12-04,260.61,32.2,Credit Card,Price matched to competitor flyer
1383,10,38,1166,737,1,2025-02-27,237.15,33.2,Online,
1389,11,63,4640,606,3,2025-08-07,82.62,31.8,Online,Loyalty tier discount applied
1392,11,64,820,1211,2,2025-08-30,185.2,22.5,Credit Card,Promo code LOYALTY20 applied at checkout
1397,11,64,3737,39,5,2025-01-21,47.95,24.3,Debit Card,
1400,11,81,125,62,2,2025-05-01,232.84,26.0,Credit Card,Price matched to competitor flyer
1401,10,55,3263,71,4,2024-12-16,155.33,30.2,Debit Card,
1403,10,16,2531,169,1,2025-05-27,109.47,25.9,Credit Card,Price matched to competitor flyer
1408,11,64,4291,274,1,2025-03-14,201.49,22.5,Cash,Promo code LOYALTY20 applied at checkout
1409,10,101,4044,80,5,2025-10-19,248.48,22.4,Cash,Promo code WELCOME15 applied at checkout
1410,12,102,276,1029,4,2025-06-10,225.62,10.4,Credit Card,Promo code LOYALTY20 applied at checkout
1412,10,67,3636,282,3,2025-07-31,159.76,30.8,Cash,
1414,12,102,41,220,1,2025-07-10,175.14,3.9,Cash,
1416,9,27,71,3,1,2024-10-05,86.99,11.3,Credit Card,Promo code SAVE10 applied at checkout
1422,12,102,1437,202,2,2025-08-14,268.15,9.0,Credit Card,
1428,9,6,4199,237,4,2025-08-13,246.88,3.4,Credit Card,Promo code SEASON25 applied at checkout
1429,12,36,1878,297,3,2025-04-12,217.15,4.4,Credit Card,
1430,11,81,4866,317,3,2025-01-18,26.76,25.3,Debit Card,
1431,12,100,2106,1104,2,2025-04-15,221.01,5.2,Online,
1434,11,64,2645,64,3,2025-07-27,83.04,22.1,Online,
1436,10,71,3433,223,1,2025-03-02,246.77,28.6,Credit Card,Loyalty tier discount applied
1437,9,52,4307,584,4,2025-05-23,293.29,10.9,Debit Card,Promo code SEASON25 applied at checkout
1441,10,39,2625,62,5,2024-12-05,150.49,28.5,Debit Card,
1446,12,102,3897,1103,4,2025-08-22,138.73,3.0,Credit Card,Promo code LOYALTY20 applied at checkout
1449,12,102,4949,104,2,2025-09-14,183.09,10.4,Credit Card,Promo code WELCOME15 applied at checkout
1455,12,102,4681,570,2,2025-05-13,280.92,9.8,Cash,Promo code LOYALTY20 applied at checkout
1460,9,106,2840,120,5,2025-04-16,161.34,8.9,Debit Card,Loyalty tier discount applied
1464,9,27,522,214,2,2025-12-05,82.44,3.9,Cash,Loyalty tier discount applied
1465,9,52,2033,100,3,2025-04-13,220.67,4.8,Credit Card,
1467,12,93,2726,1204,4,2025-02-14,41.54,3.7,Online,Promo code SEASON25 applied at checkout
1468,12,93,3054,178,1,2025-03-20,13.93,7.9,Debit Card,Loyalty tier discount applied
1471,9,37,3267,574,1,2024-11-09,290.08,6.5,Debit Card,Price matched to competitor flyer
1473,9,6,1637,167,4,2025-05-28,54.2,9.8,Credit Card,Promo code SAVE10 applied at checkout
1474,11,81,1843,1430,3,2025-06-16,244.19,25.0,Online,Loyalty tier discount applied
1479,11,12,4045,841,3,2025-03-14,116.02,30.3,Credit Card,Promo code SAVE10 applied at checkout
1482,10,15,2893,260,2,2025-03-18,101.57,33.4,Credit Card,Promo code WELCOME15 applied at checkout
1483,10,101,1098,7,1,2025-10-23,229.95,30.5,Cash,
1485,10,117,895,15,2,2025-04-13,141.31,29.3,Credit Card,
1491,12,100,1549,600,5,2025-03-14,179.74,3.2,Credit Card,
1492,11,64,1731,502,1,2025-01-31,139.63,23.7,Online,
1493,11,64,3061,759,5,2025-10-27,283.86,24.9,Cash,Promo code SAVE10 applied at checkout
1499,11,97,1575,1200,2,2025-04-06,214.11,29.9,Debit Card,Promo code LOYALTY20 applied at checkout
1500,9,111,609,172,1,2025-04-11,65.2,11.7,Credit Card,Promo code SEASON25 applied at checkout
1504,10,75,236,537,4,2025-03-22,184.04,27.9,Debit Card,
1509,9,24,431,402,2,2025-08-23,214.07,7.5,Credit Card,
1511,12,60,2540,230,5,2025-06-29,299.19,10.4,Online,Promo code LOYALTY20 applied at checkout
1515,11,97,2290,43,3,2025-01-07,102.97,26.4,Debit Card,Promo code WELCOME15 applied at checkout
1516,12,18,328,206,1,2025-10-13,261.9,10.7,Debit Card,Price matched to competitor flyer
1518,10,55,4041,713,3,2025-02-03,293.9,25.6,Credit Card,
1526,11,97,337,1358,5,2025-02-19,132.77,31.7,Cash,Promo code WELCOME15 applied at checkout
1527,11,63,3588,944,3,2024-10-30,242.62,26.3,Debit Card,Promo code SAVE10 applied at checkout
1532,9,2,1344,216,5,2025-06-01,169.2,9.5,Debit Card,
1534,12,100,2043,83,1,2025-01-06,269.9,6.8,Credit Card,Loyalty tier discount applied
1536,11,63,3424,199,4,2025-06-30,241.7,22.9,Credit Card,
1538,11,63,4322,234,1,2025-10-25,74.96,23.8,Cash,
1541,11,12,3331,1386,1,2025-11-19,90.84,27.9,Online,
1546,10,87,3428,403,2,2025-10-29,103.76,32.0,Cash,
1547,11,63,3672,225,5,2025-09-23,154.99,33.0,Credit Card,Promo code WELCOME15 applied at checkout
1549,9,25,833,189,1,2025-11-21,235.35,5.3,Cash,
1552,10,16,4352,293,2,2025-05-19,85.98,32.5,Debit Card,Loyalty tier discount applied
1558,11,81,1171,1364,1,2025-06-04,117.61,25.9,Debit Card,Promo code SEASON25 applied at checkout
1567,10,75,628,208,1,2025-11-28,153.9,25.0,Cash,
1568,10,75,4692,233,3,2025-04-05,194.61,26.9,Online,Price matched to competitor flyer
1570,9,2,4492,270,4,2025-03-31,81.38,9.7,Credit Card,
1571,11,97,3544,252,3,2024-11-30,250.91,29.2,Debit Card,Promo code LOYALTY20 applied at checkout
1576,11,44,4149,113,4,2025-11-05,169.99,24.9,Online,Loyalty tier discount applied
1585,12,108,1315,90,1,2025-04-28,112.33,7.5,Credit Card,
1592,11,97,738,183,1,2025-01-02,16.93,32.6,Debit Card,Promo code WELCOME15 applied at checkout
1594,9,27,2703,286,2,2025-09-03,232.35,11.6,Debit Card,Promo code SEASON25 applied at checkout
1598,12,102,4602,95,5,2025-01-30,191.63,5.6,Cash,
1599,10,33,806,103,2,2025-12-06,60.32,22.3,Debit Card,
1602,9,25,1643,217,1,2024-12-01,32.75,10.4,Debit Card,Promo code LOYALTY20 applied at checkout
1603,11,44,1317,189,1,2025-09-24,133.66,22.8,Online,
1604,10,71,2343,993,3,2024-10-30,189.1,27.7,Credit Card,
1606,12,102,7,154,2,2025-07-15,50.63,7.0,Cash,
1615,12,102,1238,428,2,2025-07-06,56.65,4.6,Cash,Loyalty tier discount applied
1625,10,55,29,206,3,2024-12-07,44.14,27.5,Debit Card,
1629,12,102,410,935,5,2025-04-25,123.62,4.3,Credit Card,Promo code SEASON25 applied at checkout
1633,11,64,4105,213,2,2025-01-07,252.85,23.8,Cash,
1634,9,106,2148,330,1,2025-05-22,247.8,10.9,Debit Card,
1635,9,65,3790,78,2,2025-11-07,281.47,5.1,Credit Card,Promo code SAVE10 applied at checkout
1638,11,12,3970,978,2,2025-02-09,19.72,26.1,Debit Card,Promo code SAVE10 applied at checkout
1639,12,93,3680,645,3,2025-03-02,192.78,3.7,Debit Card,
1640,9,61,3162,215,1,2025-03-28,92.24,11.4,Online,Price matched to competitor flyer
1641,12,93,2591,542,1,2025-08-12,225.31,11.6,Debit Card,Promo code WELCOME15 applied at checkout
1644,12,93,2945,218,5,2025-04-19,281.88,7.3,Online,
1648,10,55,398,786,4,2025-07-14,122.06,27.9,Debit Card,
1653,10,33,516,1194,2,2024-11-29,169.82,23.4,Cash,
1658,11,81,3187,1002,1,2024-10-05,192.28,22.8,Debit Card,Price matched to competitor flyer
1659,12,60,3741,1211,2,2025-12-07,86.59,9.9,Online,
1663,11,44,181,253,2,2025-03-31,253.74,24.6,Credit Card,Loyalty tier discount applied
1667,11,63,1797,164,1,2025-01-19,249.89,23.2,Credit Card,Price matched to competitor flyer
1668,9,106,553,3,2,2025-07-31,147.48,6.3,Online,
1671,12,108,1303,101,2,2024-12-21,141.84,6.2,Online,Loyalty tier discount applied
1680,11,64,2799,124,2,2025-04-17,99.8,25.6,Credit Card,Loyalty tier discount applied
1686,10,67,2802,804,2,2025-07-19,19.85,31.4,Debit Card,Promo code LOYALTY20 applied at checkout
1688,9,111,4716,1017,5,2025-02-08,126.7,9.4,Credit Card,
1700,10,33,4681,235,5,2025-03-15,280.92,24.2,Debit Card,Promo code SEASON25 applied at checkout
1701,12,18,1028,1260,1,2025-09-19,114.25,7.8,Cash,
1704,10,33,4127,701,1,2025-08-13,287.08,28.3,Cash,
1707,11,44,1392,1110,1,2025-09-22,125.98,25.7,Cash,Loyalty tier discount applied
1712,10,90,2887,1218,1,2024-11-07,99.77,30.0,Debit Card,
1718,12,93,1155,238,4,2025-10-09,246.99,11.6,Cash,Price matched to competitor flyer
1723,11,64,421,256,1,2025-08-31,122.72,32.0,Online,
1726,12,102,692,227,1,2025-09-06,105.5,10.9,Debit Card,
1727,11,97,2180,287,1,2024-11-15,78.78,30.8,Debit Card,Promo code SEASON25 applied at checkout
1730,10,90,3985,1290,3,2025-06-30,123.22,33.3,Credit Card,Price matched to competitor flyer
1731,12,100,3317,256,2,2025-08-10,195.22,9.2,Cash,Promo code LOYALTY20 applied at checkout
1738,10,55,1871,55,2,2025-04-05,243.77,26.7,Credit Card,
1753,9,61,855,166,2,2025-07-21,109.71,11.3,Credit Card,
1755,12,60,2197,305,3,2025-07-17,147.61,8.5,Credit Card,
1761,12,100,2734,481,5,2025-05-29,138.8,6.5,Cash,
1762,10,90,4910,736,4,2025-04-14,239.73,27.4,Debit Card,Promo code LOYALTY20 applied at checkout
1764,10,16,1067,6,1,2025-09-08,61.52,24.3,Debit Card,Promo code SEASON25 applied at checkout
1765,10,71,720,673,2,2025-04-23,222.09,25.5,Online,
1773,9,111,894,167,1,2025-03-07,132.05,7.0,Debit Card,
1775,10,33,3912,939,1,2025-05-10,142.86,23.7,Credit Card,Promo code SEASON25 applied at checkout
1778,10,33,1170,142,1,2025-08-14,43.69,26.7,Debit Card,Promo code SAVE10 applied at checkout
1781,9,52,483,951,2,2025-07-24,178.7,8.9,Credit Card,Price matched to competitor flyer
1783,11,97,2381,161,1,2024-12-18,217.81,30.4,Debit Card,Price matched to competitor flyer
1786,9,52,292,252,1,2025-03-03,247.33,11.3,Credit Card,Promo code SEASON25 applied at checkout
1788,9,6,3044,1247,4,2025-08-06,149.63,6.9,Credit Card,Loyalty tier discount applied
1790,11,12,2829,822,1,2024-12-07,257.02,31.4,Cash,Promo code SAVE10 applied at checkout
1792,9,51,2620,1009,1,2025-02-13,25.64,6.2,Online,
1793,9,52,1000,30,1,2025-02-14,68.85,11.1,Credit Card,Price matched to competitor flyer
1795,11,12,2895,1172,4,2025-10-22,176.72,32.1,Debit Card,
1799,11,12,3173,76,1,2025-01-19,49.14,26.0,Credit Card,Price matched to competitor flyer
1800,10,101,4675,1105,1,2025-08-26,123.55,26.2,Credit Card,Price matched to competitor flyer
1803,9,6,791,131,1,2025-03-17,285.08,4.6,Debit Card,Price matched to competitor flyer
1804,10,15,453,1028,2,2024-12-17,39.45,29.1,Debit Card,
1811,10,101,317,693,5,2025-04-18,295.36,23.9,Online,
1812,10,71,343,65,1,2025-10-15,172.92,22.2,Debit Card,Price matched to competitor flyer
1813,12,36,456,264,1,2025-03-02,36.28,3.4,Debit Card,Promo code SEASON25 applied at checkout
1815,10,75,3472,150,1,2025-05-10,192.46,25.3,Debit Card,
1816,10,55,4444,115,3,2025-10-20,217.98,25.9,Online,
1821,9,52,864,1397,1,2025-07-07,205.93,8.6,Credit Card,
1822,10,75,2016,43,1,2025-07-27,60.02,31.2,Debit Card,
1825,10,16,571,1078,3,2024-11-08,260.97,29.9,Online,
1826,10,67,3219,1003,5,2025-01-01,203.26,24.4,Credit Card,
1830,11,64,2839,1334,2,2025-04-10,148.86,23.9,Debit Card,
1831,10,87,2926,131,1,2025-07-14,97.37,27.8,Credit Card,Promo code LOYALTY20 applied at checkout
1837,12,100,205,277,1,2025-12-03,233.41,7.0,Debit Card,Promo code SAVE10 applied at checkout
1840,9,25,437,634,2,2025-08-03,121.12,3.7,Credit Card,
1842,12,100,4671,65,2,2024-11-07,128.9,7.6,Credit Card,Price matched to competitor flyer
1844,10,15,196,1233,1,2025-11-30,109.52,26.5,Online,
1848,11,63,2912,148,1,2024-10-09,230.4,29.6,Online,Loyalty tier discount applied
1852,11,44,1963,183,1,2025-11-26,81.2,31.8,Debit Card,Promo code SEASON25 applied at checkout
1853,12,60,3320,1250,4,2025-10-28,230.71,11.7,Credit Card,
1854,10,15,3067,54,1,2025-08-22,260.1,32.0,Cash,
1857,12,18,2669,131,2,2024-12-08,96.31,8.2,Online,Price matched to competitor flyer
1861,10,15,252,283,2,2025-05-25,214.45,27.9,Debit Card,
1865,10,55,4203,59,5,2025-08-05,66.29,22.3,Debit Card,
1873,12,60,1192,247,1,2025-07-11,57.72,8.8,Debit Card,
1875,11,12,3147,254,1,2025-05-25,222.37,32.2,Online,
1881,11,44,3973,235,4,2025-02-18,106.98,30.7,Debit Card,
1884,11,64,3136,480,2,2025-04-07,248.29,25.0,Online,Promo code SAVE10 applied at checkout
1885,11,12,3205,1466,3,2025-11-23,164.78,32.0,Credit Card,
1889,11,44,3643,167,5,2025-07-25,88.58,25.8,Online,
1892,9,61,621,327,5,2025-10-08,258.74,8.1,Credit Card,
1895,11,64,1545,101,4,2024-12-17,40.47,22.6,Cash,Promo code SEASON25 applied at checkout
1897,10,67,1449,91,2,2025-05-13,255.16,32.3,Cash,
1899,12,108,318,42,2,2025-10-15,248.03,10.5,Credit Card,
1900,11,97,1881,972,1,2025-05-23,163.82,32.7,Online,Promo code LOYALTY20 applied at checkout
1912,10,75,535,1124,2,2025-06-10,55.45,31.0,Online,Price matched to competitor flyer
1915,9,2,1553,467,3,2025-09-19,219.26,6.4,Online,
1919,11,97,304,1117,2,2025-04-11,249.64,33.7,Online,
1927,9,65,1041,759,2,2025-04-25,257.36,11.3,Online,
1932,9,120,2223,506,3,2025-11-05,6.72,6.9,Debit Card,
1933,11,97,570,151,2,2025-02-22,247.18,30.6,Debit Card,Promo code LOYALTY20 applied at checkout
1940,10,90,4055,1268,5,2024-12-18,261.18,22.1,Debit Card,Loyalty tier discount applied
1942,10,90,640,928,2,2025-02-09,281.8,24.6,Credit Card,Promo code LOYALTY20 applied at checkout
1943,11,97,1401,93,1,2025-11-21,230.08,25.4,Credit Card,Promo code SAVE10 applied at checkout
1947,9,65,4206,253,1,2025-05-02,190.35,6.6,Debit Card,
1948,12,108,1596,141,2,2025-11-20,189.94,8.0,Online,
1949,12,93,2429,108,3,2025-06-13,265.43,4.3,Credit Card,
1951,12,102,4982,17,4,2025-08-15,274.71,11.4,Credit Card,
1954,12,18,2844,615,3,2025-10-26,296.52,4.8,Debit Card,Promo code WELCOME15 applied at checkout
1956,9,24,4625,708,5,2025-10-12,272.27,5.8,Credit Card,
1958,9,120,2058,414,3,2025-04-16,156.02,5.7,Cash,
1962,11,81,1713,724,5,2025-05-31,248.24,24.3,Debit Card,
1963,11,63,873,214,1,2025-04-18,114.2,27.8,Debit Card,
1964,10,71,661,122,1,2025-07-18,94.52,33.5,Credit Card,Promo code SAVE10 applied at checkout
1967,12,60,423,265,1,2025-07-07,136.23,4.9,Debit Card,
1972,9,120,4025,87,2,2025-11-22,29.02,4.6,Debit Card,Price matched to competitor flyer
1974,10,16,3415,781,1,2025-06-26,40.74,26.4,Debit Card,
1975,9,24,3660,471,2,2025-02-03,19.6,11.8,Credit Card,Promo code WELCOME15 applied at checkout
1977,12,108,2392,274,4,2025-07-19,19.49,6.2,Credit Card,Promo code LOYALTY20 applied at checkout
1983,9,24,1309,395,1,2025-08-06,282.11,6.8,Credit Card,
1984,9,2,3995,195,1,2025-01-23,47.13,8.4,Cash,
1985,9,120,4734,322,2,2025-07-27,158.48,4.5,Credit Card,Loyalty tier discount applied
1989,10,87,872,952,1,2025-03-13,254.64,23.6,Credit Card,
1999,12,100,3613,31,5,2025-10-26,191.36,7.4,Cash,Price matched to competitor flyer
2000,10,75,4945,557,2,2025-08-06,216.55,24.4,Cash,Loyalty tier discount applied
2010,12,36,3086,958,1,2025-02-19,85.65,5.2,Credit Card,
2012,11,64,1219,273,2,2025-01-14,127.72,33.5,Credit Card,
2014,12,36,3594,878,1,2025-02-17,45.15,4.5,Online,Price matched to competitor flyer
2019,10,38,41,218,4,2025-06-23,175.14,29.3,Credit Card,
2024,9,52,1842,1113,3,2025-08-25,171.78,10.5,Debit Card,Promo code WELCOME15 applied at checkout
2026,10,38,352,212,1,2024-10-19,16.99,33.1,Cash,Loyalty tier discount applied
2027,12,100,4080,250,1,2024-11-08,7.89,3.8,Credit Card,Promo code SAVE10 applied at checkout
2031,9,6,554,100,2,2025-05-30,190.1,3.5,Debit Card,Price matched to competitor flyer
2032,9,51,1837,250,1,2025-10-27,159.69,8.8,Credit Card,Promo code LOYALTY20 applied at checkout
2037,12,18,3238,404,4,2025-02-18,128.52,4.0,Debit Card,Price matched to competitor flyer
2040,12,60,2697,538,4,2025-04-27,268.25,7.3,Credit Card,Promo code LOYALTY20 applied at checkout
2042,12,102,447,1288,2,2025-08-21,67.75,9.4,Credit Card,Price matched to competitor flyer
2044,11,97,2954,253,2,2025-06-29,41.41,27.9,Cash,
2048,10,38,1092,856,4,2024-11-28,7.48,26.4,Cash,
2049,9,65,1127,1248,1,2024-12-12,188.2,4.1,Credit Card,Loyalty tier discount applied
2052,12,108,828,284,3,2025-09-20,286.36,3.1,Credit Card,
2057,10,101,1922,1177,1,2024-12-08,276.95,26.7,Debit Card,
2059,11,63,3242,339,5,2025-03-11,63.88,30.8,Online,Loyalty tier discount applied
2073,10,38,497,173,1,2025-10-16,10.55,32.8,Debit Card,Price matched to competitor flyer
2074,11,64,2227,691,1,2024-10-15,201.0,27.4,Debit Card,
2077,10,87,2113,347,1,2025-06-09,240.65,27.0,Debit Card,
2080,10,90,291,1030,1,2025-01-10,48.48,27.2,Credit Card,
2087,12,100,3950,72,1,2025-09-07,264.7,3.5,Credit Card,Price matched to competitor flyer
2089,11,12,4389,1482,1,2025-01-01,119.29,27.4,Debit Card,Promo code SAVE10 applied at checkout
2092,11,97,1944,127,1,2025-01-25,247.09,30.2,Credit Card,
2094,11,97,2325,66,2,2025-12-08,246.05,29.3,Credit Card,
2104,11,64,510,26,4,2025-05-24,209.58,24.9,Credit Card,Promo code LOYALTY20 applied at checkout
2108,12,36,2919,76,1,2024-10-31,235.72,5.1,Online,Promo code LOYALTY20 applied at checkout
2116,12,93,4166,88,1,2025-02-16,39.59,11.3,Credit Card,
2118,12,108,349,141,2,2025-09-19,263.46,11.2,Debit Card,Price matched to competitor flyer
2120,12,100,3181,974,5,2025-10-27,263.21,9.0,Credit Card,
2124,12,100,4232,1475,1,2025-11-12,265.77,8.5,Cash,
2128,11,63,289,388,3,2025-08-30,219.33,27.1,Credit Card,
2134,11,81,3211,466,2,2025-06-30,157.98,29.2,Cash,
2136,12,18,1644,1418,1,2025-09-09,220.3,11.3,Cash,Promo code SEASON25 applied at checkout
2138,9,106,3934,1112,5,2025-03-10,229.61,6.8,Credit Card,Promo code LOYALTY20 applied at checkout
2139,11,81,2696,525,5,2024-11-01,129.76,32.1,Debit Card,
2140,10,87,4055,1356,2,2025-11-13,261.18,32.6,Debit Card,
2143,10,117,2172,341,2,2025-03-24,250.21,26.7,Credit Card,Loyalty tier discount applied
2144,11,81,3195,1491,1,2025-12-01,33.32,30.7,Credit Card,Promo code SEASON25 applied at checkout
2146,10,16,1897,228,1,2025-02-04,98.97,23.5,Credit Card,
2149,12,18,205,1317,4,2025-05-26,233.41,7.8,Cash,Price matched to competitor flyer
2150,12,108,532,183,2,2024-11-26,87.76,7.8,Debit Card,
2154,10,101,261,574,5,2024-11-10,197.45,23.7,Cash,Promo code SAVE10 applied at checkout
2156,9,111,3669,504,2,2025-03-14,204.7,10.4,Online,
2161,11,63,1868,1470,3,2025-10-30,104.75,31.9,Credit Card,
2162,12,100,324,103,1,2025-05-14,242.77,4.8,Credit Card,Loyalty tier discount applied
2173,9,2,885,59,2,2025-06-13,276.44,3.1,Debit Card,Promo code SEASON25 applied at checkout
2174,11,81,3678,199,2,2025-05-05,245.62,22.2,Online,Price matched to competitor flyer
2177,10,15,625,1209,2,2024-10-19,215.73,22.5,Debit Card,Promo code LOYALTY20 applied at checkout
2182,10,67,2127,87,5,2025-02-27,225.26,28.9,Debit Card,
2184,9,24,2294,300,1,2025-05-11,286.6,11.1,Debit Card,Promo code SAVE10 applied at checkout
2188,9,37,1818,1260,2,2025-11-09,89.41,6.8,Debit Card,
2189,12,100,3249,1157,4,2025-11-22,171.19,11.0,Debit Card,Loyalty tier discount applied
2191,11,44,3622,1352,1,2024-12-13,249.07,33.6,Cash,Price matched to competitor flyer
2192,11,63,4119,1270,2,2025-03-05,94.99,33.2,Cash,Loyalty tier discount applied
2194,9,106,2068,211,2,2025-07-15,233.99,9.9,Credit Card,Price matched to competitor flyer
2196,9,6,3270,1311,2,2024-11-01,281.2,7.5,Debit Card,
2197,10,67,640,45,3,2024-11-21,281.8,27.3,Credit Card,
2200,10,75,3835,1139,4,2024-12-11,132.49,31.6,Debit Card,Price matched to competitor flyer
2201,9,106,4337,286,1,2025-09-22,8.28,4.0,Online,
2206,9,61,489,180,1,2024-12-27,103.22,8.8,Credit Card,
2207,11,81,1752,89,2,2025-07-11,159.23,30.4,Debit Card,
2208,12,100,1359,237,1,2025-11-29,168.85,6.2,Cash,
2209,12,102,1818,701,2,2025-03-20,89.41,7.8,Debit Card,Promo code SAVE10 applied at checkout
2212,11,63,507,201,1,2024-12-11,294.99,24.9,Debit Card,
2218,9,106,4128,242,2,2025-01-15,136.58,9.1,Debit Card,
2225,10,117,4765,161,1,2024-12-20,141.89,31.3,Credit Card,Promo code WELCOME15 applied at checkout
2226,10,33,3367,404,2,2024-10-02,298.44,25.3,Debit Card,Promo code SAVE10 applied at checkout
2227,10,33,1667,222,3,2024-12-03,292.31,31.1,Credit Card,Loyalty tier discount applied
2228,11,81,3053,1417,4,2025-01-28,128.99,31.0,Debit Card,
2229,11,44,1362,188,3,2025-06-24,218.5,31.2,Credit Card,
2233,10,75,4736,221,3,2025-08-09,142.61,27.2,Debit Card,
2236,9,120,1691,224,5,2024-12-25,255.15,6.6,Debit Card,Price matched to competitor flyer
2237,11,12,1142,1333,4,2025-11-04,103.2,24.3,Debit Card,
2245,10,38,4972,529,3,2025-09-18,55.42,23.1,Online,
2247,11,12,4111,1270,4,2025-02-11,174.78,24.3,Credit Card,Price matched to competitor flyer
2248,12,108,2647,731,5,2025-09-11,255.29,11.1,Credit Card,Loyalty tier discount applied
2250,9,25,878,1355,1,2025-02-24,294.51,11.4,Credit Card,Loyalty tier discount applied
2252,11,63,817,925,3,2024-12-29,271.81,27.9,Credit Card,Loyalty tier discount applied
2258,12,36,76,81,2,2025-06-11,154.35,7.3,Debit Card,
2261,12,100,4900,232,4,2025-11-29,263.13,10.9,Debit Card,Promo code SAVE10 applied at checkout
2263,12,102,1930,245,5,2025-07-01,252.0,5.8,Online,
2264,11,64,336,1107,1,2025-03-12,171.31,25.1,Credit Card,
2267,11,64,3443,289,4,2025-03-06,41.98,32.3,Online,
2268,9,6,2329,117,5,2025-08-21,122.04,11.6,Debit Card,
2269,10,15,4801,805,4,2025-09-09,174.92,30.8,Debit Card,
2270,12,93,1959,914,5,2025-06-11,20.68,11.7,Debit Card,Promo code LOYALTY20 applied at checkout
2273,10,75,1714,781,2,2025-06-18,167.6,30.9,Cash,Loyalty tier discount applied
2274,9,52,3328,901,1,2025-03-21,166.28,7.2,Cash,
2277,10,90,2604,822,3,2025-05-22,113.66,25.6,Online,
2282,9,111,4567,257,5,2025-03-16,129.83,5.4,Debit Card,Promo code LOYALTY20 applied at checkout
2288,12,36,2324,37,2,2025-04-17,18.95,11.5,Debit Card,Price matched to competitor flyer
2289,12,100,642,161,1,2025-05-24,263.88,5.0,Online,
2290,12,102,4564,170,5,2025-07-07,98.34,8.4,Cash,
2291,10,38,2391,196,4,2025-01-26,225.26,27.3,Cash,
2292,10,55,1907,130,4,2025-01-26,7.63,31.5,Cash,Loyalty tier discount applied
2294,12,93,130,198,2,2024-12-11,271.25,11.5,Credit Card,
2295,12,100,962,272,1,2025-06-28,183.59,6.8,Debit Card,Promo code SEASON25 applied at checkout
2296,9,51,74,137,1,2025-08-22,142.51,5.5,Online,Promo code SEASON25 applied at checkout
2300,11,44,1125,90,1,2025-12-06,264.72,29.2,Cash,Promo code LOYALTY20 applied at checkout
2301,9,27,2868,186,3,2025-07-03,179.79,5.8,Debit Card,
2312,12,60,2784,49,2,2025-03-25,252.18,4.2,Credit Card,
2316,10,67,2534,33,3,2025-10-09,181.77,24.4,Online,
2317,9,65,1379,1140,2,2024-11-14,148.36,11.4,Cash,
2318,11,64,2563,149,1,2025-08-12,237.23,23.4,Debit Card,
2319,11,81,1179,600,2,2025-04-17,246.97,32.0,Debit Card,
2330,12,36,4401,12,3,2025-09-23,288.3,9.0,Debit Card,
2331,12,108,3946,72,4,2025-06-16,97.86,3.3,Credit Card,
2340,11,81,2510,292,2,2025-05-21,159.01,33.7,Online,Promo code WELCOME15 applied at checkout
2341,11,63,3285,80,1,2025-05-22,191.77,24.0,Credit Card,
2342,11,81,2344,136,1,2024-11-04,158.13,32.2,Credit Card,Price matched to competitor flyer
2344,12,18,207,775,1,2025-06-03,296.1,3.6,Debit Card,Promo code SAVE10 applied at checkout
2345,12,102,3784,217,3,2025-07-24,168.07,9.9,Debit Card,
2348,11,81,4019,270,3,2024-11-08,280.45,32.8,Debit Card,Promo code SEASON25 applied at checkout
2349,9,51,4608,295,2,2025-09-01,11.99,6.9,Cash,
2353,11,81,2191,2,4,2025-07-08,103.23,25.5,Debit Card,
2361,11,44,1266,91,1,2025-11-10,247.73,25.3,Online,
2365,12,100,2821,31,1,2025-08-18,125.34,6.0,Debit Card,Promo code SAVE10 applied at checkout
2368,11,12,4330,1376,1,2025-05-20,64.84,25.0,Online,
2371,9,61,4780,843,3,2025-11-03,150.91,4.0,Debit Card,Promo code WELCOME15 applied at checkout
2375,10,55,2024,248,1,2025-05-18,203.71,22.9,Online,
2376,9,111,2253,127,1,2025-07-20,209.72,3.4,Debit Card,
2377,12,93,2295,786,5,2025-01-05,200.47,9.6,Online,
2384,11,81,1394,1286,1,2025-05-27,235.11,23.7,Cash,
2388,12,60,540,1218,4,2025-10-16,231.03,7.5,Online,Promo code SEASON25 applied at checkout
2390,10,75,960,32,2,2025-01-18,74.11,27.4,Online,Promo code WELCOME15 applied at checkout
2391,10,33,4973,86,1,2025-05-23,73.07,23.2,Debit Card,Promo code WELCOME15 applied at checkout
2392,12,102,4732,193,5,2025-11-16,126.36,6.0,Online,Loyalty tier discount applied
2393,12,36,3056,154,5,2024-11-14,122.11,5.2,Cash,Promo code LOYALTY20 applied at checkout
2394,12,102,2851,168,1,2025-06-15,119.81,10.6,Credit Card,Loyalty tier discount applied
2399,12,93,276,1148,1,2024-12-14,225.62,10.8,Cash,Promo code WELCOME15 applied at checkout
2401,11,81,2747,1416,1,2024-10-14,237.46,29.7,Debit Card,Loyalty tier discount applied
2403,9,51,3738,218,1,2025-05-19,68.85,9.7,Credit Card,Price matched to competitor flyer
2407,11,63,4952,1390,1,2024-11-28,279.42,28.4,Online,
2408,11,97,2527,62,1,2025-06-21,288.14,24.2,Debit Card,
2410,11,44,4394,116,1,2025-06-25,96.82,24.1,Debit Card,Price matched to competitor flyer
2411,9,52,3411,802,2,2025-11-19,47.45,7.8,Credit Card,
2412,10,117,3939,54,1,2025-09-20,242.29,24.4,Debit Card,
2413,12,100,3863,825,4,2024-12-20,161.74,9.8,Cash,Loyalty tier discount applied
2414,11,64,2988,527,1,2025-02-03,178.09,31.5,Online,
2416,9,6,3186,218,2,2025-02-24,46.25,5.1,Debit Card,
2417,11,12,1843,251,5,2025-08-05,244.19,26.3,Credit Card,
2427,9,106,869,76,5,2025-08-16,198.56,8.5,Credit Card,Loyalty tier discount applied
2428,11,12,2720,62,1,2025-02-23,163.14,32.2,Cash,
2430,10,16,968,80,2,2025-01-21,230.71,28.8,Credit Card,
2432,9,51,4145,287,1,2025-10-24,115.47,9.4,Cash,
2436,9,65,2776,211,1,2025-08-28,223.15,9.7,Cash,
2437,11,81,918,181,1,2025-09-21,230.83,33.9,Debit Card,Promo code SAVE10 applied at checkout
2438,12,36,1569,1357,1,2025-01-18,43.39,8.2,Cash,Promo code LOYALTY20 applied at checkout
2443,10,16,1721,31,5,2025-03-11,183.31,28.2,Debit Card,Price matched to competitor flyer
2445,12,36,2025,1480,1,2024-11-27,195.16,9.6,Credit Card,
2447,10,101,1352,83,4,2025-09-19,284.13,30.3,Credit Card,
2449,11,97,4955,442,2,2025-03-07,18.85,31.7,Online,Loyalty tier discount applied
2451,10,38,4570,1155,1,2025-09-03,120.43,31.8,Debit Card,Promo code LOYALTY20 applied at checkout
2452,10,38,2702,695,1,2025-08-08,222.73,27.3,Credit Card,Promo code SAVE10 applied at checkout
2454,10,38,3135,1373,1,2025-10-24,219.84,26.6,Cash,Promo code LOYALTY20 applied at checkout
2456,10,16,4315,99,1,2025-04-15,179.55,23.8,Credit Card,Promo code SAVE10 applied at checkout
2461,9,51,4683,43,1,2024-11-19,98.68,8.2,Credit Card,Loyalty tier discount applied
2464,10,39,1245,262,2,2025-07-05,269.81,29.5,Debit Card,
2466,11,81,2671,59,1,2024-10-24,247.76,24.0,Online,
2468,11,97,2529,171,1,2025-02-27,134.52,28.0,Online,
2469,10,55,4709,85,1,2024-11-03,218.13,28.8,Credit Card,
2471,12,100,2932,31,3,2025-02-09,231.32,7.9,Debit Card,
2476,10,71,497,242,3,2025-09-21,10.55,32.4,Online,Price matched to competitor flyer
2478,12,93,1962,496,2,2025-09-18,182.41,8.0,Credit Card,
2479,9,52,1472,261,1,2025-09-12,259.65,9.9,Debit Card,
2482,10,90,2454,124,5,2024-11-04,168.6,23.0,Cash,Promo code SEASON25 applied at checkout
2483,10,39,1393,536,1,2025-07-16,242.53,23.9,Debit Card,Price matched to competitor flyer
2487,10,117,3813,1449,1,2024-10-12,15.25,28.4,Debit Card,Price matched to competitor flyer
2488,10,75,937,27,1,2025-09-19,52.67,22.5,Debit Card,Promo code WELCOME15 applied at checkout
2493,9,2,1707,646,5,2025-05-11,51.77,8.0,Online,Price matched to competitor flyer
2497,12,108,3906,3,2,2025-11-16,263.06,10.2,Debit Card,
2498,10,71,895,133,2,2025-09-19,141.31,22.2,Online,Promo code SAVE10 applied at checkout
2499,12,100,627,943,3,2025-07-13,132.76,6.8,Online,Price matched to competitor flyer
2501,12,60,859,70,2,2025-10-20,108.38,11.2,Cash,Price matched to competitor flyer
2503,10,15,3329,10,3,2025-08-04,83.1,25.1,Cash,Promo code SEASON25 applied at checkout
2506,12,18,3176,139,2,2025-11-28,145.57,10.6,Cash,
2510,11,81,3667,797,2,2024-12-11,286.76,23.9,Credit Card,Loyalty tier discount applied
2514,11,44,4016,452,1,2025-07-08,287.03,25.4,Debit Card,
2517,12,102,4996,1034,5,2024-10-26,251.19,6.3,Online,
2520,9,27,1225,127,3,2025-11-28,174.43,5.6,Online,Promo code SEASON25 applied at checkout
2527,12,108,1372,292,1,2025-01-25,12.36,10.1,Credit Card,Promo code SEASON25 applied at checkout
2533,9,24,2658,79,2,2025-03-19,188.73,5.7,Cash,
2534,9,37,3450,224,2,2025-07-15,152.84,9.8,Online,
2535,11,64,4517,179,1,2025-10-18,95.49,32.7,Debit Card,
2536,12,102,1498,599,1,2025-07-15,29.42,3.4,Debit Card,
2541,9,65,2852,582,2,2024-10-22,14.34,8.7,Credit Card,
2542,11,64,1920,185,5,2025-05-29,181.2,25.3,Credit Card,
2545,10,55,1981,1119,4,2025-10-11,134.44,23.5,Cash,
2546,9,52,3456,328,2,2024-10-01,288.3,5.3,Debit Card,Promo code SEASON25 applied at checkout
2547,11,97,3606,236,4,2025-11-01,240.42,22.7,Online,Promo code SAVE10 applied at checkout
2550,9,52,2117,1345,4,2025-10-25,119.24,8.7,Credit Card,
2552,11,44,3037,907,1,2025-06-13,193.37,33.9,Debit Card,Promo code SAVE10 applied at checkout
2554,11,97,2264,191,1,2025-04-18,70.75,23.2,Cash,
2556,9,37,3245,158,3,2025-11-25,34.71,8.7,Cash,
2557,12,93,2841,97,1,2025-05-28,213.18,8.8,Debit Card,
2563,10,71,3235,271,4,2025-11-11,261.87,32.2,Credit Card,Promo code SAVE10 applied at checkout
2565,11,12,1572,58,1,2024-10-25,60.72,22.8,Credit Card,Loyalty tier discount applied
2571,11,44,632,366,1,2025-08-21,99.08,28.5,Cash,
2572,12,93,1339,281,2,2025-10-29,93.13,4.8,Debit Card,Promo code LOYALTY20 applied at checkout
2574,9,52,3756,42,5,2025-11-19,128.73,10.4,Cash,Promo code SAVE10 applied at checkout
2582,12,60,4111,65,4,2025-01-29,174.78,5.1,Online,Loyalty tier discount applied
2588,11,97,4003,275,1,2024-12-24,251.91,22.4,Debit Card,Promo code SEASON25 applied at checkout
2590,10,33,1605,100,1,2025-12-08,211.29,30.6,Credit Card,
2592,9,6,2003,755,4,2024-12-20,138.63,5.1,Credit Card,Promo code LOYALTY20 applied at checkout
2595,12,93,2540,799,2,2025-06-28,299.19,3.4,Debit Card,
2602,12,93,234,956,2,2025-05-09,124.59,9.4,Credit Card,
2605,9,2,1743,1042,2,2025-11-16,32.87,9.1,Credit Card,
2607,10,55,2291,1439,1,2025-08-13,217.85,24.8,Online,
2610,9,65,1890,1454,1,2024-10-07,252.26,7.2,Credit Card,
2614,12,18,43,799,2,2025-11-09,65.37,4.4,Credit Card,Loyalty tier discount applied
2616,9,111,770,1024,3,2025-04-13,271.96,7.2,Cash,
2617,12,100,1814,121,2,2024-11-01,49.72,5.6,Credit Card,
2619,11,64,2892,131,4,2025-04-01,57.33,28.5,Online,
2630,10,117,4032,288,2,2025-06-22,37.41,31.3,Cash,Promo code SAVE10 applied at checkout
2631,12,108,3402,1233,4,2024-12-22,274.18,3.3,Cash,Price matched to competitor flyer
2632,12,100,437,1024,1,2024-10-03,121.12,6.9,Cash,
2634,12,102,4413,181,2,2024-11-23,91.62,3.4,Online,Promo code LOYALTY20 applied at checkout
2635,9,27,2613,867,5,2025-05-03,50.41,10.1,Cash,
2641,9,27,1192,203,4,2025-12-06,57.72,4.1,Cash,
2644,12,18,4940,252,1,2025-02-15,217.23,4.9,Credit Card,
2647,11,44,395,183,5,2025-08-04,75.45,24.7,Cash,
2650,12,100,737,322,1,2024-11-18,67.56,8.4,Credit Card,
2653,12,102,4742,115,3,2025-10-24,27.94,8.8,Debit Card,
2655,9,27,3334,250,2,2025-05-07,253.53,9.9,Debit Card,Promo code SAVE10 applied at checkout
2665,12,18,992,979,2,2025-12-04,238.45,11.2,Credit Card,Loyalty tier discount applied
2668,10,67,2418,276,5,2025-05-30,16.77,31.8,Credit Card,Price matched to competitor flyer
2669,11,97,1515,666,4,2025-04-28,240.76,25.9,Cash,Promo code SAVE10 applied at checkout
2670,9,2,1620,85,1,2025-03-26,45.88,5.7,Credit Card,
2671,12,102,212,74,4,2025-01-08,253.42,10.8,Credit Card,
2673,10,38,145,1256,2,2025-05-06,47.87,24.5,Credit Card,Loyalty tier discount applied
2674,9,37,608,34,4,2024-11-03,105.15,11.2,Cash,
2675,11,81,4635,180,3,2025-05-16,143.89,32.2,Cash,
2678,11,63,2735,28,4,2025-04-09,256.6,29.9,Credit Card,
2681,10,39,3357,290,1,2025-08-11,110.53,32.8,Credit Card,
2683,9,120,3566,8,1,2024-12-18,245.52,9.5,Credit Card,
2685,11,44,2455,76,1,2025-05-07,195.16,26.7,Credit Card,Loyalty tier discount applied
2690,9,25,849,529,4,2025-07-24,90.13,4.1,Debit Card,
2695,11,63,3982,271,5,2025-09-24,155.88,28.8,Credit Card,
2697,11,12,1595,667,4,2025-06-10,129.67,26.5,Credit Card,
2698,11,63,2978,714,4,2025-04-07,91.01,22.7,Cash,Promo code SEASON25 applied at checkout
2700,12,102,3676,90,5,2025-11-10,204.26,4.8,Credit Card,Promo code SAVE10 applied at checkout
2703,10,16,776,210,1,2024-11-19,240.41,26.0,Debit Card,Promo code LOYALTY20 applied at checkout
2711,10,39,3950,280,2,2025-10-29,264.7,25.1,Debit Card,
2712,10,15,3749,772,1,2025-03-22,11.76,23.6,Debit Card,
2714,11,97,4997,288,3,2025-11-22,111.39,33.2,Debit Card,Promo code WELCOME15 applied at checkout
2716,11,44,3120,119,2,2024-12-07,91.56,32.6,Credit Card,Loyalty tier discount applied
2717,11,81,4853,491,2,2025-06-11,130.89,25.4,Cash,Promo code WELCOME15 applied at checkout
2720,11,81,328,1399,3,2024-10-11,261.9,34.0,Cash,Promo code SAVE10 applied at checkout
2723,9,24,2225,270,1,2025-09-09,227.26,7.9,Online,
2726,10,15,751,1155,3,2025-03-02,38.52,32.9,Cash,Promo code LOYALTY20 applied at checkout
2730,11,44,4983,83,3,2025-04-03,152.36,23.1,Debit Card,Loyalty tier discount applied
2733,9,25,3236,199,2,2025-03-30,173.53,4.3,Cash,
2737,9,6,2660,47,2,2025-05-07,58.61,6.2,Credit Card,Promo code SEASON25 applied at checkout
2742,9,37,2390,618,2,2025-10-16,159.09,9.2,Credit Card,
2745,10,16,3772,76,4,2025-11-05,157.74,24.7,Debit Card,
2748,10,15,640,1158,1,2025-10-13,281.8,26.8,Cash,
2749,10,38,2247,1051,2,2025-02-17,218.47,29.1,Credit Card,
2750,12,18,4289,247,4,2025-04-17,162.3,7.1,Debit Card,
2751,9,111,1742,293,4,2025-10-12,204.08,5.8,Credit Card,
2752,10,15,4375,383,5,2025-08-08,162.5,31.2,Online,Price matched to competitor flyer
2758,12,36,4674,1443,4,2025-10-30,191.28,11.4,Credit Card,
2761,11,64,4229,1004,3,2025-01-25,279.06,32.8,Debit Card,Promo code SAVE10 applied at checkout
2767,11,44,512,165,1,2024-11-13,54.78,26.5,Debit Card,
2769,9,65,3425,333,2,2025-07-20,69.47,6.6,Cash,
2770,11,64,4136,582,4,2025-02-10,71.23,29.6,Debit Card,Promo code WELCOME15 applied at checkout
2773,11,12,634,136,2,2024-10-01,70.33,27.7,Debit Card,Price matched to competitor flyer
2775,10,75,2798,972,1,2025-06-30,253.38,30.4,Credit Card,
2776,9,65,2500,113,2,2025-03-20,14.47,5.0,Debit Card,
2781,10,90,1385,259,2,2024-11-05,67.82,30.3,Online,Promo code LOYALTY20 applied at checkout
2783,10,75,3131,349,1,2025-01-28,279.22,22.6,Online,
2788,10,55,4521,295,1,2024-11-05,205.87,24.7,Cash,Promo code SAVE10 applied at checkout
2793,9,2,1775,290,5,2024-12-21,37.24,5.7,Online,Loyalty tier discount applied
2795,10,67,4026,94,4,2025-11-01,11.28,25.5,Debit Card,Price matched to competitor flyer
2799,10,15,2559,1084,2,2025-10-04,207.06,25.2,Cash,Promo code WELCOME15 applied at checkout
2801,10,87,2057,199,2,2025-02-05,75.43,27.7,Cash,Price matched to competitor flyer
2802,12,60,4062,1427,2,2024-11-24,254.38,5.2,Debit Card,Price matched to competitor flyer
2805,10,15,2083,240,2,2024-10-21,24.97,29.2,Cash,
2806,9,106,1448,27,1,2025-05-10,125.82,9.5,Debit Card,Promo code SAVE10 applied at checkout
2807,9,106,1113,179,1,2025-08-05,155.61,4.2,Online,
2809,9,25,712,81,5,2025-02-01,199.64,7.2,Credit Card,Price matched to competitor flyer
2811,12,93,3205,1034,1,2025-09-08,164.78,11.8,Online,Loyalty tier discount applied
2812,12,100,3004,1074,3,2025-03-02,23.47,6.3,Debit Card,
2824,10,90,2046,700,1,2025-11-10,262.43,30.6,Credit Card,Price matched to competitor flyer
2825,9,120,1512,1279,1,2025-04-15,119.69,10.7,Credit Card,Promo code SEASON25 applied at checkout
2826,11,12,3230,227,1,2024-10-17,21.51,26.1,Debit Card,Price matched to competitor flyer
2831,11,64,2900,953,4,2025-08-17,159.31,23.6,Credit Card,Price matched to competitor flyer
2832,11,12,3063,202,2,2025-01-03,140.87,26.1,Cash,Loyalty tier discount applied
2837,11,12,3813,224,3,2025-03-09,15.25,22.9,Debit Card,Promo code SEASON25 applied at checkout
2842,10,75,3059,825,1,2025-03-20,102.51,26.5,Online,Price matched to competitor flyer
2843,10,101,538,150,3,2025-03-18,188.69,30.8,Debit Card,
2848,11,63,2709,381,4,2025-02-03,210.03,30.4,Debit Card,Price matched to competitor flyer
2850,9,37,401,809,5,2025-05-10,198.22,4.2,Debit Card,
2851,12,100,934,90,2,2025-12-03,20.39,10.6,Debit Card,
2853,11,64,3702,356,2,2025-08-22,97.98,28.8,Credit Card,
2855,11,97,4634,29,1,2025-08-21,286.81,27.8,Credit Card,Promo code WELCOME15 applied at checkout
2860,9,24,4993,123,1,2025-02-19,109.89,11.8,Credit Card,Price matched to competitor flyer
2861,9,51,2494,245,3,2024-10-30,68.24,9.0,Online,Promo code WELCOME15 applied at checkout
2864,10,38,1798,185,2,2024-11-08,118.45,33.8,Debit Card,
2865,11,12,1560,892,3,2025-02-23,18.78,33.9,Cash,Loyalty tier discount applied
2879,10,16,2542,505,1,2024-11-06,156.7,22.2,Credit Card,
2883,9,51,2158,285,2,2025-06-27,117.03,7.3,Debit Card,Promo code LOYALTY20 applied at checkout
2890,10,117,4830,111,2,2025-07-23,275.48,23.3,Debit Card,Loyalty tier discount applied
2897,9,27,1674,460,4,2025-04-11,7.65,11.7,Cash,Promo code LOYALTY20 applied at checkout
2898,11,81,4880,249,4,2025-12-07,230.99,29.6,Debit Card,
2899,12,100,4118,210,1,2024-11-04,155.32,7.0,Cash,Price matched to competitor flyer
2902,12,93,1445,107,1,2025-03-06,262.56,5.1,Cash,
2904,10,87,435,377,4,2025-06-07,50.73,32.4,Debit Card,
2906,9,120,1796,634,1,2025-08-24,247.45,5.4,Debit Card,Promo code SAVE10 applied at checkout
2907,9,24,1307,1184,4,2024-10-31,85.63,7.7,Credit Card,
2914,10,67,2082,68,3,2024-10-30,200.67,25.0,Credit Card,
2915,9,2,635,148,1,2024-12-23,261.12,9.6,Debit Card,
2916,12,102,85,6,1,2025-08-12,101.72,10.1,Cash,Promo code SEASON25 applied at checkout
2918,10,39,2025,3,1,2025-01-31,195.16,23.8,Cash,Promo code SAVE10 applied at checkout
2921,10,101,4449,1052,4,2025-11-01,21.26,27.9,Cash,
2922,11,12,1933,883,2,2024-11-10,25.3,33.8,Online,Promo code SEASON25 applied at checkout
2923,9,2,294,127,5,2025-06-15,30.32,10.0,Online,Price matched to competitor flyer
2929,10,90,3805,20,2,2025-08-13,63.43,29.2,Credit Card,
2931,10,87,2372,1385,1,2025-06-25,297.14,23.1,Cash,
2935,10,90,3479,380,5,2025-01-02,35.53,30.4,Cash,
2937,10,67,3297,825,1,2025-03-31,223.68,30.4,Credit Card,Promo code SEASON25 applied at checkout
2938,12,100,1206,260,2,2024-11-07,205.44,7.0,Debit Card,
2941,10,101,1294,143,5,2025-10-14,144.13,29.2,Cash,Loyalty tier discount applied
2942,10,87,639,198,1,2025-08-23,90.79,30.5,Credit Card,Promo code SEASON25 applied at checkout
2946,12,108,2182,87,2,2025-10-28,126.45,7.1,Debit Card,Promo code WELCOME15 applied at checkout
2947,11,44,3814,57,1,2024-11-17,264.67,27.6,Debit Card,
2949,10,117,2284,81,2,2025-02-23,292.26,28.6,Debit Card,
2950,11,12,3972,102,5,2025-01-23,103.03,23.1,Debit Card,
2955,10,87,1159,45,5,2025-01-29,123.62,32.4,Credit Card,
2960,12,60,774,352,1,2025-12-07,158.15,6.2,Online,
2967,11,97,1912,255,1,2024-11-19,72.02,27.5,Online,Price matched to competitor flyer
2970,10,117,1319,1230,1,2024-10-15,140.37,32.0,Debit Card,
2972,12,60,1303,585,3,2025-11-06,141.84,5.5,Credit Card,
2973,10,16,649,1239,2,2025-10-10,43.69,30.6,Cash,Promo code LOYALTY20 applied at checkout
2976,9,24,2830,114,5,2025-05-05,266.57,7.8,Debit Card,Promo code SEASON25 applied at checkout
2978,12,18,2500,127,5,2025-11-09,14.47,8.5,Credit Card,Promo code LOYALTY20 applied at checkout
2987,9,65,2631,1271,4,2025-01-03,83.18,8.2,Credit Card,Promo code SEASON25 applied at checkout
2988,12,108,76,13,1,2025-07-18,154.35,10.5,Cash,
2996,10,101,513,132,1,2025-01-29,132.35,25.3,Debit Card,
2997,9,37,1148,913,1,2024-10-10,41.76,9.0,Online,Price matched to competitor flyer
3005,9,106,2784,838,4,2025-09-28,252.18,6.6,Credit Card,
3011,9,27,3565,1070,2,2025-08-01,62.8,8.1,Online,
3014,9,37,1119,284,3,2025-01-11,277.9,3.3,Online,Price matched to competitor flyer
3016,12,93,112,217,2,2024-12-24,218.42,4.3,Credit Card,
3018,11,97,3338,45,4,2024-11-27,259.54,26.9,Credit Card,Loyalty tier discount applied
3021,12,102,2662,200,1,2025-02-06,293.19,3.9,Cash,Price matched to competitor flyer
3022,11,63,1203,107,4,2025-03-23,184.19,23.2,Credit Card,Promo code WELCOME15 applied at checkout
3027,12,36,459,945,1,2025-07-08,18.18,5.8,Debit Card,Loyalty tier discount applied
3028,12,108,3858,183,4,2024-11-11,23.91,6.9,Cash,Promo code WELCOME15 applied at checkout
3030,9,52,41,1349,2,2025-05-25,175.14,9.8,Debit Card,
3031,11,63,3277,139,1,2025-10-10,77.61,25.8,Online,
3032,10,75,197,657,2,2024-10-13,29.22,24.0,Cash,
3033,12,93,2741,29,1,2025-08-05,53.61,6.2,Cash,Loyalty tier discount applied
3037,12,108,559,208,2,2024-11-10,217.05,4.7,Online,
3039,12,100,2133,292,2,2025-02-01,25.57,8.9,Credit Card,
3040,12,36,1594,53,4,2025-10-03,128.6,11.6,Cash,Promo code SEASON25 applied at checkout
3042,12,60,4891,286,2,2025-06-11,270.82,7.1,Credit Card,
3044,11,81,4393,56,2,2024-10-22,264.52,22.5,Debit Card,Price matched to competitor flyer
3048,11,63,1201,190,5,2025-07-23,34.33,26.6,Debit Card,
3049,12,18,390,543,3,2025-08-18,259.74,11.7,Credit Card,
3051,10,55,2009,293,5,2025-01-25,281.07,22.1,Debit Card,
3053,9,2,2226,35,5,2025-07-02,72.47,10.7,Debit Card,
3058,11,12,2626,239,1,2025-07-08,103.93,27.0,Credit Card,Promo code LOYALTY20 applied at checkout
3060,12,108,2282,1141,1,2024-12-08,8.35,5.2,Debit Card,Promo code SAVE10 applied at checkout
3062,10,33,3579,474,1,2024-10-21,150.11,27.6,Debit Card,
3065,11,63,861,594,1,2025-01-10,258.81,28.1,Credit Card,
3068,10,101,2416,164,2,2025-08-27,79.57,23.9,Online,
3070,9,25,853,953,1,2025-10-07,140.55,9.2,Online,
3072,11,64,2935,293,5,2025-08-30,17.77,29.2,Debit Card,Promo code SEASON25 applied at checkout
3076,11,97,4605,791,2,2025-10-19,8.96,28.1,Cash,
3077,12,18,1142,481,2,2025-07-25,103.2,10.1,Credit Card,
3082,12,108,3835,65,2,2024-12-12,132.49,11.2,Cash,Loyalty tier discount applied
3084,11,63,1669,571,3,2025-01-20,137.11,25.2,Credit Card,Promo code SAVE10 applied at checkout
3087,10,87,300,202,2,2025-10-11,147.94,31.5,Credit Card,
3088,9,111,3499,74,1,2025-01-06,297.78,9.3,Cash,Price matched to competitor flyer
3095,10,38,3700,670,1,2024-11-23,110.95,31.3,Cash,
3105,12,36,1646,818,1,2025-01-05,164.12,9.0,Credit Card,Price matched to competitor flyer
3112,9,24,4772,315,5,2024-10-25,251.16,9.9,Debit Card,
3118,12,36,378,343,4,2024-11-27,245.16,3.7,Credit Card,
3122,9,120,3471,1312,5,2025-03-31,27.97,4.8,Credit Card,Promo code LOYALTY20 applied at checkout
3123,12,18,2104,82,1,2024-10-09,41.34,9.9,Credit Card,
3124,9,111,4050,619,1,2024-10-02,34.42,4.4,Debit Card,Price matched to competitor flyer
3127,12,100,2091,37,3,2025-01-22,140.78,8.0,Debit Card,Promo code SEASON25 applied at checkout
3139,12,108,637,151,5,2025-02-05,242.17,5.4,Credit Card,Price matched to competitor flyer
3140,12,93,4504,599,4,2025-11-30,109.51,10.1,Online,Promo code LOYALTY20 applied at checkout
3144,9,25,2807,290,1,2025-07-30,135.26,8.7,Debit Card,Promo code LOYALTY20 applied at checkout
3146,9,27,1871,393,1,2024-11-24,243.77,10.8,Online,Promo code WELCOME15 applied at checkout
3148,10,117,3430,1443,1,2025-11-15,129.32,27.6,Debit Card,
3149,10,101,3517,55,1,2024-11-08,74.38,33.6,Credit Card,Price matched to competitor flyer
3157,12,100,4965,1341,5,2024-11-22,30.71,7.2,Credit Card,
3158,9,111,3836,196,1,2025-11-27,108.06,10.8,Debit Card,Promo code SAVE10 applied at checkout
3160,12,60,1643,52,4,2025-02-10,32.75,5.1,Credit Card,Price matched to competitor flyer
3166,11,64,4702,154,4,2024-11-08,231.73,23.6,Credit Card,
3169,12,100,1406,173,2,2024-11-03,44.07,7.0,Cash,Loyalty tier discount applied
3172,9,65,1511,95,2,2025-05-22,287.82,3.9,Cash,Price matched to competitor flyer
3173,12,108,1770,58,2,2025-09-02,194.34,11.2,Debit Card,Promo code SEASON25 applied at checkout
3178,9,27,2892,283,2,2025-04-28,57.33,6.6,Cash,Promo code SAVE10 applied at checkout
3184,10,16,2324,1137,1,2024-10-12,18.95,33.8,Cash,
3191,12,93,3323,1436,2,2025-02-11,162.83,7.3,Credit Card,
3194,11,63,2387,897,2,2025-11-21,278.01,33.4,Debit Card,
3198,9,37,4914,249,1,2024-10-26,66.81,10.2,Credit Card,Loyalty tier discount applied
3199,12,93,889,193,1,2024-10-16,88.92,6.4,Credit Card,
3200,12,108,61,125,4,2025-11-12,294.97,8.3,Online,
3209,12,108,3139,240,1,2024-11-16,174.85,3.6,Credit Card,
3210,12,60,2518,65,4,2025-03-12,153.34,7.2,Cash,
3217,9,27,142,45,2,2025-06-21,149.3,10.7,Online,Loyalty tier discount applied
3218,12,60,3457,245,5,2025-10-27,254.16,10.9,Credit Card,Loyalty tier discount applied
3227,10,33,3660,235,1,2025-11-09,19.6,30.8,Online,
3228,12,18,1936,282,5,2025-05-23,74.28,5.3,Cash,
3231,11,81,2812,239,1,2025-08-26,299.63,29.8,Online,Loyalty tier discount applied
3232,11,12,4323,159,1,2025-09-29,133.58,22.7,Debit Card,Price matched to competitor flyer
3234,9,6,4383,1191,1,2025-11-30,121.14,8.6,Debit Card,
3235,9,52,3619,180,1,2025-08-09,203.19,11.5,Online,Price matched to competitor flyer
3237,11,44,1393,106,3,2025-04-23,242.53,22.5,Cash,
3238,10,15,2014,46,4,2025-04-08,131.51,22.7,Credit Card,
3239,11,44,4057,189,4,2025-08-25,65.21,32.1,Debit Card,Price matched to competitor flyer
3240,11,64,3665,204,5,2025-05-13,76.94,28.5,Debit Card,Loyalty tier discount applied
3242,9,120,3958,52,1,2025-02-17,57.58,4.9,Debit Card,
3245,9,6,4923,37,2,2025-02-28,167.19,11.3,Debit Card,Price matched to competitor flyer
3247,12,108,2111,280,2,2025-03-10,27.97,10.9,Cash,
3261,11,44,2657,293,3,2025-01-09,205.72,31.4,Debit Card,
3266,12,108,2008,135,5,2025-06-05,212.69,4.2,Online,
3269,11,97,182,1403,1,2025-02-11,193.45,31.8,Debit Card,Promo code LOYALTY20 applied at checkout
3273,9,106,4898,156,1,2025-07-28,247.7,3.3,Credit Card,Promo code SAVE10 applied at checkout
3276,9,6,3873,276,1,2024-11-19,282.74,9.0,Online,
3278,10,55,3690,865,4,2025-03-03,38.07,30.2,Cash,Loyalty tier discount applied
3279,11,63,1907,290,2,2024-11-08,7.63,33.4,Credit Card,Price matched to competitor flyer
3282,10,117,1310,33,1,2024-10-04,19.16,22.4,Online,
3284,9,120,2417,1117,4,2024-10-05,15.38,11.8,Cash,
3285,11,97,2348,991,2,2025-03-05,191.86,25.0,Credit Card,Promo code SAVE10 applied at checkout
3287,9,6,2520,163,1,2024-10-21,273.62,11.2,Cash,Loyalty tier discount applied
3294,9,27,3691,15,2,2025-01-15,104.89,3.4,Online,
3297,10,67,634,37,4,2025-04-27,70.33,31.4,Credit Card,Promo code SAVE10 applied at checkout
3302,9,51,3777,107,1,2025-04-24,68.11,9.4,Cash,
3304,12,108,3923,1219,3,2024-12-20,188.77,8.7,Credit Card,Loyalty tier discount applied
3305,11,81,4665,229,1,2025-06-17,167.64,26.8,Debit Card,Promo code SAVE10 applied at checkout
3306,12,100,2465,1359,2,2025-09-26,111.69,4.1,Debit Card,Promo code WELCOME15 applied at checkout
3307,11,44,2530,101,2,2025-04-17,270.38,30.3,Debit Card,
3310,10,55,2016,1336,2,2025-01-24,60.02,25.9,Online,Price matched to competitor flyer
3314,11,81,4922,52,5,2025-10-04,57.57,33.5,Credit Card,
3315,9,2,369,92,2,2025-06-04,237.58,9.8,Cash,
3324,10,117,888,222,2,2025-05-26,299.94,26.1,Credit Card,
3326,12,60,4492,651,5,2024-11-13,81.38,4.9,Debit Card,
3328,12,18,3602,167,2,2025-01-27,61.91,4.6,Cash,
3331,9,6,3358,37,2,2025-05-30,295.84,9.4,Credit Card,
3336,9,27,2154,73,2,2025-07-02,10.49,11.9,Cash,
3337,12,60,4608,725,1,2025-01-31,11.99,11.5,Credit Card,
3338,11,97,2638,1462,1,2025-01-11,63.77,22.4,Credit Card,
3339,12,100,155,196,5,2025-02-16,275.61,10.1,Credit Card,
3340,10,101,2065,1091,1,2025-11-28,219.74,26.2,Debit Card,
3341,9,52,4843,200,2,2024-11-09,240.94,3.2,Credit Card,Promo code SEASON25 applied at checkout
3342,10,16,3195,471,1,2024-11-05,33.32,22.6,Debit Card,Promo code LOYALTY20 applied at checkout
3344,9,24,3534,730,2,2025-04-01,175.95,10.0,Credit Card,Promo code SEASON25 applied at checkout
3357,12,93,3045,12,5,2025-07-03,270.16,4.9,Debit Card,
3361,12,93,2591,1034,1,2024-10-27,225.31,6.2,Debit Card,Loyalty tier discount applied
3363,10,87,3755,1221,5,2025-11-01,166.01,28.0,Debit Card,
3367,12,93,774,484,3,2025-05-06,158.15,4.8,Debit Card,
3369,11,81,1700,4,1,2025-01-26,284.79,24.3,Debit Card,
3373,12,60,3777,87,1,2025-04-01,68.11,4.3,Debit Card,Promo code SEASON25 applied at checkout
3374,11,97,1661,479,2,2025-03-13,263.33,25.4,Debit Card,Promo code LOYALTY20 applied at checkout
3375,11,63,3873,1249,1,2025-11-08,282.74,25.7,Credit Card,
3377,9,52,776,283,1,2025-02-15,240.41,10.9,Cash,
3381,12,93,170,265,1,2025-07-14,123.12,11.4,Online,
3384,12,100,1570,87,1,2025-01-25,233.51,8.9,Credit Card,Promo code WELCOME15 applied at checkout
3389,12,100,2920,210,2,2025-01-21,17.82,6.9,Debit Card,
3399,9,51,2010,293,1,2025-03-06,269.8,6.2,Credit Card,Price matched to competitor flyer
3408,11,12,4844,866,1,2025-01-30,22.41,34.0,Cash,
3410,11,81,2851,219,5,2024-11-26,119.81,30.9,Credit Card,
3411,10,90,4719,66,1,2025-06-16,197.14,32.8,Debit Card,
3418,11,44,4118,73,1,2025-04-01,155.32,22.6,Cash,
3419,12,18,1678,260,1,2025-11-04,12.67,8.5,Debit Card,Promo code LOYALTY20 applied at checkout
3425,11,63,4712,297,3,2024-12-17,260.62,26.0,Cash,Promo code LOYALTY20 applied at checkout
3426,10,71,1125,1259,1,2024-11-21,264.72,25.1,Online,Loyalty tier discount applied
3427,10,67,222,257,1,2025-09-28,103.23,32.6,Debit Card,
3429,9,2,3992,1126,1,2025-02-27,61.26,8.2,Cash,Promo code LOYALTY20 applied at checkout
3430,11,44,2573,664,3,2025-02-27,188.44,33.2,Credit Card,
3433,9,27,1405,135,1,2025-01-04,183.48,10.7,Credit Card,
3434,11,97,3292,216,1,2025-07-03,86.74,27.2,Online,
3435,12,60,81,139,3,2025-03-23,68.7,4.9,Cash,Loyalty tier discount applied
3437,12,93,3563,852,3,2024-12-22,272.79,8.9,Credit Card,
3439,10,117,3911,388,1,2025-06-23,24.87,33.8,Online,
3444,9,24,3922,816,1,2024-11-23,131.26,6.1,Credit Card,
3446,10,38,4838,270,3,2024-12-31,291.87,27.3,Debit Card,
3447,11,64,432,1482,1,2025-11-04,8.92,27.6,Online,
3450,10,75,2040,142,1,2025-05-22,60.12,31.9,Online,
3451,9,2,2829,147,1,2025-08-01,257.02,9.5,Debit Card,Price matched to competitor flyer
3456,9,24,751,204,3,2025-07-21,38.52,7.4,Online,Price matched to competitor flyer
3457,11,44,3925,279,2,2024-12-21,148.57,23.7,Debit Card,Promo code SAVE10 applied at checkout
3458,9,106,2689,261,2,2024-12-01,19.82,10.1,Cash,Promo code LOYALTY20 applied at checkout
3460,9,2,4148,244,1,2025-09-14,172.6,4.7,Cash,
3464,12,36,3311,974,1,2025-10-26,294.86,9.6,Debit Card,Loyalty tier discount applied
3465,12,18,4404,47,5,2025-01-23,222.63,3.2,Online,
3469,10,55,2338,232,2,2025-11-25,158.91,30.5,Cash,
3472,9,111,3317,231,1,2024-12-17,195.22,7.4,Cash,
3475,10,38,461,686,1,2025-07-27,57.51,31.1,Credit Card,Loyalty tier discount applied
3476,9,24,3790,284,1,2025-04-12,281.47,7.0,Debit Card,Promo code SEASON25 applied at checkout
3479,10,101,2947,172,4,2025-09-23,150.48,28.6,Online,
3480,10,90,2819,767,1,2025-12-04,249.34,33.8,Debit Card,Promo code LOYALTY20 applied at checkout
3481,10,75,3248,97,4,2025-10-04,164.73,29.7,Credit Card,Price matched to competitor flyer
3491,12,108,1564,256,1,2025-06-26,130.92,5.2,Debit Card,Price matched to competitor flyer
3496,10,71,3080,88,1,2025-02-28,205.55,31.1,Online,Price matched to competitor flyer
3500,11,81,468,1033,2,2025-08-13,207.19,25.9,Credit Card,
3507,11,44,1477,142,3,2025-09-13,59.16,27.8,Credit Card,
3508,11,63,3244,1026,5,2025-03-01,108.58,27.4,Credit Card,Promo code SAVE10 applied at checkout
3509,12,100,3514,706,2,2025-05-11,225.4,9.3,Credit Card,Promo code WELCOME15 applied at checkout
3510,11,64,914,251,1,2025-07-21,174.07,24.0,Debit Card,
3513,9,24,4276,508,5,2025-08-16,46.57,8.8,Debit Card,
3514,9,51,3389,941,1,2024-12-10,197.76,8.0,Cash,
3518,9,65,4721,78,1,2024-11-25,99.76,11.0,Credit Card,
3527,12,93,1036,23,5,2024-12-02,86.03,11.4,Online,
3531,12,60,825,114,4,2024-11-30,249.86,6.7,Cash,
3532,10,67,126,21,1,2025-06-25,223.56,32.7,Debit Card,Loyalty tier discount applied
3535,12,102,4281,596,1,2025-11-21,139.99,9.1,Cash,
3536,10,33,3850,298,1,2024-11-10,37.62,24.2,Debit Card,
3538,10,38,559,141,2,2025-05-04,217.05,31.1,Credit Card,Promo code SAVE10 applied at checkout
3541,12,36,3484,222,1,2025-03-23,253.29,3.2,Credit Card,
3548,12,36,591,1168,1,2025-09-14,36.26,10.4,Credit Card,
3555,11,44,3473,65,5,2024-11-12,299.63,31.4,Debit Card,
3556,12,108,3243,179,2,2025-04-13,50.81,9.1,Online,Loyalty tier discount applied
3557,11,44,3898,290,4,2025-11-13,51.04,31.3,Debit Card,Promo code LOYALTY20 applied at checkout
3563,9,61,3483,301,1,2025-09-21,258.71,6.8,Debit Card,
3564,10,33,206,280,1,2025-08-22,197.89,28.1,Debit Card,Promo code LOYALTY20 applied at checkout
3565,9,24,2596,1294,1,2025-01-27,34.51,4.5,Online,Promo code WELCOME15 applied at checkout
3569,11,44,1507,915,5,2025-06-02,95.9,30.0,Cash,Loyalty tier discount applied
3570,11,44,1822,55,1,2025-10-15,281.3,33.6,Cash,
3574,10,55,3503,156,4,2025-08-15,85.02,22.2,Debit Card,Promo code SAVE10 applied at checkout
3576,9,37,2648,1265,2,2025-03-02,60.7,10.3,Credit Card,
3577,12,60,3427,200,1,2025-06-03,255.9,6.9,Cash,
3578,11,12,604,394,2,2025-04-11,253.92,29.3,Online,
3584,9,6,4670,352,2,2025-04-09,182.09,11.0,Online,Promo code WELCOME15 applied at checkout
3585,12,100,2598,43,3,2025-06-25,10.5,8.8,Cash,
3587,10,101,3804,20,1,2025-08-06,47.41,24.6,Cash,Promo code SAVE10 applied at checkout
3590,12,18,3311,274,1,2024-12-25,294.86,5.7,Debit Card,
3593,11,44,4653,217,1,2025-02-27,105.45,25.5,Cash,Promo code SAVE10 applied at checkout
3594,12,36,2864,880,2,2024-11-17,158.59,3.4,Credit Card,
3596,10,117,1085,61,2,2025-09-01,150.47,24.0,Cash,Promo code SEASON25 applied at checkout
3597,10,55,2531,284,1,2025-03-05,109.47,29.0,Cash,Price matched to competitor flyer
3598,9,27,3756,1498,1,2024-12-17,128.73,10.8,Debit Card,
3601,11,63,2602,794,5,2025-01-26,238.79,26.2,Cash,
3605,10,101,190,135,5,2024-10-17,67.57,26.2,Cash,Price matched to competitor flyer
3607,9,25,2857,293,5,2024-12-05,65.96,3.6,Debit Card,Promo code SEASON25 applied at checkout
3608,9,111,2963,119,1,2025-01-17,210.4,4.7,Credit Card,
3610,12,102,1911,206,3,2025-02-13,137.17,3.2,Online,
3615,12,108,2877,92,1,2024-10-04,169.89,3.9,Credit Card,
3622,10,55,859,1075,2,2024-11-30,108.38,23.7,Cash,Loyalty tier discount applied
3629,9,2,3181,291,2,2025-04-06,263.21,5.9,Credit Card,Price matched to competitor flyer
3630,12,100,3225,423,1,2024-12-09,16.69,5.2,Credit Card,Promo code LOYALTY20 applied at checkout
3639,11,44,3427,241,5,2025-11-23,255.9,26.0,Cash,Loyalty tier discount applied
3640,10,71,3061,293,3,2025-08-21,283.86,32.1,Online,Promo code SEASON25 applied at checkout
3641,11,81,3551,578,2,2025-04-08,284.46,27.4,Credit Card,
3642,9,24,3790,152,2,2025-10-17,281.47,10.5,Debit Card,Promo code LOYALTY20 applied at checkout
3643,11,64,2546,168,3,2025-01-02,59.47,27.6,Online,Promo code SEASON25 applied at checkout
3645,11,81,1408,1347,5,2025-03-21,200.96,32.3,Online,
3651,10,15,2249,171,1,2025-09-20,187.52,29.0,Online,Price matched to competitor flyer
3654,12,93,856,96,1,2025-02-19,194.43,10.5,Online,
3658,10,33,3057,42,4,2025-11-12,23.35,23.7,Debit Card,
3663,11,81,845,1009,1,2025-10-21,27.1,30.5,Online,Promo code LOYALTY20 applied at checkout
3670,9,51,1015,1009,1,2025-04-29,7.74,6.1,Credit Card,Loyalty tier discount applied
3672,9,2,156,511,3,2024-10-21,69.44,7.4,Credit Card,
3676,10,55,3420,1500,3,2025-08-21,139.25,31.3,Credit Card,Price matched to competitor flyer
3677,11,44,1405,168,2,2025-03-17,183.48,31.3,Credit Card,
3679,10,16,2302,1067,1,2025-06-24,298.3,32.4,Credit Card,Loyalty tier discount applied
3687,12,102,1750,1364,5,2025-06-30,154.54,10.0,Credit Card,
3689,9,6,2221,9,5,2025-04-01,125.11,7.4,Credit Card,Promo code WELCOME15 applied at checkout
3691,9,24,3946,1333,4,2025-10-11,97.86,10.7,Debit Card,Promo code WELCOME15 applied at checkout
3694,12,18,784,1433,5,2024-12-16,168.58,8.4,Credit Card,Promo code SAVE10 applied at checkout
3700,12,36,3923,151,1,2025-09-28,188.77,11.2,Debit Card,Price matched to competitor flyer
3703,12,108,2346,146,5,2025-08-27,35.04,7.2,Credit Card,Loyalty tier discount applied
3704,11,63,1207,587,3,2024-10-28,255.77,22.6,Credit Card,Promo code SAVE10 applied at checkout
3706,9,24,1748,143,3,2024-12-12,170.37,9.0,Credit Card,Promo code WELCOME15 applied at checkout
3710,9,111,4469,1134,5,2024-10-28,135.98,10.4,Credit Card,
3711,11,97,3954,23,1,2025-06-26,87.13,33.2,Credit Card,Promo code LOYALTY20 applied at checkout
3715,9,2,1720,185,1,2024-11-16,132.04,10.0,Cash,
3717,10,117,1589,81,3,2025-06-04,34.84,34.0,Online,
3720,12,108,1733,183,1,2025-11-12,19.2,10.8,Credit Card,Price matched to competitor flyer
3722,9,106,2633,857,1,2024-11-14,126.07,9.2,Debit Card,
3723,9,51,475,263,1,2024-12-29,83.7,4.8,Cash,
3728,11,44,3301,1347,3,2025-06-11,15.96,25.3,Debit Card,Promo code LOYALTY20 applied at checkout
3729,9,27,3203,36,1,2024-12-07,211.08,11.5,Credit Card,
3730,9,24,3770,309,2,2024-12-21,187.45,8.2,Credit Card,Promo code SEASON25 applied at checkout
3731,12,102,917,197,4,2025-10-14,153.98,8.9,Debit Card,
3741,12,108,3879,497,1,2025-10-18,170.84,7.0,Credit Card,Loyalty tier discount applied
3742,9,120,3198,564,4,2025-06-24,150.73,9.3,Debit Card,Price matched to competitor flyer
3749,12,60,2415,274,1,2025-04-09,216.07,12.0,Credit Card,
3750,11,97,1610,19,1,2024-10-10,246.42,30.7,Credit Card,
3751,9,52,185,21,1,2024-11-03,280.13,8.9,Credit Card,Loyalty tier discount applied
3753,11,81,3378,984,1,2025-02-04,217.93,25.5,Debit Card,
3756,11,12,4136,649,1,2025-12-03,71.23,27.0,Credit Card,
3761,11,64,1193,448,3,2025-02-10,122.9,32.3,Credit Card,Price matched to competitor flyer
3762,9,37,185,227,1,2024-12-21,280.13,7.8,Online,Promo code SAVE10 applied at checkout
3766,12,60,4403,144,2,2025-10-25,20.25,6.8,Cash,Promo code SAVE10 applied at checkout
3769,10,101,4119,1369,2,2025-04-26,94.99,25.7,Debit Card,Promo code SAVE10 applied at checkout
3774,11,64,2829,35,2,2025-08-04,257.02,33.1,Online,Promo code SEASON25 applied at checkout
3777,10,71,2603,445,4,2025-02-10,138.18,29.9,Cash,Price matched to competitor flyer
3780,9,61,1270,980,2,2025-05-09,257.23,3.2,Credit Card,Price matched to competitor flyer
3783,9,61,508,1263,1,2025-10-24,39.82,7.8,Debit Card,
3786,12,18,4096,229,1,2025-03-03,113.28,10.6,Debit Card,
3787,10,33,4228,96,1,2025-11-02,204.28,25.0,Credit Card,
3790,9,37,2269,58,1,2024-11-11,222.87,4.4,Credit Card,Price matched to competitor flyer
3794,9,6,1608,200,5,2025-09-10,71.69,8.1,Credit Card,Price matched to competitor flyer
3800,11,12,445,399,3,2025-05-11,213.06,32.8,Online,
3802,9,37,543,298,2,2025-12-05,18.57,4.4,Online,
3804,10,101,3825,205,3,2025-05-24,163.86,28.8,Credit Card,
3807,12,102,1480,607,2,2025-01-20,202.12,3.6,Credit Card,Price matched to competitor flyer
3808,10,90,3673,892,2,2025-08-24,286.09,30.1,Credit Card,
3812,12,100,4708,425,5,2025-03-03,236.2,3.5,Debit Card,
3814,11,64,855,34,1,2025-06-15,109.71,24.4,Cash,
3821,12,36,3518,713,1,2025-09-07,37.42,8.8,Credit Card,
3825,9,6,1778,930,1,2025-03-17,93.58,8.9,Credit Card,
3828,9,6,1104,799,5,2025-12-03,213.31,8.1,Credit Card,Promo code SAVE10 applied at checkout
3830,12,93,74,950,4,2025-03-04,142.51,4.4,Online,Loyalty tier discount applied
3831,9,106,8,73,2,2024-10-10,275.57,10.3,Online,
3834,11,97,3725,185,1,2024-12-10,33.53,33.9,Credit Card,
3838,10,87,1807,121,4,2025-11-04,46.18,23.2,Credit Card,Price matched to competitor flyer
3840,12,60,1762,56,3,2025-01-19,232.69,7.8,Credit Card,Loyalty tier discount applied
3842,9,37,4606,129,5,2025-01-01,96.54,10.0,Debit Card,Price matched to competitor flyer
3849,9,27,1110,512,2,2025-10-27,231.31,6.4,Credit Card,Loyalty tier discount applied
3851,11,63,1961,8,2,2025-02-14,8.26,27.8,Credit Card,
3853,9,120,4676,121,5,2025-05-26,218.62,6.8,Credit Card,
3854,9,24,2002,1267,1,2025-12-02,253.74,6.3,Cash,Price matched to competitor flyer
3856,12,18,3477,200,1,2025-01-06,98.03,7.0,Credit Card,
3857,9,120,4447,157,1,2024-12-06,121.73,7.5,Online,Price matched to competitor flyer
3858,12,102,1890,246,5,2025-07-01,252.26,9.0,Debit Card,
3861,12,36,3828,191,1,2024-11-09,259.44,11.5,Cash,Loyalty tier discount applied
3862,11,97,2906,176,1,2024-12-08,103.08,26.2,Credit Card,
3865,12,60,2108,66,5,2025-09-21,121.39,9.3,Cash,Price matched to competitor flyer
3867,12,108,4060,671,1,2025-03-14,142.12,10.0,Cash,
3869,10,55,3010,542,3,2024-11-15,297.35,24.2,Cash,
3874,10,117,1429,219,4,2025-10-01,89.52,24.9,Cash,Promo code SEASON25 applied at checkout
3876,11,64,4212,290,4,2025-10-22,163.79,25.0,Cash,Promo code SAVE10 applied at checkout
3877,10,117,2092,291,4,2024-10-17,279.41,29.3,Credit Card,Price matched to competitor flyer
3882,12,60,3891,1007,3,2025-09-25,112.03,3.1,Cash,
3886,11,44,3198,257,1,2025-07-14,150.73,24.0,Credit Card,Promo code WELCOME15 applied at checkout
3888,12,100,11,82,1,2025-04-26,158.76,11.6,Credit Card,Promo code SEASON25 applied at checkout
3889,10,16,3442,248,3,2025-08-02,226.0,26.7,Credit Card,Loyalty tier discount applied
3892,9,2,4141,190,3,2025-08-24,111.36,4.0,Debit Card,Loyalty tier discount applied
3893,10,71,3815,286,2,2025-03-09,259.27,24.7,Cash,
3894,9,37,3592,18,2,2025-11-06,276.39,8.3,Cash,
3895,10,75,4888,922,4,2025-11-21,279.41,26.8,Debit Card,Price matched to competitor flyer
3897,10,15,1817,1500,1,2025-03-22,187.07,25.4,Debit Card,Loyalty tier discount applied
3901,12,93,4447,116,1,2025-03-07,121.73,5.6,Credit Card,Promo code WELCOME15 applied at checkout
3902,10,101,127,148,5,2025-10-08,205.55,29.6,Credit Card,
3904,10,33,4343,172,4,2024-10-13,11.33,24.9,Debit Card,
3912,12,108,3994,275,2,2024-10-27,151.29,9.1,Credit Card,
3914,9,111,1722,1285,1,2024-10-07,179.78,8.3,Credit Card,
3917,12,102,1948,210,1,2025-06-01,125.45,9.4,Debit Card,
3918,11,81,2897,113,2,2025-04-17,226.79,31.9,Debit Card,Promo code SEASON25 applied at checkout
3920,10,117,3481,1443,3,2025-10-08,275.89,30.9,Credit Card,Promo code SEASON25 applied at checkout
3921,9,120,4665,770,2,2025-08-17,167.64,10.9,Credit Card,
3925,12,36,3979,223,3,2024-10-30,130.91,3.6,Credit Card,Promo code SAVE10 applied at checkout
3928,12,18,3499,93,5,2024-12-23,297.78,8.3,Credit Card,
3931,9,27,1412,417,3,2024-11-22,86.76,8.7,Credit Card,
3934,10,90,1592,164,4,2025-10-09,61.42,30.9,Credit Card,Loyalty tier discount applied
3935,11,97,69,158,1,2025-01-23,201.39,27.5,Online,Promo code LOYALTY20 applied at checkout
3937,9,6,3745,1225,3,2025-08-29,158.73,5.8,Debit Card,Price matched to competitor flyer
3939,11,63,2604,240,1,2025-05-12,113.66,25.9,Debit Card,Promo code WELCOME15 applied at checkout
3941,12,36,3564,224,1,2025-06-27,294.0,4.7,Online,
3943,12,93,842,688,1,2025-07-16,221.83,3.0,Online,
3944,12,93,158,99,1,2024-11-05,216.17,11.0,Debit Card,Promo code LOYALTY20 applied at checkout
3945,10,87,2663,37,1,2025-05-01,161.74,27.8,Credit Card,
3948,12,93,4936,64,1,2025-04-15,118.92,3.9,Cash,Price matched to competitor flyer
3957,9,25,1035,289,1,2024-10-11,240.97,5.5,Credit Card,Promo code SEASON25 applied at checkout
3962,12,108,112,1410,1,2025-08-25,218.42,8.4,Cash,Promo code SEASON25 applied at checkout
3963,11,97,2729,91,2,2025-06-13,153.08,30.7,Online,
3965,11,97,3235,961,4,2025-03-25,261.87,33.4,Cash,Promo code LOYALTY20 applied at checkout
3966,11,12,4748,1128,2,2025-08-23,219.49,25.8,Debit Card,
3970,11,12,2739,226,3,2024-10-15,150.5,31.7,Cash,
3973,10,117,2846,954,1,2025-01-22,145.62,27.3,Cash,Promo code LOYALTY20 applied at checkout
3984,12,18,1097,222,2,2025-02-19,232.12,8.3,Online,
3985,9,6,1242,1208,5,2025-10-08,179.04,6.5,Cash,
3989,11,64,3726,596,1,2025-07-13,94.45,24.2,Online,
3990,9,65,522,229,2,2024-10-12,82.44,6.2,Debit Card,Loyalty tier discount applied
3994,11,63,587,158,1,2025-02-02,236.77,28.5,Debit Card,
3996,12,93,4386,62,1,2024-10-26,130.06,9.0,Credit Card,Promo code SEASON25 applied at checkout
4003,12,108,1414,4,4,2025-08-22,149.86,9.9,Debit Card,Promo code SAVE10 applied at checkout
4004,9,61,4389,222,2,2025-10-02,119.29,3.5,Debit Card,
4005,11,63,4362,394,1,2025-02-01,108.42,28.5,Online,
4006,9,106,4324,715,2,2025-09-01,163.37,9.5,Online,Price matched to competitor flyer
4009,10,71,41,1196,4,2025-01-23,175.14,26.6,Debit Card,
4014,12,93,2689,1477,5,2025-01-28,19.82,5.8,Debit Card,Price matched to competitor flyer
4015,9,37,614,796,3,2024-12-11,50.49,7.4,Credit Card,
4016,10,90,1446,35,5,2024-11-13,12.5,28.7,Debit Card,Promo code LOYALTY20 applied at checkout
4019,10,71,32,389,3,2025-05-01,119.5,25.2,Cash,
4021,10,15,3227,747,1,2025-04-25,95.93,23.7,Debit Card,Promo code WELCOME15 applied at checkout
4024,9,106,4512,232,4,2025-02-22,294.31,7.5,Online,
4029,10,15,4095,122,2,2025-10-16,85.36,25.7,Online,Price matched to competitor flyer
4030,12,93,3505,147,1,2025-02-19,286.02,5.7,Online,
4035,11,12,1357,206,1,2025-07-14,230.1,30.2,Cash,Promo code WELCOME15 applied at checkout
4041,10,55,3539,1074,4,2025-06-22,185.94,29.2,Debit Card,Loyalty tier discount applied
4045,10,75,1852,72,2,2025-07-07,178.15,28.9,Debit Card,
4046,9,111,1308,375,1,2024-12-19,256.12,8.9,Debit Card,Price matched to competitor flyer
4047,12,18,2220,1359,5,2025-01-03,148.62,3.9,Cash,
4052,12,93,1222,901,1,2025-10-21,176.35,9.6,Debit Card,Price matched to competitor flyer
4062,12,108,3444,189,1,2025-01-30,258.4,8.7,Credit Card,
4063,12,36,2167,637,2,2025-07-05,67.63,6.1,Credit Card,Promo code LOYALTY20 applied at checkout
4064,10,101,2856,292,4,2025-04-16,190.23,22.3,Debit Card,Price matched to competitor flyer
4067,12,100,1969,581,4,2024-12-20,129.69,3.5,Credit Card,
4072,12,93,3118,115,1,2025-05-22,247.64,3.0,Cash,Promo code WELCOME15 applied at checkout
4074,10,117,888,245,1,2025-04-21,299.94,23.5,Online,
4079,9,24,3807,1159,5,2025-07-27,121.77,7.1,Debit Card,
4082,11,64,4409,195,3,2025-05-20,124.27,22.4,Cash,Promo code SAVE10 applied at checkout
4084,10,117,2716,1024,2,2025-05-12,97.71,23.3,Credit Card,
4085,12,102,1242,26,5,2024-10-04,179.04,10.9,Online,
4087,12,36,3615,200,2,2025-08-12,290.56,7.0,Debit Card,Price matched to competitor flyer
4088,11,64,2355,191,1,2025-08-24,200.63,32.4,Credit Card,Price matched to competitor flyer
4098,9,24,4047,50,1,2024-12-31,167.46,5.2,Online,Price matched to competitor flyer
4101,10,38,1804,191,5,2025-10-08,271.91,22.7,Debit Card,Promo code WELCOME15 applied at checkout
4102,11,12,1760,1456,1,2025-04-13,186.34,32.4,Cash,
4107,9,111,4531,492,2,2025-03-16,100.41,10.0,Debit Card,Loyalty tier discount applied
4109,12,102,3623,83,3,2024-10-17,93.15,4.1,Online,Price matched to competitor flyer
4111,12,102,4370,269,1,2025-03-09,241.1,8.1,Cash,
4113,12,102,3709,22,1,2025-01-20,134.43,4.9,Cash,
4114,9,106,3871,1189,5,2025-07-22,284.6,3.9,Online,
4115,10,16,4580,13,5,2024-12-28,106.55,29.6,Credit Card,
4120,11,12,2196,180,5,2025-08-11,257.01,24.4,Debit Card,
4123,9,25,2739,459,1,2025-06-02,150.5,7.2,Debit Card,
4124,10,33,2965,200,2,2024-10-30,39.11,31.4,Credit Card,
4127,12,102,3835,593,2,2025-10-14,132.49,9.4,Credit Card,
4129,11,12,3427,88,1,2025-06-06,255.9,30.0,Online,
4134,11,81,1676,233,3,2025-01-06,62.91,30.6,Online,Promo code LOYALTY20 applied at checkout
4140,12,18,3821,196,5,2025-09-28,256.33,7.7,Credit Card,
4142,10,90,1227,48,1,2025-09-18,73.42,25.4,Credit Card,Promo code SEASON25 applied at checkout
4152,9,37,1417,1287,4,2024-12-14,232.01,3.6,Debit Card,
4154,10,55,3773,246,1,2025-09-19,217.48,27.0,Debit Card,
4155,9,6,3195,101,5,2025-03-07,33.32,3.8,Debit Card,
4157,9,25,1163,98,1,2024-12-14,276.57,10.2,Debit Card,
4158,9,24,3537,1287,3,2025-09-05,12.2,5.9,Debit Card,Price matched to competitor flyer
4160,9,27,3554,66,2,2024-12-13,110.72,11.9,Cash,Promo code SAVE10 applied at checkout
4162,10,117,4714,879,1,2025-09-20,244.58,29.3,Debit Card,Promo code LOYALTY20 applied at checkout
4163,10,55,3576,251,2,2025-07-25,15.56,33.0,Debit Card,
4164,11,81,4384,1311,3,2025-01-03,173.26,31.0,Credit Card,Promo code WELCOME15 applied at checkout
4173,10,87,3393,272,1,2025-03-20,137.05,32.9,Credit Card,
4174,12,108,847,13,2,2025-04-26,232.34,10.3,Credit Card,Promo code WELCOME15 applied at checkout
4175,9,2,2859,85,1,2025-08-31,43.49,10.5,Online,Loyalty tier discount applied
4177,11,64,3267,1370,1,2025-05-13,290.08,29.5,Credit Card,
4178,9,6,4219,97,1,2025-10-24,6.09,10.4,Cash,Promo code WELCOME15 applied at checkout
4180,9,2,502,56,5,2025-10-05,38.66,9.4,Debit Card,
4186,9,120,1295,152,1,2025-01-07,230.7,3.3,Debit Card,Promo code WELCOME15 applied at checkout
4188,9,25,2597,97,4,2025-04-01,294.03,8.6,Cash,Loyalty tier discount applied
4191,11,81,4841,121,3,2025-10-20,234.24,23.0,Credit Card,Loyalty tier discount applied
4192,10,16,4811,219,5,2025-09-24,252.17,28.2,Credit Card,
4194,10,67,1974,21,1,2025-10-28,207.46,22.4,Cash,
4196,9,27,2628,961,5,2025-08-18,89.92,5.4,Debit Card,
4198,12,18,2288,1440,1,2025-02-25,10.71,8.3,Online,
4200,10,71,2674,138,1,2025-06-27,142.33,25.3,Cash,
4203,11,81,3818,82,4,2025-10-07,182.18,30.2,Credit Card,Promo code SEASON25 applied at checkout
4206,9,111,4007,166,1,2025-12-04,100.68,6.6,Online,Loyalty tier discount applied
4208,11,81,4491,582,1,2025-07-15,5.44,23.0,Debit Card,Promo code LOYALTY20 applied at checkout
4209,11,63,1072,211,2,2025-03-13,101.96,26.4,Cash,
4212,12,93,3833,116,2,2025-09-19,88.08,11.8,Debit Card,
4217,12,18,2100,1125,2,2024-11-18,124.92,7.4,Debit Card,Promo code SEASON25 applied at checkout
4222,12,18,4430,117,1,2025-05-18,241.28,3.4,Credit Card,Promo code LOYALTY20 applied at checkout
4226,12,108,36,985,4,2025-07-18,169.87,9.5,Online,
4231,9,27,330,280,3,2025-01-04,65.63,6.7,Debit Card,Promo code LOYALTY20 applied at checkout
4232,12,60,3480,605,1,2025-01-24,192.85,5.9,Credit Card,
4233,9,111,807,180,4,2025-10-06,37.9,11.9,Cash,
4236,12,108,4520,644,1,2025-08-07,216.59,4.0,Credit Card,
4237,9,52,2191,193,1,2025-12-02,103.23,7.6,Credit Card,
4238,12,18,4750,585,1,2025-01-30,273.27,11.1,Debit Card,
4239,10,39,2447,17,3,2025-08-31,69.12,33.9,Debit Card,
4243,10,67,1288,250,3,2025-10-20,202.49,27.5,Credit Card,Promo code SAVE10 applied at checkout
4244,12,36,3694,124,1,2025-09-06,179.33,9.8,Debit Card,
4246,12,108,3295,971,1,2025-11-10,261.9,10.7,Credit Card,
4247,12,93,3173,170,1,2025-03-27,49.14,9.9,Online,Price matched to competitor flyer
4250,11,97,3032,201,1,2025-12-08,235.28,28.3,Credit Card,
4252,9,52,2037,78,4,2025-03-16,134.21,11.0,Credit Card,Loyalty tier discount applied
4256,10,55,3485,781,1,2025-08-02,66.19,26.7,Debit Card,Price matched to competitor flyer
4257,11,97,1025,56,1,2025-07-01,191.05,22.9,Online,
4259,11,44,4773,256,3,2025-08-27,27.27,26.3,Debit Card,Price matched to competitor flyer
4262,10,33,1261,67,2,2024-11-06,187.6,28.0,Online,
4263,10,33,3760,1071,3,2025-04-16,99.57,24.3,Online,Price matched to competitor flyer
4265,10,75,409,48,2,2024-12-15,271.38,26.8,Cash,
4270,12,60,785,776,2,2025-04-11,199.49,3.3,Cash,
4276,9,120,2457,1120,3,2025-01-14,111.78,3.7,Debit Card,
4277,12,18,4481,287,3,2024-10-08,282.77,3.1,Credit Card,Price matched to competitor flyer
4279,11,12,3233,28,1,2025-11-28,200.67,33.3,Online,Price matched to competitor flyer
4281,11,81,3759,284,2,2025-11-11,271.41,29.4,Debit Card,Price matched to competitor flyer
4284,11,97,645,964,3,2024-12-28,128.11,33.2,Debit Card,Promo code SAVE10 applied at checkout
4286,12,108,3775,265,4,2025-03-11,114.01,8.3,Credit Card,Promo code LOYALTY20 applied at checkout
4288,10,33,2563,192,1,2025-01-24,237.23,31.1,Credit Card,
4290,9,65,3817,40,2,2025-12-03,44.85,5.5,Debit Card,
4291,12,93,1163,104,5,2025-08-10,276.57,8.9,Credit Card,Price matched to competitor flyer
4293,9,6,3811,547,1,2025-02-20,281.85,8.8,Online,
4294,11,81,3187,527,5,2024-11-14,192.28,28.0,Credit Card,
4303,12,18,200,179,4,2024-10-10,264.03,5.8,Credit Card,
4309,12,100,1776,6,5,2025-10-04,187.04,8.0,Online,Promo code WELCOME15 applied at checkout
4312,11,64,4834,250,1,2025-05-03,204.83,29.1,Credit Card,
4322,12,102,4376,900,4,2025-08-05,211.53,12.0,Debit Card,Loyalty tier discount applied
4333,10,39,2875,208,5,2025-08-12,183.71,29.6,Credit Card,
4334,11,81,3339,1153,5,2025-06-15,47.51,32.2,Debit Card,Promo code LOYALTY20 applied at checkout
4335,10,101,2397,364,2,2025-07-05,43.79,32.7,Debit Card,
4341,12,102,4188,241,1,2025-09-09,22.17,11.6,Online,
4343,12,100,3841,134,1,2025-07-19,70.34,9.2,Credit Card,Loyalty tier discount applied
4344,10,39,3565,189,1,2024-10-02,62.8,27.5,Debit Card,Price matched to competitor flyer
4348,10,101,2066,18,1,2025-03-12,221.01,27.0,Credit Card,Promo code WELCOME15 applied at checkout
4351,11,97,1705,70,5,2025-01-25,267.25,27.3,Cash,Promo code SAVE10 applied at checkout
4352,10,75,3440,15,1,2024-10-11,268.54,32.4,Cash,
4354,10,15,1198,1357,4,2025-07-15,270.37,22.9,Credit Card,Promo code LOYALTY20 applied at checkout
4356,11,81,2734,237,4,2025-05-16,138.8,27.6,Online,
4361,9,65,4499,1141,5,2025-09-07,192.36,9.5,Credit Card,
4363,12,108,1494,192,5,2024-10-29,280.19,7.7,Credit Card,Promo code WELCOME15 applied at checkout
4370,9,111,845,107,5,2025-11-01,27.1,3.1,Credit Card,Promo code LOYALTY20 applied at checkout
4372,12,102,2117,37,2,2024-10-15,119.24,6.9,Debit Card,Promo code SAVE10 applied at checkout
4374,12,36,1452,264,5,2024-12-14,295.22,11.6,Online,Promo code SEASON25 applied at checkout
4380,12,93,2293,147,2,2025-03-25,237.48,6.7,Credit Card,Promo code SEASON25 applied at checkout
4382,11,12,3224,921,2,2025-04-19,192.18,30.6,Credit Card,Promo code SEASON25 applied at checkout
4384,9,51,1594,1295,3,2025-09-03,128.6,4.7,Credit Card,
4385,9,52,2967,730,5,2025-02-05,275.48,7.1,Cash,
4387,10,75,3515,217,2,2025-04-10,51.17,24.9,Credit Card,
4388,12,93,2702,1281,2,2025-03-02,222.73,3.5,Credit Card,
4389,9,111,1513,153,5,2025-06-19,116.41,5.0,Debit Card,Promo code LOYALTY20 applied at checkout
4392,10,117,1419,778,1,2025-01-19,72.14,28.2,Debit Card,
4395,10,87,4511,129,1,2025-06-11,35.46,30.3,Cash,Promo code SEASON25 applied at checkout
4396,12,36,338,174,5,2024-12-06,252.41,7.6,Cash,
4397,12,100,4142,99,4,2025-03-03,120.04,3.9,Credit Card,Promo code LOYALTY20 applied at checkout
4399,10,39,665,1498,1,2025-11-19,45.97,27.8,Cash,
4400,9,37,4505,655,3,2025-02-11,72.17,9.8,Debit Card,Loyalty tier discount applied
4405,10,90,1574,1015,2,2025-09-20,297.9,33.3,Cash,
4407,11,81,3541,3,1,2025-08-15,94.4,25.6,Online,Loyalty tier discount applied
4408,12,36,1425,229,1,2025-09-29,261.7,9.3,Credit Card,
4411,9,27,1342,399,2,2025-11-18,13.2,10.7,Cash,Price matched to competitor flyer
4414,10,39,1133,1002,4,2025-08-26,29.5,22.3,Debit Card,Promo code SEASON25 applied at checkout
4415,9,52,1748,232,4,2025-08-22,170.37,4.2,Credit Card,Promo code LOYALTY20 applied at checkout
4416,12,36,3318,155,3,2025-11-19,295.68,4.8,Credit Card,
4420,9,2,3435,198,1,2024-11-30,51.44,3.9,Online,
4425,11,12,4493,801,5,2024-12-01,189.89,25.4,Credit Card,
4427,12,100,2152,874,1,2025-06-29,204.48,3.6,Debit Card,
4429,12,102,3602,250,2,2024-12-01,61.91,4.2,Cash,
4433,12,108,1593,1438,3,2025-09-09,216.88,5.6,Debit Card,
4437,11,64,4553,1249,1,2025-06-28,56.22,28.9,Credit Card,Price matched to competitor flyer
4438,11,64,449,231,1,2025-10-26,80.26,29.7,Cash,
4441,10,15,2295,153,5,2025-07-02,200.47,28.2,Online,
4447,12,100,1392,18,5,2024-12-13,125.98,5.7,Debit Card,
4448,11,12,2593,106,5,2025-03-25,168.83,27.9,Debit Card,Promo code WELCOME15 applied at checkout
4454,11,44,3913,692,5,2025-09-29,93.38,32.4,Cash,Promo code SAVE10 applied at checkout
4455,12,36,4645,772,2,2025-01-20,110.39,8.7,Debit Card,Price matched to competitor flyer
4456,10,101,2386,1375,5,2025-06-20,210.58,25.9,Online,Promo code LOYALTY20 applied at checkout
4457,11,81,961,103,5,2025-09-19,121.08,29.6,Online,Promo code SEASON25 applied at checkout
4459,10,90,2622,216,5,2025-08-31,112.97,23.4,Credit Card,
4460,11,64,871,57,3,2025-06-18,182.24,22.5,Cash,
4461,10,75,1008,169,1,2025-03-19,79.43,33.8,Debit Card,Price matched to competitor flyer
4462,9,37,2230,184,5,2025-09-29,277.55,10.7,Cash,Promo code LOYALTY20 applied at checkout
4464,12,102,31,147,2,2024-12-24,81.62,11.5,Cash,
4468,12,102,2812,187,1,2025-11-28,299.63,3.4,Credit Card,Promo code LOYALTY20 applied at checkout
4469,9,65,4908,467,1,2025-10-06,63.53,5.7,Debit Card,
4475,12,102,4763,127,1,2025-08-12,155.64,4.8,Debit Card,Loyalty tier discount applied
4482,12,102,18,925,5,2025-12-03,15.6,10.5,Debit Card,Price matched to competitor flyer
4483,10,55,976,1436,2,2025-01-27,144.73,31.9,Online,Loyalty tier discount applied
4484,9,37,2753,72,2,2025-03-05,78.55,9.5,Cash,
4486,11,81,3407,275,1,2025-02-11,210.5,32.9,Online,Promo code LOYALTY20 applied at checkout
4491,10,55,4774,611,2,2025-02-13,273.16,26.5,Debit Card,Promo code SEASON25 applied at checkout
4493,10,71,2521,639,1,2025-04-26,44.85,22.1,Online,
4494,9,51,4669,1459,1,2025-04-12,46.28,4.0,Cash,Promo code SAVE10 applied at checkout
4495,9,120,4577,1379,1,2024-10-22,129.33,7.0,Cash,Price matched to competitor flyer
4496,10,16,3940,205,3,2025-07-26,124.8,25.9,Cash,
4508,10,67,2963,116,1,2025-08-05,210.4,33.0,Online,Promo code LOYALTY20 applied at checkout
4511,11,63,4604,194,1,2025-11-14,69.12,31.8,Credit Card,
4512,11,44,2943,1012,1,2025-03-14,16.79,24.1,Online,Promo code LOYALTY20 applied at checkout
4517,11,97,1666,152,5,2025-11-11,290.45,27.2,Credit Card,Promo code SAVE10 applied at checkout
4520,12,60,3303,429,2,2024-12-17,231.3,6.4,Credit Card,Loyalty tier discount applied
4521,12,100,3572,125,2,2025-07-18,288.02,9.9,Cash,Promo code WELCOME15 applied at checkout
4524,10,67,662,23,1,2025-02-22,115.22,28.0,Credit Card,
4525,10,67,2929,78,1,2025-06-07,221.68,29.1,Cash,
4535,9,120,3316,591,3,2025-01-20,257.24,8.1,Cash,Price matched to competitor flyer
4543,10,16,3273,1453,2,2025-05-04,268.08,26.5,Credit Card,Promo code WELCOME15 applied at checkout
4547,9,37,3557,1083,1,2024-12-07,48.26,3.8,Cash,Loyalty tier discount applied
4550,10,87,769,245,3,2025-02-27,153.19,30.2,Debit Card,
4552,11,64,4741,73,5,2025-08-06,237.02,22.4,Debit Card,
4555,11,44,4147,59,4,2025-01-06,42.14,30.7,Credit Card,
4556,12,60,116,68,5,2025-06-08,70.83,6.0,Cash,Promo code SEASON25 applied at checkout
4562,10,101,2259,104,2,2025-04-23,125.25,23.9,Credit Card,
4566,11,64,1457,180,1,2024-12-08,292.08,29.0,Online,
4567,11,81,289,98,4,2025-01-05,219.33,22.8,Credit Card,Promo code SEASON25 applied at checkout
4573,11,44,2318,197,4,2024-12-30,8.63,29.8,Credit Card,
4574,12,18,1872,351,3,2025-07-22,185.4,7.3,Cash,
4575,11,63,3749,917,5,2025-06-19,11.76,28.8,Online,
4576,10,75,3049,231,2,2025-08-04,253.33,33.9,Cash,
4583,12,93,1860,1,1,2025-08-16,37.81,11.9,Credit Card,Promo code LOYALTY20 applied at checkout
4586,11,63,4241,92,2,2024-11-19,70.31,32.7,Credit Card,
4587,10,55,4063,1459,2,2024-11-04,82.2,27.1,Credit Card,Price matched to competitor flyer
4596,9,52,1386,38,1,2025-05-31,146.95,4.6,Credit Card,Promo code LOYALTY20 applied at checkout
4600,9,24,4812,227,2,2025-03-05,35.9,6.7,Cash,Loyalty tier discount applied
4603,10,75,4265,952,2,2025-10-21,226.0,31.2,Cash,Promo code SAVE10 applied at checkout
4608,10,71,1335,123,1,2025-05-13,195.9,31.3,Debit Card,
4611,12,108,3588,266,2,2024-10-18,242.62,4.1,Cash,
4612,11,97,4995,176,1,2025-06-27,166.14,29.5,Debit Card,
4613,11,12,4937,197,2,2025-09-28,283.93,23.0,Debit Card,Loyalty tier discount applied
4615,12,100,2750,105,2,2025-02-18,192.73,11.3,Credit Card,Promo code SEASON25 applied at checkout
4616,10,15,1630,140,1,2025-09-04,115.05,27.0,Online,
4617,12,18,2878,251,2,2025-11-09,163.48,4.3,Debit Card,Promo code LOYALTY20 applied at checkout
4618,12,102,3261,156,3,2025-10-06,241.27,10.1,Cash,
4620,10,55,1460,399,2,2025-07-18,22.99,22.7,Online,
4622,12,18,4610,313,2,2024-11-20,60.85,4.9,Online,
4623,12,93,1786,10,3,2025-05-24,6.47,11.2,Credit Card,
4626,12,36,1721,325,2,2025-06-25,183.31,5.9,Cash,Promo code SEASON25 applied at checkout
4629,9,111,602,19,2,2025-10-22,209.93,3.4,Debit Card,Promo code SEASON25 applied at checkout
4630,12,108,2591,1,2,2025-03-23,225.31,8.2,Credit Card,
4633,12,18,3254,452,2,2025-11-14,218.41,9.8,Online,Loyalty tier discount applied
4636,10,15,3036,20,1,2025-07-31,120.94,28.2,Cash,
4639,11,81,1884,209,2,2025-07-27,214.11,30.2,Credit Card,Price matched to competitor flyer
4640,10,67,2557,1276,5,2024-11-26,275.56,25.4,Credit Card,
4641,11,44,524,131,1,2025-05-19,266.62,33.1,Online,
4643,11,97,438,14,3,2025-03-23,159.68,28.0,Credit Card,
4651,9,2,696,800,4,2025-04-05,90.38,6.0,Debit Card,
4656,9,111,4302,49,5,2025-11-23,127.35,10.1,Debit Card,
4658,9,27,2145,899,3,2025-02-04,113.59,9.9,Credit Card,Price matched to competitor flyer
4660,11,63,2338,1046,5,2025-10-21,158.91,23.5,Online,
4661,9,6,919,568,2,2024-10-24,92.2,9.9,Credit Card,Promo code SAVE10 applied at checkout
4665,12,60,78,42,2,2025-05-28,110.21,11.5,Cash,
4666,12,108,2093,90,1,2025-05-22,21.18,8.5,Credit Card,
4667,12,102,3531,97,4,2024-11-13,89.26,9.6,Online,
4669,9,25,2690,1344,5,2025-11-10,147.47,7.8,Online,
4670,9,51,521,944,2,2025-08-03,102.52,8.4,Cash,
4677,10,16,2916,237,4,2024-11-06,294.51,33.2,Online,
4682,9,51,3486,144,3,2025-11-19,5.27,11.1,Online,Price matched to competitor flyer
4686,12,93,423,246,1,2025-08-26,136.23,4.3,Credit Card,Loyalty tier discount applied
4695,11,12,4429,57,3,2025-11-18,68.11,32.6,Credit Card,Loyalty tier discount applied
4696,10,16,1862,140,5,2025-09-22,184.03,27.0,Cash,Promo code SEASON25 applied at checkout
4700,9,6,2255,75,2,2025-01-19,103.03,10.0,Credit Card,Price matched to competitor flyer
4701,12,60,4420,224,4,2024-12-13,296.42,3.5,Online,
4703,12,18,844,1346,1,2025-05-18,13.99,7.1,Credit Card,Promo code WELCOME15 applied at checkout
4704,11,44,1474,1068,2,2025-01-06,210.35,31.6,Debit Card,Price matched to competitor flyer
4705,12,93,344,76,1,2025-01-01,177.09,5.4,Credit Card,Price matched to competitor flyer
4709,12,93,3537,886,4,2025-01-22,12.2,6.4,Credit Card,
4712,10,90,4957,587,2,2025-08-26,298.73,28.3,Debit Card,
4716,12,93,246,331,1,2024-10-01,154.48,9.9,Credit Card,Promo code SEASON25 applied at checkout
4722,11,81,3773,386,2,2024-10-14,217.48,27.8,Debit Card,
4724,10,75,436,63,1,2025-06-12,217.93,30.5,Debit Card,Promo code LOYALTY20 applied at checkout
4726,10,55,3389,85,2,2025-06-30,197.76,29.6,Cash,Promo code LOYALTY20 applied at checkout
4738,11,97,4019,410,5,2025-12-02,280.45,26.3,Credit Card,
4739,12,108,3501,103,4,2025-11-26,178.7,8.1,Online,Promo code SEASON25 applied at checkout
4741,11,81,2269,1130,1,2024-12-13,222.87,31.6,Debit Card,Promo code WELCOME15 applied at checkout
4745,11,44,1991,1295,2,2025-04-09,56.51,26.7,Credit Card,
4749,11,12,3613,219,1,2025-03-11,191.36,24.6,Debit Card,Promo code SAVE10 applied at checkout
4750,11,64,2015,798,1,2025-06-25,82.52,33.1,Debit Card,
4753,9,61,1239,866,1,2025-04-01,22.33,10.8,Online,
4759,11,12,4417,20,1,2025-10-21,289.64,25.6,Cash,Loyalty tier discount applied
4761,12,102,3239,322,2,2024-11-21,212.25,8.5,Cash,
4762,9,24,3701,1040,1,2025-02-23,233.61,11.1,Credit Card,
4771,11,97,3926,132,1,2025-05-30,168.24,30.2,Debit Card,Promo code LOYALTY20 applied at checkout
4772,10,71,3302,158,1,2025-10-16,47.98,29.8,Credit Card,Promo code LOYALTY20 applied at checkout
4773,12,93,42,102,3,2025-08-21,223.45,8.9,Credit Card,
4775,10,15,2142,672,2,2024-10-20,283.95,25.6,Debit Card,
4779,9,120,1069,211,1,2025-05-02,219.88,5.1,Credit Card,Promo code SEASON25 applied at checkout
4781,12,60,4323,1068,1,2025-08-06,133.58,3.3,Credit Card,
4784,10,33,3361,1386,3,2025-06-02,78.3,23.6,Online,
4786,9,106,4003,36,4,2025-05-24,251.91,6.4,Online,Price matched to competitor flyer
4789,11,81,974,779,1,2024-11-05,57.69,33.1,Cash,Loyalty tier discount applied
4793,9,120,3757,250,1,2025-08-11,30.29,5.2,Online,Promo code SEASON25 applied at checkout
4794,10,101,2694,587,2,2025-01-02,208.8,26.8,Debit Card,
4795,12,60,2204,162,5,2025-06-29,237.71,4.9,Credit Card,Loyalty tier discount applied
4796,10,87,2829,44,2,2025-04-06,257.02,31.7,Debit Card,
4797,11,97,3661,247,1,2025-02-21,262.96,24.6,Credit Card,Promo code SEASON25 applied at checkout
4805,11,64,1485,281,2,2025-01-20,66.76,22.9,Credit Card,
4813,11,44,4610,46,5,2025-05-26,60.85,32.1,Credit Card,Promo code SEASON25 applied at checkout
4818,9,52,3603,652,1,2025-01-24,82.17,5.7,Cash,
4820,11,44,1140,225,1,2025-04-28,284.25,23.0,Debit Card,Price matched to competitor flyer
4821,10,55,2324,496,2,2025-09-04,18.95,23.3,Cash,Loyalty tier discount applied
4823,11,44,3657,702,2,2025-09-10,214.34,27.7,Cash,
4826,11,81,4805,167,1,2025-06-01,102.63,27.2,Credit Card,Price matched to competitor flyer
4829,12,36,3685,95,1,2024-12-03,226.56,10.7,Credit Card,Promo code SAVE10 applied at checkout
4830,12,102,784,1065,5,2025-04-16,168.58,8.0,Cash,Promo code SAVE10 applied at checkout
4831,9,61,4304,1190,2,2024-12-24,59.34,8.3,Debit Card,Loyalty tier discount applied
4833,10,87,802,134,1,2024-10-18,106.33,33.2,Credit Card,Promo code WELCOME15 applied at checkout
4836,9,65,578,30,1,2025-03-23,254.27,11.3,Cash,
4839,11,97,2197,248,1,2025-01-09,147.61,29.2,Cash,Price matched to competitor flyer
4841,10,90,4202,277,2,2024-11-20,291.05,31.1,Cash,
4846,11,63,3105,793,1,2024-12-19,103.94,33.9,Credit Card,Promo code SEASON25 applied at checkout
4847,9,65,4788,724,4,2025-06-02,287.26,6.5,Cash,Loyalty tier discount applied
4853,12,36,4103,784,2,2025-02-25,252.77,7.6,Debit Card,
4854,10,71,1748,75,4,2025-05-18,170.37,26.2,Credit Card,
4857,12,108,2309,900,5,2025-06-24,82.6,6.7,Credit Card,Promo code SEASON25 applied at checkout
4869,9,24,2054,105,1,2025-07-11,88.31,11.8,Credit Card,
4871,9,111,4286,983,1,2024-10-23,115.74,11.0,Online,Loyalty tier discount applied
4872,9,120,3794,105,1,2025-10-29,161.68,10.2,Online,Promo code LOYALTY20 applied at checkout
4874,11,64,2857,1,2,2025-06-15,65.96,23.6,Credit Card,Promo code LOYALTY20 applied at checkout
4881,11,44,4369,1165,5,2025-06-12,56.27,32.1,Cash,Price matched to competitor flyer
4884,10,101,2319,905,1,2025-06-18,55.88,26.8,Cash,Promo code SAVE10 applied at checkout
4887,11,97,1527,464,5,2025-09-08,19.59,30.4,Credit Card,Loyalty tier discount applied
4888,10,33,459,192,5,2024-12-12,18.18,26.9,Credit Card,
4898,12,36,1831,473,5,2025-08-19,225.58,3.1,Debit Card,
4899,11,12,4144,181,1,2025-07-19,82.38,30.6,Credit Card,
4900,10,117,406,940,1,2025-04-30,174.82,33.0,Credit Card,
4901,9,111,4901,237,1,2025-03-23,181.96,3.0,Credit Card,Promo code SEASON25 applied at checkout
4902,9,111,1636,229,4,2024-12-21,188.13,11.9,Credit Card,
4905,9,52,4651,1105,4,2025-10-16,43.36,6.3,Online,Promo code SAVE10 applied at checkout
4906,11,81,45,263,2,2025-09-14,297.9,31.4,Credit Card,Loyalty tier discount applied
4909,10,33,2272,468,2,2025-02-24,40.37,24.4,Credit Card,
4912,11,81,4587,220,5,2025-10-15,284.06,33.1,Debit Card,Price matched to competitor flyer
4913,10,15,2722,968,3,2024-11-29,159.13,25.2,Credit Card,
4914,11,81,2215,139,5,2024-10-28,194.04,29.0,Cash,Promo code SEASON25 applied at checkout
4916,11,44,423,149,1,2025-06-06,136.23,29.0,Credit Card,
4917,12,108,1809,1492,3,2025-07-09,154.49,8.2,Debit Card,Price matched to competitor flyer
4918,12,108,4702,601,1,2025-11-15,231.73,9.8,Online,
4922,11,63,2461,61,1,2025-09-12,193.45,28.1,Cash,Promo code SEASON25 applied at checkout
4923,11,64,3841,8,3,2025-07-11,70.34,25.9,Credit Card,Promo code LOYALTY20 applied at checkout
4924,10,15,2476,44,3,2025-05-20,179.09,29.0,Cash,Price matched to competitor flyer
4929,10,38,2053,577,1,2024-10-01,97.5,24.3,Cash,
4931,11,97,4497,1436,2,2025-10-07,170.04,33.6,Credit Card,
4934,10,117,3991,240,2,2025-03-01,21.74,27.1,Debit Card,
4938,11,64,889,1,1,2025-03-27,88.92,24.0,Debit Card,Price matched to competitor flyer
4942,10,75,702,115,2,2024-11-13,246.78,28.8,Credit Card,Promo code WELCOME15 applied at checkout
4945,10,117,4995,17,1,2024-12-31,166.14,30.4,Cash,
4951,11,97,715,117,1,2025-01-25,91.81,26.8,Cash,
4957,11,64,3269,813,3,2025-11-14,141.64,28.3,Cash,Promo code SAVE10 applied at checkout
4960,10,101,2504,1029,3,2025-08-20,26.2,24.7,Debit Card,
4961,9,2,4932,105,5,2025-04-24,215.47,4.6,Credit Card,Promo code WELCOME15 applied at checkout
4963,11,81,2020,200,4,2024-11-30,14.08,25.7,Online,Promo code SEASON25 applied at checkout
4964,12,93,3564,749,1,2025-08-11,294.0,9.9,Online,Loyalty tier discount applied
4966,12,36,1302,144,1,2025-09-25,294.02,6.5,Credit Card,
4967,12,108,4828,1384,4,2025-09-07,48.52,6.7,Online,Promo code WELCOME15 applied at checkout
4969,9,24,966,983,1,2024-12-13,91.88,11.3,Online,
4971,9,24,2429,174,2,2025-02-12,265.43,7.6,Credit Card,Promo code SEASON25 applied at checkout
4977,10,117,2379,713,1,2025-02-08,261.53,32.2,Debit Card,
4984,10,55,811,184,1,2025-05-20,106.19,22.8,Debit Card,
4986,9,51,4180,1406,1,2025-08-31,198.19,10.3,Credit Card,
4987,10,67,3904,201,1,2025-06-19,17.02,26.5,Credit Card,Promo code LOYALTY20 applied at checkout
4991,11,12,2352,298,1,2025-02-22,106.57,26.5,Debit Card,
4993,11,81,457,684,2,2025-11-01,70.94,29.2,Debit Card,
4994,12,108,1475,1150,4,2025-05-04,291.8,5.8,Online,Promo code WELCOME15 applied at checkout
4997,11,12,2032,1409,1,2025-04-20,23.19,27.5,Debit Card,
4999,12,108,2714,391,1,2025-07-10,173.9,7.7,Debit Card,
5014,10,87,2251,556,3,2024-12-04,89.57,23.4,Debit Card,
5016,12,102,3635,1178,4,2024-10-26,147.65,5.7,Credit Card,
5020,11,63,2774,109,1,2025-02-20,205.82,33.3,Debit Card,
5023,9,52,4893,1283,4,2024-12-30,265.5,9.5,Debit Card,Promo code SAVE10 applied at checkout
5026,9,51,659,536,3,2025-03-22,51.6,7.7,Debit Card,
5027,11,63,4440,737,5,2025-11-22,87.49,31.4,Cash,Price matched to competitor flyer
5028,12,18,3617,252,5,2025-11-28,235.35,4.4,Cash,
5032,9,6,4655,190,1,2025-04-22,282.77,9.5,Credit Card,
5033,11,64,4443,141,2,2025-04-19,297.75,33.2,Online,Promo code SEASON25 applied at checkout
5037,10,55,4490,137,4,2025-10-26,191.1,23.9,Debit Card,Promo code WELCOME15 applied at checkout
5038,9,111,3996,125,2,2025-10-07,90.06,9.6,Debit Card,Promo code WELCOME15 applied at checkout
5041,11,63,3465,1003,2,2025-07-25,42.05,24.2,Cash,
5043,12,108,3485,1206,2,2025-05-15,66.19,5.0,Online,
5044,10,16,2180,626,5,2025-08-15,78.78,23.1,Credit Card,
5046,11,44,4049,86,4,2025-08-08,265.95,24.0,Credit Card,
5048,9,25,1219,141,5,2024-12-24,127.72,10.0,Cash,
5051,12,18,2418,358,1,2025-01-05,16.77,8.9,Credit Card,Promo code LOYALTY20 applied at checkout
5052,11,64,2514,1105,2,2025-04-02,50.2,29.7,Credit Card,Promo code WELCOME15 applied at checkout
5056,12,108,894,1495,4,2025-06-16,132.05,5.2,Online,
5057,9,51,3807,1457,1,2025-01-06,121.77,10.0,Credit Card,
5059,9,111,3267,98,1,2025-11-29,290.08,3.6,Online,
5061,12,93,4551,284,1,2025-07-13,181.25,5.7,Online,Loyalty tier discount applied
5065,10,16,1758,102,1,2025-07-09,34.47,27.3,Debit Card,
5067,11,44,2207,398,2,2024-11-10,244.37,28.6,Cash,
5071,9,25,3690,75,5,2025-09-06,38.07,7.6,Credit Card,Loyalty tier discount applied
5073,12,100,4868,75,3,2025-04-02,51.57,7.7,Cash,
5075,9,52,4303,168,5,2025-04-28,112.61,7.6,Debit Card,
5080,12,93,2968,184,2,2025-01-15,170.87,7.0,Credit Card,Loyalty tier discount applied
5082,9,24,4474,76,1,2025-11-19,43.58,11.8,Credit Card,Loyalty tier discount applied
5084,9,2,1139,667,1,2025-09-26,178.94,6.2,Credit Card,
5094,11,97,3358,220,2,2025-01-01,295.84,24.1,Online,Price matched to competitor flyer
5099,10,38,825,166,1,2025-07-15,249.86,28.2,Credit Card,
5101,12,36,2630,885,1,2025-03-05,296.21,10.1,Debit Card,Price matched to competitor flyer
5107,12,18,4427,516,1,2025-02-17,47.28,6.4,Cash,
5108,12,100,4389,296,1,2024-12-28,119.29,8.4,Cash,
5114,11,44,3457,81,4,2025-03-13,254.16,29.5,Cash,Promo code WELCOME15 applied at checkout
5115,12,108,4406,75,5,2025-11-09,59.02,5.4,Cash,Promo code LOYALTY20 applied at checkout
5116,10,101,3925,225,3,2025-11-06,148.57,33.8,Debit Card,
5117,12,93,1780,243,1,2024-10-17,296.83,7.6,Cash,
5118,10,33,411,53,1,2025-07-07,138.32,27.4,Cash,Promo code SEASON25 applied at checkout
5119,9,65,4395,256,1,2025-12-06,44.9,4.5,Cash,Promo code SEASON25 applied at checkout
5120,12,93,511,89,5,2024-12-26,106.74,8.1,Debit Card,
5121,11,63,1907,276,1,2024-10-15,7.63,27.6,Debit Card,Price matched to competitor flyer
5123,11,63,537,43,1,2025-08-29,144.1,30.9,Credit Card,Price matched to competitor flyer
5124,12,36,2629,200,2,2024-12-28,175.95,5.4,Credit Card,
5125,11,63,2563,117,1,2024-11-09,237.23,26.3,Credit Card,
5126,11,12,708,288,5,2024-12-08,73.02,24.1,Online,Promo code LOYALTY20 applied at checkout
5131,11,12,3655,273,2,2025-07-18,158.07,30.9,Cash,
5134,9,52,2821,715,1,2025-04-30,125.34,7.6,Cash,Price matched to competitor flyer
5135,12,100,2157,209,2,2025-07-28,242.12,11.0,Credit Card,Price matched to competitor flyer
5136,11,81,815,781,1,2025-09-18,259.91,27.9,Cash,Loyalty tier discount applied
5137,12,102,4597,237,2,2025-10-13,260.21,11.6,Debit Card,
5140,12,102,2766,88,3,2025-01-03,239.4,6.2,Credit Card,
5141,9,106,4460,662,1,2024-12-20,253.12,4.1,Debit Card,Promo code LOYALTY20 applied at checkout
5145,10,33,3257,144,4,2025-05-18,239.56,25.9,Online,Loyalty tier discount applied
5152,12,108,336,233,1,2025-07-29,171.31,3.9,Credit Card,Loyalty tier discount applied
5153,11,97,748,254,4,2024-10-22,205.91,23.4,Credit Card,Price matched to competitor flyer
5155,10,16,1838,226,3,2025-09-29,90.68,33.3,Online,
5166,9,106,1496,874,3,2025-01-13,268.49,6.6,Debit Card,Price matched to competitor flyer
5167,10,39,4382,874,2,2024-11-21,188.98,23.4,Credit Card,
5169,9,61,601,145,2,2025-02-18,152.35,10.5,Debit Card,
5173,12,36,4930,133,3,2025-12-02,188.76,5.5,Debit Card,Promo code LOYALTY20 applied at checkout
5175,10,75,2398,50,2,2024-12-24,76.97,33.8,Cash,
5176,10,16,3245,707,2,2025-07-25,34.71,29.3,Credit Card,
5180,9,2,1511,146,3,2024-12-18,287.82,3.0,Credit Card,
5183,10,15,686,38,5,2024-11-23,14.71,31.9,Credit Card,Loyalty tier discount applied
5190,10,39,334,1356,1,2025-10-20,277.83,24.0,Credit Card,
5193,11,44,3853,3,2,2025-11-15,192.74,31.5,Cash,Promo code WELCOME15 applied at checkout
5196,10,33,3744,189,4,2025-03-25,144.12,26.2,Credit Card,Promo code SAVE10 applied at checkout
5206,9,25,4689,1167,4,2025-10-20,113.72,9.0,Debit Card,
5207,10,55,445,200,1,2025-07-04,213.06,28.9,Debit Card,Loyalty tier discount applied
5208,12,36,1373,240,1,2025-03-04,120.71,8.2,Cash,
5209,12,102,2831,43,2,2025-02-27,246.38,8.8,Debit Card,
5213,12,36,2749,1167,1,2025-10-02,231.38,10.6,Cash,
5219,10,101,3615,609,1,2025-10-15,290.56,33.2,Debit Card,Price matched to competitor flyer
5221,9,61,1139,850,1,2025-03-11,178.94,4.9,Cash,
5222,11,81,262,15,1,2025-07-25,234.31,24.8,Credit Card,Price matched to competitor flyer
5224,11,64,4687,644,1,2024-10-21,232.09,29.8,Debit Card,Promo code WELCOME15 applied at checkout
5230,11,44,1129,229,4,2025-09-27,294.82,26.8,Credit Card,Price matched to competitor flyer
5233,10,67,2541,297,1,2025-04-17,179.21,24.3,Credit Card,
5238,12,102,1186,170,1,2025-05-21,244.66,6.4,Cash,
5239,11,64,4327,652,2,2025-03-08,290.19,26.9,Online,Promo code SEASON25 applied at checkout
5241,12,100,1984,1226,3,2025-08-12,236.49,3.8,Cash,
5242,12,100,1687,266,2,2025-10-18,172.37,8.7,Debit Card,Promo code WELCOME15 applied at checkout
5252,9,27,2253,1151,1,2025-04-16,209.72,7.8,Online,
5254,11,64,3840,1031,5,2025-09-25,114.48,27.1,Debit Card,
5262,11,12,1608,204,5,2024-11-23,71.69,27.3,Debit Card,
5264,11,44,2561,208,2,2025-08-25,134.01,26.1,Debit Card,Promo code LOYALTY20 applied at checkout
5269,9,52,538,252,3,2025-10-12,188.69,7.3,Debit Card,Price matched to competitor flyer
5270,9,106,2767,50,4,2025-11-04,240.2,3.5,Online,Loyalty tier discount applied
5271,9,6,497,1305,3,2025-07-26,10.55,7.4,Debit Card,
5272,12,108,1383,126,1,2025-05-05,245.92,6.3,Credit Card,
5273,11,97,359,286,2,2025-11-10,265.57,22.7,Cash,
5274,11,12,3843,18,1,2024-12-30,144.84,32.5,Credit Card,Promo code SAVE10 applied at checkout
5282,9,106,1101,270,2,2025-07-04,110.78,11.9,Credit Card,Promo code LOYALTY20 applied at checkout
5297,11,63,2748,475,1,2025-04-21,78.05,32.5,Credit Card,Promo code SAVE10 applied at checkout
5299,10,87,2289,38,4,2025-06-30,122.31,31.1,Credit Card,
5300,10,33,2747,26,5,2025-01-26,237.46,25.7,Online,Loyalty tier discount applied
5304,9,65,572,246,1,2025-01-23,254.34,5.6,Debit Card,
5307,10,16,2907,210,2,2024-10-11,198.18,30.4,Debit Card,Price matched to competitor flyer
5314,12,108,4719,204,3,2025-02-08,197.14,6.8,Online,Promo code LOYALTY20 applied at checkout
5321,12,102,3678,426,5,2025-04-18,245.62,4.2,Debit Card,
5322,12,36,4193,610,1,2025-04-22,177.26,11.8,Online,
5323,12,102,4510,1275,5,2024-12-26,153.02,9.2,Debit Card,
5325,10,33,727,180,2,2025-06-17,274.11,29.1,Cash,Promo code SAVE10 applied at checkout
5333,11,64,4610,1346,4,2024-10-21,60.85,33.6,Online,
5339,11,64,3249,1319,5,2025-04-25,171.19,32.0,Credit Card,Price matched to competitor flyer
5341,11,63,638,93,1,2025-05-13,121.64,28.7,Online,
5342,12,102,2054,485,5,2025-08-25,88.31,6.2,Cash,
5344,12,36,4145,18,3,2024-11-06,115.47,5.2,Debit Card,
5345,12,102,4426,506,5,2025-05-03,55.1,11.9,Cash,
5346,11,97,2645,145,2,2025-05-09,83.04,31.7,Online,Promo code WELCOME15 applied at checkout
5348,10,16,618,119,1,2025-05-07,188.5,30.4,Cash,Price matched to competitor flyer
5353,11,97,2505,1340,1,2025-07-30,126.81,26.0,Credit Card,
5355,10,33,2008,245,1,2025-09-11,212.69,24.0,Debit Card,
5358,11,64,4115,61,2,2025-07-02,127.6,30.0,Debit Card,Price matched to competitor flyer
5359,9,106,1399,53,2,2025-02-02,58.08,11.5,Cash,Promo code SEASON25 applied at checkout
5361,11,12,4663,36,5,2025-08-05,254.52,27.0,Credit Card,Price matched to competitor flyer
5363,12,102,1538,20,3,2024-10-20,96.04,7.3,Cash,
5364,9,27,796,1338,3,2024-10-09,65.24,7.3,Credit Card,
5366,11,97,3671,1073,2,2025-02-04,176.23,31.5,Debit Card,Promo code WELCOME15 applied at checkout
5367,9,24,4942,119,2,2025-02-16,203.77,11.1,Debit Card,
5369,9,120,4565,172,4,2025-10-13,229.97,11.6,Cash,Promo code SAVE10 applied at checkout
5370,11,44,890,34,1,2024-11-12,243.24,25.5,Credit Card,Price matched to competitor flyer
5371,11,12,4995,692,1,2025-11-29,166.14,26.6,Debit Card,
5374,11,97,1879,854,3,2025-05-22,89.26,33.1,Cash,
5382,9,111,3884,939,1,2025-09-04,274.47,6.3,Cash,Promo code LOYALTY20 applied at checkout
5387,12,93,1923,227,3,2025-01-10,56.62,9.2,Online,Price matched to competitor flyer
5392,10,117,2575,296,1,2025-02-01,47.01,22.4,Debit Card,Promo code WELCOME15 applied at checkout
5395,9,52,3246,1484,1,2025-04-03,63.47,7.4,Debit Card,Loyalty tier discount applied
5397,10,101,3318,149,1,2025-03-09,295.68,27.1,Credit Card,Promo code SEASON25 applied at checkout
5398,10,33,2198,749,1,2025-07-31,263.37,28.5,Online,
5399,12,100,946,62,1,2025-06-30,293.04,11.5,Credit Card,Price matched to competitor flyer
5400,12,93,1204,233,2,2025-01-29,149.13,8.9,Debit Card,Promo code SEASON25 applied at checkout
5405,9,24,3886,230,4,2025-01-22,192.14,9.7,Debit Card,
5410,9,27,4137,7,1,2024-11-26,267.87,11.7,Online,Loyalty tier discount applied
5413,10,101,613,1152,1,2024-12-17,197.12,28.5,Cash,Promo code SEASON25 applied at checkout
5416,12,102,1225,68,5,2025-08-05,174.43,4.2,Debit Card,
5420,10,33,4397,84,3,2025-10-05,171.56,31.5,Debit Card,Loyalty tier discount applied
5421,12,60,2981,547,5,2025-08-17,232.92,4.9,Credit Card,Promo code LOYALTY20 applied at checkout
5433,12,93,4561,45,2,2025-11-16,241.18,5.9,Debit Card,Price matched to competitor flyer
5434,12,93,2714,1172,1,2025-11-19,173.9,10.0,Cash,
5439,12,102,3092,1235,1,2025-06-30,44.58,7.5,Debit Card,
5445,10,117,3295,771,5,2024-12-01,261.9,33.5,Debit Card,Price matched to competitor flyer
5446,9,65,2123,615,2,2025-10-02,226.97,4.9,Debit Card,Promo code LOYALTY20 applied at checkout
5447,10,33,3984,1404,1,2025-09-03,232.69,25.1,Debit Card,Price matched to competitor flyer
5449,12,93,3475,192,5,2025-01-21,223.04,4.4,Debit Card,
5450,11,64,1900,145,4,2025-09-21,59.34,30.3,Online,Price matched to competitor flyer
5454,12,102,816,197,1,2025-01-21,264.98,9.2,Online,Price matched to competitor flyer
5456,12,36,860,149,1,2024-11-12,272.38,11.9,Credit Card,Price matched to competitor flyer
5460,11,12,4250,968,4,2024-10-31,67.08,28.7,Debit Card,Promo code SAVE10 applied at checkout
5461,9,2,4688,295,3,2025-09-26,29.07,4.8,Cash,Promo code WELCOME15 applied at checkout
5462,11,97,3552,300,3,2024-12-14,206.13,26.7,Credit Card,
5464,9,65,820,7,2,2025-10-17,185.2,7.7,Credit Card,
5466,12,36,1108,30,1,2025-11-30,263.23,5.4,Online,Promo code SAVE10 applied at checkout
5467,10,71,4991,139,5,2024-11-07,203.57,32.1,Debit Card,
5469,12,93,3056,628,1,2025-06-08,122.11,8.6,Credit Card,Promo code WELCOME15 applied at checkout
5470,11,97,2604,337,4,2024-10-21,113.66,33.3,Debit Card,Loyalty tier discount applied
5472,10,38,1347,41,1,2024-12-15,139.34,29.8,Online,
5487,12,93,3266,262,2,2025-02-01,278.87,3.5,Credit Card,Promo code LOYALTY20 applied at checkout
5493,9,61,2655,127,1,2025-04-26,49.05,3.6,Online,Price matched to competitor flyer
5494,10,15,208,61,5,2025-06-02,288.82,27.0,Debit Card,Loyalty tier discount applied
5496,9,61,1307,189,2,2025-10-12,85.63,6.8,Credit Card,
5498,10,87,4918,15,1,2025-03-31,67.56,31.9,Credit Card,
5499,12,60,4033,385,2,2025-05-26,227.19,3.5,Cash,
5500,12,36,2606,2,3,2025-01-05,40.27,10.3,Debit Card,
5501,11,97,3212,253,1,2025-05-18,213.17,30.0,Online,Price matched to competitor flyer
5503,11,64,2158,365,2,2025-05-08,117.03,30.8,Credit Card,Promo code WELCOME15 applied at checkout
5506,10,87,302,402,4,2025-10-29,169.12,30.4,Credit Card,
5507,9,25,1363,1065,2,2025-04-26,12.4,10.7,Cash,Promo code SAVE10 applied at checkout
5508,10,33,3917,249,4,2025-10-14,125.84,23.2,Credit Card,
5511,10,33,534,61,4,2025-11-21,209.14,31.0,Credit Card,
5515,10,38,2111,204,4,2025-08-09,27.97,27.6,Debit Card,
5519,9,61,1353,133,2,2025-07-17,279.53,4.5,Debit Card,Promo code SAVE10 applied at checkout
5521,9,65,3347,1435,1,2025-03-16,218.52,3.4,Credit Card,
5525,10,33,850,934,1,2025-08-23,123.8,26.8,Credit Card,Promo code SAVE10 applied at checkout
5528,9,52,3315,179,2,2025-09-04,7.49,8.2,Credit Card,Promo code WELCOME15 applied at checkout
5533,12,36,3802,116,1,2025-01-12,126.29,11.6,Online,Promo code SAVE10 applied at checkout
5535,12,60,3172,10,2,2025-09-03,191.61,3.7,Debit Card,
5538,12,108,2692,235,1,2025-05-25,91.52,8.3,Debit Card,
5540,10,55,2887,585,5,2024-10-31,99.77,30.9,Credit Card,Price matched to competitor flyer
5541,12,18,1103,11,5,2024-12-06,13.51,7.1,Debit Card,
5543,10,67,756,292,2,2025-03-06,66.34,32.7,Debit Card,Price matched to competitor flyer
5550,9,27,1437,199,2,2025-11-03,268.15,4.8,Debit Card,
5551,11,63,1103,164,2,2025-11-04,13.51,28.3,Cash,Loyalty tier discount applied
5554,9,2,670,219,1,2025-01-11,59.13,4.7,Cash,
5555,12,102,1105,48,1,2025-03-16,134.88,4.1,Debit Card,
5559,10,87,713,249,1,2024-12-25,22.61,24.1,Credit Card,
5560,10,39,3826,124,2,2024-12-21,36.83,25.4,Cash,Price matched to competitor flyer
5561,12,102,4173,223,3,2025-06-17,238.89,8.2,Cash,Price matched to competitor flyer
5564,11,63,4759,19,4,2025-02-16,132.53,27.6,Debit Card,
5570,12,102,3405,1422,1,2025-03-30,26.44,3.6,Online,
5573,11,64,4567,282,4,2024-10-24,129.83,22.3,Debit Card,Price matched to competitor flyer
5574,12,18,4838,1218,1,2024-12-02,291.87,9.9,Credit Card,Promo code SEASON25 applied at checkout
5575,11,64,3157,1120,1,2025-08-27,195.54,27.8,Credit Card,
5583,10,101,904,10,1,2024-11-09,150.38,30.8,Cash,
5584,10,75,4847,1302,3,2025-03-16,16.42,30.2,Credit Card,Promo code WELCOME15 applied at checkout
5585,10,16,2079,37,5,2025-02-14,53.26,31.0,Debit Card,
5588,10,16,1631,130,4,2025-11-17,46.21,32.2,Debit Card,Loyalty tier discount applied
5591,10,117,4931,584,5,2025-05-20,136.97,23.0,Credit Card,
5594,9,25,2189,68,5,2025-11-27,245.33,9.6,Online,Promo code WELCOME15 applied at checkout
5597,12,18,3514,897,3,2025-05-05,225.4,3.7,Online,Price matched to competitor flyer
5598,12,18,701,3,1,2025-08-14,143.36,11.0,Online,
5601,11,44,297,1050,2,2025-07-10,47.8,27.3,Cash,Loyalty tier discount applied
5605,9,24,3513,252,1,2025-11-29,9.45,3.4,Credit Card,
5612,10,16,3860,255,1,2025-08-30,218.79,26.3,Debit Card,Loyalty tier discount applied
5618,11,97,3596,514,4,2025-01-06,155.56,25.2,Debit Card,Promo code LOYALTY20 applied at checkout
5622,9,37,3434,156,2,2024-11-02,141.5,11.0,Debit Card,
5626,11,63,2848,878,2,2025-04-22,52.71,32.8,Debit Card,Loyalty tier discount applied
5627,9,6,641,249,1,2025-05-07,55.87,7.2,Online,
5628,10,15,2486,92,5,2025-12-09,81.99,24.2,Credit Card,Loyalty tier discount applied
5629,12,102,4557,180,3,2024-12-04,173.01,9.7,Cash,Promo code LOYALTY20 applied at checkout
5633,12,60,1370,436,1,2025-08-23,5.02,9.6,Debit Card,Price matched to competitor flyer
5634,11,12,4819,186,1,2024-12-10,169.89,23.8,Credit Card,
5637,11,81,3195,149,2,2025-09-26,33.32,29.8,Debit Card,Price matched to competitor flyer
5643,10,87,4108,1481,4,2025-02-06,33.87,29.2,Credit Card,
5646,10,87,3714,1143,1,2025-02-18,123.41,25.5,Cash,
5647,10,75,2526,838,1,2025-01-15,279.38,32.9,Credit Card,
5652,12,108,3041,60,1,2025-02-05,204.17,3.2,Credit Card,Promo code LOYALTY20 applied at checkout
5654,9,111,2492,547,1,2024-11-08,178.22,9.6,Debit Card,Loyalty tier discount applied
5655,11,12,4648,1084,1,2025-03-26,223.94,32.5,Cash,Price matched to competitor flyer
5656,11,64,4078,112,1,2024-12-25,53.2,24.1,Credit Card,
5657,9,2,2925,362,3,2025-07-02,216.07,5.1,Online,
5671,10,16,1074,104,3,2025-03-24,292.78,25.5,Debit Card,
5680,10,16,445,65,1,2025-12-03,213.06,33.5,Credit Card,
5684,9,25,927,126,5,2025-06-07,64.58,4.8,Cash,
5688,10,117,432,580,1,2025-03-01,8.92,28.2,Online,Price matched to competitor flyer
5690,9,25,1306,245,5,2025-04-02,235.49,8.1,Credit Card,Promo code SAVE10 applied at checkout
5698,12,60,3859,1275,2,2025-11-03,161.61,11.2,Online,Loyalty tier discount applied
5700,9,65,2453,1230,1,2025-02-20,279.05,6.3,Debit Card,
5706,11,44,2329,178,1,2025-05-25,122.04,28.3,Debit Card,Loyalty tier discount applied
5708,11,44,1554,112,5,2025-11-22,296.2,31.8,Debit Card,Price matched to competitor flyer
5714,10,75,2530,21,2,2025-07-05,270.38,31.2,Credit Card,Price matched to competitor flyer
5717,12,100,3239,828,1,2024-10-12,212.25,11.4,Cash,Promo code SAVE10 applied at checkout
5721,9,65,3670,643,4,2025-10-11,60.46,6.3,Credit Card,Promo code WELCOME15 applied at checkout
5722,11,44,4777,1206,1,2025-10-19,61.61,29.0,Debit Card,
5729,12,108,860,201,2,2024-10-05,272.38,5.9,Credit Card,
5730,12,93,86,212,2,2024-10-31,227.22,6.6,Debit Card,
5731,10,39,4782,914,2,2025-06-10,192.06,26.7,Debit Card,
5734,10,15,3497,109,1,2024-10-14,20.48,30.2,Cash,Loyalty tier discount applied
5736,10,16,4147,286,1,2025-10-24,42.14,26.4,Debit Card,Promo code WELCOME15 applied at checkout
5737,12,93,3720,36,1,2025-07-05,100.68,4.9,Online,Promo code WELCOME15 applied at checkout
5738,11,64,4986,152,4,2025-02-27,74.9,27.4,Online,Promo code WELCOME15 applied at checkout
5739,9,51,4786,748,2,2025-07-11,269.4,11.4,Debit Card,Price matched to competitor flyer
5740,9,27,160,1088,1,2025-05-31,149.43,5.6,Debit Card,Price matched to competitor flyer
5742,9,6,1963,260,5,2025-09-13,81.2,10.3,Online,Promo code SEASON25 applied at checkout
5751,12,93,4433,256,1,2024-12-17,68.77,5.2,Credit Card,Price matched to competitor flyer
5758,9,120,3088,546,1,2025-04-27,30.08,10.6,Cash,
5759,12,18,2106,684,1,2024-11-06,221.01,7.0,Credit Card,Price matched to competitor flyer
5762,10,117,2209,929,2,2025-06-17,235.74,31.2,Debit Card,
5763,11,44,727,219,4,2024-12-18,274.11,29.3,Credit Card,
5764,12,93,3658,281,1,2025-11-24,91.63,6.9,Credit Card,
5765,9,37,3140,134,1,2024-12-23,171.49,5.4,Credit Card,
5766,11,12,4828,34,1,2025-06-01,48.52,30.7,Online,
5767,11,81,1804,83,2,2025-09-26,271.91,33.5,Debit Card,
5768,11,63,1297,640,5,2025-11-22,145.73,25.1,Debit Card,
5771,11,44,3259,427,2,2024-11-05,85.2,26.0,Debit Card,Price matched to competitor flyer
5785,9,120,2754,57,1,2025-12-09,99.4,4.3,Online,Promo code SAVE10 applied at checkout
5787,9,2,3046,125,4,2025-02-10,73.04,6.0,Debit Card,
5790,10,71,4242,203,1,2025-04-20,30.94,28.5,Cash,Promo code SAVE10 applied at checkout
5799,12,36,503,1335,2,2025-05-18,283.11,9.9,Credit Card,Promo code SEASON25 applied at checkout
5800,12,93,4200,476,2,2025-09-03,92.05,9.0,Credit Card,Promo code WELCOME15 applied at checkout
5801,10,67,1118,239,1,2025-02-04,154.85,33.5,Online,
5812,10,101,47,439,3,2025-03-26,45.13,27.9,Credit Card,Promo code SAVE10 applied at checkout
5813,11,44,3215,108,2,2025-04-07,231.0,29.7,Cash,
5814,11,12,4552,489,4,2025-10-14,66.2,22.8,Debit Card,Price matched to competitor flyer
5816,11,64,1904,140,3,2025-08-29,31.02,24.0,Credit Card,
5820,9,51,3122,72,2,2025-03-31,207.43,7.7,Credit Card,Promo code WELCOME15 applied at checkout
5822,10,33,285,244,3,2025-03-01,110.19,25.0,Debit Card,
5826,10,39,721,412,2,2025-05-20,114.48,32.7,Cash,
5827,11,81,1893,112,2,2025-01-23,230.97,28.1,Debit Card,Loyalty tier discount applied
5829,12,108,1271,305,1,2024-12-01,61.73,6.8,Online,Price matched to competitor flyer
5836,10,15,415,155,3,2024-12-26,61.74,23.1,Debit Card,Loyalty tier discount applied
5837,10,117,1823,833,1,2025-08-27,184.56,31.3,Debit Card,Promo code SEASON25 applied at checkout
5843,12,60,3385,72,1,2025-06-29,243.99,3.8,Cash,Promo code SAVE10 applied at checkout
5846,11,81,4988,297,4,2024-12-14,157.65,22.0,Credit Card,Promo code SEASON25 applied at checkout
5847,12,60,1969,184,1,2025-07-07,129.69,5.4,Online,
5849,9,37,1601,1284,1,2025-10-28,158.74,6.2,Online,
5851,12,100,854,62,1,2025-06-02,109.48,6.0,Cash,Promo code LOYALTY20 applied at checkout
5867,12,36,3595,732,1,2024-11-30,194.44,8.9,Online,
5869,10,75,1276,206,5,2025-01-16,123.84,24.2,Credit Card,Promo code SAVE10 applied at checkout
5872,10,101,2559,839,1,2025-08-31,207.06,28.0,Credit Card,
5874,9,120,1396,74,2,2025-04-22,257.53,3.6,Credit Card,
5877,9,65,1348,68,1,2025-11-13,210.11,7.3,Credit Card,Promo code WELCOME15 applied at checkout
5878,11,97,3180,324,1,2025-06-20,289.25,33.6,Credit Card,
5879,9,111,3911,1291,4,2025-05-20,24.87,7.9,Cash,
5881,11,12,4352,660,3,2025-10-05,85.98,31.7,Cash,
5882,10,38,4367,247,5,2024-10-04,87.4,29.4,Debit Card,
5889,9,25,2983,1079,1,2025-02-02,29.96,3.1,Credit Card,Promo code SAVE10 applied at checkout
5892,9,37,3699,156,2,2025-01-06,164.54,10.2,Credit Card,
5894,9,27,1662,23,2,2025-06-15,80.07,6.9,Credit Card,Price matched to competitor flyer
5897,11,63,749,1477,4,2025-02-11,145.37,29.9,Online,
5899,10,67,251,834,5,2025-06-27,62.2,33.2,Credit Card,Promo code LOYALTY20 applied at checkout
5903,10,117,2567,228,4,2024-12-16,66.16,32.3,Debit Card,Price matched to competitor flyer
5918,10,101,3491,284,2,2025-04-10,158.97,28.4,Cash,
5920,12,100,409,1348,4,2025-03-24,271.38,10.4,Online,
5922,9,25,926,246,2,2025-05-14,108.82,9.0,Online,Price matched to competitor flyer
5923,9,61,3996,619,4,2025-11-21,90.06,11.2,Cash,Promo code LOYALTY20 applied at checkout
5924,10,16,4803,892,3,2025-01-06,43.51,33.0,Cash,
5930,10,117,2076,1129,3,2025-09-15,159.48,33.1,Online,Promo code SAVE10 applied at checkout
5932,11,44,3675,565,1,2025-04-24,44.84,23.7,Credit Card,
5935,11,97,608,122,3,2024-10-05,105.15,25.5,Cash,Loyalty tier discount applied
5940,12,60,2084,83,1,2024-12-01,181.74,9.1,Debit Card,Promo code SAVE10 applied at checkout
5941,9,6,238,287,5,2024-10-14,120.67,7.9,Credit Card,Price matched to competitor flyer
5944,10,75,675,416,2,2025-04-13,76.81,32.0,Debit Card,Price matched to competitor flyer
5945,10,101,25,196,5,2025-11-21,43.62,26.7,Debit Card,
5948,11,97,539,266,1,2025-08-02,264.03,22.2,Online,
5950,12,18,1898,2,3,2025-11-08,263.04,6.5,Cash,Price matched to competitor flyer
5951,12,18,794,169,1,2025-03-01,239.21,7.7,Online,
5964,9,6,3477,1102,1,2025-06-30,98.03,5.0,Debit Card,Promo code SAVE10 applied at checkout
5965,12,108,4040,26,2,2025-10-07,30.06,9.0,Credit Card,
5976,11,81,681,440,1,2025-07-26,264.89,31.1,Cash,
5977,12,100,4042,55,5,2025-05-04,72.76,4.1,Credit Card,
5980,12,108,4701,1073,2,2025-12-08,229.97,4.8,Debit Card,
5981,9,120,4293,515,3,2025-09-21,180.83,6.8,Credit Card,Promo code SEASON25 applied at checkout
5984,12,93,155,21,2,2024-11-14,275.61,10.2,Credit Card,
5985,12,100,717,221,4,2024-10-28,247.69,8.4,Online,Price matched to competitor flyer
5990,10,39,3671,198,2,2025-09-14,176.23,30.0,Credit Card,
5991,11,63,1256,646,1,2025-08-31,124.31,26.4,Debit Card,Price matched to competitor flyer
5994,11,63,2852,1349,4,2025-02-25,14.34,33.2,Credit Card,Promo code LOYALTY20 applied at checkout
5995,11,81,3118,774,5,2025-11-27,247.64,25.1,Debit Card,Loyalty tier discount applied
5998,11,64,2210,1329,1,2024-11-15,89.1,28.9,Debit Card,
6004,12,60,2930,507,3,2025-03-15,71.49,3.4,Debit Card,
6006,9,51,1236,221,1,2025-08-09,91.66,10.2,Cash,Loyalty tier discount applied
6009,10,87,2647,532,1,2024-11-01,255.29,29.1,Online,
6013,9,25,2569,214,1,2024-10-13,180.38,7.2,Cash,
6014,9,24,4953,380,2,2025-04-04,283.48,6.0,Debit Card,Promo code SEASON25 applied at checkout
6017,11,97,4736,979,1,2025-07-22,142.61,25.9,Credit Card,Price matched to competitor flyer
6019,11,97,1783,142,5,2024-10-21,33.94,24.5,Online,
6021,10,16,1320,169,4,2025-07-26,101.16,22.3,Credit Card,
6023,10,67,1182,139,3,2025-08-02,183.23,29.7,Debit Card,
6031,9,106,3820,255,4,2024-12-06,233.4,8.1,Cash,
6033,12,36,188,179,4,2025-06-05,202.34,6.2,Debit Card,
6037,12,60,2579,204,2,2024-12-17,49.74,6.8,Debit Card,
6038,9,6,2943,457,1,2025-11-28,16.79,3.4,Cash,
6040,10,39,3838,221,1,2024-12-10,263.49,34.0,Credit Card,Promo code LOYALTY20 applied at checkout
6043,9,52,4289,161,4,2025-06-26,162.3,11.4,Credit Card,Promo code LOYALTY20 applied at checkout
6045,9,25,4294,135,4,2025-09-16,235.35,4.0,Debit Card,
6047,11,63,2479,25,5,2024-11-26,198.56,30.3,Credit Card,Promo code LOYALTY20 applied at checkout
6048,12,18,2109,994,1,2024-10-15,175.51,10.2,Online,Price matched to competitor flyer
6051,12,100,4830,113,2,2025-04-07,275.48,9.6,Debit Card,Promo code SEASON25 applied at checkout
6058,11,81,4255,114,1,2025-08-02,162.81,22.5,Credit Card,
6060,10,67,2539,80,3,2025-04-03,123.88,30.8,Cash,Promo code WELCOME15 applied at checkout
6061,10,15,4578,81,5,2025-03-17,119.35,28.4,Cash,
6062,9,52,2749,248,1,2025-11-10,231.38,8.8,Online,
6063,11,12,1744,519,2,2025-03-09,214.82,25.4,Debit Card,
6065,9,106,346,238,3,2025-04-12,80.72,6.4,Credit Card,Price matched to competitor flyer
6069,12,108,147,376,3,2025-11-06,280.48,11.0,Debit Card,Price matched to competitor flyer
6074,12,18,4257,70,2,2025-04-13,241.69,4.1,Credit Card,Loyalty tier discount applied
6078,12,93,1145,149,1,2024-11-06,95.4,4.7,Credit Card,
6081,11,12,3471,1396,3,2025-07-22,27.97,30.3,Online,
6082,12,100,973,1386,1,2025-03-20,200.51,4.3,Online,
6084,9,61,2265,286,5,2025-10-19,34.54,8.3,Online,Price matched to competitor flyer
6085,9,106,3550,19,5,2024-11-09,212.85,5.1,Debit Card,
6087,12,108,2807,514,5,2025-09-02,135.26,4.1,Debit Card,Promo code LOYALTY20 applied at checkout
6091,10,55,4511,222,2,2025-10-26,35.46,28.9,Debit Card,Price matched to competitor flyer
6092,11,97,2695,129,2,2025-06-14,155.22,29.1,Credit Card,Price matched to competitor flyer
6099,10,55,1655,136,1,2024-10-07,179.38,29.5,Cash,
6105,11,97,3065,1063,2,2025-04-06,10.14,24.5,Cash,
6107,9,24,1481,53,5,2025-08-24,229.95,3.5,Credit Card,
6109,10,55,466,212,1,2025-05-12,134.11,24.8,Online,
6110,11,44,434,203,3,2024-12-18,155.48,29.2,Credit Card,Loyalty tier discount applied
6113,11,63,2155,45,2,2024-11-26,286.89,24.4,Credit Card,Promo code WELCOME15 applied at checkout
6117,9,111,2849,681,2,2025-11-11,44.98,7.3,Credit Card,Promo code SEASON25 applied at checkout
6118,12,100,3815,154,1,2024-12-31,259.27,7.1,Credit Card,
6123,12,18,1402,653,4,2025-10-13,106.26,6.9,Debit Card,
6125,10,101,1582,54,1,2025-12-04,128.4,29.1,Online,
6127,12,60,3291,920,5,2025-06-01,254.69,5.7,Credit Card,Promo code SEASON25 applied at checkout
6132,9,120,4652,287,1,2024-10-02,271.26,8.1,Online,Promo code SEASON25 applied at checkout
6134,10,101,852,905,2,2025-01-10,142.86,24.0,Debit Card,Promo code SEASON25 applied at checkout
6139,11,81,3970,535,1,2024-10-19,19.72,23.2,Cash,
6141,11,63,1939,300,3,2025-11-07,217.37,31.3,Debit Card,
6144,10,67,2430,267,2,2025-02-04,26.43,23.6,Credit Card,
6154,12,18,140,262,2,2025-08-26,145.26,3.9,Online,
6155,10,15,4676,235,1,2025-09-14,218.62,29.7,Credit Card,
6157,12,18,2810,1001,1,2025-02-15,76.38,3.7,Cash,Promo code SEASON25 applied at checkout
6160,11,97,2348,226,5,2024-10-11,191.86,26.1,Credit Card,
6162,12,93,1231,251,2,2025-05-23,60.54,6.3,Cash,
6165,12,100,4274,803,5,2024-11-15,109.33,11.4,Online,
6168,11,97,4786,25,2,2025-05-05,269.4,22.5,Cash,
6169,9,111,3324,988,2,2025-01-22,81.07,8.3,Debit Card,Price matched to competitor flyer
6171,12,36,1973,74,4,2025-02-14,140.72,10.9,Online,Price matched to competitor flyer
6176,10,75,445,830,1,2024-10-15,213.06,30.1,Debit Card,
6180,9,106,4458,171,5,2025-05-23,110.65,6.5,Cash,
6182,11,64,3804,700,4,2025-09-29,47.41,24.3,Debit Card,
6183,9,120,4577,218,2,2024-11-23,129.33,3.8,Cash,
6188,12,36,2259,1488,5,2025-03-01,125.25,5.6,Debit Card,Price matched to competitor flyer
6191,11,12,1441,30,1,2024-11-17,50.53,22.6,Cash,
6192,9,111,1067,347,1,2025-01-12,61.52,9.2,Online,
6193,9,52,2516,113,1,2024-10-15,242.08,5.9,Online,Promo code LOYALTY20 applied at checkout
6194,12,36,1639,1145,1,2024-10-17,89.41,11.9,Debit Card,
6197,12,18,4836,860,1,2025-05-14,82.61,5.4,Debit Card,
6198,9,61,1188,1461,5,2025-11-28,74.04,7.2,Debit Card,Promo code WELCOME15 applied at checkout
6209,10,101,1318,1286,2,2025-01-13,170.1,34.0,Debit Card,Promo code SEASON25 applied at checkout
6210,11,12,2240,67,1,2024-12-09,192.75,26.5,Credit Card,Promo code LOYALTY20 applied at checkout
6213,11,64,4107,171,3,2025-06-19,60.86,30.6,Credit Card,Promo code LOYALTY20 applied at checkout
6215,12,108,2431,57,4,2024-11-14,75.15,6.4,Online,
6217,12,93,4110,948,1,2025-10-23,177.23,7.2,Credit Card,Promo code LOYALTY20 applied at checkout
6219,12,18,2113,31,1,2025-03-17,240.65,10.9,Credit Card,
6221,9,6,3056,121,2,2025-12-08,122.11,9.5,Credit Card,
6223,11,63,2431,1315,1,2025-11-07,75.15,32.6,Credit Card,
6227,9,120,1054,137,1,2025-09-17,245.44,10.6,Debit Card,
6231,10,16,3658,72,2,2025-09-25,91.63,31.7,Credit Card,
6235,10,38,2823,105,3,2025-04-03,55.64,30.5,Credit Card,
6237,10,16,790,1312,1,2025-04-27,161.37,33.7,Debit Card,
6239,9,2,671,198,1,2024-11-07,30.82,11.4,Debit Card,
6241,11,63,4326,21,1,2025-10-28,171.58,33.3,Debit Card,
6243,9,106,4956,292,4,2025-10-14,215.49,6.6,Debit Card,
6248,9,65,408,251,2,2025-09-06,56.96,10.6,Credit Card,
6249,12,100,2345,5,1,2025-07-23,229.47,9.7,Credit Card,
6250,9,37,2161,598,5,2025-01-11,23.67,7.6,Credit Card,Promo code SEASON25 applied at checkout
6253,10,87,3740,626,1,2025-08-04,184.87,24.3,Online,Promo code WELCOME15 applied at checkout
6256,9,106,2117,75,5,2024-12-25,119.24,5.5,Credit Card,
6265,9,24,4698,420,1,2025-07-03,34.58,8.9,Online,Promo code SEASON25 applied at checkout
6270,9,111,3177,531,1,2025-12-07,220.44,5.2,Cash,Promo code WELCOME15 applied at checkout
6271,9,111,3453,1446,3,2024-10-06,78.61,8.2,Debit Card,Price matched to competitor flyer
6275,12,108,3123,106,1,2025-06-04,126.19,3.2,Debit Card,Loyalty tier discount applied
6278,11,81,4311,291,3,2025-07-15,76.57,32.7,Credit Card,
6279,9,111,1154,960,4,2024-12-16,89.79,7.4,Cash,Promo code WELCOME15 applied at checkout
6280,12,60,3844,49,2,2024-11-21,221.23,7.6,Credit Card,Price matched to competitor flyer
6289,11,44,2036,856,1,2025-03-07,176.2,30.1,Credit Card,Price matched to competitor flyer
6290,11,64,702,191,5,2024-12-17,246.78,24.6,Debit Card,Promo code SEASON25 applied at checkout
6291,12,18,3150,1239,1,2025-02-28,217.6,7.8,Credit Card,
6292,9,25,1032,220,1,2024-10-28,57.56,9.3,Cash,Price matched to competitor flyer
6305,10,87,3162,592,5,2025-06-21,92.24,29.1,Credit Card,Loyalty tier discount applied
6307,12,102,691,278,4,2025-04-03,29.43,8.7,Cash,Promo code SEASON25 applied at checkout
6309,12,18,3017,679,2,2024-10-02,105.07,9.2,Cash,
6311,9,24,4191,483,3,2024-11-23,111.6,11.4,Cash,
6317,11,97,386,94,1,2025-09-27,46.05,27.6,Debit Card,
6319,9,37,2756,624,2,2025-03-10,153.36,5.4,Credit Card,Promo code WELCOME15 applied at checkout
6322,10,87,2860,244,4,2025-01-29,40.76,31.7,Online,
6327,10,117,4204,12,2,2025-09-21,83.16,31.8,Cash,Loyalty tier discount applied
6335,12,108,1055,1112,1,2025-06-30,152.92,9.1,Credit Card,Loyalty tier discount applied
6340,12,102,1602,293,2,2025-07-21,266.44,4.8,Debit Card,Price matched to competitor flyer
6341,10,117,1364,501,4,2025-05-29,59.28,30.0,Online,Promo code SEASON25 applied at checkout
6344,12,18,3768,148,1,2025-11-16,238.65,3.7,Debit Card,
6349,11,81,2138,1138,5,2025-09-17,92.48,32.8,Credit Card,Price matched to competitor flyer
6350,12,100,1107,169,5,2024-12-17,158.55,9.3,Cash,Price matched to competitor flyer
6354,11,44,1528,219,1,2025-09-13,99.19,32.0,Debit Card,Price matched to competitor flyer
6355,10,87,2136,297,5,2024-10-05,129.56,24.8,Debit Card,
6357,10,15,4889,700,2,2025-12-07,122.69,27.2,Cash,Promo code SAVE10 applied at checkout
6360,11,64,2471,673,1,2025-08-19,245.63,23.7,Credit Card,
6366,9,25,1230,200,2,2025-08-10,261.81,11.7,Credit Card,
6370,9,111,4730,86,5,2025-05-09,19.17,9.3,Debit Card,Promo code SAVE10 applied at checkout
6371,12,108,240,1250,4,2024-12-25,145.18,7.9,Cash,Promo code SAVE10 applied at checkout
6374,12,60,3436,6,2,2024-10-14,42.4,3.0,Debit Card,
6375,11,63,4753,244,1,2024-10-17,147.9,22.3,Online,
6377,10,55,83,1132,2,2025-02-17,282.84,22.9,Debit Card,Loyalty tier discount applied
6378,12,93,4067,897,1,2025-05-07,152.07,7.6,Online,Promo code LOYALTY20 applied at checkout
6381,12,108,1139,107,4,2025-10-09,178.94,6.0,Credit Card,Promo code WELCOME15 applied at checkout
6384,9,6,2367,35,5,2025-09-08,60.56,4.8,Credit Card,
6386,12,102,3318,1060,2,2025-03-12,295.68,10.4,Debit Card,Loyalty tier discount applied
6387,12,93,3257,275,1,2025-06-28,239.56,3.3,Credit Card,
6389,11,12,1821,176,5,2025-06-29,38.82,26.2,Debit Card,Price matched to competitor flyer
6390,10,16,1164,90,1,2025-07-31,246.19,33.1,Cash,Promo code WELCOME15 applied at checkout
6391,9,65,315,153,3,2025-02-10,258.6,6.1,Debit Card,Promo code WELCOME15 applied at checkout
6393,9,120,2511,968,5,2024-10-16,38.73,5.0,Credit Card,
6399,10,101,1797,123,3,2024-12-07,249.89,29.0,Cash,
6402,9,111,1318,94,1,2025-08-02,170.1,10.5,Credit Card,Promo code SEASON25 applied at checkout
6403,11,63,150,822,5,2025-01-01,116.36,22.6,Credit Card,Loyalty tier discount applied
6404,11,81,2957,288,5,2025-01-03,68.04,29.6,Credit Card,
6409,11,44,895,1279,5,2025-08-29,141.31,28.3,Online,Promo code SEASON25 applied at checkout
6411,11,64,3617,238,1,2025-07-07,235.35,23.9,Credit Card,
6415,10,101,3133,265,3,2024-12-27,44.58,24.6,Debit Card,
6417,11,64,4850,1169,1,2025-11-23,247.64,23.8,Credit Card,Loyalty tier discount applied
6422,10,101,3303,632,1,2025-05-06,231.3,22.0,Debit Card,
6426,9,61,501,222,1,2025-04-02,160.24,10.9,Credit Card,Promo code LOYALTY20 applied at checkout
6429,12,18,70,514,2,2025-06-11,291.95,9.6,Debit Card,
6431,10,101,4685,295,2,2024-12-31,71.5,25.8,Debit Card,
6432,10,38,1863,95,2,2025-05-27,229.05,33.8,Credit Card,
6439,10,71,3312,101,4,2025-02-05,272.11,28.5,Credit Card,Promo code SAVE10 applied at checkout
6442,9,120,2657,259,1,2025-10-09,205.72,4.9,Cash,
6443,9,52,1025,162,3,2025-02-15,191.05,7.6,Cash,Loyalty tier discount applied
6447,10,101,754,90,2,2025-08-26,273.27,28.6,Debit Card,Price matched to competitor flyer
6450,11,12,883,136,4,2024-11-18,249.14,30.9,Cash,Promo code LOYALTY20 applied at checkout
6452,9,37,3798,24,2,2025-04-27,19.38,11.5,Online,Promo code SAVE10 applied at checkout
6453,10,75,1735,53,1,2025-06-02,285.39,31.6,Credit Card,Loyalty tier discount applied
6455,10,38,3583,98,1,2024-12-05,94.0,22.4,Credit Card,
6457,10,39,3100,426,2,2024-11-30,134.0,24.2,Debit Card,
6458,12,60,376,126,1,2025-01-26,19.55,3.5,Cash,
6465,10,39,186,24,4,2025-08-01,253.91,24.0,Online,Promo code WELCOME15 applied at checkout
6466,11,12,1257,137,3,2025-05-18,249.92,26.6,Credit Card,Price matched to competitor flyer
6469,9,24,1233,2,5,2025-09-18,49.76,11.3,Credit Card,Price matched to competitor flyer
6475,11,81,1302,5,2,2025-04-30,294.02,25.2,Debit Card,Loyalty tier discount applied
6477,12,60,3373,164,1,2025-01-12,203.49,8.5,Debit Card,
6484,11,97,1253,1279,1,2025-04-03,191.91,26.9,Cash,
6487,11,12,4729,186,2,2025-04-02,271.77,32.1,Debit Card,Promo code LOYALTY20 applied at checkout
6494,11,81,2635,565,5,2024-11-25,71.32,30.6,Credit Card,
6495,10,75,4428,1416,1,2025-05-20,237.61,27.3,Cash,
6496,10,55,695,523,2,2024-10-10,256.57,33.5,Credit Card,Promo code WELCOME15 applied at checkout
6497,9,106,667,370,1,2025-10-15,147.63,11.6,Cash,Promo code SAVE10 applied at checkout
6498,10,16,2287,978,5,2025-10-11,65.37,31.5,Cash,Promo code SAVE10 applied at checkout
6499,10,15,781,34,1,2025-10-14,160.86,30.4,Cash,Loyalty tier discount applied
6500,12,60,4292,222,4,2025-08-24,207.77,8.5,Debit Card,
6501,12,60,3531,216,2,2025-05-29,89.26,11.0,Debit Card,
6502,9,106,4369,363,1,2024-10-27,56.27,6.9,Credit Card,Promo code SAVE10 applied at checkout
6503,12,108,4776,174,1,2025-05-10,185.53,11.8,Online,Promo code SEASON25 applied at checkout
6505,9,52,379,1049,1,2025-11-09,75.26,5.7,Credit Card,
6510,12,108,2904,1103,4,2025-06-04,155.8,8.6,Online,Promo code LOYALTY20 applied at checkout
6512,9,2,746,1091,2,2024-10-16,152.85,6.9,Debit Card,
6514,10,87,2053,229,2,2025-05-09,97.5,31.4,Cash,Promo code LOYALTY20 applied at checkout
6517,9,65,354,42,5,2025-03-10,158.84,3.7,Credit Card,
6524,11,63,1581,38,2,2025-05-10,102.97,27.0,Cash,
6526,11,81,1149,1373,3,2025-09-05,95.09,23.3,Credit Card,Price matched to competitor flyer
6527,10,16,2176,133,2,2025-05-16,162.99,26.9,Credit Card,Price matched to competitor flyer
6528,10,101,4312,291,2,2025-10-28,152.45,28.2,Credit Card,Promo code SEASON25 applied at checkout
6533,10,15,2584,1012,3,2025-06-04,55.42,23.3,Online,
6536,10,75,2094,538,1,2025-12-02,114.54,23.6,Debit Card,Promo code LOYALTY20 applied at checkout
6540,10,16,4799,142,4,2025-12-07,64.96,32.1,Debit Card,Loyalty tier discount applied
6541,12,108,3065,101,3,2025-09-07,10.14,4.7,Debit Card,
6542,11,64,2014,1022,3,2024-11-05,131.51,30.8,Credit Card,Promo code SAVE10 applied at checkout
6557,11,64,2383,495,3,2025-02-25,281.1,23.6,Debit Card,
6562,9,25,225,455,3,2025-10-14,269.53,9.4,Credit Card,Promo code SAVE10 applied at checkout
6564,12,18,1008,124,1,2025-05-13,79.43,11.6,Credit Card,Loyalty tier discount applied
6565,12,18,4483,80,2,2025-02-02,59.72,4.1,Cash,
6567,10,101,979,233,2,2025-02-14,86.84,32.0,Online,
6569,11,63,4196,369,1,2025-06-02,237.54,33.3,Debit Card,
6570,12,108,3370,277,1,2025-06-30,190.38,6.6,Debit Card,
6571,10,117,56,250,1,2024-10-12,169.58,24.5,Debit Card,
6572,10,67,3916,112,1,2025-05-15,78.13,28.5,Debit Card,Loyalty tier discount applied
6577,9,111,1199,44,1,2025-03-05,256.72,5.4,Online,Promo code SAVE10 applied at checkout
6578,9,2,1826,298,2,2025-03-21,107.18,9.5,Credit Card,
6579,10,71,3201,1415,3,2025-05-24,119.11,29.8,Cash,Loyalty tier discount applied
6581,11,97,1618,850,2,2025-06-26,51.81,31.4,Credit Card,Promo code WELCOME15 applied at checkout
6590,12,93,633,9,5,2025-10-05,67.32,3.3,Debit Card,Promo code SAVE10 applied at checkout
6593,12,102,1444,725,4,2024-11-26,195.67,11.2,Credit Card,Price matched to competitor flyer
6603,9,27,3573,1364,5,2025-10-10,28.15,5.9,Cash,
6606,10,90,1327,1136,2,2025-02-05,144.28,24.0,Online,Price matched to competitor flyer
6607,9,111,1910,232,1,2025-04-15,48.57,10.1,Credit Card,Price matched to competitor flyer
6608,12,93,1934,463,1,2025-10-19,283.26,9.6,Credit Card,Price matched to competitor flyer
6611,12,108,3233,238,3,2025-09-27,200.67,10.3,Credit Card,
6612,9,65,2160,213,1,2024-12-22,36.44,4.3,Cash,Promo code LOYALTY20 applied at checkout
6613,10,117,86,33,1,2025-08-17,227.22,30.5,Online,
6616,9,61,3802,1399,1,2024-12-08,126.29,3.9,Credit Card,
6619,12,100,1264,128,1,2025-05-21,275.77,6.0,Cash,
6620,10,75,2215,503,5,2024-11-09,194.04,25.4,Debit Card,Promo code SAVE10 applied at checkout
6621,9,61,3892,36,3,2025-11-15,251.04,3.4,Debit Card,Promo code LOYALTY20 applied at checkout
6622,11,97,543,1478,4,2025-08-21,18.57,31.0,Online,
6627,11,64,945,594,2,2025-09-26,286.62,25.8,Debit Card,
6634,11,64,317,290,2,2025-09-19,295.36,22.6,Debit Card,
6635,9,52,3800,217,3,2025-07-06,55.11,7.5,Debit Card,Promo code WELCOME15 applied at checkout
6638,9,52,532,206,1,2025-10-28,87.76,7.1,Credit Card,Price matched to competitor flyer
6639,9,37,186,27,1,2025-01-23,253.91,5.3,Debit Card,
6643,11,12,2216,1144,3,2025-11-22,263.8,26.9,Credit Card,Loyalty tier discount applied
6646,10,117,64,1,1,2025-08-14,7.08,24.2,Debit Card,Price matched to competitor flyer
6651,11,97,1030,1470,4,2024-10-27,104.1,28.9,Online,
6654,11,97,770,201,1,2025-05-12,271.96,33.6,Cash,
6666,12,93,1183,112,3,2025-11-02,209.91,8.7,Credit Card,Loyalty tier discount applied
6667,12,60,2534,298,1,2025-05-31,181.77,7.5,Online,
6668,10,101,2785,82,1,2025-05-27,255.81,29.3,Debit Card,Loyalty tier discount applied
6672,9,51,2888,219,2,2025-08-10,293.62,3.9,Cash,
6675,12,100,3087,426,2,2025-06-30,44.39,5.9,Debit Card,
6677,9,6,2267,104,3,2025-08-29,21.42,4.0,Credit Card,
6681,12,60,3997,1141,3,2025-02-21,298.25,9.1,Cash,
6683,11,81,3610,798,4,2025-05-02,107.15,26.0,Debit Card,Promo code SAVE10 applied at checkout
6684,11,81,1487,133,1,2025-08-05,233.91,29.8,Online,Promo code SEASON25 applied at checkout
6685,12,36,4068,1104,5,2025-05-01,256.26,8.5,Credit Card,
6689,9,25,2608,744,5,2025-06-27,54.02,5.5,Credit Card,Promo code WELCOME15 applied at checkout
6693,10,15,2643,1500,5,2025-01-19,288.79,23.3,Cash,
6694,11,81,2467,968,2,2025-08-06,28.94,30.6,Debit Card,
6698,12,93,4953,575,2,2025-10-13,283.48,6.7,Online,
6701,11,44,4521,1,1,2024-11-22,205.87,28.0,Debit Card,Price matched to competitor flyer
6703,11,64,4080,79,5,2024-12-29,7.89,32.5,Credit Card,
6704,12,18,3623,144,5,2025-06-12,93.15,8.3,Cash,
6705,12,102,1648,968,5,2025-07-23,265.74,10.8,Credit Card,
6706,11,97,2321,834,4,2025-12-01,293.22,23.8,Online,
6710,10,39,3986,238,2,2025-10-28,146.44,24.3,Debit Card,
6711,11,63,2028,805,1,2025-10-16,51.18,26.7,Credit Card,Loyalty tier discount applied
6714,9,6,1063,27,1,2025-03-02,230.28,6.9,Debit Card,Promo code SEASON25 applied at checkout
6718,10,67,1347,10,1,2025-07-15,139.34,28.7,Credit Card,
6722,11,44,210,809,4,2025-10-23,18.25,27.2,Debit Card,
6723,11,44,1405,737,2,2024-12-25,183.48,25.5,Cash,
6724,12,100,2501,551,2,2024-12-25,53.29,7.4,Debit Card,
6727,11,44,2390,438,1,2025-09-10,159.09,32.2,Credit Card,
6730,12,102,1899,1454,4,2025-03-14,299.17,4.2,Debit Card,
6733,11,97,1802,545,1,2025-03-09,167.81,23.8,Cash,
6734,10,117,1928,292,1,2025-08-18,121.43,22.1,Debit Card,
6736,10,55,4664,234,1,2024-11-12,69.1,27.8,Online,Price matched to competitor flyer
6742,11,64,4345,342,5,2025-08-24,261.81,29.0,Debit Card,Loyalty tier discount applied
6743,11,81,3424,794,2,2025-09-05,241.7,23.9,Debit Card,
6745,12,100,467,146,1,2025-04-02,123.77,10.2,Debit Card,
6749,9,111,1985,156,3,2025-11-04,58.42,10.8,Cash,Promo code LOYALTY20 applied at checkout
6751,9,24,3380,461,1,2024-10-13,243.57,11.1,Cash,Price matched to competitor flyer
6756,10,90,1513,52,3,2024-10-17,116.41,22.4,Debit Card,Promo code SEASON25 applied at checkout
6757,11,64,4271,184,2,2024-11-19,143.94,29.4,Debit Card,
6758,9,37,2861,98,1,2025-06-13,42.52,8.4,Debit Card,
6760,9,24,3677,105,5,2025-12-01,64.92,10.1,Cash,
6761,12,102,1697,157,5,2025-08-04,269.9,7.5,Credit Card,
6763,9,27,2725,73,1,2024-11-12,246.05,8.0,Credit Card,
6765,11,12,4884,182,2,2024-12-19,135.47,28.3,Cash,Promo code WELCOME15 applied at checkout
6766,12,108,2087,1243,1,2025-03-28,148.61,7.0,Online,
6768,10,117,3713,816,1,2025-09-06,44.17,27.0,Credit Card,
6769,12,36,477,1095,4,2024-10-24,29.28,5.2,Cash,Promo code LOYALTY20 applied at checkout
6774,12,93,4106,257,1,2024-10-14,258.35,5.1,Debit Card,Promo code SEASON25 applied at checkout
6777,12,100,3392,770,2,2025-06-02,263.44,7.4,Credit Card,
6779,11,44,283,284,3,2025-08-23,271.3,33.1,Cash,
6784,9,65,465,1013,1,2025-11-04,108.23,6.0,Cash,Promo code LOYALTY20 applied at checkout
6786,9,37,4465,588,3,2025-03-07,209.9,10.5,Cash,
6790,11,12,2911,190,1,2024-10-20,112.81,24.7,Cash,Price matched to competitor flyer
6791,11,12,3531,1466,1,2025-04-06,89.26,25.8,Credit Card,Promo code SAVE10 applied at checkout
6794,12,36,4567,193,1,2024-12-15,129.83,4.2,Cash,
6795,9,27,4159,50,3,2025-06-28,151.01,9.0,Debit Card,
6800,9,111,3962,192,1,2025-07-25,207.87,6.2,Credit Card,Loyalty tier discount applied
6801,10,71,3124,222,2,2025-01-18,203.66,24.6,Credit Card,
6810,9,120,3793,61,2,2025-01-24,257.9,8.9,Credit Card,Price matched to competitor flyer
6813,9,51,4443,1154,1,2025-10-18,297.75,9.2,Cash,
6815,11,81,4081,1197,2,2025-07-01,157.77,27.0,Credit Card,Promo code LOYALTY20 applied at checkout
6817,9,120,1620,39,3,2025-05-26,45.88,7.9,Debit Card,Loyalty tier discount applied
6820,11,97,3997,73,5,2025-08-13,298.25,22.7,Cash,
6825,11,97,593,212,2,2024-12-19,232.08,29.6,Credit Card,Loyalty tier discount applied
6832,9,25,955,219,2,2025-04-15,126.3,3.1,Cash,
6834,9,24,4249,805,3,2025-10-14,60.55,11.3,Credit Card,
6835,10,67,1419,1376,1,2025-09-27,72.14,27.7,Online,Promo code SAVE10 applied at checkout
6838,10,38,1673,266,5,2025-11-06,53.83,22.1,Credit Card,Promo code SEASON25 applied at checkout
6842,12,102,2381,769,5,2024-12-17,217.81,5.4,Online,Price matched to competitor flyer
6844,11,64,4882,35,5,2024-10-25,80.11,28.9,Cash,Promo code LOYALTY20 applied at checkout
6846,10,71,3813,17,2,2025-03-17,15.25,33.8,Debit Card,Promo code SEASON25 applied at checkout
6847,10,90,2825,49,1,2025-10-23,95.84,27.8,Debit Card,
6848,9,6,2242,412,1,2024-12-05,58.89,7.6,Cash,Promo code LOYALTY20 applied at checkout
6849,9,2,670,506,5,2025-09-15,59.13,10.5,Cash,
6850,11,12,4882,275,1,2025-07-09,80.11,28.5,Cash,Promo code WELCOME15 applied at checkout
6853,12,18,4902,300,1,2024-12-22,224.17,7.2,Credit Card,
6854,11,97,1037,512,2,2024-12-22,108.58,32.7,Cash,Price matched to competitor flyer
6859,10,39,320,100,5,2025-01-01,146.02,33.2,Cash,
6860,12,102,1928,253,5,2025-02-19,121.43,11.6,Debit Card,
6865,10,33,142,448,2,2025-09-16,149.3,27.3,Debit Card,
6870,12,108,255,473,4,2025-07-19,94.36,7.2,Cash,Promo code SAVE10 applied at checkout
6872,9,37,2226,700,3,2025-07-09,72.47,5.6,Debit Card,
6873,12,18,1937,1056,1,2024-10-10,162.51,10.0,Credit Card,Promo code SEASON25 applied at checkout
6875,11,63,3544,54,2,2024-12-03,250.91,25.1,Debit Card,
6876,10,90,4778,2,2,2025-10-06,115.68,25.8,Debit Card,
6877,11,12,1655,689,2,2025-09-03,179.38,23.4,Credit Card,Promo code WELCOME15 applied at checkout
6881,9,2,3983,293,2,2025-05-23,20.84,8.0,Cash,Loyalty tier discount applied
6883,10,33,1936,1242,2,2025-03-05,74.28,32.9,Credit Card,Loyalty tier discount applied
6886,10,101,2972,1377,5,2024-10-27,120.91,25.7,Debit Card,
6888,11,64,4966,292,3,2025-02-04,292.08,31.7,Cash,Price matched to competitor flyer
6893,12,100,3943,140,4,2024-10-15,244.85,5.1,Cash,Promo code WELCOME15 applied at checkout
6894,11,97,2651,266,3,2025-12-05,244.72,23.5,Debit Card,Promo code WELCOME15 applied at checkout
6895,11,44,2861,268,2,2025-05-13,42.52,31.4,Credit Card,Price matched to competitor flyer
6896,9,2,1244,791,1,2025-09-02,117.11,5.9,Online,
6905,9,25,4495,786,3,2024-12-13,68.61,8.6,Debit Card,Price matched to competitor flyer
6908,9,52,833,14,1,2025-09-28,235.35,3.9,Credit Card,Promo code SAVE10 applied at checkout
6911,9,2,3412,1341,1,2025-08-18,33.22,5.6,Credit Card,
6913,11,81,3442,1489,1,2025-01-10,226.0,33.3,Credit Card,
6914,12,100,4707,159,1,2024-11-18,198.63,11.8,Online,
6918,12,108,1521,1268,1,2025-07-27,55.23,6.5,Credit Card,Promo code SAVE10 applied at checkout
6921,11,97,4953,1450,2,2025-03-11,283.48,24.9,Debit Card,
6926,9,111,2960,165,3,2025-07-28,232.36,11.0,Cash,
6927,9,61,4857,206,5,2025-01-03,152.6,3.8,Online,
6929,11,64,733,1236,1,2025-08-08,247.78,27.4,Online,
6930,11,97,4487,634,2,2025-03-02,200.94,25.3,Debit Card,Promo code SAVE10 applied at checkout
6933,9,120,3839,145,4,2025-03-11,288.37,5.7,Credit Card,Promo code SAVE10 applied at checkout
6938,12,102,1764,18,2,2025-06-11,32.46,8.0,Online,Price matched to competitor flyer
6941,11,64,2934,179,1,2024-12-15,274.13,27.4,Cash,
6942,12,100,3544,217,1,2025-04-13,250.91,3.4,Debit Card,
6947,12,100,301,73,1,2025-09-29,116.96,3.2,Online,Promo code WELCOME15 applied at checkout
6948,12,36,2839,822,4,2025-08-21,148.86,8.2,Credit Card,Loyalty tier discount applied
6949,12,36,562,101,4,2025-02-28,34.71,4.7,Cash,
6950,12,108,703,1271,3,2024-11-08,130.44,11.3,Credit Card,Loyalty tier discount applied
6952,12,60,190,1066,1,2025-07-02,67.57,4.9,Credit Card,Promo code SAVE10 applied at checkout
6954,11,64,2310,224,1,2024-11-26,54.89,29.5,Credit Card,Promo code WELCOME15 applied at checkout
6957,9,65,1955,169,1,2025-03-13,211.11,7.1,Debit Card,
6960,12,60,814,611,1,2024-10-11,194.33,4.9,Debit Card,
6964,10,55,4051,177,2,2025-07-27,201.34,30.4,Cash,
6966,10,55,2380,252,5,2024-12-27,258.26,22.8,Debit Card,
6968,12,36,2011,1229,4,2024-11-29,183.7,4.1,Cash,Price matched to competitor flyer
6969,11,97,4809,1195,1,2024-11-06,243.37,28.2,Credit Card,Loyalty tier discount applied
6970,10,75,2297,213,1,2025-01-30,196.15,32.7,Cash,
6978,12,60,4834,184,2,2025-09-01,204.83,5.0,Credit Card,
6981,12,102,339,462,3,2025-10-26,115.17,9.5,Debit Card,
6982,12,36,2706,821,2,2024-12-17,82.55,5.2,Cash,
6983,12,100,4326,132,4,2025-11-13,171.58,7.6,Debit Card,
6987,11,81,3700,595,2,2025-07-02,110.95,28.8,Debit Card,Promo code WELCOME15 applied at checkout
6988,10,101,1432,855,1,2025-04-12,200.69,28.1,Credit Card,
6990,9,65,4576,288,2,2025-12-08,100.94,11.9,Credit Card,
6992,11,64,4925,842,1,2025-02-18,109.69,26.1,Debit Card,
6993,10,39,735,1173,1,2025-09-22,114.09,24.7,Online,Promo code SAVE10 applied at checkout
6998,9,120,4563,1123,1,2024-10-07,264.94,6.0,Cash,
6999,11,97,1739,676,2,2025-09-03,41.69,24.9,Debit Card,
7001,9,6,1982,1283,2,2025-04-09,10.55,5.7,Online,
7003,11,81,708,298,3,2025-07-06,73.02,22.3,Credit Card,
7005,12,18,2127,265,1,2025-07-06,225.26,3.9,Online,
7007,9,120,4499,229,4,2025-09-06,192.36,3.7,Cash,Price matched to competitor flyer
7014,10,16,4115,766,1,2024-12-20,127.6,24.3,Credit Card,Price matched to competitor flyer
7015,9,120,1780,32,1,2025-01-26,296.83,7.0,Cash,
7018,12,93,4420,905,1,2025-08-07,296.42,4.3,Online,
7019,12,102,975,1463,4,2024-10-25,189.94,11.4,Cash,
7022,11,81,590,174,2,2024-11-20,282.37,22.6,Debit Card,Price matched to competitor flyer
7023,9,2,396,109,2,2024-10-08,204.0,6.4,Debit Card,
7025,12,18,2676,411,1,2025-11-25,153.76,3.9,Online,Promo code SAVE10 applied at checkout
7029,11,44,2259,59,1,2024-10-14,125.25,23.3,Debit Card,Promo code SAVE10 applied at checkout
7032,12,60,2681,794,2,2025-01-23,115.68,5.1,Credit Card,
7040,10,55,4818,122,1,2025-10-11,99.66,23.5,Debit Card,Promo code LOYALTY20 applied at checkout
7044,10,101,737,138,2,2025-12-06,67.56,27.9,Online,
7046,11,44,2074,1067,2,2025-06-03,47.35,25.9,Credit Card,Loyalty tier discount applied
7054,9,65,4043,216,4,2025-10-29,118.18,3.7,Debit Card,Loyalty tier discount applied
7059,12,36,2710,142,1,2025-03-27,99.7,9.2,Debit Card,Loyalty tier discount applied
7061,12,102,543,1276,5,2025-08-16,18.57,11.3,Debit Card,
7062,11,44,2613,193,1,2025-01-13,50.41,28.8,Credit Card,
7068,9,6,3197,300,5,2024-12-26,106.26,6.5,Credit Card,Price matched to competitor flyer
7071,10,39,576,223,1,2025-09-19,108.4,24.1,Cash,Promo code WELCOME15 applied at checkout
7073,9,61,4353,51,3,2024-12-23,51.2,5.7,Cash,
7074,10,101,894,40,5,2025-01-08,132.05,28.6,Credit Card,Price matched to competitor flyer
7075,10,67,4784,103,2,2025-03-04,47.74,33.8,Debit Card,
7077,12,108,840,189,2,2025-06-27,40.89,3.1,Credit Card,Promo code LOYALTY20 applied at checkout
7078,12,93,492,206,2,2025-05-14,253.16,7.7,Credit Card,
7080,9,52,3316,246,1,2025-01-03,257.24,10.4,Debit Card,
7082,11,64,341,489,2,2025-06-15,287.43,23.4,Cash,
7085,12,100,1211,114,1,2025-03-05,124.62,11.1,Debit Card,
7091,9,27,3165,146,4,2025-04-05,143.86,4.3,Credit Card,
7093,9,51,3907,30,1,2025-10-10,232.08,5.2,Cash,Price matched to competitor flyer
7094,12,108,578,184,1,2025-06-14,254.27,10.4,Debit Card,Loyalty tier discount applied
7097,11,81,3935,166,2,2025-01-29,252.22,30.5,Credit Card,Promo code WELCOME15 applied at checkout
7098,12,108,733,199,1,2025-11-14,247.78,3.9,Online,
7101,10,90,349,972,3,2024-12-19,263.46,31.3,Debit Card,
7105,12,36,163,125,1,2025-02-26,26.0,7.2,Cash,Loyalty tier discount applied
7113,9,111,1351,299,2,2025-01-16,236.81,10.8,Credit Card,Promo code LOYALTY20 applied at checkout
7116,11,64,902,660,2,2025-09-05,47.39,28.2,Credit Card,
7122,12,102,1142,974,3,2025-01-19,103.2,6.5,Debit Card,Promo code LOYALTY20 applied at checkout
7128,9,61,4151,986,4,2025-08-25,52.84,4.9,Debit Card,Price matched to competitor flyer
7129,12,100,1393,126,3,2024-10-25,242.53,6.3,Cash,Promo code LOYALTY20 applied at checkout
7140,9,25,4605,301,2,2025-04-01,8.96,11.2,Credit Card,Promo code LOYALTY20 applied at checkout
7144,10,101,3709,204,1,2025-04-29,134.43,25.9,Debit Card,Price matched to competitor flyer
7148,11,64,2597,19,4,2025-01-15,294.03,32.6,Credit Card,Loyalty tier discount applied
7151,11,97,4718,102,1,2025-04-17,121.19,22.5,Debit Card,
7155,9,51,4279,951,4,2025-10-27,33.29,7.6,Debit Card,
7156,12,100,706,247,4,2025-10-06,42.42,10.9,Cash,Price matched to competitor flyer
7158,10,33,4770,773,2,2024-12-13,71.43,24.2,Online,
7162,9,27,3639,206,4,2024-12-07,60.79,7.8,Credit Card,Promo code WELCOME15 applied at checkout
7166,10,90,1767,291,2,2025-06-10,270.59,28.4,Cash,Loyalty tier discount applied
7176,9,111,1925,590,4,2025-10-26,17.94,7.9,Credit Card,Promo code WELCOME15 applied at checkout
7180,11,12,2673,290,3,2025-11-11,270.56,29.2,Cash,Promo code LOYALTY20 applied at checkout
7183,11,81,762,854,4,2025-04-01,254.2,33.2,Credit Card,
7185,12,108,3782,194,1,2025-10-30,281.7,9.7,Credit Card,
7186,11,44,3581,91,1,2025-09-01,137.36,29.8,Credit Card,
7188,12,18,3974,736,1,2025-11-09,76.8,3.7,Debit Card,
7191,12,100,4739,273,1,2025-07-30,20.8,4.3,Cash,Loyalty tier discount applied
7194,11,12,6,203,2,2025-10-09,90.24,29.3,Debit Card,
7198,9,52,1612,146,1,2025-07-09,195.18,10.7,Online,
7199,10,75,1621,175,2,2025-07-12,79.05,24.5,Debit Card,
7200,9,37,2799,604,4,2024-10-15,99.8,8.2,Online,
7203,11,44,4687,617,2,2025-02-13,232.09,22.7,Cash,Promo code SAVE10 applied at checkout
7215,11,12,3844,222,1,2025-10-14,221.23,33.4,Credit Card,
7220,12,108,3028,1382,4,2025-11-14,82.38,5.9,Debit Card,
7221,10,55,1395,86,3,2025-03-26,35.02,33.5,Cash,Loyalty tier discount applied
7222,12,108,1528,56,2,2025-04-18,99.19,9.8,Cash,Promo code SEASON25 applied at checkout
7224,12,108,154,612,5,2025-06-13,79.36,4.8,Online,Price matched to competitor flyer
7227,10,33,4246,1024,1,2025-10-20,245.11,31.1,Cash,Loyalty tier discount applied
7228,12,36,4659,247,2,2025-12-01,217.31,10.8,Cash,Promo code LOYALTY20 applied at checkout
7238,10,33,1469,321,2,2024-12-15,229.4,32.7,Credit Card,
7240,10,117,4953,95,5,2025-03-20,283.48,22.0,Credit Card,Promo code LOYALTY20 applied at checkout
7242,10,90,2967,752,5,2025-05-09,275.48,22.3,Online,Price matched to competitor flyer
7245,12,93,4526,3,3,2025-09-01,143.67,3.6,Debit Card,
7248,11,44,820,293,2,2024-10-09,185.2,32.0,Credit Card,
7257,11,44,2675,53,2,2025-01-13,33.31,22.2,Credit Card,
7258,9,61,4172,649,5,2024-10-23,295.5,4.9,Credit Card,Loyalty tier discount applied
7259,11,63,160,175,2,2025-09-02,149.43,22.9,Credit Card,Price matched to competitor flyer
7262,12,36,736,834,5,2025-08-30,216.25,10.5,Debit Card,Promo code SAVE10 applied at checkout
7267,11,12,3620,75,5,2025-03-19,161.01,27.6,Credit Card,Price matched to competitor flyer
7269,10,117,3509,547,5,2025-08-21,259.83,33.5,Debit Card,
7271,11,44,1622,451,1,2025-10-21,71.84,22.5,Debit Card,Price matched to competitor flyer
7273,10,15,251,503,2,2025-08-04,62.2,27.0,Cash,Promo code SEASON25 applied at checkout
7278,10,15,3833,928,4,2025-10-03,88.08,28.5,Online,
7279,12,93,1902,1499,2,2025-10-16,67.44,8.9,Online,Promo code LOYALTY20 applied at checkout
7281,9,25,296,1064,5,2025-02-08,262.56,6.8,Online,
7282,11,44,4401,29,2,2025-09-24,288.3,29.6,Cash,Promo code SEASON25 applied at checkout
7283,10,16,824,54,1,2025-06-06,244.77,26.9,Credit Card,
7285,10,16,3850,190,2,2024-12-24,37.62,31.8,Cash,
7286,11,44,4259,114,1,2025-02-09,252.77,24.0,Debit Card,Price matched to competitor flyer
7288,12,102,4907,263,2,2024-10-21,217.45,4.1,Online,
7289,9,25,4116,163,3,2025-03-20,98.72,5.9,Online,
7290,12,93,720,99,2,2024-10-10,222.09,11.7,Debit Card,Loyalty tier discount applied
7292,12,102,2098,803,5,2024-12-22,68.15,8.1,Debit Card,Promo code SEASON25 applied at checkout
7295,11,97,4272,175,2,2025-01-21,48.45,30.9,Debit Card,Loyalty tier discount applied
7299,11,12,4324,122,4,2025-10-17,163.37,33.3,Cash,Promo code SEASON25 applied at checkout
7301,12,108,4445,538,1,2025-08-08,113.89,6.9,Credit Card,
7305,12,36,2364,248,4,2025-01-25,244.66,10.2,Credit Card,
7306,10,90,1970,1455,1,2025-10-14,150.61,32.2,Debit Card,
7308,11,81,4365,90,3,2025-05-08,191.97,31.0,Credit Card,Price matched to competitor flyer
7309,11,97,2195,1072,3,2024-11-15,242.86,23.3,Cash,
7310,11,64,3351,559,2,2025-01-23,287.75,31.5,Cash,Price matched to competitor flyer
7313,11,81,1208,128,1,2025-08-01,19.72,28.1,Cash,
7314,9,27,1140,1388,1,2025-10-19,284.25,9.3,Cash,Promo code SAVE10 applied at checkout
7315,11,64,2977,172,5,2025-02-15,268.11,25.6,Credit Card,
7317,11,44,1645,235,5,2025-02-10,177.51,33.7,Cash,Promo code LOYALTY20 applied at checkout
7318,11,12,3652,107,4,2025-03-31,64.73,32.4,Credit Card,
7319,10,75,1156,99,3,2025-03-27,8.57,26.9,Online,Loyalty tier discount applied
7321,12,108,3743,825,1,2025-06-23,231.15,11.8,Debit Card,Promo code SEASON25 applied at checkout
7322,10,38,4866,757,5,2025-01-24,26.76,24.5,Cash,
7323,10,75,1740,283,1,2025-10-21,107.12,32.8,Credit Card,
7325,9,25,1458,282,2,2025-04-09,35.99,5.4,Cash,
7327,12,100,4948,194,2,2025-11-10,206.86,4.9,Cash,
7337,12,100,504,82,1,2025-02-01,58.03,11.3,Debit Card,Price matched to competitor flyer
7340,11,81,2623,31,4,2024-10-23,284.68,33.1,Online,Loyalty tier discount applied
7341,9,51,2759,199,1,2025-11-24,269.39,5.1,Online,Loyalty tier discount applied
7342,12,18,4005,1317,3,2025-11-23,291.78,9.4,Online,
7347,9,61,2760,37,5,2025-03-26,172.97,5.9,Cash,
7350,12,18,1326,550,1,2025-01-24,110.98,9.0,Online,
7356,11,12,2094,859,5,2025-08-22,114.54,25.7,Debit Card,
7357,10,15,701,1296,2,2025-06-27,143.36,27.0,Credit Card,
7367,12,36,3714,587,3,2025-08-20,123.41,9.9,Debit Card,Loyalty tier discount applied
7368,11,12,3412,192,3,2025-07-04,33.22,22.5,Debit Card,
7372,9,24,3722,801,1,2025-04-03,200.08,11.9,Cash,Promo code SAVE10 applied at checkout
7376,9,6,4743,662,3,2024-12-22,133.16,11.0,Online,
7380,9,120,4365,218,3,2025-09-18,191.97,6.9,Cash,
7382,10,33,760,1468,5,2025-07-11,108.96,29.0,Credit Card,Price matched to competitor flyer
7384,10,67,4320,860,1,2024-12-29,81.65,26.5,Debit Card,
7386,12,18,3052,1013,5,2025-07-31,263.18,7.2,Credit Card,
7387,10,67,3944,38,2,2025-02-27,279.03,31.3,Online,Loyalty tier discount applied
7391,9,27,1672,131,4,2025-02-10,91.72,8.5,Cash,Loyalty tier discount applied
7399,11,97,4461,78,1,2025-06-10,170.9,30.1,Credit Card,Price matched to competitor flyer
7401,10,39,3414,152,5,2025-01-04,126.68,23.4,Credit Card,Price matched to competitor flyer
7404,10,101,778,1458,2,2025-03-13,286.59,22.6,Cash,
7405,12,102,3414,9,3,2024-12-03,126.68,7.9,Credit Card,
7407,12,60,4667,241,3,2025-05-17,95.59,10.7,Online,Loyalty tier discount applied
7409,12,102,4326,774,5,2025-01-10,171.58,5.9,Credit Card,Price matched to competitor flyer
7410,10,33,1159,33,2,2025-10-12,123.62,22.6,Debit Card,Promo code WELCOME15 applied at checkout
7417,11,12,3863,3,1,2025-11-26,161.74,22.2,Cash,Loyalty tier discount applied
7420,11,44,1952,750,1,2025-02-16,134.4,30.3,Online,
7424,9,52,4225,467,2,2024-11-10,23.11,10.7,Cash,
7427,9,65,900,270,5,2025-04-20,124.35,10.1,Credit Card,
7430,12,36,1090,229,1,2025-08-20,39.62,7.6,Debit Card,Promo code WELCOME15 applied at checkout
7431,12,100,1970,193,2,2024-10-13,150.61,5.4,Online,
7433,10,90,4457,136,2,2025-05-11,194.12,33.8,Cash,
7441,11,64,1536,285,3,2025-04-27,59.05,28.7,Credit Card,
7445,9,24,4107,59,1,2025-02-22,60.86,7.6,Cash,
7448,11,81,3563,275,2,2025-04-08,272.79,29.8,Debit Card,
7452,10,117,2993,121,1,2025-04-10,231.47,23.0,Cash,
7454,12,93,879,567,2,2024-10-10,254.97,6.1,Credit Card,Price matched to competitor flyer
7458,11,44,3713,61,4,2025-11-24,44.17,29.9,Credit Card,Price matched to competitor flyer
7462,12,93,3210,1076,5,2025-09-02,179.13,9.8,Cash,Promo code LOYALTY20 applied at checkout
7468,9,6,1321,143,3,2025-05-26,133.2,3.7,Online,
7473,11,63,2992,55,1,2025-06-07,26.03,32.3,Debit Card,
7474,11,81,2690,321,1,2025-04-25,147.47,32.0,Credit Card,Promo code WELCOME15 applied at checkout
7475,12,36,4188,418,1,2025-03-29,22.17,10.4,Online,Promo code SEASON25 applied at checkout
7481,9,37,1912,83,5,2024-10-24,72.02,6.0,Debit Card,Price matched to competitor flyer
7487,12,108,2165,140,4,2025-01-18,242.75,9.5,Debit Card,
7491,11,63,94,298,2,2025-04-06,252.06,23.0,Debit Card,Promo code SAVE10 applied at checkout
7493,12,100,1170,836,1,2025-07-15,43.69,11.5,Online,
7496,12,93,43,719,1,2024-11-29,65.37,10.2,Debit Card,
7498,12,36,4936,7,1,2025-02-09,118.92,3.1,Debit Card,
7500,11,44,4892,231,2,2025-05-26,282.93,22.2,Credit Card,
7507,9,6,4533,160,3,2025-06-24,272.4,5.8,Debit Card,Price matched to competitor flyer
7508,10,38,1103,294,1,2024-10-19,13.51,27.3,Cash,
7513,11,44,897,98,4,2025-04-04,113.28,31.0,Credit Card,
7515,11,44,186,231,1,2025-02-18,253.91,22.2,Cash,
7521,9,2,3392,256,4,2025-03-11,263.44,4.9,Cash,Price matched to competitor flyer
7524,10,117,1962,71,2,2025-02-15,182.41,28.0,Credit Card,Price matched to competitor flyer
7525,9,2,3543,862,2,2025-03-18,108.26,6.6,Credit Card,
7529,10,87,351,429,1,2024-10-01,262.17,24.0,Debit Card,Promo code SEASON25 applied at checkout
7531,12,93,2616,248,1,2025-12-01,155.74,5.8,Credit Card,
7535,10,55,3791,426,1,2025-09-18,108.58,32.9,Credit Card,
7536,9,27,448,98,4,2024-12-09,272.84,6.0,Credit Card,Loyalty tier discount applied
7539,11,12,3587,759,1,2024-12-24,200.67,24.6,Debit Card,
7541,10,71,2617,9,1,2025-02-03,218.73,23.6,Debit Card,Promo code LOYALTY20 applied at checkout
7542,12,18,588,625,1,2025-05-04,210.39,3.7,Debit Card,Promo code WELCOME15 applied at checkout
7546,11,12,1401,188,4,2025-03-03,230.08,28.2,Credit Card,Price matched to competitor flyer
7554,12,36,4692,18,1,2025-08-23,194.61,7.9,Credit Card,
7556,9,61,714,278,1,2025-04-11,11.08,7.2,Credit Card,Promo code LOYALTY20 applied at checkout
7563,11,12,4550,52,5,2025-09-23,235.6,25.2,Credit Card,
7568,12,100,1114,599,4,2024-11-14,210.55,6.7,Cash,
7570,10,90,2904,107,3,2025-01-06,155.8,24.7,Cash,Price matched to competitor flyer
7572,12,102,2664,271,2,2025-03-29,263.24,9.3,Credit Card,
7574,12,60,961,60,2,2025-10-16,121.08,10.4,Online,
7576,10,16,3677,17,1,2024-10-27,64.92,27.8,Online,Promo code WELCOME15 applied at checkout
7581,11,63,3770,204,1,2025-01-16,187.45,26.6,Debit Card,Price matched to competitor flyer
7584,11,44,4714,93,1,2025-05-02,244.58,22.7,Credit Card,Promo code SAVE10 applied at checkout
7587,9,106,2092,278,4,2025-05-06,279.41,7.2,Online,Price matched to competitor flyer
7590,12,36,160,34,1,2025-11-14,149.43,8.9,Cash,
7594,10,75,4653,92,1,2025-03-06,105.45,29.8,Online,Price matched to competitor flyer
7596,11,81,2938,117,1,2024-11-17,114.66,28.5,Credit Card,Price matched to competitor flyer
7598,9,51,459,197,5,2025-05-24,18.18,6.5,Cash,Promo code WELCOME15 applied at checkout
7599,11,12,3103,643,4,2025-08-13,148.45,26.3,Credit Card,
7600,10,55,4,1156,1,2024-11-05,274.78,28.2,Online,
7602,12,18,3887,526,2,2025-06-06,153.72,7.1,Credit Card,Price matched to competitor flyer
7604,11,81,728,124,3,2025-09-23,198.78,30.4,Cash,Price matched to competitor flyer
7607,12,108,2122,31,1,2025-10-22,17.7,5.5,Debit Card,
7609,10,16,4069,56,2,2025-06-29,93.16,28.7,Credit Card,
7610,11,64,4235,1159,1,2025-01-23,114.02,24.2,Credit Card,Promo code SAVE10 applied at checkout
7614,10,71,3903,282,1,2025-09-27,11.83,29.4,Credit Card,Promo code WELCOME15 applied at checkout
7616,12,18,250,231,2,2025-10-27,231.52,5.7,Debit Card,
7617,11,63,4567,1449,3,2025-11-04,129.83,28.9,Cash,Loyalty tier discount applied
7621,10,39,1132,1350,2,2025-01-18,230.63,31.4,Cash,Promo code WELCOME15 applied at checkout
7622,9,24,2888,943,1,2025-03-05,293.62,11.3,Debit Card,
7624,12,93,1135,1155,2,2024-10-26,116.49,3.6,Cash,Price matched to competitor flyer
7626,12,102,3039,1309,5,2024-10-04,210.52,3.7,Online,Price matched to competitor flyer
7629,11,64,3020,42,1,2025-10-07,24.65,26.8,Debit Card,Price matched to competitor flyer
7635,12,93,1453,279,2,2025-01-25,197.77,9.3,Cash,
7648,10,16,559,99,2,2025-03-03,217.05,25.8,Credit Card,
7658,11,64,3074,1417,1,2025-10-27,92.45,31.3,Credit Card,
7660,9,120,2772,772,1,2025-02-03,274.94,3.6,Cash,Promo code WELCOME15 applied at checkout
7662,10,71,1251,216,2,2025-07-03,109.1,28.7,Credit Card,
7663,10,38,3433,21,1,2025-04-29,246.77,25.7,Debit Card,
7668,12,18,2890,83,1,2025-10-04,23.58,5.5,Credit Card,
7670,11,64,3259,237,3,2025-04-09,85.2,29.0,Credit Card,
7671,12,18,2310,527,2,2025-08-08,54.89,3.7,Cash,
7674,9,120,533,1391,2,2025-10-06,230.31,11.8,Debit Card,
7676,10,71,3184,204,5,2025-09-25,267.77,23.9,Debit Card,
7680,12,60,1214,238,2,2025-03-11,84.44,5.1,Debit Card,Price matched to competitor flyer
7681,10,90,3978,426,1,2025-09-27,75.88,32.5,Credit Card,Promo code WELCOME15 applied at checkout
7684,10,67,705,249,3,2024-12-05,235.14,28.0,Credit Card,
7689,10,75,759,23,3,2024-12-05,154.59,32.8,Cash,Price matched to competitor flyer
7691,10,71,4829,80,1,2025-04-18,248.57,25.2,Debit Card,Price matched to competitor flyer
7692,10,16,2203,197,1,2025-05-17,24.29,28.1,Credit Card,Price matched to competitor flyer
7695,11,44,4440,1249,2,2025-06-16,87.49,24.3,Debit Card,Price matched to competitor flyer
7699,10,15,3469,102,4,2025-03-01,269.31,28.9,Cash,
7703,10,55,1018,210,2,2024-11-27,55.68,27.8,Debit Card,
7704,9,65,3739,137,3,2025-07-28,238.73,11.4,Cash,
7707,11,12,2650,96,3,2025-02-16,208.55,33.2,Credit Card,Promo code SEASON25 applied at checkout
7708,12,36,4018,248,1,2025-11-06,87.19,7.6,Online,Promo code SAVE10 applied at checkout
7710,12,102,1952,113,1,2025-04-25,134.4,6.4,Debit Card,
7712,11,97,4972,548,3,2024-12-04,55.42,29.9,Credit Card,Promo code WELCOME15 applied at checkout
7715,11,81,1493,193,2,2025-05-04,296.27,22.2,Credit Card,
7720,9,111,1106,61,2,2024-10-08,90.48,4.0,Credit Card,
7727,11,12,706,9,2,2025-11-21,42.42,25.0,Credit Card,Loyalty tier discount applied
7731,12,100,3302,540,1,2024-11-17,47.98,4.4,Debit Card,Price matched to competitor flyer
7733,12,93,4112,1391,1,2025-03-24,76.06,5.4,Credit Card,
7740,12,100,3544,275,2,2025-05-12,250.91,9.4,Debit Card,Promo code LOYALTY20 applied at checkout
7742,10,16,1705,174,4,2025-08-03,267.25,27.3,Online,Price matched to competitor flyer
7745,10,38,2572,1,1,2025-03-07,14.54,25.8,Credit Card,Loyalty tier discount applied
7750,12,36,4930,56,1,2025-03-04,188.76,4.7,Debit Card,
7752,10,71,3069,251,1,2025-06-29,45.08,31.9,Credit Card,Loyalty tier discount applied
7753,10,117,2779,149,1,2025-03-08,261.33,31.5,Online,Promo code SEASON25 applied at checkout
7758,12,18,854,212,2,2024-11-02,109.48,8.8,Credit Card,
7761,12,60,2893,219,1,2025-05-19,101.57,7.6,Online,
7762,9,25,4871,93,1,2024-11-11,195.12,9.4,Cash,Promo code WELCOME15 applied at checkout
7765,12,18,366,290,1,2025-01-16,84.21,9.2,Credit Card,Loyalty tier discount applied
7768,11,12,2215,53,1,2025-03-10,194.04,32.4,Debit Card,
7770,11,44,4604,238,5,2024-12-24,69.12,31.7,Debit Card,
7771,11,12,537,422,3,2025-07-25,144.1,33.3,Credit Card,
7773,10,87,3432,164,3,2025-06-05,203.01,23.3,Cash,Promo code SAVE10 applied at checkout
7781,11,81,641,41,2,2024-10-06,55.87,25.8,Credit Card,
7782,11,12,267,51,1,2025-03-14,37.02,26.6,Credit Card,Promo code WELCOME15 applied at checkout
7783,11,63,2861,1183,2,2025-04-05,42.52,33.1,Debit Card,Loyalty tier discount applied
7789,12,36,3189,16,4,2025-10-18,286.4,4.7,Credit Card,Loyalty tier discount applied
7790,9,25,1625,1114,1,2025-05-03,68.95,7.5,Cash,
7791,9,24,1816,270,2,2024-12-08,166.69,7.2,Debit Card,Promo code SAVE10 applied at checkout
7792,11,97,838,99,4,2024-11-12,177.07,22.4,Debit Card,
7793,10,71,578,646,1,2025-10-25,254.27,27.4,Credit Card,
7795,12,108,1396,95,4,2025-07-27,257.53,3.4,Debit Card,
7797,10,39,4436,425,2,2025-10-30,23.38,24.9,Credit Card,Promo code SAVE10 applied at checkout
7799,11,64,626,133,4,2025-03-10,48.8,25.8,Cash,
7802,12,100,3727,150,2,2024-12-29,93.24,3.3,Online,
7805,12,100,3112,315,2,2025-04-11,101.23,8.1,Online,Promo code LOYALTY20 applied at checkout
7807,10,87,4476,1268,1,2024-12-15,65.47,26.5,Debit Card,Loyalty tier discount applied
7810,9,65,68,73,3,2025-08-05,246.76,7.0,Credit Card,Promo code WELCOME15 applied at checkout
7813,9,25,5000,1270,5,2024-12-25,197.5,6.0,Credit Card,
7817,10,87,4456,46,2,2024-10-02,299.26,22.4,Cash,
7823,10,87,3572,332,5,2025-01-04,288.02,32.0,Credit Card,Promo code SEASON25 applied at checkout
7825,10,71,586,195,5,2024-11-30,223.17,25.0,Cash,
7828,9,52,569,248,2,2025-07-03,13.59,6.6,Cash,
7829,12,93,3733,273,3,2025-06-13,260.38,8.9,Debit Card,Price matched to competitor flyer
7830,12,102,1800,105,4,2025-02-02,168.36,7.4,Credit Card,Promo code LOYALTY20 applied at checkout
7832,12,18,2833,235,2,2025-12-09,5.39,7.0,Debit Card,
7837,12,108,4918,333,1,2025-09-10,67.56,8.0,Debit Card,Price matched to competitor flyer
7839,11,44,810,1031,3,2024-10-29,160.51,31.9,Credit Card,
7840,12,60,2303,483,3,2025-07-19,155.59,11.7,Credit Card,Promo code SEASON25 applied at checkout
7842,11,81,3452,840,1,2025-02-06,110.17,28.3,Cash,Price matched to competitor flyer
7844,12,18,188,1385,4,2025-07-22,202.34,8.3,Credit Card,
7848,9,52,4536,13,1,2024-12-11,167.04,10.5,Debit Card,
7851,9,65,3466,1438,1,2025-10-05,56.73,7.0,Credit Card,
7852,11,81,1639,834,2,2025-05-07,89.41,23.3,Cash,
7859,10,15,90,129,3,2025-07-23,81.37,33.5,Debit Card,Loyalty tier discount applied
7860,12,60,1938,225,1,2024-12-08,76.73,5.7,Credit Card,Promo code WELCOME15 applied at checkout
7862,11,64,355,224,2,2025-11-28,244.59,26.0,Debit Card,Price matched to competitor flyer
7864,12,36,1464,1357,1,2025-06-14,140.5,5.8,Cash,Promo code SEASON25 applied at checkout
7867,12,36,2195,3,1,2025-12-06,242.86,9.5,Debit Card,
7870,12,60,467,822,1,2025-05-04,123.77,3.2,Credit Card,
7875,10,15,2005,173,4,2025-09-10,57.81,23.6,Online,Promo code SEASON25 applied at checkout
7879,12,60,4634,373,1,2024-12-29,286.81,3.2,Credit Card,Promo code LOYALTY20 applied at checkout
7880,9,24,4938,149,5,2025-10-16,269.15,8.7,Cash,
7885,10,33,253,1069,4,2025-04-19,25.95,30.9,Credit Card,
7896,10,87,1412,93,1,2025-10-30,86.76,22.5,Credit Card,Price matched to competitor flyer
7897,12,93,4510,257,1,2025-10-01,153.02,3.4,Credit Card,Promo code SEASON25 applied at checkout
7899,11,12,195,555,5,2024-12-09,234.28,25.8,Online,Promo code LOYALTY20 applied at checkout
7903,10,117,1923,103,5,2025-01-19,56.62,27.0,Credit Card,
7904,9,106,456,701,3,2025-02-27,36.28,10.0,Credit Card,
7906,11,44,2995,1188,1,2025-07-08,244.11,22.9,Credit Card,Loyalty tier discount applied
7907,11,64,4490,886,2,2025-11-24,191.1,24.9,Credit Card,Price matched to competitor flyer
7909,12,100,2681,234,2,2025-10-17,115.68,10.7,Debit Card,
7910,10,55,3094,840,1,2025-10-11,222.3,24.1,Online,Loyalty tier discount applied
7911,11,63,3931,269,3,2025-01-07,265.48,25.5,Online,Promo code LOYALTY20 applied at checkout
7913,12,36,102,1328,3,2025-10-31,282.23,8.5,Debit Card,Price matched to competitor flyer
7915,11,12,4533,784,3,2025-10-25,272.4,27.8,Online,Price matched to competitor flyer
7918,9,6,1791,297,1,2025-04-27,158.96,9.0,Online,
7921,12,60,4487,1151,5,2025-08-31,200.94,4.9,Cash,
7933,10,33,429,162,5,2025-08-18,165.22,24.5,Credit Card,Promo code SAVE10 applied at checkout
7937,10,87,4504,372,3,2025-04-16,109.51,33.7,Cash,
7938,11,97,1008,20,5,2024-12-23,79.43,31.7,Cash,
7943,11,97,2210,848,2,2025-09-17,89.1,22.8,Online,
7944,12,93,2484,139,3,2025-06-18,129.29,5.1,Debit Card,
7948,11,64,3304,248,2,2024-12-17,106.71,24.1,Credit Card,Price matched to competitor flyer
7950,9,24,2259,1306,5,2025-03-25,125.25,7.4,Credit Card,Price matched to competitor flyer
7953,9,2,3745,140,2,2025-09-23,158.73,6.8,Debit Card,Promo code SEASON25 applied at checkout
7955,9,24,498,300,1,2025-09-11,90.73,11.3,Cash,
7959,9,25,3619,1440,4,2024-10-10,203.19,11.1,Cash,
7964,11,44,2225,1075,3,2025-08-12,227.26,33.6,Credit Card,
7967,9,25,2706,143,2,2025-03-09,82.55,9.0,Online,
7969,10,90,2727,358,2,2024-12-30,161.98,32.0,Credit Card,Price matched to competitor flyer
7977,9,65,1012,1038,5,2024-10-05,58.19,5.9,Cash,
7978,12,108,704,433,2,2025-02-04,255.91,10.2,Credit Card,
7980,10,117,3355,1024,2,2025-04-24,116.0,25.8,Debit Card,Price matched to competitor flyer
7983,10,71,608,111,1,2024-12-08,105.15,29.4,Debit Card,Promo code SAVE10 applied at checkout
7985,10,87,4177,810,5,2024-10-12,119.5,29.1,Credit Card,
7991,11,44,3868,337,3,2025-11-15,8.13,27.4,Credit Card,
7998,11,63,1273,135,3,2025-05-10,109.18,24.9,Online,
8003,12,102,1503,293,4,2025-11-15,165.34,10.5,Cash,
8010,12,108,2690,1372,1,2025-04-19,147.47,6.3,Online,Promo code LOYALTY20 applied at checkout
8011,12,36,4129,388,5,2025-01-26,147.7,6.1,Credit Card,
8013,12,100,1765,243,1,2025-01-17,249.47,5.4,Credit Card,
8014,9,120,443,16,1,2024-10-20,59.21,11.3,Cash,
8019,10,39,2614,28,2,2025-10-15,291.0,29.4,Debit Card,
8022,9,111,3247,1124,1,2025-01-07,173.52,11.6,Debit Card,
8031,12,102,3546,120,2,2024-10-09,70.48,4.8,Credit Card,
8033,10,71,3249,816,1,2025-01-11,171.19,23.7,Online,
8034,12,18,349,1215,1,2025-05-26,263.46,6.3,Debit Card,
8036,12,102,1097,147,4,2024-12-13,232.12,7.5,Credit Card,
8038,12,102,3616,263,1,2025-05-31,24.31,6.5,Credit Card,Promo code WELCOME15 applied at checkout
8041,9,24,2796,199,1,2025-05-29,213.06,9.8,Online,
8045,10,67,4192,510,2,2024-11-13,95.8,26.1,Cash,
8046,11,97,2225,67,5,2025-10-16,227.26,22.4,Cash,Promo code SEASON25 applied at checkout
8047,9,61,4929,195,1,2024-11-19,225.15,6.6,Credit Card,Loyalty tier discount applied
8049,10,39,3168,284,5,2025-08-12,64.23,27.5,Debit Card,
8050,11,12,1988,231,4,2025-07-02,76.68,32.5,Credit Card,
8055,11,63,2100,203,3,2025-02-06,124.92,30.7,Credit Card,
8063,12,100,3823,851,5,2025-02-07,93.96,6.3,Debit Card,
8064,10,39,1414,285,1,2025-11-24,149.86,22.4,Credit Card,
8065,11,64,3042,248,1,2025-11-19,73.88,30.7,Debit Card,Loyalty tier discount applied
8068,12,93,1387,20,2,2025-10-02,235.25,9.1,Cash,Loyalty tier discount applied
8070,9,51,2822,37,2,2024-12-12,155.32,6.4,Debit Card,Promo code SEASON25 applied at checkout
8071,12,108,4540,1485,3,2025-10-09,228.26,10.6,Online,Loyalty tier discount applied
8072,11,81,3325,212,2,2025-06-26,134.9,29.0,Credit Card,Promo code WELCOME15 applied at checkout
8074,11,12,3778,180,5,2025-01-30,130.82,34.0,Credit Card,Promo code WELCOME15 applied at checkout
8075,10,101,1070,1440,4,2024-10-22,70.02,29.8,Credit Card,
8076,10,71,434,72,3,2025-01-25,155.48,23.9,Cash,
8078,11,44,3833,138,5,2025-09-25,88.08,28.1,Online,Price matched to competitor flyer
8081,10,15,4277,1341,3,2024-12-13,254.96,28.8,Credit Card,Price matched to competitor flyer
8082,10,67,4125,1107,5,2025-02-25,288.83,31.3,Cash,
8085,11,63,103,213,1,2025-11-06,183.46,22.6,Online,Promo code LOYALTY20 applied at checkout
8092,9,6,1260,320,1,2025-03-06,292.05,10.2,Online,Loyalty tier discount applied
8093,12,18,3728,956,2,2024-12-04,61.78,5.9,Cash,Promo code SAVE10 applied at checkout
8097,12,18,1082,189,5,2025-05-30,222.1,5.8,Debit Card,Loyalty tier discount applied
8100,9,51,2497,757,2,2024-10-07,170.03,7.3,Online,
8104,9,37,2829,554,3,2024-12-09,257.02,9.2,Debit Card,Promo code SAVE10 applied at checkout
8105,12,18,1065,148,4,2025-05-13,56.29,8.0,Credit Card,Price matched to competitor flyer
8108,10,117,3184,255,3,2025-02-11,267.77,24.5,Cash,Promo code SAVE10 applied at checkout
8110,10,33,4470,1346,1,2025-10-02,210.01,22.7,Debit Card,
8115,11,97,2665,834,1,2025-01-05,118.39,27.4,Debit Card,Loyalty tier discount applied
8116,12,36,785,307,1,2025-02-12,199.49,4.7,Credit Card,
8117,12,108,4640,78,1,2024-11-02,82.62,8.9,Credit Card,
8119,12,18,1368,46,1,2025-02-22,34.29,3.8,Cash,
8121,10,67,1702,114,2,2025-02-04,90.55,26.9,Debit Card,Loyalty tier discount applied
8123,9,61,1161,221,3,2025-03-22,185.15,11.4,Debit Card,Price matched to competitor flyer
8129,12,100,1393,213,2,2024-12-30,242.53,5.2,Cash,
8131,9,52,356,262,1,2025-07-19,252.39,5.3,Online,
8132,11,97,4464,494,3,2024-10-02,200.71,27.8,Online,
8133,10,67,1291,139,1,2025-02-16,102.53,34.0,Cash,Price matched to competitor flyer
8135,9,27,4130,155,1,2024-10-29,123.73,5.7,Cash,Loyalty tier discount applied
8147,12,102,4447,1389,5,2025-03-11,121.73,9.8,Debit Card,Promo code SAVE10 applied at checkout
8149,9,51,51,63,1,2024-12-06,146.82,3.3,Online,
8151,11,12,562,223,5,2025-10-27,34.71,27.3,Debit Card,Promo code SEASON25 applied at checkout
8161,10,55,2156,223,2,2025-05-02,27.48,22.0,Debit Card,
8163,12,102,2030,155,1,2024-12-16,38.05,6.3,Cash,Promo code LOYALTY20 applied at checkout
8169,12,100,4652,1173,2,2025-09-25,271.26,5.7,Cash,Price matched to competitor flyer
8174,12,93,4060,1278,2,2025-08-09,142.12,8.4,Debit Card,
8181,10,55,239,999,2,2025-04-07,145.45,23.7,Online,Loyalty tier discount applied
8185,12,100,3270,238,4,2025-08-03,281.2,3.1,Credit Card,Loyalty tier discount applied
8186,12,93,4926,829,2,2025-07-01,160.66,11.6,Online,
8193,11,44,2520,1182,1,2025-12-05,273.62,22.3,Cash,
8199,10,90,481,675,4,2025-09-25,106.53,28.6,Debit Card,
8200,11,63,1639,251,2,2024-11-28,89.41,23.2,Online,
8206,9,52,1171,664,3,2025-04-10,117.61,5.4,Credit Card,Promo code SAVE10 applied at checkout
8207,9,37,3499,149,2,2025-11-25,297.78,5.6,Cash,Loyalty tier discount applied
8209,11,64,4393,37,3,2025-11-20,264.52,23.3,Cash,Price matched to competitor flyer
8211,12,60,748,200,2,2025-05-13,205.91,4.4,Credit Card,Promo code LOYALTY20 applied at checkout
8214,11,12,405,172,3,2025-06-01,58.36,30.9,Credit Card,Price matched to competitor flyer
8216,11,44,2129,257,5,2025-05-12,88.15,29.0,Credit Card,
8221,10,15,4260,9,5,2025-06-08,80.05,30.0,Online,Promo code SAVE10 applied at checkout
8225,10,117,3473,158,3,2025-06-04,299.63,30.4,Credit Card,Promo code WELCOME15 applied at checkout
8226,12,60,902,1039,3,2024-11-22,47.39,9.9,Credit Card,
8228,10,15,3288,24,2,2025-08-07,69.47,25.4,Debit Card,
8232,9,106,67,22,1,2024-11-01,120.13,3.3,Credit Card,
8234,12,102,4922,116,1,2024-12-31,57.57,10.6,Online,Promo code SEASON25 applied at checkout
8244,10,67,522,148,3,2024-10-19,82.44,34.0,Credit Card,Price matched to competitor flyer
8245,9,65,3358,934,1,2025-02-23,295.84,3.7,Credit Card,
8253,9,51,2092,762,1,2024-11-11,279.41,9.0,Cash,Promo code LOYALTY20 applied at checkout
8260,12,100,4861,638,1,2025-12-08,103.4,10.4,Debit Card,
8266,11,64,1088,1192,2,2024-11-03,216.54,25.1,Debit Card,Promo code SEASON25 applied at checkout
8269,12,108,453,1174,1,2025-11-26,39.45,10.4,Credit Card,Promo code LOYALTY20 applied at checkout
8270,10,16,2703,32,1,2025-04-01,232.35,32.6,Debit Card,
8274,10,75,2592,158,2,2025-10-21,90.32,33.9,Credit Card,Price matched to competitor flyer
8276,10,87,3171,1357,2,2025-01-23,171.62,27.7,Cash,Promo code WELCOME15 applied at checkout
8279,9,111,2202,1254,2,2024-10-04,289.52,3.3,Debit Card,Promo code SAVE10 applied at checkout
8283,10,15,3721,121,3,2025-03-21,104.79,26.6,Credit Card,
8287,9,24,3822,83,1,2025-02-10,240.09,3.6,Credit Card,
8290,11,63,4117,286,4,2025-02-06,193.64,23.3,Debit Card,Promo code WELCOME15 applied at checkout
8303,10,38,3290,1337,1,2025-02-10,19.98,26.1,Cash,
8307,11,44,4799,222,5,2025-12-01,64.96,24.9,Credit Card,Promo code SAVE10 applied at checkout
8309,10,15,3786,198,5,2024-11-13,55.24,33.3,Debit Card,
8322,10,38,2517,333,5,2025-10-13,245.52,28.0,Credit Card,
8328,9,51,2872,20,1,2025-06-20,128.83,11.8,Credit Card,
8331,10,39,4127,1042,3,2025-07-22,287.08,31.1,Debit Card,
8336,11,63,1311,510,1,2025-09-17,158.57,32.0,Credit Card,
8338,11,97,4982,178,2,2025-01-24,274.71,28.5,Debit Card,
8339,10,101,4955,1455,2,2025-05-17,18.85,33.9,Credit Card,Promo code WELCOME15 applied at checkout
8341,12,60,4138,225,1,2025-01-23,173.74,9.6,Online,
8343,11,64,2727,213,2,2025-07-12,161.98,27.4,Credit Card,
8344,9,120,1912,863,2,2025-11-07,72.02,11.6,Debit Card,Loyalty tier discount applied
8345,11,63,641,181,2,2025-08-10,55.87,23.0,Debit Card,Price matched to competitor flyer
8349,10,101,2636,680,1,2025-02-27,142.19,25.5,Online,
8350,10,67,4617,1430,1,2024-11-22,188.57,29.9,Credit Card,
8353,12,60,1027,253,2,2025-05-19,39.13,5.8,Debit Card,
8354,9,2,512,96,5,2024-12-03,54.78,6.6,Cash,
8355,10,101,499,220,1,2025-10-02,136.86,29.5,Cash,Promo code SAVE10 applied at checkout
8356,11,81,1954,802,3,2024-11-22,251.78,26.0,Cash,
8364,9,65,4891,955,1,2025-10-18,270.82,10.5,Cash,Promo code SAVE10 applied at checkout
8366,10,38,1609,1312,2,2025-08-22,204.42,25.4,Credit Card,
8367,11,97,2178,743,1,2025-07-18,167.67,28.2,Online,Promo code SEASON25 applied at checkout
8374,9,25,3523,251,1,2025-06-22,112.61,11.6,Credit Card,Price matched to competitor flyer
8379,9,51,4790,66,2,2025-09-25,239.56,10.4,Cash,
8380,9,2,1962,82,3,2025-07-18,182.41,11.9,Cash,Loyalty tier discount applied
8382,9,106,1868,17,1,2025-04-29,104.75,8.3,Credit Card,
8384,9,65,545,690,3,2025-01-10,293.95,10.6,Cash,
8388,11,12,2362,1141,4,2025-03-04,136.32,29.8,Debit Card,
8390,11,44,4942,613,1,2025-08-23,203.77,33.4,Debit Card,Price matched to competitor flyer
8393,12,102,134,210,2,2025-06-12,79.21,8.3,Online,
8395,10,16,1654,90,1,2025-04-13,9.95,29.5,Credit Card,Promo code SEASON25 applied at checkout
8397,11,97,742,39,2,2024-10-27,286.48,25.4,Debit Card,Promo code WELCOME15 applied at checkout
8401,11,12,1512,242,2,2025-10-05,119.69,33.9,Credit Card,
8402,12,18,4979,697,5,2024-10-22,207.95,6.6,Credit Card,
8405,10,55,110,251,4,2025-01-25,13.57,32.3,Online,Promo code SAVE10 applied at checkout
8406,11,81,903,770,3,2025-03-03,109.39,26.3,Credit Card,
8407,10,101,4961,273,1,2024-10-13,211.05,27.4,Cash,
8416,11,64,1614,244,1,2025-10-13,114.67,27.8,Online,
8419,10,87,1888,206,5,2025-11-12,286.12,26.9,Credit Card,
8421,10,87,3422,167,3,2025-03-29,228.7,32.2,Cash,Promo code SEASON25 applied at checkout
8424,9,52,4694,1496,2,2025-03-23,203.6,4.1,Credit Card,Promo code SAVE10 applied at checkout
8428,12,100,1274,61,2,2025-04-09,102.58,11.7,Credit Card,
8429,10,16,4005,24,2,2025-10-09,291.78,30.2,Cash,Promo code SAVE10 applied at checkout
8430,10,87,1998,199,1,2024-11-06,86.56,24.5,Online,Promo code SAVE10 applied at checkout
8432,12,102,2538,286,2,2025-05-23,242.41,7.2,Debit Card,
8433,9,37,3829,1254,1,2025-03-24,21.98,7.6,Credit Card,
8434,12,60,3034,1121,4,2024-12-31,286.79,11.8,Credit Card,Price matched to competitor flyer
8440,9,2,1137,1374,1,2024-10-22,235.26,11.8,Credit Card,Promo code SAVE10 applied at checkout
8441,11,81,1450,150,1,2025-07-15,214.59,27.2,Cash,Loyalty tier discount applied
8443,9,51,3509,13,4,2025-09-04,259.83,4.5,Debit Card,
8450,9,27,26,288,1,2025-04-10,48.36,5.2,Credit Card,Loyalty tier discount applied
8451,10,67,4930,61,1,2024-10-12,188.76,30.3,Credit Card,
8456,12,100,2592,84,2,2025-05-25,90.32,4.7,Credit Card,Loyalty tier discount applied
8459,9,51,754,1096,1,2025-06-30,273.27,9.7,Debit Card,Promo code LOYALTY20 applied at checkout
8460,11,44,886,1132,1,2025-11-07,289.33,22.6,Debit Card,Loyalty tier discount applied
8469,11,44,4874,938,2,2025-05-23,210.93,31.6,Credit Card,Price matched to competitor flyer
8472,12,36,3190,272,1,2024-11-09,16.09,10.5,Debit Card,
8473,9,111,535,188,4,2025-11-28,55.45,7.6,Cash,Loyalty tier discount applied
8474,12,93,3929,712,3,2025-11-17,16.62,5.0,Credit Card,
8484,12,100,3941,219,3,2025-02-27,111.71,8.9,Debit Card,Promo code SAVE10 applied at checkout
8487,9,106,2004,1178,4,2024-11-24,90.69,4.5,Debit Card,Price matched to competitor flyer
8488,11,63,4627,194,1,2025-02-27,74.77,29.5,Cash,Price matched to competitor flyer
8489,11,12,2850,140,5,2025-04-03,193.26,24.6,Debit Card,
8491,9,24,4158,36,1,2025-01-24,265.29,11.5,Credit Card,
8493,11,97,3186,166,4,2025-02-26,46.25,33.2,Online,
8497,10,90,1136,475,1,2025-09-04,157.68,23.4,Credit Card,
8498,11,63,4244,78,3,2024-12-06,8.07,29.9,Online,Loyalty tier discount applied
8502,11,63,4778,29,1,2025-08-03,115.68,27.2,Credit Card,
8503,9,120,3863,171,4,2025-04-10,161.74,9.8,Credit Card,Promo code WELCOME15 applied at checkout
8505,9,111,2359,1493,5,2025-07-14,104.55,7.2,Online,Price matched to competitor flyer
8506,9,27,4174,15,1,2025-10-14,230.52,9.2,Credit Card,Price matched to competitor flyer
8508,9,65,150,123,1,2024-11-15,116.36,7.2,Credit Card,
8509,9,61,1434,1445,2,2025-03-23,157.2,5.3,Credit Card,Promo code WELCOME15 applied at checkout
8510,12,102,4622,193,5,2025-07-15,39.36,6.4,Debit Card,
8512,12,36,3720,332,1,2024-10-22,100.68,9.8,Credit Card,Promo code SEASON25 applied at checkout
8518,12,36,1975,268,3,2025-06-19,133.46,10.9,Credit Card,Loyalty tier discount applied
8521,9,6,4016,91,3,2024-10-13,287.03,10.1,Credit Card,Promo code SAVE10 applied at checkout
8522,10,87,4826,86,2,2025-06-05,42.75,33.6,Credit Card,Promo code WELCOME15 applied at checkout
8523,9,106,1232,76,1,2025-10-12,50.78,5.1,Debit Card,Promo code SAVE10 applied at checkout
8524,10,55,1427,218,1,2024-10-09,246.79,26.3,Credit Card,
8527,11,64,288,125,1,2024-11-30,192.82,27.6,Cash,Promo code SAVE10 applied at checkout
8532,10,75,1655,123,1,2025-02-25,179.38,32.3,Online,Promo code SAVE10 applied at checkout
8533,11,63,4490,1108,2,2025-08-09,191.1,25.8,Debit Card,Price matched to competitor flyer
8536,11,44,3446,835,5,2025-11-03,73.94,26.8,Debit Card,
8538,9,37,3584,5,1,2025-09-08,150.94,10.7,Online,
8542,11,64,3856,629,4,2025-06-01,165.58,28.5,Debit Card,Loyalty tier discount applied
8543,11,81,3430,1482,5,2025-06-19,129.32,28.8,Online,Promo code SAVE10 applied at checkout
8544,12,36,4178,148,3,2025-12-07,87.34,4.5,Credit Card,Loyalty tier discount applied
8546,12,108,607,1052,3,2025-11-28,139.9,8.0,Credit Card,Loyalty tier discount applied
8547,9,24,4740,103,1,2025-07-14,188.0,7.5,Credit Card,
8549,10,90,4490,204,1,2025-01-08,191.1,23.4,Credit Card,Promo code LOYALTY20 applied at checkout
8556,11,63,2177,717,1,2025-03-27,173.0,24.5,Cash,Price matched to competitor flyer
8561,9,37,2054,1005,2,2024-10-05,88.31,11.0,Online,Promo code LOYALTY20 applied at checkout
8568,12,60,2083,98,1,2025-11-17,24.97,5.6,Cash,Price matched to competitor flyer
8569,11,12,4667,456,5,2025-06-06,95.59,33.7,Online,Promo code SAVE10 applied at checkout
8570,9,37,1235,898,1,2025-04-03,256.13,11.8,Online,
8574,10,33,2423,287,5,2025-08-24,54.43,23.3,Debit Card,Promo code LOYALTY20 applied at checkout
8578,11,63,278,973,2,2025-06-18,272.39,28.2,Credit Card,Promo code LOYALTY20 applied at checkout
8579,11,97,4260,40,1,2025-08-17,80.05,29.8,Debit Card,Price matched to competitor flyer
8587,11,63,582,181,1,2025-08-06,73.43,22.5,Cash,Loyalty tier discount applied
8588,11,64,869,388,1,2024-11-23,198.56,26.6,Credit Card,Promo code LOYALTY20 applied at checkout
8590,12,100,1611,296,2,2025-08-01,191.83,10.4,Online,Promo code SAVE10 applied at checkout
8591,12,108,3083,785,3,2025-09-15,237.27,10.1,Credit Card,Price matched to competitor flyer
8594,12,100,1049,646,1,2025-03-05,139.55,4.7,Debit Card,
8595,11,97,454,845,1,2024-11-27,176.48,25.3,Online,
8596,12,36,4937,106,5,2025-06-28,283.93,6.0,Debit Card,Promo code LOYALTY20 applied at checkout
8599,12,36,1080,616,1,2025-07-15,277.49,11.5,Credit Card,Promo code SAVE10 applied at checkout
8600,11,44,1681,123,3,2025-01-11,84.02,25.4,Cash,Price matched to competitor flyer
8601,9,106,1807,141,1,2025-05-13,46.18,7.8,Credit Card,Price matched to competitor flyer
8605,9,2,680,57,2,2025-03-23,172.28,7.3,Online,
8607,11,81,3398,93,1,2024-12-30,249.41,29.7,Credit Card,
8608,11,81,3530,143,5,2025-08-16,159.08,28.4,Debit Card,Price matched to competitor flyer
8612,11,81,1684,212,3,2025-08-14,222.69,24.1,Online,
8613,11,97,865,921,2,2024-11-21,105.33,26.6,Credit Card,Promo code WELCOME15 applied at checkout
8615,12,100,2608,998,2,2025-04-30,54.02,10.2,Debit Card,Loyalty tier discount applied
8617,11,97,1844,122,2,2024-12-06,271.42,23.6,Credit Card,Promo code WELCOME15 applied at checkout
8618,11,12,238,216,4,2025-06-06,120.67,23.1,Online,Promo code SEASON25 applied at checkout
8620,10,33,4516,121,1,2025-08-22,244.25,32.6,Online,
8621,11,81,3982,62,5,2025-03-13,155.88,26.5,Debit Card,Promo code SEASON25 applied at checkout
8622,11,12,627,1024,2,2025-03-02,132.76,23.2,Cash,
8629,10,75,4177,117,2,2025-09-03,119.5,24.0,Debit Card,
8630,12,102,4037,56,3,2025-06-23,220.05,9.0,Credit Card,
8635,11,97,1853,1435,4,2025-10-08,293.51,24.2,Credit Card,Loyalty tier discount applied
8646,9,25,2103,114,1,2025-03-02,241.65,5.2,Debit Card,Loyalty tier discount applied
8650,9,65,4390,245,5,2024-12-16,212.2,8.0,Debit Card,
8651,10,33,1651,16,5,2024-12-30,277.52,24.3,Credit Card,
8653,12,100,3588,1285,2,2024-11-02,242.62,6.0,Debit Card,
8655,12,100,2186,101,5,2024-11-30,296.3,4.2,Cash,
8660,11,81,1724,898,3,2025-07-02,193.25,30.5,Debit Card,
8663,9,24,2316,99,1,2025-08-08,227.53,9.6,Credit Card,Loyalty tier discount applied
8666,9,65,3243,216,5,2024-10-25,50.81,11.8,Online,Promo code SAVE10 applied at checkout
8669,11,81,4689,244,2,2024-10-18,113.72,22.8,Cash,
8671,11,97,4289,232,2,2025-01-18,162.3,32.7,Online,Promo code LOYALTY20 applied at checkout
8675,9,37,798,1412,1,2024-12-06,191.29,3.4,Online,Promo code SAVE10 applied at checkout
8676,10,75,3618,124,1,2025-11-22,31.38,26.9,Credit Card,Promo code SAVE10 applied at checkout
8678,10,117,3985,484,4,2025-07-08,123.22,22.1,Debit Card,
8681,11,63,4365,809,1,2025-11-08,191.97,25.9,Credit Card,
8682,10,38,2640,11,5,2025-10-20,198.34,26.0,Online,Loyalty tier discount applied
8683,10,87,284,243,1,2025-06-06,293.03,25.2,Cash,Promo code SEASON25 applied at checkout
8688,12,60,4940,125,1,2025-04-05,217.23,9.4,Credit Card,
8689,11,81,1007,1479,3,2025-03-02,111.64,24.8,Credit Card,Loyalty tier discount applied
8692,10,101,2468,245,5,2025-10-01,227.15,30.0,Credit Card,Loyalty tier discount applied
8693,11,12,3045,217,1,2025-11-23,270.16,33.1,Credit Card,Price matched to competitor flyer
8694,10,117,3219,47,1,2025-08-22,203.26,28.8,Debit Card,
8699,12,93,387,273,5,2025-02-08,72.19,10.9,Online,
8705,10,39,2836,660,1,2025-07-13,86.11,26.9,Cash,Promo code SEASON25 applied at checkout
8707,9,2,1723,177,1,2025-04-16,165.01,4.0,Credit Card,
8712,12,18,3899,384,4,2025-08-09,260.24,5.4,Debit Card,Promo code LOYALTY20 applied at checkout
8715,11,63,1516,52,1,2025-07-06,156.02,25.0,Credit Card,Promo code SAVE10 applied at checkout
8717,10,33,3588,44,1,2025-08-13,242.62,32.6,Credit Card,Loyalty tier discount applied
8725,12,36,935,557,2,2025-08-29,158.63,11.1,Online,Price matched to competitor flyer
8741,10,71,3724,44,1,2024-12-11,210.5,22.1,Cash,
8743,10,55,514,50,2,2024-12-26,205.29,24.2,Debit Card,Loyalty tier discount applied
8744,10,75,3494,244,2,2025-01-31,150.03,31.3,Credit Card,
8745,12,93,4921,1395,1,2025-09-01,17.24,10.1,Debit Card,
8748,9,111,1697,1219,1,2025-08-23,269.9,6.1,Cash,Loyalty tier discount applied
8752,12,36,4580,1310,1,2025-06-29,106.55,10.0,Debit Card,Promo code WELCOME15 applied at checkout
8758,12,102,1945,1487,2,2025-02-09,18.81,7.6,Debit Card,
8761,9,24,4256,1127,1,2024-10-26,202.68,9.2,Debit Card,
8767,10,16,1140,48,2,2025-09-09,284.25,23.7,Debit Card,
8769,9,61,4446,769,1,2025-06-19,218.75,10.9,Credit Card,
8778,10,33,3171,227,1,2024-10-01,171.62,24.5,Online,
8780,10,101,4648,259,1,2024-10-09,223.94,30.9,Credit Card,
8783,9,111,2567,1324,2,2025-02-13,66.16,11.5,Cash,
8784,12,60,2475,246,5,2024-10-21,211.91,8.6,Credit Card,
8787,9,6,2860,62,5,2025-09-09,40.76,12.0,Credit Card,
8793,12,93,4247,403,5,2025-05-11,69.3,3.2,Debit Card,Loyalty tier discount applied
8796,9,61,1548,1282,1,2025-06-01,65.37,3.0,Cash,
8798,9,37,4336,82,3,2025-11-15,202.78,11.9,Credit Card,
8799,12,108,1744,434,2,2025-03-16,214.82,5.5,Credit Card,Promo code WELCOME15 applied at checkout
8801,11,12,2768,175,1,2025-06-25,226.99,28.8,Online,Price matched to competitor flyer
8802,12,60,911,8,2,2024-10-09,218.31,9.6,Cash,Promo code WELCOME15 applied at checkout
8804,9,52,1671,997,2,2025-03-31,252.67,7.8,Cash,Price matched to competitor flyer
8806,9,51,1790,100,2,2025-01-01,295.2,8.1,Online,
8809,10,38,1950,499,1,2025-08-11,26.84,29.5,Cash,Price matched to competitor flyer
8810,9,61,4762,72,2,2025-05-11,172.61,6.9,Cash,
8814,12,108,3217,203,1,2025-07-09,193.82,4.5,Online,
8819,10,55,3573,767,2,2025-09-08,28.15,26.4,Cash,
8820,11,81,4202,174,1,2025-02-20,291.05,27.9,Debit Card,
8821,11,97,2055,286,1,2025-08-25,192.07,22.8,Debit Card,
8822,9,106,3406,342,1,2025-09-13,207.49,11.9,Online,
8824,9,51,1936,5,1,2025-10-02,74.28,4.9,Cash,
8827,10,16,878,150,1,2025-03-28,294.51,25.9,Credit Card,
8829,12,93,3258,1098,2,2025-07-13,40.66,4.2,Credit Card,
8831,12,93,983,93,2,2025-05-16,85.69,8.0,Credit Card,Promo code SAVE10 applied at checkout
8837,11,63,1410,665,5,2025-02-01,160.35,23.5,Cash,
8838,10,15,3113,115,3,2025-10-12,24.26,27.6,Credit Card,Price matched to competitor flyer
8839,10,87,1322,545,2,2025-10-24,254.44,22.7,Cash,
8841,9,106,1178,100,1,2025-09-16,209.26,4.6,Cash,Price matched to competitor flyer
8843,11,12,4518,215,4,2025-05-27,81.85,26.3,Credit Card,Price matched to competitor flyer
8844,11,81,4369,277,1,2025-07-05,56.27,27.8,Credit Card,Promo code SEASON25 applied at checkout
8845,12,93,4269,130,1,2025-10-08,234.46,4.9,Cash,Loyalty tier discount applied
8846,9,106,1390,1436,2,2024-10-22,132.81,9.7,Credit Card,Promo code SEASON25 applied at checkout
8847,10,75,859,206,5,2024-12-04,108.38,28.6,Cash,Promo code SEASON25 applied at checkout
8858,10,39,1867,111,1,2025-09-18,297.52,22.6,Debit Card,
8866,12,93,1275,372,5,2025-12-01,77.38,3.7,Debit Card,Price matched to competitor flyer
8870,11,97,4639,1469,2,2025-06-11,18.51,22.1,Online,Promo code SEASON25 applied at checkout
8872,9,24,2798,78,1,2024-10-17,253.38,4.3,Debit Card,Price matched to competitor flyer
8873,9,120,869,172,5,2024-12-25,198.56,10.2,Debit Card,Price matched to competitor flyer
8875,10,15,1187,1314,2,2025-09-22,128.11,27.8,Credit Card,
8876,11,12,3819,29,5,2025-09-02,280.92,26.3,Debit Card,Promo code LOYALTY20 applied at checkout
8880,11,64,3374,201,5,2025-08-29,10.75,29.5,Debit Card,Loyalty tier discount applied
8885,9,25,3425,1143,1,2025-03-22,69.47,11.9,Debit Card,
8890,9,25,4183,985,2,2025-04-06,13.52,3.5,Debit Card,Promo code WELCOME15 applied at checkout
8892,12,60,3215,39,2,2025-06-20,231.0,7.1,Credit Card,
8894,10,38,3593,261,3,2024-10-06,182.63,28.6,Debit Card,Promo code LOYALTY20 applied at checkout
8897,12,102,4881,406,3,2024-11-09,59.74,8.7,Debit Card,Promo code SEASON25 applied at checkout
8898,10,33,1675,255,2,2025-10-02,51.81,28.2,Cash,Loyalty tier discount applied
8899,11,63,4932,936,1,2025-10-15,215.47,28.7,Credit Card,Promo code LOYALTY20 applied at checkout
8901,9,24,1319,291,3,2025-01-17,140.37,3.5,Online,Loyalty tier discount applied
8902,9,24,4091,1386,1,2025-07-08,299.63,11.6,Credit Card,Promo code LOYALTY20 applied at checkout
8903,9,25,851,412,5,2025-10-26,199.22,7.4,Online,Price matched to competitor flyer
8905,12,108,4972,15,4,2025-11-21,55.42,8.9,Online,
8908,11,64,2426,608,3,2025-02-05,6.96,25.4,Cash,
8918,10,16,697,825,4,2025-01-02,90.19,31.2,Credit Card,
8919,10,38,1385,677,3,2024-11-16,67.82,23.9,Online,Loyalty tier discount applied
8920,11,44,1795,214,3,2024-11-27,97.51,28.8,Credit Card,
8922,9,111,2782,392,5,2025-01-19,197.78,6.6,Credit Card,Price matched to competitor flyer
8924,10,71,4811,296,3,2025-06-19,252.17,27.3,Debit Card,Promo code LOYALTY20 applied at checkout
8926,9,65,1660,99,1,2024-10-03,298.26,4.7,Debit Card,Price matched to competitor flyer
8927,12,100,670,133,1,2025-03-29,59.13,3.2,Credit Card,Promo code SEASON25 applied at checkout
8937,9,111,444,1198,2,2025-04-14,160.5,6.8,Credit Card,Loyalty tier discount applied
8942,11,81,1997,44,1,2025-01-21,129.93,26.4,Debit Card,Price matched to competitor flyer
8944,9,6,1393,168,3,2025-03-08,242.53,6.2,Credit Card,Loyalty tier discount applied
8954,11,12,2324,176,4,2024-10-14,18.95,30.8,Credit Card,Promo code SAVE10 applied at checkout
8958,12,108,2788,235,5,2024-10-28,127.94,5.1,Debit Card,Loyalty tier discount applied
8965,10,101,1049,152,3,2024-11-01,139.55,29.5,Credit Card,
8966,12,60,3409,230,5,2025-05-31,60.89,10.8,Cash,Loyalty tier discount applied
8969,12,93,2331,181,1,2025-04-19,102.93,9.9,Debit Card,
8975,11,64,4625,156,4,2025-04-04,272.27,29.7,Credit Card,Promo code LOYALTY20 applied at checkout
8980,12,108,551,251,1,2025-09-26,84.03,8.7,Credit Card,Promo code LOYALTY20 applied at checkout
8981,12,18,4423,271,1,2025-10-02,244.39,6.1,Credit Card,Price matched to competitor flyer
8984,12,18,920,36,2,2025-08-26,112.42,8.5,Online,Promo code SEASON25 applied at checkout
8992,12,100,916,873,1,2025-04-02,276.28,10.3,Credit Card,
8993,10,38,4966,597,2,2025-10-23,292.08,22.6,Debit Card,Promo code LOYALTY20 applied at checkout
8998,9,37,1422,98,5,2025-01-24,78.41,5.3,Online,Promo code WELCOME15 applied at checkout
8999,12,102,2827,49,4,2025-07-28,138.68,5.5,Debit Card,
9000,9,61,4754,9,2,2025-04-11,118.45,9.9,Cash,Promo code SEASON25 applied at checkout
9003,11,63,2424,655,3,2024-10-10,202.6,25.4,Online,
9004,11,12,1926,93,1,2025-11-22,158.62,23.7,Online,
9015,10,15,3671,963,4,2024-10-16,176.23,24.7,Online,Promo code SAVE10 applied at checkout
9019,11,97,4327,105,3,2025-07-29,290.19,25.4,Debit Card,
9026,10,55,1934,1424,1,2025-04-16,283.26,25.1,Cash,
9034,10,16,4455,21,1,2025-05-16,7.22,33.4,Debit Card,
9036,12,108,2110,150,2,2024-12-19,187.38,7.3,Cash,Promo code WELCOME15 applied at checkout
9037,9,27,2573,628,1,2025-09-28,188.44,4.3,Debit Card,
9038,12,108,190,256,4,2025-03-17,67.57,11.7,Cash,
9039,9,6,67,9,1,2025-10-08,120.13,6.3,Credit Card,
9046,10,117,474,1150,2,2025-07-18,106.52,29.4,Cash,
9047,9,120,94,287,4,2024-11-15,252.06,10.5,Cash,
9048,12,100,3310,1097,2,2025-07-02,221.65,5.0,Credit Card,
9052,10,38,314,1495,1,2025-06-30,57.74,28.6,Credit Card,
9057,9,2,1398,687,5,2024-10-28,293.88,8.1,Credit Card,Promo code LOYALTY20 applied at checkout
9058,10,71,1055,172,2,2025-09-08,152.92,28.4,Credit Card,Price matched to competitor flyer
9066,11,64,781,33,1,2024-11-24,160.86,28.7,Debit Card,
9067,12,93,4505,186,4,2025-03-21,72.17,4.1,Debit Card,
9071,10,15,193,539,2,2025-01-29,33.98,27.7,Online,Loyalty tier discount applied
9078,9,111,1901,219,1,2024-10-19,173.7,9.8,Debit Card,Loyalty tier discount applied
9085,12,36,4266,890,1,2025-09-12,252.22,4.1,Credit Card,Loyalty tier discount applied
9088,10,117,2538,216,5,2025-05-03,242.41,24.0,Debit Card,
9090,10,33,4083,14,1,2024-12-02,253.63,27.1,Cash,
9099,12,93,4268,482,4,2024-12-16,106.32,4.9,Debit Card,
9101,9,52,1580,54,3,2025-10-12,276.21,7.2,Credit Card,Promo code SAVE10 applied at checkout
9102,10,90,3463,369,5,2024-10-06,200.2,28.5,Debit Card,
9105,10,38,2135,276,4,2025-05-18,244.2,32.5,Credit Card,
9106,9,51,681,284,1,2025-08-06,264.89,9.5,Debit Card,
9108,12,93,477,155,5,2025-04-18,29.28,10.0,Debit Card,Promo code SAVE10 applied at checkout
9109,9,2,619,72,1,2025-01-05,79.28,11.0,Debit Card,
9114,11,97,179,94,1,2025-10-12,258.75,24.6,Cash,Promo code SEASON25 applied at checkout
9115,11,97,3147,1417,1,2025-01-17,222.37,32.0,Online,Promo code LOYALTY20 applied at checkout
9117,12,93,2375,1288,2,2025-12-01,46.41,5.2,Credit Card,
9120,10,75,1663,199,2,2025-08-19,77.88,26.9,Debit Card,Loyalty tier discount applied
9124,11,81,2966,1330,2,2025-07-16,14.34,30.3,Cash,Promo code WELCOME15 applied at checkout
9129,10,33,3578,249,1,2025-02-16,153.81,27.5,Cash,
9136,11,81,2157,229,1,2025-08-16,242.12,27.1,Credit Card,Promo code SAVE10 applied at checkout
9137,10,101,1946,1167,1,2025-05-20,288.44,26.5,Credit Card,
9139,11,12,2697,713,3,2025-06-17,268.25,32.7,Debit Card,
9145,10,33,107,1189,1,2025-01-28,112.46,23.5,Debit Card,
9148,12,93,3567,515,5,2025-06-02,286.13,8.7,Credit Card,
9154,11,64,4208,628,2,2025-03-16,240.62,27.6,Debit Card,
9156,11,44,2080,422,5,2025-04-28,182.55,33.9,Credit Card,
9157,11,12,2876,1140,2,2025-02-01,198.12,26.3,Debit Card,
9163,9,106,852,110,2,2025-08-19,142.86,3.9,Cash,Promo code WELCOME15 applied at checkout
9164,11,81,2629,162,2,2025-07-13,175.95,27.8,Online,Promo code SAVE10 applied at checkout
9170,11,44,1001,1285,1,2025-08-22,74.74,26.1,Online,
9173,10,15,813,292,1,2024-11-29,117.74,32.8,Cash,Price matched to competitor flyer
9174,10,55,4943,1188,5,2025-03-03,292.37,23.1,Debit Card,Price matched to competitor flyer
9178,9,52,2211,1282,1,2025-09-09,65.67,6.3,Cash,
9183,9,27,2187,171,1,2024-12-09,155.08,8.7,Online,Loyalty tier discount applied
9184,12,18,3188,111,1,2025-09-21,148.25,4.5,Online,Price matched to competitor flyer
9186,11,63,1653,813,2,2024-11-10,37.01,31.7,Debit Card,Price matched to competitor flyer
9187,11,97,2925,89,1,2025-10-04,216.07,23.0,Credit Card,Promo code WELCOME15 applied at checkout
9196,11,97,1351,1475,1,2025-05-05,236.81,24.3,Cash,Promo code WELCOME15 applied at checkout
9199,11,63,165,193,2,2025-07-07,23.8,26.6,Debit Card,
9202,9,111,4631,206,1,2025-09-23,8.1,7.7,Credit Card,
9203,12,93,4331,417,1,2025-01-19,93.3,4.1,Online,
9204,11,12,4505,733,3,2025-05-20,72.17,33.7,Debit Card,
9208,11,64,2595,229,5,2025-03-30,259.72,25.1,Credit Card,
9209,12,60,4957,644,2,2025-11-17,298.73,8.2,Credit Card,Price matched to competitor flyer
9210,9,2,1381,74,3,2025-01-26,230.22,7.5,Cash,
9212,10,75,1285,1355,5,2025-09-08,148.93,28.8,Credit Card,
9213,10,39,1326,88,5,2025-05-23,110.98,24.3,Credit Card,Promo code SAVE10 applied at checkout
9215,11,44,4863,291,1,2024-11-06,119.26,27.4,Credit Card,Promo code SAVE10 applied at checkout
9216,12,102,1270,655,5,2024-11-30,257.23,11.3,Cash,Price matched to competitor flyer
9217,12,108,2290,127,3,2025-11-19,102.97,7.3,Debit Card,
9220,9,111,4712,179,1,2025-05-17,260.62,7.6,Debit Card,
9223,10,38,960,1162,2,2025-02-23,74.11,31.5,Credit Card,
9224,12,102,3582,156,5,2025-04-19,132.66,7.3,Credit Card,
9226,10,38,3471,521,5,2024-10-05,27.97,23.6,Debit Card,Price matched to competitor flyer
9227,9,65,3812,651,5,2025-07-01,292.38,5.2,Debit Card,
9228,11,63,818,34,2,2025-04-11,203.31,24.0,Cash,Price matched to competitor flyer
9231,11,63,4416,281,1,2024-12-01,282.07,27.2,Cash,Promo code WELCOME15 applied at checkout
9235,10,67,3762,153,3,2025-12-06,205.5,32.0,Credit Card,
9236,9,25,2355,287,2,2025-02-03,200.63,6.5,Credit Card,Price matched to competitor flyer
9237,9,25,1979,803,5,2025-02-26,18.95,8.5,Online,Promo code SEASON25 applied at checkout
9238,9,6,1192,570,2,2024-12-10,57.72,6.7,Debit Card,Promo code LOYALTY20 applied at checkout
9241,12,108,1242,53,4,2025-01-20,179.04,5.9,Cash,
9243,11,97,2926,197,1,2025-01-20,97.37,27.0,Online,
9244,11,44,726,169,2,2025-11-09,255.13,27.8,Online,Promo code WELCOME15 applied at checkout
9253,10,87,972,158,5,2024-11-29,271.6,27.3,Debit Card,
9255,11,63,1217,421,2,2025-03-19,206.12,33.0,Cash,Loyalty tier discount applied
9259,12,108,440,231,1,2025-02-27,100.02,6.2,Cash,
9262,11,44,1628,223,4,2024-12-19,198.36,22.7,Debit Card,Promo code SAVE10 applied at checkout
9264,10,55,3007,257,2,2024-11-26,134.79,26.1,Cash,
9267,12,102,1239,1092,3,2025-04-18,22.33,3.1,Online,
9269,11,64,798,159,1,2025-08-16,191.29,31.5,Debit Card,Promo code LOYALTY20 applied at checkout
9275,11,12,2673,610,1,2024-11-27,270.56,32.9,Credit Card,
9280,12,60,1518,464,2,2024-12-02,295.3,11.1,Online,Promo code WELCOME15 applied at checkout
9283,11,97,2277,460,1,2025-08-22,127.96,22.3,Credit Card,
9285,12,100,2566,281,1,2024-12-16,113.97,6.6,Cash,
9286,12,18,1288,212,3,2025-09-01,202.49,3.4,Cash,
9287,11,44,3291,46,1,2024-11-05,254.69,28.0,Debit Card,
9288,11,44,2224,61,1,2025-01-09,14.92,32.5,Credit Card,
9292,9,37,4556,238,2,2025-02-20,79.39,12.0,Online,
9293,10,117,3445,1307,3,2025-10-01,148.07,32.5,Credit Card,
9295,10,16,225,193,2,2025-05-08,269.53,28.7,Debit Card,Price matched to competitor flyer
9298,11,81,3186,676,1,2025-05-31,46.25,24.2,Online,
9305,11,97,4907,62,1,2025-09-13,217.45,30.6,Credit Card,
9306,11,44,1784,967,4,2025-02-08,269.79,29.0,Online,
9308,9,65,431,206,5,2025-07-15,214.07,8.6,Debit Card,Promo code WELCOME15 applied at checkout
9319,12,108,2504,77,5,2025-11-25,26.2,10.8,Credit Card,
9320,12,100,3377,43,2,2025-05-11,84.67,9.2,Online,Price matched to competitor flyer
9321,10,101,1528,230,1,2024-10-17,99.19,28.6,Cash,
9322,10,90,4777,166,2,2025-04-03,61.61,30.8,Credit Card,
9328,9,24,2594,256,1,2025-09-24,207.56,8.6,Online,
9335,10,71,3865,721,1,2025-04-28,153.51,29.4,Online,Promo code SAVE10 applied at checkout
9337,10,71,3814,112,1,2025-01-29,264.67,22.8,Debit Card,
9339,11,81,4398,62,5,2024-10-08,45.13,30.8,Credit Card,
9346,11,97,786,105,1,2025-07-29,163.5,25.0,Cash,
9351,10,101,2003,143,3,2025-06-22,138.63,22.9,Cash,Price matched to competitor flyer
9352,9,52,4259,1315,4,2024-10-01,252.77,3.4,Credit Card,
9366,9,24,2468,25,2,2025-08-05,227.15,4.3,Debit Card,
9367,9,24,4866,101,2,2025-03-25,26.76,3.3,Cash,Promo code WELCOME15 applied at checkout
9368,11,12,4566,196,1,2025-02-28,143.37,24.4,Debit Card,Promo code WELCOME15 applied at checkout
9370,10,39,1519,849,3,2025-07-13,208.87,33.9,Cash,
9373,10,117,728,1363,1,2025-04-24,198.78,32.0,Credit Card,Promo code WELCOME15 applied at checkout
9380,9,61,3639,1313,1,2024-12-16,60.79,10.4,Credit Card,Loyalty tier discount applied
9381,10,16,4732,152,2,2025-11-16,126.36,26.1,Debit Card,
9384,9,24,2607,389,2,2025-04-24,70.46,4.4,Debit Card,
9387,9,6,1883,154,2,2025-05-10,27.05,12.0,Cash,
9388,10,38,2157,56,4,2025-05-18,242.12,26.3,Credit Card,Loyalty tier discount applied
9393,11,63,878,850,2,2025-06-30,294.51,31.1,Credit Card,Promo code SAVE10 applied at checkout
9395,12,93,4442,505,4,2025-02-10,13.09,10.1,Cash,
9396,11,81,1433,95,2,2025-07-12,101.94,26.2,Credit Card,Promo code WELCOME15 applied at checkout
9398,10,38,4231,405,1,2025-09-08,208.48,22.2,Debit Card,
9399,11,44,566,56,5,2024-11-16,23.6,25.2,Debit Card,Price matched to competitor flyer
9402,11,44,4663,91,3,2025-10-20,254.52,24.5,Debit Card,Price matched to competitor flyer
9409,10,15,4982,169,1,2025-07-25,274.71,24.5,Cash,Price matched to competitor flyer
9412,12,60,2783,234,1,2025-02-05,72.12,6.5,Debit Card,
9415,9,24,2829,569,3,2025-05-07,257.02,9.7,Debit Card,
9418,11,12,4825,161,2,2025-06-27,225.75,33.4,Credit Card,
9419,9,27,839,1469,1,2025-01-15,232.88,6.9,Credit Card,Promo code LOYALTY20 applied at checkout
9423,10,38,2134,235,1,2025-09-27,156.75,24.9,Credit Card,
9426,10,39,3929,56,1,2025-09-11,16.62,23.9,Cash,
9429,12,108,396,137,5,2025-02-13,204.0,4.9,Debit Card,
9431,10,67,2646,78,2,2025-11-05,264.0,31.8,Debit Card,Promo code WELCOME15 applied at checkout
9432,11,97,2435,953,4,2024-12-23,191.32,27.2,Debit Card,
9439,9,51,2914,1400,3,2024-11-08,97.53,8.5,Online,Promo code LOYALTY20 applied at checkout
9444,9,2,2574,47,1,2025-12-06,251.02,9.1,Online,Loyalty tier discount applied
9445,11,81,749,206,4,2024-11-12,145.37,33.4,Cash,
9446,12,18,2961,932,2,2025-04-01,190.07,6.0,Debit Card,
9450,11,64,2904,144,2,2025-04-17,155.8,25.3,Credit Card,Price matched to competitor flyer
9451,12,100,364,127,1,2025-08-04,46.25,3.8,Online,
9456,12,100,2989,263,3,2025-01-14,152.28,7.9,Online,Promo code SAVE10 applied at checkout
9458,10,101,1424,129,2,2025-12-08,171.63,25.7,Cash,
9465,9,24,2636,1457,4,2024-12-09,142.19,9.8,Debit Card,
9470,9,51,4923,610,1,2024-11-26,167.19,5.8,Cash,
9472,9,120,2632,318,1,2025-06-24,283.43,4.3,Debit Card,
9475,11,12,4968,27,4,2025-08-01,102.91,29.4,Cash,Price matched to competitor flyer
9478,12,93,2516,1248,2,2025-04-16,242.08,7.9,Debit Card,
9480,10,15,2501,2,1,2025-06-13,53.29,28.5,Online,Loyalty tier discount applied
9481,10,55,674,226,1,2025-05-02,234.2,31.8,Cash,
9484,12,60,3817,211,2,2025-08-27,44.85,8.9,Debit Card,
9485,10,39,189,103,1,2024-10-20,280.47,26.6,Online,Price matched to competitor flyer
9489,11,44,4969,239,1,2025-11-07,129.35,30.3,Debit Card,
9492,11,12,3947,526,2,2025-01-24,230.65,27.4,Debit Card,Price matched to competitor flyer
9494,11,44,3072,76,1,2025-09-19,55.45,29.1,Credit Card,
9495,9,111,3234,1020,1,2025-06-03,187.48,10.4,Cash,Promo code SEASON25 applied at checkout
9503,11,97,16,1210,1,2025-03-18,167.11,30.2,Credit Card,Loyalty tier discount applied
9504,11,81,3622,154,1,2025-05-07,249.07,29.5,Credit Card,
9508,10,39,3206,85,2,2025-07-25,55.09,29.0,Cash,Promo code SAVE10 applied at checkout
9509,11,63,2843,174,2,2025-05-13,25.56,22.4,Credit Card,
9510,9,52,4152,43,5,2024-12-25,297.04,10.8,Debit Card,Price matched to competitor flyer
9511,11,64,1167,148,2,2024-12-20,200.26,32.1,Credit Card,
9518,12,93,4727,384,1,2025-10-18,261.31,9.7,Cash,
9520,12,108,4164,261,5,2024-11-25,295.7,6.3,Credit Card,
9521,11,81,619,71,4,2024-10-26,79.28,27.3,Credit Card,Promo code WELCOME15 applied at checkout
9526,10,15,3890,214,1,2025-07-21,292.76,23.0,Cash,Promo code SAVE10 applied at checkout
9527,12,60,2626,112,4,2024-10-28,103.93,9.6,Credit Card,Promo code SEASON25 applied at checkout
9530,12,102,716,251,2,2025-01-10,55.14,10.4,Cash,Promo code SEASON25 applied at checkout
9534,9,37,1810,248,2,2025-02-02,199.71,10.6,Online,
9536,10,67,3521,121,2,2024-10-12,281.63,26.5,Credit Card,
9537,12,100,438,244,2,2025-03-03,159.68,6.1,Online,Loyalty tier discount applied
9544,9,52,4712,727,3,2025-09-09,260.62,11.4,Cash,Promo code SEASON25 applied at checkout
9546,11,97,1734,206,1,2025-03-16,128.69,23.7,Debit Card,Price matched to competitor flyer
9548,9,61,1830,1406,1,2025-03-06,131.26,8.4,Online,Loyalty tier discount applied
9554,10,117,2114,637,1,2025-08-12,173.73,32.4,Credit Card,
9555,9,2,2128,1091,1,2025-05-27,128.15,10.7,Credit Card,
9558,12,100,4014,422,3,2025-08-04,264.53,6.2,Cash,
9560,11,64,4338,72,1,2025-07-21,60.66,31.1,Online,Promo code SAVE10 applied at checkout
9562,10,101,4945,354,2,2025-07-22,216.55,23.2,Credit Card,
9569,9,6,3008,857,5,2025-01-17,136.74,4.7,Online,Promo code LOYALTY20 applied at checkout
9571,9,24,2725,592,1,2024-11-30,246.05,5.6,Debit Card,Loyalty tier discount applied
9576,11,44,3289,334,1,2024-11-06,284.05,25.0,Credit Card,
9578,11,63,851,399,1,2025-11-04,199.22,29.1,Debit Card,
9580,10,38,1042,36,5,2024-11-08,289.97,22.2,Cash,
9581,12,100,2122,6,2,2024-11-11,17.7,4.0,Online,
9583,12,108,2453,131,3,2025-09-13,279.05,6.7,Cash,
9584,9,52,3309,887,2,2025-05-15,57.51,3.2,Credit Card,
9585,12,108,235,1161,2,2025-10-19,165.62,10.8,Cash,
9586,11,12,497,79,5,2024-11-14,10.55,25.4,Online,
9587,12,93,2850,100,3,2025-02-06,193.26,3.8,Cash,Price matched to competitor flyer
9596,9,51,3405,297,1,2025-04-20,26.44,3.2,Cash,
9598,12,108,3535,101,1,2025-03-09,24.54,11.3,Debit Card,Promo code SEASON25 applied at checkout
9600,11,63,1978,56,1,2025-06-03,231.54,30.7,Credit Card,
9603,10,117,1097,121,5,2025-10-23,232.12,30.9,Debit Card,Promo code WELCOME15 applied at checkout
9604,11,12,590,1126,2,2025-11-28,282.37,31.1,Debit Card,Promo code WELCOME15 applied at checkout
9605,11,63,1712,920,2,2025-07-09,262.08,33.7,Credit Card,
9608,9,106,1184,114,3,2025-06-23,194.16,4.4,Cash,
9619,9,6,1025,115,3,2025-06-22,191.05,11.2,Debit Card,
9620,9,65,3814,142,2,2024-10-28,264.67,3.2,Online,
9626,11,81,1369,275,1,2025-01-13,166.43,29.3,Credit Card,Promo code WELCOME15 applied at checkout
9628,12,102,462,842,1,2025-01-20,206.7,10.5,Debit Card,Promo code SAVE10 applied at checkout
9629,12,60,140,220,1,2025-03-27,145.26,11.1,Debit Card,Price matched to competitor flyer
9631,9,51,779,49,1,2025-07-09,227.35,7.2,Online,Price matched to competitor flyer
9637,11,64,1730,248,4,2025-03-17,297.71,29.2,Online,Price matched to competitor flyer
9639,11,44,2501,292,4,2025-01-24,53.29,26.8,Cash,Price matched to competitor flyer
9640,10,87,1740,759,4,2025-07-10,107.12,31.5,Credit Card,Promo code SEASON25 applied at checkout
9652,9,2,2778,121,2,2025-02-21,252.18,6.0,Online,
9656,10,71,4434,1221,2,2025-02-03,177.92,33.4,Online,Promo code LOYALTY20 applied at checkout
9658,9,25,1621,2,2,2025-10-13,79.05,4.5,Credit Card,Loyalty tier discount applied
9661,12,100,1792,27,3,2025-09-01,94.21,3.7,Credit Card,
9665,11,44,1235,1270,3,2025-04-20,256.13,29.6,Online,Loyalty tier discount applied
9669,12,102,4971,413,1,2025-02-21,82.92,10.0,Credit Card,
9670,12,102,4621,229,2,2025-09-19,163.86,7.1,Online,Promo code SEASON25 applied at checkout
9671,10,67,489,545,2,2024-10-08,103.22,26.0,Cash,Loyalty tier discount applied
9680,10,15,1867,919,5,2024-11-11,297.52,25.4,Cash,Loyalty tier discount applied
9686,11,81,105,1415,4,2024-10-08,33.1,26.1,Debit Card,
9692,10,67,2524,162,2,2025-05-22,282.07,30.4,Debit Card,Promo code WELCOME15 applied at checkout
9696,9,51,284,846,5,2025-01-27,293.03,5.5,Online,
9698,12,60,576,155,5,2025-01-22,108.4,9.9,Credit Card,Promo code SEASON25 applied at checkout
9699,12,108,92,942,1,2025-10-09,21.16,11.7,Cash,Loyalty tier discount applied
9711,11,63,156,1161,5,2024-10-17,69.44,30.6,Online,Promo code WELCOME15 applied at checkout
9719,10,55,4459,333,4,2025-07-06,219.65,22.6,Credit Card,
9726,9,2,1809,109,2,2025-10-04,154.49,4.8,Credit Card,Price matched to competitor flyer
9728,11,12,3062,1340,3,2025-05-13,245.6,26.6,Cash,Price matched to competitor flyer
9730,10,15,1895,151,4,2025-05-18,224.62,32.4,Credit Card,Price matched to competitor flyer
9732,11,44,1157,910,5,2025-07-28,33.27,25.8,Debit Card,Price matched to competitor flyer
9737,11,44,615,646,2,2025-05-06,26.24,31.1,Cash,
9738,12,60,4650,20,1,2025-08-30,292.1,7.4,Cash,Loyalty tier discount applied
9739,9,61,4584,12,1,2025-09-07,44.51,11.1,Debit Card,Price matched to competitor flyer
9743,9,25,3335,604,2,2025-06-10,242.34,6.7,Online,
9746,9,120,174,201,1,2024-12-25,130.02,7.2,Cash,
9750,9,106,2695,262,5,2025-09-16,155.22,11.9,Credit Card,
9752,9,27,3599,528,1,2025-03-15,254.62,4.8,Credit Card,
9754,10,16,4770,155,3,2024-11-27,71.43,33.9,Debit Card,
9755,9,25,1337,133,2,2024-11-26,88.89,8.4,Credit Card,Loyalty tier discount applied
9756,10,38,1924,33,2,2025-08-29,200.51,29.7,Debit Card,
9757,9,27,1277,1031,1,2025-10-11,274.92,3.0,Credit Card,
9763,11,64,3062,1164,3,2025-09-02,245.6,24.9,Credit Card,
9766,11,97,1014,613,2,2025-05-30,237.24,29.2,Debit Card,
9767,12,108,1059,135,5,2025-07-14,179.65,8.0,Cash,
9768,12,108,1811,115,5,2025-11-15,236.78,3.4,Credit Card,Promo code SAVE10 applied at checkout
9771,9,6,4653,194,2,2025-07-09,105.45,11.5,Credit Card,
9773,10,71,4216,203,1,2025-03-29,289.68,22.6,Credit Card,Price matched to competitor flyer
9775,12,102,873,966,4,2025-08-16,114.2,10.1,Debit Card,Promo code LOYALTY20 applied at checkout
9776,12,100,1140,1203,1,2025-04-02,284.25,10.5,Cash,
9779,9,6,3891,40,1,2025-06-18,112.03,10.1,Online,
9780,12,18,2366,232,1,2024-11-20,62.44,9.2,Cash,
9781,9,51,4051,4,5,2025-06-02,201.34,4.2,Credit Card,Loyalty tier discount applied
9782,9,120,2184,514,2,2025-09-28,103.34,9.0,Cash,
9783,11,64,1353,89,2,2025-07-04,279.53,33.3,Credit Card,Price matched to competitor flyer
9784,9,65,2962,1135,2,2025-07-06,82.84,11.9,Cash,
9786,12,18,556,1285,2,2024-11-25,105.83,3.3,Cash,
9787,9,2,1662,1315,5,2025-09-04,80.07,4.0,Debit Card,Promo code SAVE10 applied at checkout
9789,11,97,4476,257,1,2025-04-09,65.47,29.9,Debit Card,
9790,12,18,1371,98,1,2025-08-02,281.52,3.9,Debit Card,
9793,12,108,176,708,3,2025-06-04,220.28,10.6,Cash,
9801,11,64,4785,121,3,2025-06-13,40.45,28.9,Debit Card,
9803,12,36,3205,53,4,2025-04-06,164.78,5.1,Cash,
9807,9,120,4264,1281,4,2025-06-30,25.72,4.2,Cash,
9809,9,65,4482,1131,2,2025-06-20,271.97,4.1,Credit Card,
9818,10,87,3069,66,1,2025-03-29,45.08,22.5,Credit Card,Promo code SAVE10 applied at checkout
9819,10,117,2800,892,2,2025-04-04,126.39,22.6,Online,Promo code WELCOME15 applied at checkout
9826,9,27,447,193,1,2025-08-13,67.75,7.3,Credit Card,
9830,9,6,1079,42,2,2025-03-08,255.15,3.3,Cash,Promo code LOYALTY20 applied at checkout
9833,12,36,3811,23,5,2025-03-27,281.85,3.7,Debit Card,
9836,12,100,2234,66,3,2025-02-19,105.89,6.5,Debit Card,Loyalty tier discount applied
9837,12,93,989,1323,4,2025-09-22,217.44,11.2,Credit Card,Loyalty tier discount applied
9838,10,117,2514,146,1,2024-12-24,50.2,33.7,Credit Card,Price matched to competitor flyer
9839,12,18,1776,248,1,2025-09-29,187.04,9.6,Cash,Price matched to competitor flyer
9840,11,12,1419,337,3,2025-04-06,72.14,22.2,Cash,Promo code WELCOME15 applied at checkout
9844,11,64,865,283,1,2025-02-04,105.33,25.5,Credit Card,Promo code SEASON25 applied at checkout
9846,10,71,4933,1185,1,2025-11-26,242.09,33.2,Cash,Loyalty tier discount applied
9850,11,44,3949,102,1,2025-06-17,111.64,32.8,Debit Card,
9855,9,27,2974,17,1,2025-06-24,150.26,8.8,Credit Card,Promo code LOYALTY20 applied at checkout
9857,10,75,91,378,2,2025-01-24,64.72,31.0,Cash,
9859,10,33,2254,225,3,2025-08-26,157.14,30.8,Cash,
9867,12,18,1524,1445,1,2024-12-31,53.35,4.0,Debit Card,
9868,12,60,3211,103,3,2025-03-16,157.98,9.9,Debit Card,Promo code SEASON25 applied at checkout
9870,11,81,1004,188,4,2025-06-21,242.1,33.3,Credit Card,Promo code WELCOME15 applied at checkout
9871,9,27,2867,265,1,2025-02-04,169.23,8.9,Online,
9873,12,60,3072,677,1,2025-06-05,55.45,5.9,Credit Card,
9877,9,6,3933,96,5,2025-08-08,139.73,9.3,Cash,
9879,12,36,2419,173,2,2024-12-21,88.51,7.2,Debit Card,Promo code SAVE10 applied at checkout
9881,10,67,3565,1492,4,2024-12-08,62.8,33.5,Credit Card,Price matched to competitor flyer
9882,10,15,3811,102,5,2025-02-22,281.85,26.3,Online,Price matched to competitor flyer
9884,10,15,3636,292,5,2024-11-04,159.76,23.6,Cash,Promo code LOYALTY20 applied at checkout
9885,11,81,430,808,5,2024-12-26,141.68,33.4,Credit Card,
9888,9,24,968,1023,1,2025-09-06,230.71,11.1,Credit Card,Loyalty tier discount applied
9897,12,93,2832,123,5,2025-03-03,175.41,10.9,Credit Card,
2497,12,108,3906,3,2,2025-11-16,263.06,10.2,Debit Card,
6038,9,6,2943,457,1,2025-11-28,16.79,3.4,Cash,
3237,11,44,1393,106,3,2025-04-23,242.53,22.5,Cash,
9105,10,38,2135,276,4,2025-05-18,244.2,32.5,Credit Card,
2799,10,15,2559,1084,2,2025-10-04,207.06,25.2,Cash,Promo code WELCOME15 applied at checkout
8875,10,15,1187,1314,2,2025-09-22,128.11,27.8,Credit Card,
9739,9,61,4584,12,1,2025-09-07,44.51,11.1,Debit Card,Price matched to competitor flyer
3756,11,12,4136,649,1,2025-12-03,71.23,27.0,Credit Card,
338,12,102,2938,371,5,2025-11-14,114.66,11.1,Cash,Price matched to competitor flyer
4957,11,64,3269,813,3,2025-11-14,141.64,28.3,Cash,Promo code SAVE10 applied at checkout
9859,10,33,2254,225,3,2025-08-26,157.14,30.8,Cash,
8536,11,44,3446,835,5,2025-11-03,73.94,26.8,Debit Card,
8416,11,64,1614,244,1,2025-10-13,114.67,27.8,Online,
7289,9,25,4116,163,3,2025-03-20,98.72,5.9,Online,
5135,12,100,2157,209,2,2025-07-28,242.12,11.0,Credit Card,Price matched to competitor flyer
6613,10,117,86,33,1,2025-08-17,227.22,30.5,Online,
5116,10,101,3925,225,3,2025-11-06,148.57,33.8,Debit Card,
3469,10,55,2338,232,2,2025-11-25,158.91,30.5,Cash,
3704,11,63,1207,587,3,2024-10-28,255.77,22.6,Credit Card,Promo code SAVE10 applied at checkout
8745,12,93,4921,1395,1,2025-09-01,17.24,10.1,Debit Card,
6607,9,111,1910,232,1,2025-04-15,48.57,10.1,Credit Card,Price matched to competitor flyer
8880,11,64,3374,201,5,2025-08-29,10.75,29.5,Debit Card,Loyalty tier discount applied
3340,10,101,2065,1091,1,2025-11-28,219.74,26.2,Debit Card,
7491,11,63,94,298,2,2025-04-06,252.06,23.0,Debit Card,Promo code SAVE10 applied at checkout
1641,12,93,2591,542,1,2025-08-12,225.31,11.6,Debit Card,Promo code WELCOME15 applied at checkout
9202,9,111,4631,206,1,2025-09-23,8.1,7.7,Credit Card,
3429,9,2,3992,1126,1,2025-02-27,61.26,8.2,Cash,Promo code LOYALTY20 applied at checkout
222,12,108,3227,80,4,2025-01-24,95.93,3.6,Credit Card,
742,12,18,3152,363,1,2025-06-21,208.28,8.0,Debit Card,Promo code WELCOME15 applied at checkout
5922,9,25,926,246,2,2025-05-14,108.82,9.0,Online,Price matched to competitor flyer
3828,9,6,1104,799,5,2025-12-03,213.31,8.1,Credit Card,Promo code SAVE10 applied at checkout
424,10,71,2203,21,2,2025-04-25,24.29,31.2,Cash,Loyalty tier discount applied
7810,9,65,68,73,3,2025-08-05,246.76,7.0,Credit Card,Promo code WELCOME15 applied at checkout
4666,12,108,2093,90,1,2025-05-22,21.18,8.5,Credit Card,
319,12,102,2076,2,3,2025-08-30,159.48,6.7,Cash,
9283,11,97,2277,460,1,2025-08-22,127.96,22.3,Credit Card,
5940,12,60,2084,83,1,2024-12-01,181.74,9.1,Debit Card,Promo code SAVE10 applied at checkout
6941,11,64,2934,179,1,2024-12-15,274.13,27.4,Cash,
4562,10,101,2259,104,2,2025-04-23,125.25,23.9,Credit Card,
6820,11,97,3997,73,5,2025-08-13,298.25,22.7,Cash,
6006,9,51,1236,221,1,2025-08-09,91.66,10.2,Cash,Loyalty tier discount applied
9368,11,12,4566,196,1,2025-02-28,143.37,24.4,Debit Card,Promo code WELCOME15 applied at checkout
7791,9,24,1816,270,2,2024-12-08,166.69,7.2,Debit Card,Promo code SAVE10 applied at checkout
5467,10,71,4991,139,5,2024-11-07,203.57,32.1,Debit Card,
5038,9,111,3996,125,2,2025-10-07,90.06,9.6,Debit Card,Promo code WELCOME15 applied at checkout
7937,10,87,4504,372,3,2025-04-16,109.51,33.7,Cash,
6711,11,63,2028,805,1,2025-10-16,51.18,26.7,Credit Card,Loyalty tier discount applied
8450,9,27,26,288,1,2025-04-10,48.36,5.2,Credit Card,Loyalty tier discount applied
637,10,39,2571,282,1,2025-11-23,115.75,28.0,Credit Card,Promo code WELCOME15 applied at checkout
332,11,81,3272,246,1,2025-09-01,96.34,31.5,Credit Card,
