sale_id,store_id,employee_id,product_id,customer_id,qty,sale_date,amount,discount_pct,payment_method
9,5,20,4144,179,2,2025-09-20,$82.38,9.7,Debit Card
10,6,72,1251,1153,1,2025-08-12,$109.1,8.3,CREDIT CARD
11,6,49,1974,259,2,2025-08-06,$207.46,5.2,cash
16,8,80,4422,1387,4,2025-02-04,$156.66,9.1,Debit Card
19,7,84,2072,606,1,2025-06-14,$202.15,10.9,Credit Card
20,5,47,1872,543,2,2024-11-18,$185.4,6.0,Online
21,8,94,1097,211,3,2025-11-25,$232.12,9.0,CREDIT CARD
31,5,22,4098,365,5,2025-02-03,$155.98,10.2,credit card
33,6,107,1233,899,1,2025-11-27,$49.76,3.2,debit card
35,7,62,11,1117,1,2025-02-20,$158.76,9.2,ONLINE
38,8,85,969,1413,2,2024-12-03,$295.64,5.6,Online
43,7,62,3158,1096,1,2025-02-24,$83.07,4.6,debit card
55,6,99,1824,1056,2,2025-02-13,$280.03,9.0,ONLINE
58,7,84,4325,1185,2,2025-03-23,$112.02,4.0,CASH
60,8,109,1582,858,2,2024-12-08,$128.4,6.5,DEBIT CARD
64,5,20,3121,20,1,2024-10-28,$126.17,9.9,online
65,5,47,1533,155,1,2025-07-08,$153.89,4.7,cash
73,7,5,4788,595,3,2025-08-19,$287.26,3.3,Cash
74,8,109,4921,197,1,2025-09-01,$17.24,12.0,Debit Card
79,7,95,949,1103,1,2024-11-07,$251.93,3.9,credit card
80,6,96,4412,132,1,2025-11-06,$283.73,8.1,credit card
85,5,47,955,33,4,2024-10-30,$126.3,8.1,Credit Card
87,7,84,902,228,2,2025-01-31,$47.39,6.2,online
92,7,7,380,1197,3,2024-12-09,$248.95,11.0,debit card
96,7,95,4143,563,1,2025-03-29,$176.87,4.0,Credit Card
99,8,80,4797,808,1,2024-10-27,$159.32,4.0,CREDIT CARD
107,5,92,4115,161,2,2025-09-05,$127.6,11.0,DEBIT CARD
108,6,49,807,97,5,2024-12-15,$37.9,4.5,Online
109,6,74,1013,107,4,2025-09-20,$286.25,10.0,Credit Card
111,5,47,3875,1425,2,2024-10-14,$131.19,4.8,cash
113,7,5,3253,590,2,2024-10-22,$57.77,9.0,Debit Card
115,7,95,1110,415,4,2025-05-06,$231.31,11.8,credit card
116,7,62,4215,1068,4,2024-10-11,$237.07,3.5,Credit Card
118,6,99,3899,215,5,2025-11-17,$260.24,5.6,Cash
120,8,109,3471,1271,2,2024-11-07,$27.97,9.7,cash
125,6,99,4649,6,1,2024-12-28,$32.45,8.9,Debit Card
126,7,41,1108,479,3,2025-02-05,$263.23,5.8,Cash
128,6,78,4084,316,2,2025-10-25,$71.25,11.2,DEBIT CARD
129,8,85,2555,286,1,2024-10-21,$237.81,8.3,debit card
130,5,20,2423,1372,3,2024-11-29,$54.43,11.6,Credit Card
131,8,112,603,96,5,2025-08-11,$127.57,8.1,Online
132,6,78,958,26,2,2025-11-09,$76.1,10.7,CASH
133,7,84,4814,334,3,2025-05-27,$62.81,11.6,CREDIT CARD
135,7,7,970,751,1,2024-12-30,$233.78,11.7,Credit Card
137,8,112,2195,201,3,2025-02-25,$242.86,6.6,debit card
141,6,66,795,885,1,2025-04-10,$69.15,10.2,Cash
142,8,57,2696,268,5,2025-08-07,$129.76,8.2,CREDIT CARD
147,5,47,475,1209,1,2025-08-06,$83.7,5.9,cash
154,8,30,1149,171,2,2025-01-04,$95.09,4.8,debit card
155,6,74,3261,689,1,2025-10-12,$241.27,4.9,Online
157,7,7,4815,116,2,2025-05-04,$232.98,5.1,credit card
159,6,72,1402,229,5,2024-11-09,$106.26,11.8,cash
161,8,116,1388,1160,4,2024-10-28,$113.81,9.6,Credit Card
163,5,119,2779,257,1,2025-07-23,$261.33,7.5,Debit Card
166,7,104,1631,50,1,2025-08-11,$46.21,6.2,debit card
176,7,19,2152,25,1,2025-09-20,$204.48,5.8,Debit Card
178,5,76,172,643,5,2024-11-28,$158.28,4.3,credit card
179,5,105,2684,5,2,2024-11-20,$248.46,5.2,debit card
184,5,119,2208,239,1,2024-12-03,$60.6,11.6,Cash
190,5,105,1462,137,3,2025-11-23,$270.38,4.1,credit card
196,7,104,3817,132,2,2025-03-17,$44.85,9.5,credit card
198,5,119,2569,1099,2,2025-04-18,$180.38,4.4,credit card
202,6,99,3672,52,3,2025-04-15,$154.99,6.6,DEBIT CARD
204,8,9,2381,1454,4,2025-01-29,$217.81,10.9,Credit Card
205,6,77,1683,934,4,2025-01-29,$117.27,11.7,Debit Card
207,7,19,81,4,5,2025-07-19,$68.7,3.7,credit card
211,5,22,1272,233,2,2025-04-09,$246.0,8.9,CREDIT CARD
215,6,74,1662,133,4,2025-03-09,$80.07,7.9,CREDIT CARD
219,7,62,2008,286,1,2025-09-14,$212.69,6.2,CREDIT CARD
220,8,109,1308,274,2,2025-10-17,$256.12,3.4,Cash
221,6,99,1448,453,3,2025-10-06,$125.82,10.0,Cash
223,8,112,1295,1485,2,2024-12-04,$230.7,6.8,DEBIT CARD
227,7,95,3698,220,2,2025-01-02,$246.22,8.1,Cash
233,5,113,4010,126,1,2025-01-14,$286.68,7.2,Credit Card
234,6,66,2751,1419,2,2025-12-08,$66.23,4.4,Online
236,5,113,1383,794,1,2025-07-13,$245.92,6.7,DEBIT CARD
239,8,94,4411,77,1,2025-02-19,$42.59,4.5,Debit Card
241,6,107,1480,961,2,2025-03-02,$202.12,10.6,debit card
248,8,80,3258,141,1,2025-10-08,$40.66,4.6,credit card
254,5,76,2246,266,5,2024-10-10,$204.23,3.9,Debit Card
256,6,78,519,57,5,2025-06-14,$197.12,4.0,Credit Card
260,7,19,2945,53,1,2025-09-18,$281.88,11.6,Credit Card
269,5,105,2395,178,2,2025-05-13,$244.74,8.9,Online
270,7,95,3237,15,4,2025-08-02,$165.8,10.5,Online
272,8,85,746,163,2,2024-12-26,$152.85,6.3,ONLINE
274,7,84,2473,61,4,2025-12-07,$269.16,3.0,cash
275,8,112,1882,128,1,2025-09-13,$78.84,4.5,credit card
277,8,116,170,73,2,2025-04-27,$123.12,10.9,Online
280,6,107,13,223,1,2024-12-28,$71.73,4.9,Debit Card
281,6,96,4409,490,5,2025-06-16,$124.27,4.9,Online
284,7,104,2028,1354,3,2025-09-16,$51.18,3.6,Cash
286,8,80,3650,144,5,2025-01-27,$58.65,6.2,online
288,8,57,3934,181,3,2025-08-20,$229.61,3.1,cash
289,7,104,3835,41,3,2025-05-19,$132.49,11.9,cash
291,6,78,3437,92,5,2025-06-05,$204.83,7.2,DEBIT CARD
292,8,80,3337,1289,1,2025-01-31,$69.86,4.3,Credit Card
294,8,91,583,91,3,2024-12-13,$178.69,6.5,cash
298,7,19,1336,283,4,2025-01-27,$80.03,11.3,credit card
301,8,9,2739,1195,5,2025-07-17,$150.5,11.7,CREDIT CARD
304,8,116,3831,94,1,2025-10-31,$38.97,6.9,Cash
309,5,105,647,1133,3,2025-12-02,$273.74,4.4,cash
310,8,80,1419,283,2,2025-08-08,$72.14,6.3,online
313,8,109,2744,268,5,2025-04-28,$276.45,9.8,debit card
314,7,95,615,153,1,2025-05-30,$26.24,5.9,DEBIT CARD
316,6,72,896,238,1,2025-05-31,$112.55,7.8,DEBIT CARD
324,7,62,4323,1321,1,2025-11-13,$133.58,8.3,CREDIT CARD
325,8,112,42,68,1,2025-01-31,$223.45,8.4,online
327,7,95,1724,132,1,2025-06-11,$193.25,11.6,Online
328,5,119,1946,249,1,2025-02-03,$288.44,6.4,Debit Card
333,8,116,4328,233,1,2024-12-20,$81.0,4.7,ONLINE
339,5,20,3256,131,1,2025-05-28,$76.64,5.6,credit card
341,6,49,1042,895,2,2025-06-19,$289.97,6.5,Online
342,7,104,80,812,1,2024-11-21,$258.48,8.2,CREDIT CARD
345,5,105,539,158,3,2025-04-18,$264.03,5.9,cash
348,5,92,4179,175,4,2025-06-15,$95.95,5.1,ONLINE
351,6,96,2815,174,1,2025-07-22,$46.14,7.6,Online
353,6,99,3518,34,2,2025-08-19,$37.42,7.6,Credit Card
355,8,94,3003,112,1,2025-09-24,$212.08,4.9,Debit Card
357,6,66,1183,91,2,2024-12-15,$209.91,5.7,Credit Card
358,7,104,1437,887,2,2025-06-25,$268.15,6.6,credit card
365,6,78,4658,27,1,2025-07-05,$79.3,5.1,online
366,8,112,3441,33,1,2025-03-28,$123.14,5.7,Credit Card
368,7,7,633,225,4,2025-07-24,$67.32,4.4,Cash
370,5,20,4183,12,4,2025-11-05,$13.52,8.0,Cash
375,6,78,4376,26,1,2025-01-14,$211.53,7.4,Online
384,5,119,2148,250,5,2025-09-29,$247.8,8.7,online
386,8,116,3667,138,2,2024-12-13,$286.76,6.8,Credit Card
387,6,74,2451,783,1,2025-10-30,$181.44,11.2,Online
388,8,30,1381,1137,1,2025-05-20,$230.22,8.1,DEBIT CARD
392,7,5,2910,221,4,2025-03-15,$293.09,10.2,CREDIT CARD
394,8,30,2462,236,1,2024-11-18,$15.65,3.3,Debit Card
395,7,5,3342,1354,4,2024-12-26,$147.68,5.7,Credit Card
397,5,119,1828,1201,1,2025-01-23,$135.69,7.0,credit card
398,5,20,314,1046,5,2025-06-19,$57.74,9.7,ONLINE
402,6,96,1880,68,1,2025-08-24,$14.55,7.7,Online
404,8,109,2952,37,5,2025-10-23,$131.95,8.8,cash
407,7,5,4099,1434,1,2025-11-10,$51.29,5.9,CREDIT CARD
410,7,104,3857,1,5,2025-09-21,$150.71,4.6,Debit Card
411,7,7,3123,1455,2,2025-11-04,$126.19,6.2,Cash
413,7,7,3114,262,3,2025-07-23,$155.46,8.2,credit card
414,5,47,4125,123,4,2025-10-27,$288.83,6.6,Credit Card
417,7,62,3051,278,1,2024-10-04,$270.47,6.0,debit card
420,8,30,1705,1448,3,2024-12-09,$267.25,4.3,DEBIT CARD
423,5,113,4180,180,2,2025-05-23,$198.19,11.5,CREDIT CARD
426,7,84,2244,138,5,2025-02-21,$100.79,9.3,Debit Card
428,7,95,1485,267,3,2024-11-24,$66.76,6.3,Credit Card
429,7,5,4736,29,2,2025-05-24,$142.61,7.4,Credit Card
430,6,99,233,6,2,2024-10-24,$160.88,10.0,ONLINE
432,8,112,3887,707,4,2025-06-24,$153.72,5.6,Cash
433,6,72,345,96,2,2025-08-23,$165.25,5.2,ONLINE
440,8,94,409,280,5,2024-10-26,$271.38,8.0,Online
441,7,84,2752,1009,2,2025-06-17,$211.31,9.9,cash
442,6,96,316,1136,1,2025-10-09,$192.15,7.5,Credit Card
444,6,74,4357,62,4,2025-04-09,$68.1,4.8,debit card
450,5,22,4328,1296,3,2024-12-18,$81.0,10.3,Cash
455,7,95,1419,103,1,2025-06-11,$72.14,8.2,cash
462,8,9,2509,365,1,2024-10-17,$23.74,5.6,online
465,8,80,1720,159,3,2024-11-26,$132.04,9.1,CREDIT CARD
474,5,20,1377,27,1,2025-11-24,$77.62,5.9,Cash
475,8,91,1813,1148,4,2024-10-21,$81.22,11.9,CREDIT CARD
476,5,40,351,415,5,2024-11-10,$262.17,6.7,Online
478,7,5,1706,41,1,2025-02-26,$65.11,8.0,Credit Card
480,6,107,3053,212,3,2024-10-08,$128.99,5.1,Cash
484,7,41,2785,751,1,2025-06-27,$255.81,8.2,DEBIT CARD
485,7,62,4046,99,4,2024-12-24,$184.72,3.0,cash
488,5,22,1371,792,5,2025-02-05,$281.52,4.8,cash
490,6,49,3318,222,2,2025-11-18,$295.68,5.5,CREDIT CARD
491,6,74,3653,424,2,2025-08-23,$185.64,4.9,CASH
492,8,116,3823,134,1,2025-07-10,$93.96,9.2,CREDIT CARD
495,5,22,2042,249,1,2024-11-30,$143.84,3.7,debit card
499,8,116,2548,238,2,2025-06-11,$78.47,8.2,online
501,8,57,1775,194,3,2025-11-18,$37.24,11.9,debit card
512,7,7,2913,153,4,2025-09-06,$33.45,8.9,CASH
513,6,99,1045,173,5,2024-11-24,$170.99,5.4,CASH
515,5,47,1964,807,1,2024-10-31,$225.99,10.8,Debit Card
521,7,95,1220,255,2,2024-11-29,$287.22,4.1,credit card
522,7,5,4198,160,3,2025-08-05,$113.2,7.8,debit card
525,8,9,4730,63,2,2025-07-19,$19.17,7.4,CREDIT CARD
530,8,57,2750,179,4,2025-01-21,$192.73,4.6,CREDIT CARD
533,7,5,1795,177,3,2024-11-27,$97.51,11.3,CASH
535,6,66,1009,1179,1,2025-04-09,$54.58,11.9,debit card
539,7,84,4423,1435,2,2025-04-28,$244.39,9.0,CASH
542,8,116,1428,213,1,2024-12-13,$52.49,8.3,cash
544,8,57,4270,1164,1,2024-11-08,$198.43,3.2,DEBIT CARD
546,7,5,3801,280,4,2024-10-24,$220.65,11.5,DEBIT CARD
549,5,105,156,205,3,2025-12-09,$69.44,6.7,credit card
550,8,112,293,153,2,2025-09-05,$244.23,10.6,credit card
554,8,112,1441,241,5,2024-12-01,$50.53,4.8,Cash
556,8,109,357,233,1,2025-09-03,$24.08,11.7,Credit Card
558,5,92,2444,724,2,2025-04-06,$278.75,5.7,Debit Card
559,7,95,2533,1085,1,2025-04-21,$30.95,6.4,Online
563,6,72,2112,299,5,2025-10-11,$194.57,3.6,CASH
564,5,76,485,219,2,2024-12-03,$258.24,8.5,DEBIT CARD
567,7,41,4099,620,3,2025-08-20,$51.29,8.8,CREDIT CARD
568,7,104,4073,302,1,2025-04-25,$130.54,4.1,Credit Card
569,5,105,966,281,3,2025-12-07,$91.88,8.2,cash
574,8,30,2533,192,1,2025-06-12,$30.95,4.8,Online
575,6,99,2714,282,1,2024-10-09,$173.9,7.7,credit card
579,7,19,874,930,1,2025-03-08,$25.75,9.5,Credit Card
580,5,76,1144,150,1,2025-06-27,$97.39,9.2,CREDIT CARD
581,8,85,274,400,4,2025-07-08,$266.68,8.0,Credit Card
582,6,49,3994,1176,3,2025-01-21,$151.29,10.1,cash
585,8,94,3358,1244,2,2025-01-20,$295.84,10.3,debit card
586,7,104,4260,515,1,2025-08-29,$80.05,4.2,Debit Card
590,8,30,361,1238,3,2025-07-31,$68.51,7.9,credit card
597,8,109,1006,1463,2,2025-10-21,$184.44,10.4,credit card
598,5,22,2347,282,1,2025-07-07,$65.21,11.3,Debit Card
602,7,19,806,1289,3,2025-06-11,$60.32,10.6,Debit Card
608,6,74,1608,188,1,2025-06-04,$71.69,7.9,credit card
611,5,47,3594,36,5,2025-03-02,$45.15,5.7,credit card
616,8,94,752,157,5,2024-12-17,$211.84,5.1,Credit Card
617,6,107,1321,1212,4,2025-11-12,$133.2,7.0,Debit Card
618,8,85,1424,59,3,2025-08-25,$171.63,4.4,ONLINE
622,5,20,4570,652,2,2025-09-02,$120.43,5.6,credit card
624,6,74,2346,106,1,2025-02-10,$35.04,4.5,Online
625,7,62,4729,646,1,2025-11-20,$271.77,4.2,cash
628,8,116,4252,230,4,2025-05-09,$91.39,9.3,credit card
629,8,57,3526,39,1,2025-11-24,$237.39,8.2,credit card
630,5,119,4609,121,3,2025-07-19,$297.87,4.7,Credit Card
631,8,57,4674,130,1,2025-10-16,$191.28,7.8,debit card
643,8,80,1371,5,2,2024-12-14,$281.52,7.7,ONLINE
646,8,85,2671,776,1,2025-03-04,$247.76,5.0,Debit Card
657,5,119,2897,1297,2,2025-11-17,$226.79,5.1,online
661,7,104,912,241,1,2025-02-17,$214.99,5.6,CASH
663,7,7,1005,745,5,2025-09-03,$15.25,11.6,cash
665,7,41,2571,190,3,2025-07-21,$115.75,6.9,CASH
666,7,62,3169,926,1,2025-06-08,$12.14,6.6,debit card
668,7,95,4763,59,1,2025-04-22,$155.64,11.2,Debit Card
674,5,105,772,65,1,2025-01-03,$56.45,3.9,Online
675,7,41,559,284,1,2025-07-31,$217.05,6.7,Credit Card
677,6,77,4137,956,1,2025-05-27,$267.87,10.7,DEBIT CARD
678,8,80,1990,280,2,2025-02-28,$190.79,10.7,debit card
684,5,105,4665,1280,2,2024-11-09,$167.64,6.0,debit card
689,5,47,2206,178,2,2025-06-19,$231.86,3.4,Credit Card
690,8,9,1551,110,3,2025-07-30,$190.72,6.5,CREDIT CARD
693,6,66,1814,1010,2,2025-07-14,$49.72,9.5,Debit Card
696,6,77,4796,1309,4,2025-01-26,$274.21,11.5,Credit Card
699,6,49,1664,124,3,2025-08-10,$200.07,11.9,cash
707,8,94,4393,14,2,2024-10-01,$264.52,9.5,CREDIT CARD
710,7,104,130,1,3,2025-04-05,$271.25,9.0,Online
711,5,119,4701,740,2,2025-11-14,$229.97,10.0,cash
725,5,40,1913,16,2,2024-12-30,$70.34,7.9,Cash
731,6,99,974,163,1,2024-11-07,$57.69,9.0,Credit Card
733,8,116,2673,47,5,2025-05-28,$270.56,9.5,Online
736,8,109,3463,780,3,2025-05-18,$200.2,5.1,Credit Card
738,7,84,1960,1117,1,2025-10-13,$57.02,10.1,Cash
740,7,62,1974,1496,5,2025-06-21,$207.46,8.0,Online
748,8,116,2529,1113,5,2025-10-28,$134.52,10.4,credit card
751,7,19,2336,1334,2,2025-09-23,$73.01,7.3,Credit Card
757,6,78,3426,944,5,2025-09-03,$44.84,4.0,debit card
762,5,119,2859,137,4,2025-11-29,$43.49,9.0,ONLINE
763,8,116,2019,1414,1,2025-06-10,$49.65,6.9,Credit Card
772,6,72,1989,1380,2,2025-10-02,$182.9,8.8,Debit Card
775,7,41,1739,83,1,2024-11-22,$41.69,3.7,CREDIT CARD
787,7,104,3504,224,4,2025-08-12,$254.59,4.4,credit card
788,6,74,3780,100,3,2025-11-03,$251.54,5.6,CREDIT CARD
789,6,107,1515,186,2,2024-12-17,$240.76,5.4,Cash
792,8,57,767,100,1,2025-03-12,$239.95,7.5,DEBIT CARD
794,8,30,2547,109,2,2024-10-17,$51.02,6.7,Cash
797,6,78,1449,1046,2,2025-07-20,$255.16,5.3,DEBIT CARD
798,8,85,3495,293,1,2025-11-11,$228.84,6.7,Cash
801,6,77,2955,146,3,2025-04-30,$78.53,10.5,debit card
805,8,116,2565,164,1,2025-11-11,$167.25,3.9,ONLINE
806,6,66,3071,949,5,2024-12-30,$140.59,7.6,cash
809,5,92,2398,141,5,2025-08-10,$76.97,11.6,credit card
810,7,19,3788,284,1,2025-12-08,$121.36,8.1,CREDIT CARD
811,8,91,3458,950,3,2025-03-05,$279.43,9.5,Cash
813,7,19,1411,31,3,2024-12-05,$200.58,10.3,debit card
814,7,41,2084,148,5,2025-09-14,$181.74,10.7,CREDIT CARD
815,7,104,1017,252,2,2025-10-05,$155.62,11.0,DEBIT CARD
817,5,92,1461,825,3,2024-11-04,$46.21,5.8,cash
819,7,5,1470,48,1,2025-10-02,$251.79,5.8,CASH
821,5,113,2106,213,2,2024-12-07,$221.01,11.2,Credit Card
822,7,62,3617,157,2,2025-10-17,$235.35,9.1,cash
824,7,5,1958,180,2,2025-10-25,$192.8,4.0,ONLINE
825,6,49,179,92,3,2025-01-08,$258.75,11.1,Debit Card
826,8,116,58,588,1,2025-10-31,$99.36,6.2,CASH
827,7,5,4477,68,1,2025-08-11,$113.78,8.8,debit card
829,5,22,4317,223,5,2025-03-16,$270.53,9.0,credit card
833,6,77,2311,279,4,2024-11-11,$104.83,8.5,debit card
836,6,107,4727,1092,1,2025-05-01,$261.31,11.4,credit card
839,8,80,3173,104,2,2025-07-12,$49.14,11.3,Online
841,5,92,1714,21,1,2025-05-13,$167.6,8.0,CREDIT CARD
842,5,40,962,291,2,2025-11-14,$183.59,7.6,Credit Card
852,7,62,1792,963,1,2025-04-11,$94.21,8.2,credit card
854,8,9,2740,1044,2,2025-10-15,$293.62,7.2,Credit Card
858,5,113,4744,1001,2,2025-10-12,$51.73,10.3,CREDIT CARD
861,5,40,2185,379,5,2025-06-24,$203.64,4.5,debit card
862,5,22,268,683,4,2025-10-17,$115.5,9.9,cash
864,6,99,1733,254,4,2025-05-05,$19.2,4.7,credit card
865,7,62,1905,275,2,2024-12-15,$197.36,10.5,cash
866,8,91,2285,127,5,2025-12-03,$108.58,9.3,Credit Card
871,5,113,1042,16,1,2025-08-14,$289.97,11.5,debit card
878,5,22,4294,1178,1,2025-02-27,$235.35,3.9,CREDIT CARD
881,7,41,1386,711,5,2024-10-22,$146.95,10.2,DEBIT CARD
883,6,107,4090,250,2,2025-08-02,$13.26,9.4,Online
886,5,119,1248,998,4,2025-05-26,$25.23,9.2,Cash
887,5,105,424,1403,3,2025-05-12,$189.52,8.6,DEBIT CARD
888,5,40,1947,122,3,2025-10-13,$58.58,8.6,Credit Card
893,6,66,2135,287,4,2025-02-16,$244.2,3.8,debit card
895,8,94,4281,1482,3,2025-10-03,$139.99,3.4,debit card
900,6,77,957,107,1,2025-06-30,$67.29,10.2,cash
901,7,62,1120,11,1,2024-10-18,$60.74,7.6,online
904,5,92,4392,181,4,2025-10-10,$165.71,7.9,cash
905,5,40,723,68,3,2025-01-25,$134.15,10.2,Debit Card
910,5,40,3479,24,3,2025-01-07,$35.53,3.5,credit card
911,7,95,3128,256,1,2025-06-01,$195.63,11.6,cash
912,7,84,1856,241,2,2025-02-22,$258.16,4.6,CREDIT CARD
916,8,116,1194,1300,5,2025-07-10,$9.22,10.4,debit card
917,5,40,1947,154,4,2025-07-13,$58.58,5.2,debit card
922,8,112,4423,210,2,2024-10-04,$244.39,5.8,Online
923,8,57,1399,348,3,2025-02-16,$58.08,9.7,DEBIT CARD
927,6,77,32,151,5,2025-09-29,$119.5,5.9,DEBIT CARD
932,6,78,594,270,4,2025-03-19,$295.43,4.4,Debit Card
934,5,40,886,403,1,2025-01-07,$289.33,9.6,ONLINE
937,6,99,4031,67,2,2025-09-12,$171.75,4.4,Debit Card
940,6,72,1194,281,4,2025-07-13,$9.22,9.3,credit card
941,6,77,2936,343,2,2024-11-10,$64.09,5.5,credit card
943,8,57,2650,153,1,2024-12-06,$208.55,7.7,debit card
944,7,104,4286,55,2,2024-10-24,$115.74,4.8,cash
951,5,105,3085,182,3,2025-02-17,$272.08,6.8,Online
952,6,66,3042,222,4,2025-02-06,$73.88,8.8,Credit Card
960,7,5,1647,268,4,2025-05-05,$237.8,8.4,online
962,7,41,1919,38,3,2025-09-08,$232.3,7.1,Credit Card
967,6,77,1404,75,2,2025-04-26,$41.34,9.3,credit card
969,5,105,3420,377,1,2025-11-24,$139.25,8.5,CASH
973,6,77,3669,675,5,2024-11-14,$204.7,10.2,DEBIT CARD
975,6,96,2508,1187,1,2024-12-14,$20.36,3.3,cash
977,7,7,4630,499,2,2024-11-16,$139.11,4.6,credit card
980,8,80,4335,41,2,2025-09-09,$47.19,8.0,online
982,8,80,2093,127,1,2025-08-28,$21.18,6.3,online
983,5,40,4861,93,1,2025-07-04,$103.4,4.9,DEBIT CARD
984,6,77,94,102,2,2025-03-23,$252.06,6.0,cash
986,7,95,195,478,3,2025-04-19,$234.28,9.0,DEBIT CARD
988,7,7,4608,1042,1,2024-12-01,$11.99,7.8,Cash
990,5,76,671,278,1,2025-05-10,$30.82,8.1,CREDIT CARD
993,7,7,3222,10,2,2024-11-23,$100.83,3.0,ONLINE
998,5,40,1450,65,4,2025-12-01,$214.59,9.7,CASH
1000,6,74,945,27,1,2025-08-08,$286.62,8.9,Cash
1003,6,49,2441,1283,4,2025-07-12,$136.9,6.6,ONLINE
1004,6,66,482,934,1,2025-09-07,$140.26,10.8,online
1008,6,72,2581,467,1,2025-03-04,$80.18,11.7,credit card
1017,7,19,3726,766,3,2025-01-17,$94.45,10.7,Credit Card
1019,6,96,2486,525,1,2025-05-07,$81.99,6.7,DEBIT CARD
1020,5,113,1280,1491,2,2024-12-30,$78.1,8.8,Cash
1021,7,5,2644,709,1,2024-12-13,$11.79,10.3,credit card
1028,5,76,4078,332,5,2025-11-10,$53.2,6.3,debit card
1030,5,119,4805,34,5,2025-01-22,$102.63,7.2,CREDIT CARD
1033,6,107,3374,1489,1,2025-01-14,$10.75,7.9,online
1034,7,84,3603,145,5,2025-05-04,$82.17,10.2,Debit Card
1035,8,112,2539,881,1,2025-07-21,$123.88,6.7,cash
1036,5,105,4126,14,1,2025-09-25,$90.92,5.5,CASH
1041,6,107,4908,527,2,2025-10-21,$63.53,8.3,Credit Card
1042,5,92,1132,1473,1,2025-05-03,$230.63,3.2,Online
1043,5,105,1390,293,4,2024-12-18,$132.81,3.9,Cash
1053,8,109,2647,907,1,2025-03-23,$255.29,8.6,Credit Card
1055,5,22,1733,41,5,2025-05-12,$19.2,8.6,CREDIT CARD
1057,8,112,4662,41,2,2025-02-20,$290.08,5.1,CASH
1058,8,109,1020,1462,1,2024-10-05,$127.18,9.9,CREDIT CARD
1060,6,72,2776,581,2,2025-02-21,$223.15,11.6,cash
1065,8,116,2478,253,2,2025-03-15,$102.4,6.5,CASH
1067,5,105,2654,284,1,2024-12-03,$272.42,5.4,credit card
1069,7,62,4285,1185,4,2025-06-14,$163.28,10.9,CREDIT CARD
1070,6,74,3133,1399,4,2025-02-02,$44.58,8.0,cash
1081,6,49,2378,558,2,2024-12-25,$250.07,8.7,Online
1083,8,91,2898,45,2,2024-10-18,$298.08,10.1,Credit Card
1087,7,41,771,508,3,2025-09-30,$38.82,7.3,Credit Card
1091,5,22,3891,241,1,2025-07-12,$112.03,3.3,DEBIT CARD
1095,8,85,2697,138,1,2025-04-29,$268.25,3.2,online
1099,5,47,4967,1203,1,2024-11-01,$88.62,4.4,ONLINE
1106,6,49,4215,123,1,2025-09-13,$237.07,9.7,Debit Card
1108,8,85,2133,62,4,2025-08-23,$25.57,11.8,CASH
1111,8,109,4170,946,5,2024-12-16,$116.17,3.1,Credit Card
1113,7,84,4747,298,1,2025-06-08,$64.01,11.1,Online
1116,7,5,219,11,1,2025-11-01,$215.2,7.7,online
1117,5,113,1339,1321,2,2025-02-08,$93.13,11.8,DEBIT CARD
1118,5,76,727,156,2,2025-03-30,$274.11,4.2,credit card
1121,5,22,1551,281,1,2025-10-27,$190.72,11.0,debit card
1132,7,95,2763,579,4,2025-12-07,$151.23,11.9,CASH
1135,8,112,3250,120,3,2025-01-30,$84.92,6.9,ONLINE
1143,6,78,2073,119,1,2024-11-07,$232.48,4.7,debit card
1148,7,19,656,977,5,2025-09-29,$81.35,11.8,online
1153,7,84,4157,16,1,2025-10-17,$92.01,5.6,online
1154,7,104,2750,59,3,2025-06-09,$192.73,8.1,Debit Card
1158,8,109,2045,17,5,2025-08-02,$107.75,10.5,Debit Card
1159,8,30,4351,85,4,2025-10-14,$63.29,11.7,Credit Card
1160,6,78,2489,204,5,2024-12-23,$102.95,11.3,Online
1169,6,49,3577,1309,1,2024-10-21,$13.15,6.4,online
1171,6,49,453,259,1,2025-01-09,$39.45,9.6,credit card
1174,7,19,2993,547,1,2025-08-22,$231.47,3.3,Cash
1177,8,109,122,451,3,2024-11-25,$86.98,9.8,Credit Card
1178,6,96,2805,73,5,2025-01-27,$81.55,4.0,CREDIT CARD
1181,6,66,4334,134,5,2025-08-15,$243.26,7.3,Debit Card
1186,5,22,1392,1412,3,2025-06-17,$125.98,8.6,Debit Card
1188,8,85,4274,127,1,2024-10-10,$109.33,9.7,Online
1190,5,119,1289,103,2,2025-08-31,$8.93,6.4,ONLINE
1192,6,74,2995,94,1,2024-11-02,$244.11,7.4,Online
1193,6,107,2934,554,2,2024-10-25,$274.13,8.6,credit card
1200,6,77,1888,3,1,2025-04-26,$286.12,6.7,Credit Card
1202,6,49,3957,410,1,2025-01-27,$247.7,7.5,cash
1203,8,30,4952,881,5,2025-07-09,$279.42,8.3,cash
1207,5,40,2695,632,2,2025-01-19,$155.22,7.5,debit card
1209,7,104,4133,289,2,2025-05-03,$194.37,3.6,Debit Card
1211,6,49,4887,91,2,2025-04-15,$117.39,11.5,credit card
1213,6,96,1218,106,1,2025-03-22,$233.77,4.7,debit card
1214,7,19,114,207,1,2025-08-31,$167.08,11.7,Debit Card
1215,5,76,4114,245,2,2025-06-25,$78.34,7.9,cash
1218,6,49,1867,171,3,2025-09-10,$297.52,11.2,CASH
1220,6,78,4719,192,3,2025-11-26,$197.14,5.9,Credit Card
1225,7,5,1087,602,3,2024-12-05,$138.05,3.7,CASH
1227,8,112,769,1306,3,2024-11-09,$153.19,5.7,CASH
1231,6,78,2934,35,1,2025-01-05,$274.13,6.0,debit card
1235,5,76,1456,273,1,2024-12-30,$199.21,11.7,Online
1236,8,116,905,164,1,2025-03-08,$210.71,9.1,debit card
1239,7,84,783,1006,2,2025-05-06,$43.63,3.1,Debit Card
1241,7,19,1739,1448,5,2025-04-03,$41.69,8.9,Credit Card
1244,7,19,3718,170,3,2025-11-26,$246.76,11.7,Credit Card
1245,7,95,1804,74,1,2025-03-15,$271.91,6.3,debit card
1246,5,76,3471,765,1,2025-09-24,$27.97,9.5,CREDIT CARD
1253,7,19,1040,151,1,2024-10-02,$68.88,8.6,Online
1254,8,91,1918,235,5,2025-04-04,$100.76,9.3,credit card
1255,8,9,1371,24,3,2025-07-02,$281.52,10.5,credit card
1257,7,7,419,274,4,2025-06-01,$191.86,3.6,cash
1259,8,109,4753,543,5,2025-11-02,$147.9,3.2,DEBIT CARD
1260,7,7,4608,136,1,2025-08-09,$11.99,4.9,CASH
1262,6,72,3055,53,1,2024-11-13,$148.57,9.9,debit card
1264,5,47,1743,231,2,2024-10-18,$32.87,4.2,DEBIT CARD
1265,6,107,739,278,1,2025-07-12,$61.98,5.8,debit card
1266,6,96,186,160,2,2025-10-04,$253.91,9.4,Debit Card
1267,8,116,2915,31,3,2024-10-30,$91.92,4.8,Credit Card
1268,8,112,3299,485,5,2024-10-03,$101.13,6.1,CASH
1274,6,74,4432,112,4,2025-01-06,$247.54,5.6,cash
1276,5,92,4533,132,3,2025-09-01,$272.4,7.6,CREDIT CARD
1283,8,57,1269,1121,2,2025-07-11,$238.02,6.2,CREDIT CARD
1284,7,7,4982,272,5,2025-03-03,$274.71,9.4,CASH
1290,6,107,591,18,1,2025-01-22,$36.26,8.9,DEBIT CARD
1292,7,84,1862,267,4,2025-09-01,$184.03,8.9,Debit Card
1293,8,30,275,886,1,2024-11-02,$183.25,9.8,cash
1299,8,91,292,1139,2,2025-03-21,$247.33,3.7,credit card
1302,5,113,2503,84,3,2025-10-28,$25.87,7.6,Online
1304,5,22,4794,10,1,2025-08-31,$74.56,11.4,Online
1308,5,105,2473,99,5,2025-03-23,$269.16,6.5,debit card
1309,5,22,3890,272,2,2025-03-09,$292.76,5.0,ONLINE
1310,7,104,1467,467,3,2025-09-02,$29.87,6.0,Debit Card
1313,5,119,2485,1292,3,2025-09-18,$236.61,11.1,DEBIT CARD
1316,7,95,1522,242,3,2025-11-16,$265.58,6.3,cash
1317,6,78,4638,52,1,2025-11-01,$13.94,8.8,credit card
1319,6,72,4925,216,1,2025-02-04,$109.69,10.4,Credit Card
1331,6,99,1467,663,2,2024-12-11,$29.87,6.9,DEBIT CARD
1335,8,109,3568,21,1,2025-07-29,$121.41,4.1,credit card
1336,6,99,992,293,4,2025-01-12,$238.45,3.7,cash
1339,8,91,1078,1203,1,2024-12-25,$249.33,3.9,cash
1342,5,47,3552,90,1,2025-08-26,$206.13,10.9,Cash
1343,5,22,3937,1,2,2024-12-27,$168.53,10.5,Credit Card
1344,8,85,2017,68,1,2025-05-27,$299.88,9.0,DEBIT CARD
1345,6,66,3798,805,1,2025-08-12,$19.38,8.7,CASH
1349,6,49,8,244,3,2025-05-19,$275.57,3.8,DEBIT CARD
1351,8,85,4801,1432,3,2025-07-28,$174.92,10.5,DEBIT CARD
1354,7,95,2344,748,4,2025-10-23,$158.13,6.7,CASH
1357,6,77,2866,145,2,2025-10-16,$264.2,7.4,debit card
1359,8,85,2370,49,1,2025-08-17,$79.21,4.9,Debit Card
1362,6,72,1036,145,1,2024-11-15,$86.03,8.2,debit card
1368,5,113,1236,287,2,2025-01-03,$91.66,4.2,debit card
1369,8,112,1813,1177,1,2024-11-05,$81.22,7.9,Credit Card
1370,7,95,400,187,1,2025-03-13,$124.17,4.7,Credit Card
1372,7,41,2209,35,4,2025-07-31,$235.74,11.7,debit card
1378,7,95,3364,79,3,2025-01-18,$230.51,9.8,CASH
1380,6,74,4408,258,5,2025-03-11,$70.88,8.0,Cash
1382,7,104,3203,184,5,2025-04-26,$211.08,8.3,Credit Card
1385,8,85,2508,1213,2,2025-12-06,$20.36,11.2,debit card
1386,8,91,4343,1242,1,2025-05-09,$11.33,10.6,credit card
1387,6,78,1119,55,1,2025-02-27,$277.9,10.7,Credit Card
1388,7,5,4132,1017,3,2025-08-23,$28.05,6.4,Credit Card
1390,5,92,976,197,1,2025-03-17,$144.73,11.8,CASH
1391,5,119,4591,1005,5,2025-02-09,$8.55,10.8,CREDIT CARD
1393,8,85,1933,249,1,2025-07-26,$25.3,5.8,Credit Card
1396,7,5,4171,123,4,2025-08-17,$59.57,3.4,Cash
1398,8,85,4416,265,5,2025-02-07,$282.07,5.8,DEBIT CARD
1402,6,96,3797,107,2,2024-11-18,$83.56,7.7,Online
1405,7,84,3124,1370,3,2025-01-30,$203.66,5.7,ONLINE
1411,5,22,1703,9,2,2025-01-10,$149.2,8.7,CREDIT CARD
1415,5,22,2814,893,1,2024-12-16,$62.55,7.2,Debit Card
1418,8,91,558,939,1,2025-04-04,$213.98,9.6,debit card
1420,7,84,4588,130,1,2025-06-05,$154.53,5.9,Online
1423,5,119,3753,807,4,2025-11-04,$147.66,5.0,Cash
1424,7,7,3925,770,1,2025-12-06,$148.57,8.8,Debit Card
1425,6,49,4782,232,1,2024-12-10,$192.06,10.4,cash
1432,6,107,2504,234,1,2025-11-12,$26.2,9.2,ONLINE
1435,5,20,1038,792,2,2025-02-04,$19.17,11.8,CASH
1443,7,104,2825,142,1,2025-02-15,$95.84,7.4,ONLINE
1444,5,20,1147,66,1,2025-08-02,$113.93,9.0,ONLINE
1445,7,7,2794,227,1,2025-05-29,$232.08,5.4,Credit Card
1451,5,119,4599,403,2,2025-03-04,$117.55,4.1,CASH
1452,6,107,1496,1059,3,2024-11-11,$268.49,11.6,Online
1454,7,95,1713,285,5,2025-07-28,$248.24,8.0,Online
1458,6,74,2620,41,5,2025-08-08,$25.64,9.6,credit card
1461,6,99,4854,34,3,2024-11-08,$143.79,8.6,CASH
1466,6,66,725,222,5,2024-11-23,$104.39,8.8,ONLINE
1469,5,47,3046,255,1,2025-06-01,$73.04,4.3,Credit Card
1472,6,72,1053,21,1,2025-10-01,$281.65,5.1,online
1476,8,30,882,1149,1,2025-05-30,$44.71,10.4,Debit Card
1477,7,62,1374,1303,1,2024-12-16,$228.05,5.3,CASH
1480,6,66,2422,461,3,2025-02-12,$166.87,5.7,CASH
1481,8,116,2806,265,3,2024-12-09,$117.94,4.5,Credit Card
1490,6,66,3544,246,1,2025-01-01,$250.91,9.2,online
1494,6,77,731,1036,1,2025-11-20,$165.37,9.3,debit card
1496,7,41,685,91,4,2025-08-30,$132.55,5.3,cash
1497,7,62,4943,1366,4,2025-10-05,$292.37,7.8,CASH
1498,6,96,2104,918,2,2024-12-23,$41.34,8.9,cash
1502,8,94,1166,7,1,2025-07-02,$237.15,5.4,Online
1506,7,95,4916,994,5,2025-11-06,$220.14,8.4,ONLINE
1507,7,62,1354,880,3,2025-06-04,$289.67,5.4,Credit Card
1512,6,78,4724,20,1,2025-02-11,$183.9,11.1,debit card
1519,8,94,20,27,4,2025-09-09,$127.31,3.2,Cash
1523,8,112,866,734,1,2025-02-02,$10.61,8.8,Cash
1524,7,62,1372,282,3,2025-02-27,$12.36,8.9,CREDIT CARD
1528,6,78,3124,104,4,2025-09-16,$203.66,4.8,Credit Card
1529,5,40,1054,194,3,2025-08-03,$245.44,9.6,credit card
1531,7,19,4795,276,3,2024-11-12,$213.27,10.2,debit card
1533,8,85,1702,1445,2,2024-10-17,$90.55,9.7,credit card
1535,7,7,2783,170,5,2025-08-14,$72.12,8.0,Cash
1537,6,96,4920,35,1,2025-04-07,$288.87,9.7,cash
1540,6,77,2694,133,1,2024-10-09,$208.8,10.1,credit card
1543,6,66,2045,291,5,2024-11-28,$107.75,5.6,Debit Card
1544,7,7,4275,1182,4,2025-08-25,$5.88,7.0,Online
1548,7,41,4757,186,3,2025-08-16,$141.46,11.4,credit card
1556,7,95,2917,17,3,2025-04-24,$11.23,3.3,online
1557,8,85,2845,446,1,2025-06-28,$63.57,3.2,CREDIT CARD
1559,7,41,363,806,1,2025-02-15,$25.15,3.5,debit card
1563,7,62,2671,476,4,2025-06-26,$247.76,3.1,CASH
1565,7,7,3593,917,3,2025-06-24,$182.63,9.3,Cash
1566,6,96,169,397,2,2025-02-18,$41.76,11.7,Debit Card
1572,8,94,2982,1330,1,2025-09-11,$164.75,11.9,debit card
1573,7,5,555,255,3,2025-04-05,$189.31,7.5,online
1575,5,76,3976,343,5,2024-12-19,$37.15,9.7,debit card
1577,8,116,4934,25,2,2025-02-18,$192.35,8.9,CREDIT CARD
1580,5,105,279,1125,1,2025-05-24,$96.69,7.1,CASH
1582,6,74,3618,218,5,2025-06-14,$31.38,4.7,ONLINE
1583,7,7,4582,247,3,2025-02-05,$117.36,6.0,Cash
1584,8,91,232,782,4,2024-11-04,$106.73,3.3,Debit Card
1587,5,40,4561,27,4,2025-03-21,$241.18,4.0,Debit Card
1589,5,113,3828,116,2,2025-10-20,$259.44,11.0,online
1590,6,78,3651,391,1,2025-03-29,$67.57,7.6,Debit Card
1593,6,99,3140,251,1,2025-03-30,$171.49,11.2,cash
1596,7,62,1857,570,5,2025-02-05,$253.11,6.9,Online
1597,8,94,1546,107,5,2025-06-16,$298.01,6.4,DEBIT CARD
1601,7,104,4292,126,1,2024-12-06,$207.77,9.1,debit card
1608,7,62,1317,123,5,2025-07-18,$133.66,10.5,credit card
1610,8,80,1700,71,2,2024-10-15,$284.79,7.7,debit card
1611,6,74,4265,294,1,2025-03-11,$226.0,9.7,credit card
1614,7,84,1590,1367,1,2025-01-07,$185.44,10.9,online
1616,8,109,2422,104,2,2025-10-10,$166.87,6.5,DEBIT CARD
1617,5,105,150,927,5,2025-11-20,$116.36,9.7,CREDIT CARD
1622,7,19,4295,405,5,2025-10-05,$46.13,8.9,Cash
1623,5,119,2691,1241,2,2025-07-27,$29.56,11.9,Credit Card
1624,5,119,2823,834,5,2024-10-12,$55.64,11.4,DEBIT CARD
1626,8,85,439,216,5,2024-10-22,$61.44,11.8,credit card
1628,6,66,4312,1252,1,2025-09-30,$152.45,6.9,DEBIT CARD
1630,6,77,2989,134,5,2024-12-24,$152.28,7.3,DEBIT CARD
1632,7,19,3955,720,4,2025-10-16,$21.86,9.1,Debit Card
1636,8,57,1870,980,2,2025-08-24,$139.85,6.5,Online
1647,7,95,3315,244,1,2025-03-27,$7.49,7.5,debit card
1652,6,107,1239,673,3,2025-10-18,$22.33,11.6,credit card
1654,7,19,794,242,1,2025-02-11,$239.21,3.8,Cash
1655,8,94,4971,1035,3,2025-11-07,$82.92,8.2,Debit Card
1661,8,57,4238,59,2,2025-01-18,$278.2,7.8,DEBIT CARD
1662,5,22,4829,12,5,2025-05-28,$248.57,3.8,DEBIT CARD
1664,6,96,1182,97,5,2025-10-15,$183.23,5.0,credit card
1669,5,105,3172,1170,4,2025-05-03,$191.61,3.6,debit card
1670,7,7,303,366,2,2025-04-09,$262.69,5.5,Cash
1672,7,19,3405,578,1,2024-12-21,$26.44,3.8,Debit Card
1673,7,19,2546,399,2,2025-03-20,$59.47,6.7,Cash
1674,8,85,1254,191,2,2025-05-16,$60.91,6.5,ONLINE
1682,8,91,4803,238,2,2025-04-30,$43.51,5.9,Debit Card
1683,6,66,1446,31,1,2025-10-03,$12.5,7.1,CREDIT CARD
1684,5,22,2445,133,2,2025-05-24,$147.85,3.7,credit card
1689,5,47,4332,97,1,2025-01-21,$119.85,8.3,DEBIT CARD
1692,5,76,717,6,1,2025-10-22,$247.69,11.4,debit card
1694,5,119,817,143,2,2025-04-21,$271.81,7.8,DEBIT CARD
1695,8,9,3833,181,1,2025-02-28,$88.08,6.3,DEBIT CARD
1697,6,99,3560,920,2,2024-12-07,$245.9,11.5,DEBIT CARD
1698,8,112,553,87,1,2025-08-13,$147.48,4.5,DEBIT CARD
1702,8,112,4651,1464,5,2025-05-26,$43.36,3.6,debit card
1706,6,107,3669,66,1,2024-12-22,$204.7,7.1,credit card
1709,7,5,983,66,4,2024-11-25,$85.69,10.8,credit card
1711,6,74,3108,523,1,2025-09-22,$100.7,4.4,CREDIT CARD
1714,6,78,4473,206,3,2025-05-29,$239.55,3.3,cash
1715,8,85,4502,1394,2,2024-11-09,$212.6,3.9,CASH
1717,5,47,1638,597,2,2025-05-12,$248.76,3.6,debit card
1719,7,19,4174,187,4,2025-07-31,$230.52,5.7,ONLINE
1720,5,47,484,196,1,2025-07-01,$267.33,11.7,Credit Card
1721,7,41,858,253,1,2025-03-09,$204.14,10.9,CASH
1725,5,47,3144,760,2,2024-10-14,$218.86,6.4,Credit Card
1729,6,77,3202,193,5,2025-06-20,$56.98,8.5,debit card
1732,7,5,1749,612,1,2025-09-30,$181.25,5.3,CASH
1733,6,66,2276,766,5,2025-03-27,$113.05,11.9,Online
1734,6,78,670,183,1,2025-01-07,$59.13,9.0,Credit Card
1735,5,119,2992,130,2,2025-08-22,$26.03,6.5,cash
1736,6,72,4459,1271,3,2025-05-15,$219.65,8.3,DEBIT CARD
1737,6,74,642,157,5,2024-11-15,$263.88,6.7,Cash
1739,8,94,4507,248,5,2025-07-05,$296.97,11.5,Cash
1742,6,99,2841,247,5,2025-04-05,$213.18,5.0,credit card
1743,6,107,4842,181,2,2024-11-23,$118.59,8.5,Cash
1744,7,7,1817,13,1,2024-12-05,$187.07,8.1,Credit Card
1746,6,96,2797,892,2,2025-02-12,$248.73,10.7,debit card
1747,8,94,2067,1304,1,2025-02-17,$115.99,3.3,CASH
1752,7,84,3965,216,5,2025-05-19,$18.49,10.0,Debit Card
1756,6,77,1152,1341,5,2025-05-11,$200.82,6.2,Cash
1757,7,95,41,104,5,2025-06-28,$175.14,10.1,cash
1759,8,94,959,117,1,2025-06-02,$124.1,7.4,Online
1763,5,113,597,995,2,2025-02-10,$276.53,5.8,Debit Card
1766,6,77,1074,1488,1,2025-08-13,$292.78,3.3,Credit Card
1768,7,7,3349,271,5,2025-01-17,$83.58,11.6,Cash
1769,6,99,1664,53,1,2025-07-10,$200.07,3.0,CASH
1772,6,107,30,60,1,2024-10-19,$185.07,8.2,Debit Card
1774,8,57,3969,174,1,2025-10-10,$14.87,4.8,Debit Card
1776,6,99,4309,269,5,2025-02-10,$86.17,5.6,online
1777,5,22,3161,278,1,2025-01-24,$106.77,9.7,debit card
1779,7,62,2956,157,5,2025-08-27,$80.93,3.4,online
1782,6,107,1309,159,1,2025-04-11,$282.11,4.1,credit card
1785,5,20,3156,1020,1,2024-12-25,$295.23,11.1,Credit Card
1787,6,96,3985,65,1,2024-12-16,$123.22,11.7,Credit Card
1796,5,47,3068,134,4,2024-10-27,$155.28,10.2,online
1797,6,72,4528,112,2,2025-02-14,$232.23,6.7,CREDIT CARD
1798,5,76,2739,851,4,2025-03-06,$150.5,6.2,DEBIT CARD
1802,6,72,4490,455,1,2024-12-04,$191.1,8.8,CREDIT CARD
1808,7,5,2750,379,1,2025-01-27,$192.73,5.1,CREDIT CARD
1810,7,19,2609,5,5,2025-09-16,$150.79,4.7,Cash
1814,7,19,3871,270,1,2025-09-18,$284.6,9.5,DEBIT CARD
1817,6,107,1217,156,1,2025-06-14,$206.12,8.2,CASH
1823,5,92,1791,23,2,2024-12-27,$158.96,5.3,credit card
1824,5,105,255,30,3,2025-06-19,$94.36,9.6,ONLINE
1829,7,7,863,214,1,2025-06-28,$180.82,9.2,CASH
1833,7,95,2836,55,2,2024-10-26,$86.11,7.7,CASH
1835,6,74,380,300,1,2025-08-05,$248.95,10.9,credit card
1838,7,104,1927,62,4,2024-12-20,$24.9,10.0,CASH
1841,5,47,3409,543,1,2025-09-13,$60.89,6.4,credit card
1843,6,66,2206,111,3,2025-12-08,$231.86,5.5,cash
1845,6,99,3588,242,4,2024-11-11,$242.62,7.8,Debit Card
1846,7,84,2213,209,1,2025-11-20,$167.69,5.7,Credit Card
1851,7,41,3072,365,3,2025-02-10,$55.45,5.8,CREDIT CARD
1856,7,7,1264,102,1,2025-04-28,$275.77,7.1,CREDIT CARD
1858,8,91,4218,228,5,2025-11-29,$130.28,8.3,Credit Card
1860,5,113,1948,20,5,2025-01-15,$125.45,11.5,Cash
1864,5,76,245,86,1,2025-03-17,$185.13,8.6,Credit Card
1866,5,119,3334,1168,2,2024-10-23,$253.53,9.1,Credit Card
1869,7,95,3120,163,4,2025-06-12,$91.56,7.7,credit card
1870,6,72,1222,339,1,2025-02-09,$176.35,9.5,CREDIT CARD
1874,7,95,670,243,2,2025-07-12,$59.13,9.1,debit card
1877,8,85,2461,122,1,2025-02-22,$193.45,10.2,CREDIT CARD
1878,8,109,48,206,1,2025-04-16,$194.07,8.7,credit card
1880,6,49,689,285,1,2025-07-01,$133.87,10.8,debit card
1883,8,57,4692,1279,2,2025-04-10,$194.61,10.5,Online
1886,8,109,3761,85,4,2025-05-05,$270.37,9.9,debit card
1888,6,96,2524,167,5,2025-11-23,$282.07,6.1,online
1893,7,62,3605,24,1,2025-11-26,$70.46,5.0,online
1898,8,30,1592,211,2,2025-10-03,$61.42,7.3,Cash
1901,8,116,3157,540,2,2025-05-19,$195.54,7.4,Cash
1902,6,107,4834,237,1,2025-08-11,$204.83,4.0,Cash
1903,7,95,3743,251,1,2025-09-21,$231.15,4.0,Debit Card
1907,6,66,656,277,1,2025-02-12,$81.35,4.9,CASH
1910,8,109,4684,1231,3,2025-11-08,$81.94,3.9,Cash
1913,8,116,4076,293,2,2025-07-08,$20.31,6.8,Credit Card
1914,7,84,1126,595,4,2025-02-17,$81.85,5.6,cash
1916,6,96,1900,221,1,2025-11-05,$59.34,6.8,CREDIT CARD
1917,5,76,1200,69,4,2025-01-15,$68.43,10.9,Debit Card
1922,7,7,3907,140,2,2025-03-11,$232.08,4.9,DEBIT CARD
1924,5,92,245,730,3,2025-05-18,$185.13,7.1,online
1925,8,57,4639,67,1,2025-09-21,$18.51,7.6,Credit Card
1928,5,40,3776,496,2,2025-08-29,$180.98,9.5,ONLINE
1929,5,20,4365,241,1,2025-07-04,$191.97,9.2,debit card
1935,5,92,4622,253,1,2025-03-11,$39.36,8.3,credit card
1937,6,96,3911,148,4,2025-01-12,$24.87,7.4,credit card
1938,5,76,3800,282,4,2024-12-14,$55.11,11.4,DEBIT CARD
1946,5,40,1899,94,1,2024-11-10,$299.17,5.6,ONLINE
1955,7,19,3216,97,1,2025-07-26,$118.25,10.2,Credit Card
1957,6,78,1198,252,1,2025-03-14,$270.37,10.6,Online
1960,6,96,1959,96,2,2025-01-25,$20.68,8.3,CASH
1965,5,47,3984,369,1,2025-04-22,$232.69,10.0,Credit Card
1966,7,41,3225,878,5,2024-11-15,$16.69,10.2,CREDIT CARD
1968,6,77,2596,785,2,2025-10-20,$34.51,5.5,Cash
1971,5,92,4110,349,2,2025-04-25,$177.23,8.4,CREDIT CARD
1980,6,78,2848,6,3,2025-05-30,$52.71,7.1,credit card
1982,7,19,1463,1240,1,2024-12-15,$216.97,10.0,CREDIT CARD
1993,5,76,2897,67,1,2024-12-07,$226.79,7.9,ONLINE
1995,7,104,4118,78,2,2025-05-21,$155.32,10.1,Cash
1996,7,19,2998,263,4,2025-06-24,$24.57,5.2,Online
1997,7,19,3201,291,3,2025-07-29,$119.11,4.6,Online
1998,5,113,2089,241,2,2024-10-03,$165.99,9.7,debit card
2002,8,91,1069,46,2,2024-10-11,$219.88,10.7,Online
2004,5,76,4531,964,4,2025-07-24,$100.41,7.0,Online
2005,8,85,3038,82,4,2025-01-13,$87.78,8.9,online
2007,7,19,3535,150,1,2025-05-29,$24.54,10.5,credit card
2013,5,20,635,351,4,2025-11-04,$261.12,9.3,online
2018,6,72,1809,107,4,2025-03-09,$154.49,9.9,credit card
2025,5,47,3835,837,3,2024-12-28,$132.49,8.9,credit card
2029,5,22,2171,1132,5,2025-11-05,$20.35,10.7,cash
2030,7,95,340,265,1,2025-09-12,$32.11,7.3,CREDIT CARD
2036,7,104,4050,10,2,2025-02-13,$34.42,7.9,online
2038,6,74,3394,300,1,2025-04-23,$234.95,3.5,DEBIT CARD
2039,8,116,4355,237,1,2025-08-07,$193.78,11.1,DEBIT CARD
2043,8,109,2669,129,5,2025-11-13,$96.31,8.0,credit card
2045,6,74,357,151,4,2025-06-13,$24.08,3.5,CASH
2050,8,80,2013,294,2,2025-03-12,$115.47,8.7,Debit Card
2056,7,84,4970,14,5,2025-05-05,$18.9,6.9,DEBIT CARD
2058,5,20,4188,38,1,2024-12-20,$22.17,6.9,CREDIT CARD
2068,8,94,750,73,1,2025-05-13,$55.17,10.9,cash
2069,6,77,4214,813,3,2025-08-23,$145.65,7.2,CREDIT CARD
2071,8,9,3039,285,5,2025-11-26,$210.52,11.3,cash
2072,5,113,2780,530,1,2025-06-24,$244.13,7.8,Debit Card
2075,6,74,2777,137,5,2025-09-04,$288.77,7.3,debit card
2076,7,5,1456,954,1,2025-06-21,$199.21,9.0,CREDIT CARD
2078,6,66,3122,965,2,2024-11-18,$207.43,9.4,credit card
2084,6,77,31,24,4,2025-09-04,$81.62,9.5,debit card
2096,5,76,144,1274,1,2025-10-06,$205.52,4.8,Credit Card
2098,5,119,4110,284,2,2025-11-26,$177.23,9.0,Debit Card
2100,8,109,3919,1152,1,2025-02-09,$188.6,5.0,Debit Card
2102,6,78,1834,777,2,2025-11-30,$10.38,10.9,online
2106,8,91,3926,270,2,2025-05-16,$168.24,7.1,Debit Card
2109,8,30,3117,1060,1,2024-12-18,$37.05,4.8,credit card
2113,7,84,4669,49,4,2025-03-12,$46.28,7.3,cash
2114,8,91,1800,1200,1,2025-03-05,$168.36,6.0,CASH
2121,8,80,397,274,1,2025-05-21,$133.21,6.9,credit card
2122,7,7,3245,1296,2,2025-09-22,$34.71,6.2,ONLINE
2123,5,105,4469,1352,1,2025-04-11,$135.98,9.7,credit card
2125,7,19,402,66,2,2025-03-27,$21.35,8.9,debit card
2127,7,41,1492,148,1,2024-10-17,$76.08,3.5,DEBIT CARD
2130,6,49,2192,47,1,2024-10-11,$69.28,10.2,Credit Card
2131,8,80,1535,76,1,2025-03-18,$50.97,8.3,debit card
2132,7,41,619,700,2,2025-05-22,$79.28,6.9,CREDIT CARD
2133,5,76,741,174,1,2025-06-16,$254.9,11.9,Online
2137,7,41,1782,251,1,2025-01-08,$259.8,9.7,online
2141,7,84,4938,286,4,2025-10-05,$269.15,8.5,debit card
2145,7,7,1483,947,5,2025-09-02,$183.0,10.8,credit card
2148,7,5,3011,609,5,2025-01-22,$21.52,8.0,cash
2151,5,22,1012,21,1,2025-11-28,$58.19,5.0,DEBIT CARD
2152,6,49,2609,44,1,2025-09-03,$150.79,6.0,CASH
2153,6,49,4751,803,1,2024-12-14,$211.42,3.1,Credit Card
2160,7,19,4299,91,2,2025-04-04,$298.37,7.0,ONLINE
2163,7,7,279,42,1,2025-09-20,$96.69,6.6,ONLINE
2166,5,76,1602,1430,2,2025-09-29,$266.44,10.1,CREDIT CARD
2168,8,57,4823,24,2,2025-06-28,$295.16,6.1,ONLINE
2169,6,77,947,1462,2,2025-09-14,$188.59,8.3,Cash
2170,5,20,3607,860,4,2024-12-18,$281.13,7.8,DEBIT CARD
2171,8,57,4787,1494,1,2025-03-08,$40.72,6.6,Credit Card
2172,6,66,3958,159,1,2025-10-26,$57.58,6.0,credit card
2175,7,5,1383,70,5,2025-04-23,$245.92,4.2,DEBIT CARD
2176,8,30,1620,74,1,2025-08-26,$45.88,5.7,credit card
2178,7,7,4363,1482,5,2025-03-26,$278.22,5.5,CASH
2179,7,104,2990,1484,1,2025-06-28,$169.15,10.1,debit card
2180,8,109,322,220,2,2024-10-03,$71.89,4.8,CASH
2181,6,49,313,120,2,2025-02-23,$205.46,5.4,credit card
2185,8,30,749,731,4,2024-12-13,$145.37,8.5,Online
2190,5,92,3072,185,4,2025-01-01,$55.45,8.3,Debit Card
2193,8,94,1369,206,3,2025-10-29,$166.43,6.3,CREDIT CARD
2195,6,74,752,40,1,2025-08-30,$211.84,3.2,DEBIT CARD
2199,6,49,537,665,4,2025-07-13,$144.1,4.7,CREDIT CARD
2204,7,95,762,8,3,2024-10-22,$254.2,11.1,CREDIT CARD
2205,5,105,1947,1328,1,2025-01-23,$58.58,9.9,Credit Card
2211,8,109,1624,659,2,2024-12-12,$260.61,7.7,ONLINE
2213,6,77,1568,545,4,2024-11-28,$117.53,11.2,Debit Card
2215,6,72,2608,1461,2,2024-12-21,$54.02,9.2,Debit Card
2217,7,62,3148,125,1,2025-01-25,$16.32,9.4,online
2221,6,99,2886,217,5,2025-06-29,$187.99,10.7,CASH
2222,5,92,2156,263,5,2025-07-01,$27.48,9.1,cash
2224,8,30,4242,194,4,2025-02-03,$30.94,9.6,Credit Card
2230,8,57,4400,98,1,2024-11-24,$34.3,8.9,Credit Card
2234,7,62,431,143,1,2025-07-01,$214.07,8.5,Cash
2238,6,72,105,10,5,2024-10-27,$33.1,3.7,Credit Card
2240,6,74,1525,171,2,2025-05-22,$169.8,12.0,CREDIT CARD
2241,8,94,2322,112,5,2024-11-23,$187.39,3.4,credit card
2242,7,104,3563,274,1,2025-02-22,$272.79,7.3,online
2243,7,5,1397,343,5,2025-06-08,$34.85,7.1,credit card
2244,5,40,4146,6,3,2025-06-19,$143.57,3.7,Credit Card
2249,8,94,213,257,1,2025-05-18,$185.2,10.4,credit card
2253,5,40,596,1370,5,2025-05-02,$7.44,7.5,Cash
2254,7,62,2672,1172,1,2025-10-30,$5.85,10.1,ONLINE
2255,5,113,1477,36,1,2025-05-02,$59.16,11.5,cash
2256,8,85,3193,106,2,2024-10-07,$226.74,6.4,DEBIT CARD
2257,8,91,4457,389,1,2025-06-19,$194.12,10.5,debit card
2259,5,20,218,233,5,2025-02-20,$130.21,8.5,credit card
2260,8,94,1489,241,2,2025-07-21,$116.5,10.9,credit card
2265,5,20,224,821,1,2025-07-28,$82.56,11.9,cash
2266,5,47,398,428,2,2025-10-19,$122.06,8.1,Cash
2275,6,66,1935,284,2,2025-01-06,$224.27,5.8,Debit Card
2276,6,96,3187,592,1,2024-11-19,$192.28,9.7,ONLINE
2280,8,57,3439,624,5,2024-10-21,$185.93,6.9,credit card
2286,5,22,4086,204,1,2025-06-18,$169.49,10.6,Debit Card
2293,8,80,3226,426,3,2024-11-08,$52.47,7.9,credit card
2297,5,92,594,1084,2,2024-10-05,$295.43,5.3,Cash
2302,5,119,3495,838,4,2024-12-15,$228.84,5.5,Debit Card
2306,8,109,558,64,1,2025-07-13,$213.98,4.7,credit card
2308,5,76,3866,129,4,2025-01-09,$175.63,7.7,CREDIT CARD
2310,8,57,528,277,2,2024-10-18,$263.64,4.4,ONLINE
2311,5,113,4817,260,2,2025-07-01,$296.98,3.2,credit card
2313,5,22,1599,841,1,2024-11-03,$87.33,10.5,CREDIT CARD
2314,7,7,1152,66,4,2024-10-06,$200.82,4.4,CREDIT CARD
2315,6,49,2457,1317,2,2025-10-10,$111.78,3.0,debit card
2320,8,94,4641,167,2,2025-11-12,$124.63,9.4,debit card
2321,8,57,853,661,4,2025-05-09,$140.55,6.6,online
2324,5,20,2042,650,1,2025-06-08,$143.84,4.3,debit card
2325,8,57,465,67,1,2025-08-14,$108.23,7.2,cash
2328,8,116,4578,870,4,2025-04-08,$119.35,10.1,Credit Card
2333,5,119,2991,581,1,2024-12-26,$213.49,6.3,CREDIT CARD
2334,5,20,781,158,5,2025-12-04,$160.86,5.0,Cash
2336,6,74,4379,114,1,2025-02-12,$203.29,4.7,CASH
2338,7,41,1866,274,2,2025-01-14,$142.91,10.5,Credit Card
2339,8,109,2284,80,3,2025-01-05,$292.26,11.4,debit card
2346,8,112,3429,84,2,2025-03-27,$85.57,5.7,Debit Card
2354,6,72,3811,236,1,2025-05-06,$281.85,9.0,CASH
2356,5,22,1282,61,1,2024-10-11,$125.8,6.3,Cash
2357,8,116,2956,1174,5,2025-04-17,$80.93,7.7,Online
2358,7,95,1973,55,5,2025-07-22,$140.72,6.7,DEBIT CARD
2359,8,85,1139,133,1,2025-11-14,$178.94,4.6,Cash
2363,6,78,2475,1409,1,2024-12-03,$211.91,11.6,CREDIT CARD
2367,8,80,294,112,1,2025-08-04,$30.32,8.6,debit card
2370,6,78,430,879,2,2025-04-22,$141.68,8.8,CREDIT CARD
2372,7,95,940,250,4,2025-07-23,$191.42,10.7,cash
2374,6,49,3758,7,3,2025-08-07,$7.33,4.6,CASH
2381,5,20,831,68,4,2025-02-24,$188.91,3.0,ONLINE
2382,5,40,2641,18,1,2025-08-21,$28.53,9.1,CREDIT CARD
2386,8,94,4498,1123,2,2025-02-10,$22.2,9.5,online
2387,8,85,2312,195,1,2025-03-12,$216.57,5.8,online
2395,7,7,692,705,2,2025-01-20,$105.5,9.3,online
2400,8,116,4719,29,1,2025-04-05,$197.14,10.3,Debit Card
2404,7,7,269,1072,3,2025-10-20,$174.14,5.6,DEBIT CARD
2405,5,47,917,161,2,2025-08-07,$153.98,11.4,ONLINE
2406,8,85,3432,1051,1,2025-07-14,$203.01,3.7,online
2409,7,62,4279,239,3,2025-01-07,$33.29,11.9,Debit Card
2415,6,72,4684,395,1,2025-02-13,$81.94,11.6,DEBIT CARD
2422,7,62,3112,202,1,2025-04-05,$101.23,10.8,online
2429,6,66,736,460,3,2025-07-30,$216.25,4.4,cash
2431,6,107,931,1486,1,2024-11-22,$129.82,5.7,Debit Card
2433,8,85,3214,1111,4,2025-07-02,$228.52,8.6,debit card
2434,6,107,3167,691,5,2025-10-24,$78.47,6.8,Credit Card
2435,8,109,2080,13,1,2024-11-09,$182.55,4.5,CREDIT CARD
2440,5,76,3760,563,3,2025-05-18,$99.57,10.3,CASH
2441,6,77,3215,295,1,2025-07-06,$231.0,11.6,Cash
2442,7,104,1758,710,2,2024-11-24,$34.47,6.1,ONLINE
2444,5,119,1336,1293,3,2025-05-13,$80.03,5.1,cash
2446,5,92,62,278,1,2025-04-23,$120.83,11.9,DEBIT CARD
2448,5,22,83,1109,3,2025-05-09,$282.84,3.6,debit card
2450,7,5,4589,372,5,2024-11-30,$160.8,3.3,DEBIT CARD
2455,8,9,1089,173,1,2025-02-09,$174.13,3.5,credit card
2459,6,107,937,96,1,2024-12-12,$52.67,5.4,credit card
2460,8,109,3705,296,5,2025-05-26,$292.19,10.5,Cash
2465,6,74,3620,390,2,2024-12-27,$161.01,9.4,Cash
2467,7,41,122,1085,5,2024-12-12,$86.98,7.3,Debit Card
2470,5,76,395,8,2,2025-12-06,$75.45,10.3,Debit Card
2472,5,40,506,515,4,2025-01-21,$257.92,6.4,Online
2473,6,72,3263,656,1,2024-11-26,$155.33,4.0,DEBIT CARD
2474,6,99,3773,75,2,2025-08-15,$217.48,11.0,Cash
2477,7,62,753,1312,4,2025-04-11,$299.86,10.9,Credit Card
2481,8,94,1109,231,5,2025-06-17,$180.4,3.6,DEBIT CARD
2484,6,78,3808,298,1,2025-12-09,$85.33,4.0,ONLINE
2489,6,77,553,274,4,2024-12-17,$147.48,7.9,Credit Card
2490,6,96,2985,1057,4,2024-10-02,$203.7,9.2,DEBIT CARD
2491,5,119,2716,364,3,2025-09-12,$97.71,5.6,online
2502,8,57,1801,214,3,2025-02-01,$59.05,6.6,credit card
2507,6,96,512,805,5,2025-06-22,$54.78,5.4,Cash
2511,5,119,2871,161,4,2025-08-24,$161.15,6.9,Online
2512,8,57,4860,775,5,2025-09-09,$152.96,5.4,Credit Card
2515,5,113,3282,120,3,2025-10-16,$101.03,7.6,online
2519,6,66,3299,367,3,2025-01-11,$101.13,3.0,ONLINE
2521,6,49,2113,228,1,2025-01-23,$240.65,8.7,Credit Card
2522,7,62,3060,83,4,2025-07-17,$134.02,9.7,Cash
2523,8,94,3722,1007,1,2025-06-02,$200.08,10.3,online
2525,7,41,3551,28,4,2025-10-01,$284.46,11.3,debit card
2526,8,112,1038,268,4,2024-10-02,$19.17,10.1,CREDIT CARD
2528,7,62,827,1255,3,2025-09-03,$251.94,3.2,Debit Card
2532,5,92,1400,726,1,2025-03-16,$234.46,5.5,online
2538,7,7,4861,1403,5,2025-05-28,$103.4,6.9,online
2540,8,85,181,237,2,2025-04-30,$253.74,11.5,online
2551,6,66,3325,132,1,2025-02-18,$134.9,6.5,debit card
2553,5,119,3595,6,5,2025-08-30,$194.44,9.1,DEBIT CARD
2555,6,107,3515,286,2,2025-04-13,$51.17,9.1,CASH
2559,7,62,3988,1468,1,2025-02-13,$41.25,4.4,cash
2560,8,94,2742,1160,1,2025-05-09,$182.3,6.5,online
2562,8,9,1019,8,2,2025-08-14,$40.16,4.5,cash
2566,8,94,3934,871,2,2024-11-01,$229.61,7.8,Debit Card
2569,8,57,3592,619,1,2025-10-10,$276.39,9.8,CREDIT CARD
2570,8,85,3835,1020,2,2025-11-13,$132.49,10.3,online
2576,6,74,802,170,2,2025-04-17,$106.33,10.2,Cash
2577,8,109,4867,99,1,2025-07-17,$35.87,3.9,online
2579,8,85,3330,40,5,2025-02-26,$5.38,7.0,cash
2580,7,84,3260,238,2,2025-09-04,$200.73,6.2,Cash
2581,8,85,2990,1011,3,2025-02-12,$169.15,4.5,debit card
2586,5,20,2432,30,4,2024-11-22,$9.54,11.7,CASH
2589,8,30,2339,1111,1,2025-04-01,$290.77,9.7,CREDIT CARD
2591,5,92,3249,945,2,2025-03-15,$171.19,3.4,Credit Card
2593,7,84,3074,1244,3,2025-07-29,$92.45,3.1,CREDIT CARD
2594,7,95,4258,1239,2,2024-12-20,$197.16,7.1,Cash
2596,5,92,1646,1276,4,2025-02-13,$164.12,9.8,debit card
2598,8,116,2595,78,2,2024-11-22,$259.72,5.9,cash
2604,8,112,1365,899,3,2025-09-18,$117.61,9.2,credit card
2608,6,72,3170,691,5,2025-01-05,$53.5,8.3,Credit Card
2615,7,104,4862,760,3,2025-03-02,$31.69,11.2,Online
2621,7,104,3816,106,1,2025-05-01,$202.57,3.5,CASH
2627,8,85,1098,298,5,2024-12-17,$229.95,10.9,credit card
2628,5,119,1598,1194,1,2024-11-24,$108.06,3.4,credit card
2633,5,22,4072,93,1,2025-07-15,$193.89,6.2,CREDIT CARD
2636,6,99,3708,694,1,2025-04-29,$184.74,3.6,ONLINE
2639,8,9,4624,231,2,2025-06-27,$94.8,6.1,Online
2640,5,119,2995,586,1,2025-03-13,$244.11,4.3,credit card
2642,7,7,2837,283,4,2025-05-22,$168.28,11.7,debit card
2646,8,85,850,172,4,2024-12-18,$123.8,9.0,cash
2648,5,92,2560,94,1,2025-06-06,$298.12,6.2,CASH
2649,5,47,3681,1476,4,2025-01-07,$210.73,3.3,credit card
2651,6,77,4370,98,5,2024-11-13,$241.1,10.7,online
2652,7,41,3286,83,5,2025-10-19,$280.37,11.1,debit card
2656,8,80,614,268,4,2025-11-03,$50.49,3.2,CASH
2657,6,78,350,589,1,2025-05-10,$207.33,4.5,credit card
2659,6,74,957,740,2,2025-04-01,$67.29,5.5,debit card
2661,5,40,3577,998,3,2025-10-12,$13.15,7.6,cash
2662,6,49,3358,88,1,2025-07-03,$295.84,4.7,CREDIT CARD
2666,7,104,1425,796,3,2025-10-14,$261.7,4.8,Credit Card
2667,5,47,221,88,2,2025-11-30,$229.43,4.9,credit card
2672,8,30,1288,188,2,2025-05-29,$202.49,4.1,credit card
2676,6,72,1125,920,2,2024-10-17,$264.72,8.0,CASH
2679,6,96,1081,398,5,2025-06-05,$240.18,9.6,CASH
2680,5,92,2394,1374,1,2025-08-13,$254.88,7.2,Online
2688,7,5,2298,111,2,2025-11-09,$199.16,3.3,online
2691,5,20,27,1207,2,2024-12-13,$33.51,7.4,Cash
2693,8,80,1456,1310,2,2024-11-01,$199.21,7.1,CREDIT CARD
2699,7,5,389,78,5,2025-07-09,$191.24,8.1,credit card
2702,5,105,2339,105,4,2025-08-11,$290.77,11.9,credit card
2706,5,20,4761,673,1,2025-03-16,$226.73,9.6,debit card
2709,5,22,2624,868,2,2025-08-26,$34.44,4.7,online
2715,7,84,3273,26,4,2025-08-15,$268.08,3.8,Debit Card
2719,6,99,3641,58,3,2025-05-05,$58.19,5.1,CREDIT CARD
2721,8,109,4029,198,2,2025-06-04,$143.7,9.6,debit card
2724,5,113,912,433,4,2025-05-27,$214.99,9.9,CASH
2725,8,85,3095,88,5,2025-01-03,$108.63,3.9,CREDIT CARD
2729,6,77,4890,196,3,2025-05-24,$196.33,7.8,credit card
2732,6,78,4811,1098,2,2025-06-05,$252.17,6.5,DEBIT CARD
2735,8,112,2419,1117,2,2025-08-08,$88.51,8.0,cash
2738,5,40,389,1219,3,2024-10-22,$191.24,8.9,Debit Card
2739,8,112,915,820,1,2025-04-03,$42.96,11.4,CASH
2743,7,104,3935,182,1,2024-10-05,$252.22,4.1,online
2744,5,20,4419,465,5,2025-06-26,$125.82,4.5,cash
2754,5,40,4421,604,5,2025-07-12,$256.84,11.7,DEBIT CARD
2756,5,76,4408,178,2,2025-06-24,$70.88,3.2,credit card
2757,7,41,3141,142,1,2025-03-18,$233.43,9.4,CREDIT CARD
2759,5,40,2558,143,1,2025-01-04,$192.19,11.1,ONLINE
2760,5,113,4166,88,2,2025-07-21,$39.59,3.2,Credit Card
2764,5,119,1340,1047,5,2025-01-29,$122.17,9.4,credit card
2766,6,78,4956,166,1,2025-11-12,$215.49,5.7,ONLINE
2771,6,78,2328,37,4,2025-05-19,$45.64,7.2,Cash
2772,5,119,3602,105,2,2024-10-04,$61.91,7.3,CASH
2777,8,80,4030,923,2,2025-01-08,$84.15,7.1,CREDIT CARD
2782,8,109,3236,276,2,2024-10-01,$173.53,8.0,Credit Card
2784,7,41,2845,909,2,2025-04-28,$63.57,9.4,Cash
2785,7,7,1433,460,2,2025-07-12,$101.94,9.2,Online
2787,6,66,4616,220,1,2025-08-18,$49.04,9.8,Cash
2789,5,76,3096,124,1,2024-12-01,$215.26,8.8,credit card
2790,5,40,932,182,4,2025-02-25,$21.25,10.7,DEBIT CARD
2791,6,72,1625,395,1,2024-12-22,$68.95,5.7,Debit Card
2792,8,112,2567,21,1,2025-08-06,$66.16,3.7,Cash
2794,5,47,1832,276,3,2025-09-28,$296.79,9.5,online
2796,7,62,3428,1301,4,2024-11-16,$103.76,8.6,Debit Card
2798,5,113,1949,26,5,2025-05-13,$220.41,9.6,Online
2814,5,119,4003,285,1,2025-03-18,$251.91,10.7,Debit Card
2818,5,40,2473,61,1,2025-06-14,$269.16,3.6,DEBIT CARD
2820,8,112,3439,1170,2,2024-11-25,$185.93,5.5,online
2822,8,116,2235,270,2,2024-12-26,$142.02,3.2,ONLINE
2823,6,78,87,246,3,2025-10-02,$18.48,7.7,cash
2827,6,49,833,232,2,2025-11-06,$235.35,6.9,Credit Card
2828,7,84,3034,114,1,2025-07-28,$286.79,8.8,CASH
2829,8,116,1847,90,1,2025-08-06,$257.45,7.2,DEBIT CARD
2833,7,62,3922,37,2,2025-03-31,$131.26,8.7,DEBIT CARD
2834,7,95,3047,276,5,2025-02-21,$71.68,10.4,cash
2836,7,5,151,1415,3,2025-05-28,$289.85,6.7,Credit Card
2839,6,78,3716,415,2,2025-03-12,$105.11,8.7,credit card
2845,5,113,1427,982,5,2024-11-13,$246.79,11.0,Debit Card
2846,6,78,605,38,1,2025-04-25,$126.16,10.5,Debit Card
2849,6,77,3589,254,5,2024-12-14,$37.22,3.6,debit card
2854,7,95,866,102,4,2025-10-01,$10.61,4.8,Credit Card
2856,7,62,2502,1446,1,2025-01-23,$66.12,5.2,debit card
2857,8,57,1567,222,5,2025-05-28,$36.36,6.9,ONLINE
2868,5,47,1516,126,4,2025-01-14,$156.02,8.9,ONLINE
2869,5,47,83,64,1,2024-11-26,$282.84,6.9,ONLINE
2871,5,105,4326,1342,1,2025-08-13,$171.58,3.6,debit card
2873,6,78,4688,271,2,2025-05-13,$29.07,10.7,online
2874,8,116,3465,1081,2,2024-11-07,$42.05,3.6,debit card
2875,6,74,3031,296,2,2025-04-22,$40.39,7.9,credit card
2876,7,95,1098,289,1,2025-04-27,$229.95,9.9,online
2877,8,85,2778,101,2,2024-12-28,$252.18,11.8,DEBIT CARD
2878,7,84,621,362,5,2025-10-04,$258.74,5.9,Cash
2880,5,105,167,1145,4,2025-02-22,$53.52,10.9,Credit Card
2881,6,107,3924,213,5,2024-12-30,$79.29,9.3,ONLINE
2882,6,107,2129,102,5,2024-10-31,$88.15,11.6,Credit Card
2884,5,105,431,1418,1,2025-03-30,$214.07,8.6,online
2889,7,7,2610,1,2,2024-10-05,$54.29,8.2,ONLINE
2891,6,72,2381,1445,2,2025-04-16,$217.81,10.1,CASH
2892,6,72,4007,738,5,2024-12-27,$100.68,8.2,CASH
2900,8,94,1114,246,2,2025-03-29,$210.55,3.6,CASH
2903,7,104,4694,35,1,2025-04-04,$203.6,6.7,credit card
2910,8,109,3261,84,2,2024-10-09,$241.27,9.2,CREDIT CARD
2911,6,49,4155,1237,1,2025-07-13,$216.69,6.5,Credit Card
2913,5,113,1319,911,4,2024-10-18,$140.37,3.8,Credit Card
2917,8,80,2980,1470,4,2025-04-01,$164.82,7.1,DEBIT CARD
2924,8,94,4011,1141,3,2025-01-27,$282.24,11.4,Debit Card
2930,7,95,2827,1064,5,2025-08-10,$138.68,9.7,credit card
2932,6,77,947,119,3,2024-11-10,$188.59,3.9,credit card
2936,8,94,3714,254,5,2024-11-11,$123.41,9.0,CASH
2939,8,116,2125,733,3,2025-09-06,$227.4,7.5,credit card
2940,6,96,3526,47,1,2025-01-11,$237.39,8.7,credit card
2943,7,19,1100,103,1,2024-12-08,$111.58,5.3,ONLINE
2948,6,77,2809,141,1,2025-06-04,$250.05,7.2,Credit Card
2956,7,104,2697,1462,3,2025-08-29,$268.25,11.0,cash
2961,6,96,2150,297,1,2025-10-07,$144.49,10.5,Debit Card
2962,7,95,882,155,1,2024-10-09,$44.71,8.5,CASH
2965,6,72,1058,1138,2,2025-12-08,$57.62,5.0,Debit Card
2968,6,77,2465,219,2,2024-10-22,$111.69,10.6,DEBIT CARD
2971,7,7,2048,273,1,2025-09-28,$157.2,7.9,Credit Card
2974,8,85,2010,152,4,2024-12-16,$269.8,3.7,DEBIT CARD
2975,5,40,1785,180,5,2025-06-28,$182.24,6.2,CREDIT CARD
2977,6,99,785,456,1,2025-05-14,$199.49,7.7,online
2981,7,5,3096,593,1,2025-06-17,$215.26,3.8,ONLINE
2984,8,57,2513,1414,1,2025-10-20,$218.9,11.8,Cash
2985,6,78,942,167,2,2024-10-07,$90.64,4.6,CREDIT CARD
2990,5,119,1512,1075,3,2025-04-06,$119.69,6.3,Online
2992,7,62,1274,259,1,2025-06-18,$102.58,5.6,Credit Card
2999,6,107,2600,756,3,2025-03-27,$115.9,5.5,Debit Card
3000,7,62,3557,1296,1,2025-04-08,$48.26,3.8,credit card
3004,8,85,4478,1349,2,2024-11-13,$9.82,10.2,ONLINE
3006,8,80,2325,418,5,2025-02-24,$246.05,9.9,ONLINE
3010,8,9,524,1461,1,2024-10-28,$266.62,4.6,cash
3012,7,7,4945,783,3,2024-11-01,$216.55,9.0,Debit Card
3013,8,30,2059,660,3,2025-06-04,$226.67,4.4,DEBIT CARD
3020,7,104,2044,58,1,2024-12-15,$62.02,10.1,Credit Card
3025,8,112,2630,883,2,2025-02-19,$296.21,11.6,Online
3038,7,62,4888,313,1,2025-06-19,$279.41,9.6,Debit Card
3041,6,49,3817,51,4,2025-07-09,$44.85,8.0,ONLINE
3043,5,22,3376,158,2,2025-05-07,$32.03,7.7,Credit Card
3046,5,76,1195,96,3,2025-01-21,$237.71,3.5,debit card
3047,5,119,2609,20,1,2025-05-19,$150.79,8.3,Cash
3050,7,7,3888,57,5,2025-07-19,$81.36,10.1,debit card
3052,6,72,583,76,5,2025-05-03,$178.69,3.7,Debit Card
3055,7,5,342,105,2,2024-12-27,$180.06,7.5,DEBIT CARD
3056,6,72,2199,233,3,2025-07-17,$297.15,5.9,Cash
3059,7,41,1353,188,2,2025-04-21,$279.53,3.9,credit card
3061,7,95,3418,1154,2,2025-02-19,$205.41,9.0,Online
3064,6,78,3259,93,1,2025-03-29,$85.2,9.6,credit card
3066,7,5,1170,1490,1,2025-04-26,$43.69,10.1,debit card
3071,8,80,2268,202,4,2025-06-11,$32.55,9.3,CREDIT CARD
3080,5,22,3954,269,2,2025-02-10,$87.13,10.0,debit card
3086,6,107,3304,140,1,2025-03-03,$106.71,7.0,CASH
3089,6,99,2385,764,3,2025-08-26,$221.46,7.2,DEBIT CARD
3090,6,78,2180,8,1,2025-01-12,$78.78,3.6,CASH
3098,5,92,2960,308,1,2025-05-01,$232.36,4.6,CREDIT CARD
3100,8,109,3303,348,2,2025-02-17,$231.3,9.6,online
3103,8,80,2051,674,4,2024-10-26,$103.01,5.2,cash
3106,7,95,647,158,3,2024-10-06,$273.74,11.6,Debit Card
3107,6,99,203,516,2,2025-10-01,$253.47,7.2,CREDIT CARD
3108,5,47,3375,1249,1,2025-05-14,$226.09,4.9,CASH
3111,5,119,4631,424,4,2025-10-17,$8.1,4.8,CASH
3113,7,104,280,68,1,2025-09-14,$243.21,3.9,Credit Card
3114,7,62,1179,120,2,2025-10-08,$246.97,3.2,Cash
3116,8,112,4221,1421,4,2025-06-15,$175.03,3.3,Debit Card
3120,7,41,4090,170,5,2025-02-23,$13.26,9.5,Credit Card
3121,6,49,3711,1243,5,2025-12-02,$211.63,5.9,Online
3126,5,119,3012,1270,1,2025-02-10,$223.92,8.1,Credit Card
3128,5,20,3670,1296,2,2025-06-10,$60.46,6.9,CREDIT CARD
3129,8,30,660,124,5,2025-07-03,$129.42,8.0,credit card
3131,6,66,3452,985,5,2025-02-10,$110.17,5.2,CREDIT CARD
3132,5,47,877,881,2,2024-10-17,$213.35,6.5,credit card
3135,7,84,1294,131,1,2025-04-18,$144.13,6.1,credit card
3137,6,72,1612,952,2,2025-07-08,$195.18,4.9,debit card
3138,5,92,353,293,2,2024-10-25,$74.09,6.7,online
3143,8,30,949,110,1,2025-06-13,$251.93,11.5,CREDIT CARD
3145,7,104,2874,293,5,2025-08-03,$142.96,9.4,Online
3150,8,80,2699,96,2,2024-12-17,$96.66,5.6,Online
3151,6,49,2524,945,4,2025-11-01,$282.07,3.1,debit card
3152,7,41,2691,265,1,2025-07-18,$29.56,4.3,Debit Card
3153,7,95,878,737,3,2025-03-25,$294.51,10.3,Online
3154,6,107,1693,208,1,2025-11-02,$283.84,4.2,Debit Card
3159,5,76,3767,141,2,2025-02-05,$232.98,6.1,credit card
3163,8,112,4532,1183,1,2025-02-15,$255.14,6.6,Debit Card
3164,5,40,3307,780,5,2024-10-02,$273.05,11.0,cash
3165,5,22,1854,217,4,2025-01-03,$45.43,6.9,Online
3168,8,116,3400,779,5,2025-03-02,$203.61,7.0,credit card
3170,6,49,1768,856,1,2025-04-25,$182.81,11.8,online
3174,6,49,987,60,2,2024-10-22,$276.82,11.5,debit card
3176,6,96,903,573,1,2025-10-03,$109.39,10.2,Credit Card
3179,8,116,1112,291,2,2025-11-18,$170.64,7.6,DEBIT CARD
3182,8,109,3527,133,3,2025-01-03,$194.69,6.7,credit card
3185,8,80,3547,1417,2,2025-10-29,$16.02,3.9,Credit Card
3186,8,94,3373,337,2,2025-10-09,$203.49,5.5,debit card
3187,5,22,458,124,1,2025-08-14,$240.18,3.4,Cash
3188,5,92,966,191,3,2025-06-07,$91.88,4.3,cash
3189,8,94,4000,163,5,2025-02-05,$63.68,7.5,cash
3190,7,5,4232,103,4,2025-03-13,$265.77,5.1,ONLINE
3192,8,94,1342,66,1,2025-03-08,$13.2,10.1,DEBIT CARD
3195,7,62,2838,1319,1,2025-08-26,$221.6,9.9,online
3196,7,104,1443,101,3,2025-04-09,$252.07,7.8,CREDIT CARD
3201,6,72,4658,48,1,2025-05-21,$79.3,7.4,ONLINE
3202,8,30,3749,183,2,2024-10-24,$11.76,8.6,credit card
3203,6,74,1255,141,2,2024-12-12,$22.42,10.7,DEBIT CARD
3204,7,104,3645,87,4,2025-11-13,$22.15,6.2,credit card
3211,5,22,3130,833,1,2025-05-02,$178.12,5.3,credit card
3212,7,62,4047,38,2,2025-11-02,$167.46,10.1,Debit Card
3214,6,49,2244,1029,5,2025-04-05,$100.79,4.1,Online
3215,8,116,4445,236,4,2025-09-15,$113.89,4.4,online
3216,8,109,3101,516,2,2025-05-11,$275.72,5.8,cash
3222,7,84,1293,832,2,2025-10-22,$136.53,6.7,credit card
3223,6,74,2529,230,2,2025-09-18,$134.52,11.5,CASH
3225,5,119,2443,955,2,2025-11-20,$297.98,6.9,Online
3229,7,41,4324,345,1,2025-02-02,$163.37,11.3,Cash
3230,8,116,3678,1044,1,2025-06-11,$245.62,5.9,debit card
3233,8,94,1460,908,1,2024-11-10,$22.99,11.1,cash
3241,5,40,65,58,1,2025-09-16,$51.96,6.0,online
3243,5,76,3819,619,4,2024-11-25,$280.92,4.5,CASH
3246,8,112,4351,254,1,2025-05-05,$63.29,8.2,credit card
3248,8,85,1071,250,3,2025-11-06,$15.87,4.3,credit card
3249,6,74,123,1438,4,2024-11-10,$299.65,9.5,CREDIT CARD
3251,6,77,4129,273,1,2025-02-05,$147.7,7.9,CREDIT CARD
3254,6,66,1839,957,5,2025-08-14,$138.79,10.8,CREDIT CARD
3255,8,109,3486,1284,1,2024-11-27,$5.27,8.3,Online
3256,7,62,4039,161,2,2024-10-04,$250.14,4.8,credit card
3258,8,80,2022,211,3,2024-10-31,$206.09,6.2,credit card
3259,8,94,2671,263,2,2025-07-05,$247.76,11.7,Online
3260,7,5,3442,90,3,2025-10-01,$226.0,8.6,CREDIT CARD
3265,7,104,4129,584,5,2025-07-13,$147.7,7.2,DEBIT CARD
3268,7,7,3375,146,2,2025-09-16,$226.09,10.9,CASH
3270,8,94,4387,244,1,2025-01-27,$175.47,3.4,Credit Card
3272,7,41,2308,62,4,2025-12-07,$38.25,9.0,debit card
3274,7,19,3879,201,1,2024-12-16,$170.84,7.3,DEBIT CARD
3277,5,20,2251,1116,1,2025-06-13,$89.57,9.4,cash
3280,6,72,4239,673,5,2025-05-02,$112.01,10.1,credit card
3283,7,41,4074,405,1,2025-03-12,$169.29,9.2,Credit Card
3288,5,105,4665,189,1,2024-12-12,$167.64,6.3,cash
3290,5,76,3064,205,2,2025-04-01,$38.83,7.5,ONLINE
3292,8,85,2759,60,5,2025-11-21,$269.39,11.8,online
3295,5,76,3245,1482,1,2025-02-10,$34.71,3.1,Credit Card
3300,7,95,3518,543,4,2024-12-30,$37.42,4.6,CASH
3303,5,119,1630,1185,4,2025-10-24,$115.05,5.0,debit card
3308,6,107,4514,170,1,2024-11-06,$123.51,5.6,Online
3309,7,104,152,779,1,2025-08-30,$149.83,8.0,Cash
3311,5,119,4900,39,1,2025-11-01,$263.13,11.5,DEBIT CARD
3318,8,91,1886,150,5,2024-11-08,$274.54,6.7,ONLINE
3319,8,85,1512,1310,1,2025-12-06,$119.69,4.3,debit card
3320,7,104,3518,194,4,2025-11-23,$37.42,5.1,debit card
3327,5,105,4464,42,1,2025-05-05,$200.71,6.2,cash
3332,7,5,2346,231,1,2024-11-21,$35.04,4.0,credit card
3333,7,95,4123,154,3,2025-12-08,$193.44,6.3,Online
3335,7,62,3782,72,1,2025-10-29,$281.7,10.4,Credit Card
3346,6,78,4179,275,5,2025-05-18,$95.95,6.0,Credit Card
3350,6,49,4827,153,3,2025-05-18,$275.92,8.0,DEBIT CARD
3356,5,47,3440,519,1,2025-08-25,$268.54,7.1,CREDIT CARD
3358,7,62,1675,190,1,2025-09-18,$51.81,9.6,debit card
3359,8,91,203,266,1,2025-03-24,$253.47,5.5,Debit Card
3365,6,99,1900,200,5,2025-01-12,$59.34,6.8,Cash
3368,6,72,1026,107,1,2025-04-16,$132.39,6.0,Online
3370,6,74,1360,62,4,2025-12-08,$284.05,4.9,ONLINE
3372,5,40,482,1075,1,2025-01-28,$140.26,8.8,ONLINE
3376,7,7,3178,1249,1,2025-10-29,$125.31,3.1,Cash
3379,7,5,2699,198,5,2024-12-23,$96.66,5.3,credit card
3385,8,57,107,706,1,2025-09-26,$112.46,7.8,CREDIT CARD
3386,5,113,2365,1345,1,2025-06-17,$189.98,6.6,Cash
3387,8,112,4317,603,2,2025-03-22,$270.53,4.2,Credit Card
3388,6,77,2310,247,2,2025-11-12,$54.89,3.2,Debit Card
3392,8,91,958,64,3,2025-05-22,$76.1,7.7,cash
3395,8,80,877,1036,2,2024-12-17,$213.35,10.9,DEBIT CARD
3396,5,105,1017,252,2,2025-03-17,$155.62,7.4,Debit Card
3398,8,85,3824,61,1,2025-04-28,$240.16,5.1,Online
3400,8,116,591,45,5,2025-07-11,$36.26,4.7,debit card
3402,6,72,604,152,5,2025-02-03,$253.92,6.3,Debit Card
3403,6,49,4703,87,2,2024-11-21,$54.03,6.4,Credit Card
3404,7,41,3222,126,5,2025-05-30,$100.83,7.5,Credit Card
3406,8,109,315,280,5,2025-07-19,$258.6,4.1,credit card
3413,6,66,3422,51,1,2025-07-02,$228.7,5.1,DEBIT CARD
3414,6,99,2802,74,2,2025-12-07,$19.85,6.5,Debit Card
3415,6,66,3020,1201,1,2025-02-14,$24.65,10.9,Credit Card
3417,5,92,4917,516,3,2025-02-27,$135.63,10.7,CREDIT CARD
3421,6,107,4472,144,2,2025-03-14,$108.32,4.2,cash
3422,7,41,3692,136,1,2024-10-27,$37.4,3.4,Credit Card
3423,6,72,2956,788,5,2025-03-12,$80.93,9.5,ONLINE
3428,5,92,255,312,1,2025-11-29,$94.36,9.6,CASH
3431,6,66,4596,7,1,2025-01-24,$135.8,7.9,Cash
3436,5,22,1229,231,2,2024-11-03,$262.66,11.7,online
3449,6,72,3393,227,5,2024-11-09,$137.05,5.2,credit card
3455,6,77,3757,134,5,2025-10-09,$30.29,7.6,debit card
3459,5,113,3427,27,1,2025-07-20,$255.9,7.6,DEBIT CARD
3461,6,78,2570,332,3,2024-10-15,$22.07,7.0,credit card
3462,5,40,1983,863,1,2025-08-13,$129.31,7.2,CASH
3463,8,9,2806,65,2,2025-08-08,$117.94,3.3,DEBIT CARD
3466,7,19,4360,250,2,2025-11-24,$75.1,8.0,Cash
3467,7,41,689,43,2,2025-05-28,$133.87,8.8,ONLINE
3471,5,47,4346,250,1,2024-11-09,$52.27,4.3,Online
3473,8,57,931,92,1,2025-11-05,$129.82,4.0,CASH
3477,6,74,1988,103,1,2025-07-25,$76.68,6.8,Debit Card
3478,7,84,2404,201,1,2024-11-14,$194.37,8.4,cash
3482,8,116,4475,502,1,2025-01-08,$106.24,3.5,DEBIT CARD
3485,6,96,2223,170,1,2025-10-24,$6.72,7.2,CASH
3488,5,113,2587,198,1,2025-09-07,$158.53,9.1,Cash
3490,5,40,1418,23,4,2025-09-08,$195.33,5.4,debit card
3494,8,116,2689,675,1,2025-09-28,$19.82,9.9,Online
3495,8,91,69,15,1,2024-12-07,$201.39,7.1,Online
3497,8,91,1012,238,1,2025-05-29,$58.19,7.5,online
3505,7,7,4710,934,1,2024-10-30,$34.39,8.0,CREDIT CARD
3506,5,22,2886,367,1,2025-10-19,$187.99,7.2,credit card
3511,5,119,2137,23,2,2025-04-05,$24.23,7.9,CREDIT CARD
3516,8,91,3405,70,3,2025-08-06,$26.44,10.5,Credit Card
3517,8,91,4789,759,2,2025-11-03,$176.57,5.9,Cash
3520,6,66,3220,682,1,2025-04-16,$221.1,8.7,cash
3523,7,7,3852,142,1,2025-04-27,$39.73,3.1,CASH
3525,8,57,466,45,1,2025-07-27,$134.11,10.5,cash
3529,8,85,717,204,1,2025-02-18,$247.69,11.1,Cash
3530,8,57,3980,15,2,2025-02-16,$78.72,3.0,CREDIT CARD
3540,8,112,2919,166,1,2025-12-05,$235.72,10.6,ONLINE
3542,8,85,12,1441,2,2025-01-16,$18.71,3.1,Credit Card
3543,8,116,2752,1038,1,2025-10-28,$211.31,11.4,credit card
3544,7,19,1965,210,2,2025-09-22,$281.08,6.1,CREDIT CARD
3547,5,76,1999,1209,2,2025-10-13,$209.16,8.8,Cash
3549,5,76,221,441,4,2025-08-22,$229.43,7.0,Debit Card
3550,5,40,4395,163,4,2025-11-24,$44.9,5.0,Cash
3558,8,112,1289,104,3,2025-04-24,$8.93,3.4,ONLINE
3561,5,119,3007,78,1,2025-11-16,$134.79,9.4,Credit Card
3571,8,109,273,1035,5,2025-04-18,$174.55,11.4,Credit Card
3572,8,94,361,3,1,2025-09-13,$68.51,11.0,credit card
3575,5,105,2396,879,5,2025-01-06,$215.1,9.3,ONLINE
3582,6,49,1670,294,1,2025-05-14,$139.51,11.4,CREDIT CARD
3583,7,104,1982,569,4,2025-01-04,$10.55,10.0,DEBIT CARD
3586,6,66,4821,989,3,2025-03-21,$60.08,6.6,CREDIT CARD
3588,5,47,3337,573,1,2025-03-03,$69.86,5.8,Debit Card
3589,5,40,4109,71,5,2025-08-06,$192.23,9.2,cash
3599,7,84,459,192,1,2024-10-24,$18.18,6.1,DEBIT CARD
3602,5,113,820,298,5,2025-07-08,$185.2,11.4,Credit Card
3612,6,72,4580,1333,1,2025-07-20,$106.55,5.1,debit card
3613,5,105,4663,208,2,2025-06-18,$254.52,8.1,CREDIT CARD
3617,6,107,5,265,5,2024-12-09,$87.09,7.2,Online
3618,7,19,3396,115,2,2024-10-29,$180.95,7.8,CREDIT CARD
3621,7,19,400,548,1,2025-08-26,$124.17,10.3,DEBIT CARD
3623,6,49,2700,66,2,2025-08-05,$23.64,4.5,debit card
3625,8,85,2498,171,1,2025-08-16,$277.2,4.4,debit card
3626,6,77,2504,151,3,2025-02-21,$26.2,9.2,Credit Card
3628,7,19,226,1113,2,2025-07-08,$200.65,10.9,DEBIT CARD
3631,8,109,4270,58,2,2025-01-08,$198.43,6.8,credit card
3632,7,62,1776,61,5,2025-06-06,$187.04,10.9,credit card
3633,8,85,4942,252,3,2025-08-19,$203.77,4.2,Cash
3634,8,57,928,655,1,2025-07-10,$9.84,11.5,Debit Card
3636,5,40,3632,274,1,2024-12-28,$256.48,3.7,credit card
3637,5,40,3667,1250,4,2025-02-05,$286.76,8.4,debit card
3638,8,109,3397,257,1,2025-05-28,$240.44,7.8,CASH
3644,8,91,3048,79,2,2024-10-27,$212.21,3.8,DEBIT CARD
3647,7,19,3032,231,1,2024-12-02,$235.28,3.2,Debit Card
3656,6,99,4204,113,1,2025-11-27,$83.16,11.7,Online
3659,8,94,1033,180,4,2025-06-15,$169.38,8.2,CREDIT CARD
3660,8,109,1553,76,5,2025-04-15,$219.26,9.2,CREDIT CARD
3664,6,96,524,588,1,2025-08-14,$266.62,11.4,ONLINE
3665,7,7,883,596,2,2024-10-11,$249.14,10.0,credit card
3667,8,112,3013,24,3,2025-06-25,$293.92,9.6,Credit Card
3671,8,91,781,124,1,2025-09-05,$160.86,7.2,DEBIT CARD
3674,8,94,4399,57,1,2024-10-31,$275.91,9.7,cash
3675,8,85,447,69,1,2025-03-08,$67.75,9.9,ONLINE
3680,8,109,1721,394,1,2025-03-29,$183.31,7.4,Credit Card
3681,6,49,2907,538,2,2024-10-24,$198.18,5.7,Cash
3683,8,30,4127,162,4,2025-08-14,$287.08,11.7,online
3686,7,62,3107,184,2,2025-05-06,$116.51,9.0,debit card
3688,8,85,3874,190,1,2025-08-12,$252.23,11.3,Cash
3693,8,109,3658,98,1,2025-10-07,$91.63,6.8,Credit Card
3695,7,84,3652,80,2,2025-05-06,$64.73,7.8,Credit Card
3696,6,96,626,1477,1,2025-02-25,$48.8,12.0,ONLINE
3697,6,107,398,1034,2,2025-04-18,$122.06,6.4,credit card
3699,5,40,3183,70,4,2024-12-03,$103.83,4.8,Online
3702,5,20,2691,253,1,2025-01-18,$29.56,9.6,cash
3712,5,76,111,414,3,2025-09-30,$70.21,6.1,cash
3713,7,84,866,24,1,2025-02-04,$10.61,4.1,Debit Card
3721,6,66,3690,1224,4,2025-08-27,$38.07,10.3,Credit Card
3725,5,119,2235,1337,5,2025-07-25,$142.02,4.0,Cash
3726,5,47,1499,628,2,2024-11-28,$26.44,5.1,Cash
3734,5,76,1448,300,3,2025-02-01,$125.82,5.7,Online
3735,5,92,4808,604,1,2025-02-17,$119.6,11.3,debit card
3736,7,7,2630,965,1,2025-03-09,$296.21,5.1,CREDIT CARD
3737,8,116,4153,961,3,2025-06-09,$35.24,6.7,CASH
3738,5,92,2694,300,4,2025-09-16,$208.8,8.2,Online
3739,8,94,4471,126,2,2025-06-21,$145.55,9.8,debit card
3744,7,41,3402,1164,1,2024-11-10,$274.18,7.6,Debit Card
3747,5,47,3110,105,3,2025-03-25,$272.03,7.6,CREDIT CARD
3748,7,7,3655,177,1,2025-06-30,$158.07,7.0,DEBIT CARD
3757,8,116,4698,567,4,2025-07-11,$34.58,8.9,credit card
3759,6,78,4348,1429,3,2025-01-04,$103.07,6.9,ONLINE
3760,8,9,3665,402,2,2025-11-24,$76.94,6.1,CREDIT CARD
3764,7,5,4762,29,1,2025-09-01,$172.61,9.7,Credit Card
3768,5,40,2106,240,5,2025-08-12,$221.01,4.7,Credit Card
3770,8,85,298,1274,2,2025-07-27,$186.86,9.8,credit card
3771,5,22,860,334,2,2025-08-18,$272.38,3.8,Cash
3772,8,57,936,10,4,2025-04-12,$10.97,9.1,Debit Card
3775,7,104,3242,180,4,2025-06-09,$63.88,7.4,DEBIT CARD
3776,5,119,3650,153,5,2025-02-06,$58.65,3.6,Credit Card
3779,5,20,1676,867,4,2025-10-11,$62.91,3.2,CREDIT CARD
3781,7,62,2088,17,2,2025-08-18,$159.78,9.4,credit card
3782,8,30,4988,41,1,2025-08-31,$157.65,5.2,Credit Card
3785,7,7,1656,1382,1,2025-02-04,$215.19,3.4,credit card
3788,8,91,4188,186,3,2024-11-10,$22.17,4.0,Credit Card
3789,8,57,3626,1287,1,2024-12-14,$170.34,7.9,Cash
3791,6,72,2929,1177,5,2025-04-27,$221.68,10.0,DEBIT CARD
3792,7,104,1302,265,1,2025-04-28,$294.02,9.0,online
3793,8,116,4164,36,1,2025-10-19,$295.7,11.5,DEBIT CARD
3803,8,85,4559,467,3,2025-03-13,$182.04,4.6,cash
3806,8,116,202,66,5,2024-11-21,$99.79,7.4,Online
3811,8,9,1559,1407,5,2025-10-10,$171.19,8.5,Cash
3813,8,85,3005,77,5,2024-10-29,$127.03,8.0,DEBIT CARD
3818,8,30,2391,12,5,2025-10-12,$225.26,7.8,credit card
3819,8,116,841,290,1,2025-05-26,$76.91,4.1,CREDIT CARD
3820,8,94,2333,1470,1,2025-05-01,$192.08,9.5,online
3823,5,76,1189,44,2,2025-03-09,$50.59,4.2,Online
3826,7,5,304,229,4,2025-04-08,$249.64,7.2,Online
3829,6,49,1044,206,1,2025-07-09,$188.22,6.8,Debit Card
3832,7,95,4952,232,1,2025-09-22,$279.42,8.8,Credit Card
3833,7,95,1940,264,4,2025-10-05,$168.44,8.8,Debit Card
3835,7,84,1421,1470,2,2025-04-27,$149.89,9.8,CASH
3836,8,109,1257,789,2,2024-11-12,$249.92,4.9,Online
3841,7,84,47,1495,1,2024-10-21,$45.13,9.4,DEBIT CARD
3844,6,78,2912,103,2,2025-08-31,$230.4,3.2,CREDIT CARD
3847,7,5,2841,82,1,2025-03-29,$213.18,5.1,credit card
3850,6,74,4291,495,1,2025-01-26,$201.49,7.4,online
3852,8,30,1705,767,1,2025-04-05,$267.25,11.2,cash
3860,8,85,3445,814,1,2025-02-18,$148.07,5.1,cash
3863,6,78,2393,1414,3,2024-11-16,$156.6,3.9,debit card
3866,8,109,2812,135,1,2025-07-07,$299.63,9.2,DEBIT CARD
3875,8,112,4302,24,2,2024-12-13,$127.35,3.4,CREDIT CARD
3878,6,99,1239,546,2,2025-10-06,$22.33,11.8,debit card
3879,8,30,3636,706,5,2025-03-28,$159.76,4.6,CREDIT CARD
3880,8,112,2659,437,4,2025-06-18,$57.57,7.9,online
3881,5,113,4701,170,2,2024-11-04,$229.97,9.2,online
3884,5,119,782,152,1,2025-05-07,$233.36,9.3,Debit Card
3885,6,99,4879,141,1,2024-12-29,$79.99,8.6,Credit Card
3887,8,91,4259,1458,1,2024-12-16,$252.77,4.0,credit card
3891,7,95,3727,205,1,2025-04-26,$93.24,5.3,ONLINE
3898,6,77,3953,128,2,2025-10-01,$281.48,3.0,Cash
3899,6,96,3921,1104,1,2025-09-30,$125.04,11.8,CREDIT CARD
3900,7,41,3966,332,1,2025-03-15,$271.55,8.7,cash
3903,7,104,3978,11,5,2025-07-25,$75.88,3.8,Cash
3906,5,92,4530,38,1,2025-04-14,$86.32,11.1,online
3909,6,99,1537,723,1,2025-06-19,$274.6,8.6,debit card
3910,5,113,2154,476,1,2025-05-26,$10.49,10.0,CREDIT CARD
3911,8,94,1328,518,5,2025-09-22,$44.07,9.0,debit card
3919,5,92,163,1,2,2025-10-04,$26.0,10.6,CREDIT CARD
3922,7,104,4925,1482,1,2025-01-10,$109.69,4.5,CREDIT CARD
3924,8,91,4306,23,5,2025-08-20,$88.64,5.4,DEBIT CARD
3929,7,84,1711,473,1,2024-11-14,$139.49,8.4,DEBIT CARD
3938,5,105,3326,52,4,2025-02-13,$150.33,9.9,cash
3940,5,40,2140,255,2,2025-07-31,$166.2,6.4,Credit Card
3942,5,47,3156,288,2,2025-05-01,$295.23,4.8,ONLINE
3951,7,19,1195,41,1,2025-11-16,$237.71,10.6,CREDIT CARD
3952,5,105,4910,142,2,2025-01-09,$239.73,11.6,online
3956,8,94,1998,841,1,2024-11-10,$86.56,8.9,Debit Card
3959,8,57,2619,79,2,2025-02-25,$163.85,8.1,DEBIT CARD
3960,8,80,4179,41,4,2024-12-30,$95.95,5.4,debit card
3961,7,62,815,201,2,2025-11-17,$259.91,5.9,Online
3967,7,104,3710,707,2,2025-09-06,$28.9,5.4,Credit Card
3971,8,80,1913,1046,4,2024-10-02,$70.34,10.0,credit card
3976,8,112,4023,470,2,2025-04-01,$212.47,5.8,Credit Card
3977,8,30,3791,147,1,2025-11-01,$108.58,7.8,cash
3978,7,5,3962,197,2,2025-03-21,$207.87,9.1,DEBIT CARD
3986,5,105,2675,1480,3,2025-09-30,$33.31,8.6,debit card
3995,5,105,51,277,1,2025-06-22,$146.82,7.0,CASH
3998,5,22,3253,908,2,2024-10-27,$57.77,10.7,online
3999,5,40,3892,62,1,2024-10-15,$251.04,9.4,CREDIT CARD
4000,6,74,2972,69,2,2025-06-27,$120.91,4.2,CREDIT CARD
4001,8,9,330,286,5,2025-06-15,$65.63,10.5,online
4008,6,66,3337,9,2,2025-01-16,$69.86,6.6,Cash
4010,6,77,3438,1401,1,2025-09-01,$158.96,10.8,Online
4011,8,30,4210,1098,3,2025-12-02,$241.24,10.6,credit card
4012,8,91,1728,1347,1,2025-05-02,$109.81,7.9,credit card
4018,5,92,1796,610,2,2025-10-17,$247.45,6.3,Cash
4023,7,5,1047,126,3,2024-10-22,$244.81,8.4,credit card
4026,8,80,4652,489,1,2025-09-01,$271.26,5.9,CREDIT CARD
4027,5,20,4790,69,1,2025-03-24,$239.56,7.0,Debit Card
4028,6,99,326,178,4,2025-09-29,$40.44,7.4,debit card
4031,7,5,4539,633,4,2025-10-04,$142.39,3.5,DEBIT CARD
4038,6,77,1450,693,2,2024-10-09,$214.59,4.1,Credit Card
4042,8,57,4174,992,1,2025-07-04,$230.52,7.1,Debit Card
4043,5,105,1818,1066,2,2025-08-08,$89.41,3.8,online
4049,6,74,3614,717,1,2025-06-18,$84.75,11.3,Online
4050,5,92,2278,69,2,2025-12-08,$191.29,4.5,online
4055,5,76,3591,219,2,2025-05-05,$124.83,10.0,DEBIT CARD
4056,7,95,4642,263,3,2025-09-20,$293.74,9.6,Debit Card
4057,8,80,1089,264,3,2025-03-07,$174.13,11.8,credit card
4059,7,104,1103,1443,1,2025-10-21,$13.51,5.8,Online
4060,8,57,2091,216,1,2025-09-14,$140.78,4.2,online
4065,8,116,2078,44,5,2025-01-01,$213.58,4.1,CASH
4066,5,92,613,105,2,2025-08-14,$197.12,11.7,Debit Card
4068,5,119,4951,595,3,2025-05-12,$168.36,10.0,Credit Card
4069,8,9,4907,328,1,2024-12-21,$217.45,10.0,online
4070,6,99,2694,148,1,2025-03-02,$208.8,8.5,CREDIT CARD
4071,6,78,4402,82,1,2024-10-18,$224.79,11.9,DEBIT CARD
4073,6,78,4382,923,1,2025-03-23,$188.98,7.2,CASH
4083,7,104,4687,280,3,2024-10-29,$232.09,6.2,Debit Card
4086,7,104,3924,267,5,2025-08-21,$79.29,11.7,debit card
4089,6,49,2420,176,5,2025-06-11,$187.29,5.3,online
4090,5,20,334,422,1,2024-10-23,$277.83,9.9,DEBIT CARD
4091,6,96,2333,209,2,2024-11-07,$192.08,10.2,Debit Card
4093,7,62,4052,284,1,2025-10-31,$23.79,10.3,Cash
4094,6,74,3625,187,2,2025-05-01,$262.44,10.1,DEBIT CARD
4099,8,116,1336,1118,2,2025-04-07,$80.03,6.9,Online
4105,5,92,4641,237,1,2025-08-17,$124.63,6.4,ONLINE
4108,7,104,4809,692,5,2025-03-03,$243.37,4.3,Debit Card
4110,7,62,4551,21,5,2025-08-02,$181.25,8.6,CASH
4116,8,80,4035,7,3,2025-05-28,$212.58,9.6,CREDIT CARD
4117,6,74,53,150,5,2025-11-20,$108.49,11.1,ONLINE
4119,6,77,830,226,4,2025-10-11,$160.26,8.8,CREDIT CARD
4126,7,62,3248,1299,5,2025-11-11,$164.73,6.5,cash
4133,6,96,1227,29,5,2025-09-15,$73.42,7.5,CASH
4135,6,107,197,230,2,2025-05-27,$29.22,6.4,CASH
4138,6,99,3606,1190,5,2025-11-07,$240.42,5.4,Credit Card
4141,6,107,1323,264,1,2025-03-02,$259.33,11.8,DEBIT CARD
4143,6,78,583,1169,5,2025-07-21,$178.69,10.4,DEBIT CARD
4145,5,76,2720,218,1,2025-08-02,$163.14,5.3,Credit Card
4147,6,74,4826,203,1,2025-06-06,$42.75,7.9,ONLINE
4148,8,109,1705,231,2,2025-10-01,$267.25,7.3,DEBIT CARD
4153,6,99,943,190,2,2025-05-04,$270.03,10.6,debit card
4161,5,40,1944,227,1,2025-11-27,$247.09,10.2,CASH
4165,7,41,615,1196,1,2024-10-27,$26.24,4.4,Online
4166,5,105,922,237,3,2025-10-24,$46.05,6.6,cash
4168,5,40,1740,614,1,2025-10-17,$107.12,3.3,online
4176,6,74,667,1055,2,2025-11-01,$147.63,7.9,cash
4179,5,20,1024,818,1,2025-09-15,$177.83,7.3,Debit Card
4183,6,77,4275,282,2,2025-09-11,$5.88,5.0,Credit Card
4185,7,5,1865,1069,4,2024-12-08,$236.52,7.4,Debit Card
4187,7,84,3457,243,1,2025-01-11,$254.16,11.6,credit card
4190,7,41,4770,99,1,2025-05-20,$71.43,11.1,credit card
4195,6,107,3694,890,5,2025-07-09,$179.33,10.4,online
4197,6,77,3914,1203,3,2024-12-31,$151.18,5.6,Credit Card
4199,7,95,650,57,1,2025-09-11,$187.93,3.7,CREDIT CARD
4204,7,104,3177,242,2,2024-10-21,$220.44,11.5,cash
4205,6,77,2507,1437,1,2024-10-19,$74.62,4.0,debit card
4213,8,57,2361,194,2,2025-03-02,$268.45,3.5,Online
4215,5,40,2300,175,3,2025-07-27,$136.2,10.7,Credit Card
4218,6,77,3740,768,5,2025-04-01,$184.87,3.1,credit card
4219,8,116,4339,186,2,2025-02-20,$116.58,9.9,DEBIT CARD
4223,7,41,354,181,2,2025-04-08,$158.84,10.0,CASH
4224,5,47,3081,946,1,2024-10-26,$278.13,10.0,CREDIT CARD
4227,6,78,1806,277,3,2025-12-03,$211.89,10.9,Credit Card
4228,6,99,4682,256,3,2024-11-01,$132.6,5.3,CREDIT CARD
4229,5,113,755,341,1,2025-04-08,$46.13,7.0,debit card
4230,6,99,81,395,4,2025-08-04,$68.7,7.4,CREDIT CARD
4234,7,41,3327,933,5,2025-12-01,$146.15,8.1,CREDIT CARD
4240,7,7,4095,196,2,2025-08-11,$85.36,5.5,CASH
4245,6,74,3986,246,1,2025-05-03,$146.44,11.6,Cash
4248,6,72,3736,283,4,2025-11-19,$64.59,7.0,Credit Card
4249,6,74,1499,521,5,2025-01-30,$26.44,10.3,Debit Card
4253,5,47,3980,51,1,2025-01-19,$78.72,9.3,credit card
4260,8,116,652,229,3,2025-05-27,$50.42,3.1,credit card
4261,6,77,2631,33,2,2025-01-25,$83.18,4.2,cash
4264,7,5,4762,519,1,2025-01-24,$172.61,4.7,Debit Card
4269,6,77,1945,1334,4,2025-12-01,$18.81,9.2,CREDIT CARD
4271,5,22,4427,972,4,2025-03-20,$47.28,5.2,cash
4272,8,91,3861,362,1,2025-08-18,$60.3,8.6,Credit Card
4278,8,94,2040,96,1,2025-10-25,$60.12,4.4,Debit Card
4280,8,91,1998,278,1,2025-08-20,$86.56,10.3,Cash
4282,6,66,4924,1081,1,2025-06-09,$38.7,9.3,Cash
4283,5,22,3115,20,5,2024-10-14,$258.79,7.3,Cash
4285,8,57,858,203,1,2025-11-24,$204.14,3.9,cash
4289,6,49,2018,94,4,2025-07-04,$126.32,5.4,online
4295,8,116,3013,1224,5,2024-10-17,$293.92,5.3,Online
4297,7,5,2977,778,4,2024-12-27,$268.11,4.6,credit card
4298,5,20,414,505,1,2025-11-19,$66.96,9.9,Credit Card
4299,7,84,4941,1312,2,2025-05-24,$299.88,4.4,debit card
4302,7,62,649,733,1,2025-09-18,$43.69,5.6,debit card
4304,6,78,3459,128,1,2025-08-18,$71.87,10.4,Cash
4305,5,119,432,140,4,2025-08-05,$8.92,5.1,DEBIT CARD
4307,6,66,1333,227,2,2025-04-02,$140.57,6.0,ONLINE
4310,8,116,2310,136,2,2024-12-28,$54.89,6.8,CASH
4311,6,66,683,1151,1,2025-03-11,$45.24,11.5,CASH
4313,5,47,2784,209,1,2025-03-20,$252.18,4.1,CREDIT CARD
4314,8,85,2259,37,1,2025-02-08,$125.25,4.6,debit card
4317,5,20,3169,83,2,2025-06-01,$12.14,9.7,Online
4318,7,62,1725,170,1,2025-01-30,$243.85,11.2,debit card
4319,5,105,4778,34,3,2024-10-17,$115.68,9.6,Debit Card
4320,7,19,1217,835,2,2025-08-22,$206.12,12.0,credit card
4328,8,30,1532,725,1,2025-10-24,$209.28,4.3,CASH
4329,5,92,3946,1163,3,2025-07-11,$97.86,11.4,Online
4331,5,105,193,873,1,2024-12-10,$33.98,5.4,credit card
4332,8,30,3985,192,2,2025-07-25,$123.22,4.5,cash
4337,7,104,695,828,1,2025-01-03,$256.57,7.3,debit card
4338,5,105,3698,288,1,2025-01-06,$246.22,11.1,DEBIT CARD
4342,7,84,3650,76,1,2025-01-30,$58.65,5.5,Debit Card
4346,8,91,799,149,1,2025-06-03,$220.27,10.7,Cash
4355,8,30,3260,18,5,2025-11-26,$200.73,5.2,CASH
4357,8,57,3289,565,3,2024-11-16,$284.05,9.8,Cash
4358,6,78,1498,112,1,2025-09-27,$29.42,8.6,Cash
4362,7,41,515,196,3,2025-03-30,$142.75,8.0,Credit Card
4364,5,105,4966,237,4,2025-02-02,$292.08,8.7,DEBIT CARD
4365,5,113,1127,1415,5,2025-02-06,$188.2,11.2,ONLINE
4366,7,104,3063,385,3,2025-03-07,$140.87,8.7,debit card
4371,8,30,1404,158,1,2025-07-08,$41.34,5.1,Online
4375,8,9,2285,46,1,2025-12-02,$108.58,5.7,DEBIT CARD
4377,7,104,4964,191,4,2024-11-04,$160.6,3.3,credit card
4379,5,20,879,174,2,2025-02-24,$254.97,8.7,debit card
4381,5,20,3000,1259,5,2025-10-31,$173.49,11.9,Debit Card
4383,5,47,975,81,3,2025-09-05,$189.94,6.8,Cash
4391,5,40,103,574,5,2025-03-15,$183.46,11.6,Cash
4398,6,49,3278,269,5,2024-11-20,$102.86,8.4,Online
4403,5,47,12,25,1,2024-11-08,$18.71,5.9,credit card
4406,7,41,4918,263,5,2024-12-12,$67.56,9.1,credit card
4410,8,112,2848,287,1,2025-02-09,$52.71,3.7,Online
4417,8,80,1018,7,4,2024-10-26,$55.68,9.7,credit card
4418,7,41,3398,580,1,2024-12-10,$249.41,9.9,ONLINE
4422,6,77,188,1062,5,2025-05-01,$202.34,11.0,debit card
4424,5,76,729,829,4,2024-11-17,$44.51,7.9,Credit Card
4428,5,119,30,1075,4,2025-06-16,$185.07,11.1,credit card
4430,8,94,3349,1202,2,2025-08-19,$83.58,7.3,CASH
4431,5,47,4953,1472,1,2025-09-20,$283.48,6.3,debit card
4432,7,19,3116,88,3,2025-06-25,$244.28,6.3,credit card
4434,8,94,2951,123,1,2025-05-17,$40.57,11.6,credit card
4436,8,91,3555,1054,2,2025-11-01,$215.5,10.2,debit card
4440,8,116,3241,112,1,2025-11-01,$288.91,6.3,credit card
4451,8,57,2303,293,2,2025-04-30,$155.59,9.0,ONLINE
4453,5,105,4463,70,4,2025-08-15,$226.86,7.9,Online
4463,7,84,4780,227,2,2024-12-11,$150.91,3.0,debit card
4467,7,41,1841,207,1,2025-04-17,$218.14,3.3,Online
4471,7,62,4094,1100,1,2024-12-03,$239.12,3.6,credit card
4472,8,80,2607,1424,4,2025-06-04,$70.46,10.9,Debit Card
4473,8,9,2888,28,2,2025-09-28,$293.62,10.7,credit card
4476,5,119,1643,216,4,2025-02-25,$32.75,6.9,debit card
4477,7,62,1467,136,2,2024-10-17,$29.87,5.5,Cash
4478,6,74,2531,108,1,2024-11-08,$109.47,11.6,online
4479,8,30,2708,221,3,2025-08-15,$45.64,8.2,cash
4481,8,112,4983,213,1,2025-08-23,$152.36,7.8,ONLINE
4487,5,105,1974,187,4,2025-04-27,$207.46,3.8,Debit Card
4488,8,109,2319,482,3,2025-06-05,$55.88,8.9,Cash
4489,5,113,3774,1145,1,2024-12-05,$28.49,5.7,Debit Card
4497,8,91,3579,1147,2,2025-03-26,$150.11,8.1,Credit Card
4498,6,78,1599,296,3,2025-08-23,$87.33,6.0,credit card
4499,5,47,778,60,2,2025-11-14,$286.59,5.8,Online
4500,5,92,2675,1435,2,2025-09-19,$33.31,9.1,Credit Card
4502,7,84,1481,53,1,2024-11-08,$229.95,8.3,Debit Card
4503,5,119,334,287,4,2025-10-31,$277.83,11.6,online
4505,5,119,1525,119,2,2025-06-15,$169.8,5.8,Credit Card
4514,8,85,4864,5,2,2025-09-08,$279.19,9.6,Cash
4515,7,41,1017,62,1,2025-03-02,$155.62,8.4,Cash
4519,8,80,2201,563,5,2025-12-09,$14.74,7.5,debit card
4523,6,78,2073,244,3,2025-05-24,$232.48,7.0,Credit Card
4530,8,9,4814,767,4,2025-10-29,$62.81,9.1,cash
4533,8,91,1783,1,1,2025-04-29,$33.94,3.6,Credit Card
4534,5,20,1293,47,2,2024-11-21,$136.53,6.8,cash
4536,7,7,1145,153,1,2025-08-03,$95.4,4.1,Credit Card
4537,7,84,4070,207,4,2025-07-28,$66.02,11.2,debit card
4538,7,7,4435,527,3,2025-04-12,$141.95,4.0,credit card
4539,5,20,428,167,2,2025-09-25,$43.64,10.5,Online
4540,8,109,3794,1121,1,2024-11-26,$161.68,10.0,DEBIT CARD
4541,8,30,4783,194,2,2025-03-04,$223.56,11.0,CREDIT CARD
4544,8,9,1187,245,1,2025-11-30,$128.11,5.8,CREDIT CARD
4545,5,22,3379,176,2,2025-08-15,$36.31,9.2,CREDIT CARD
4549,6,74,2987,926,2,2025-05-27,$167.24,11.9,CREDIT CARD
4554,5,47,327,116,4,2025-09-05,$192.84,7.8,Credit Card
4560,6,49,2864,166,4,2025-03-19,$158.59,11.9,CREDIT CARD
4563,8,57,4123,1385,3,2025-11-01,$193.44,6.1,online
4564,6,72,688,231,2,2025-01-12,$190.29,6.2,CASH
4565,6,66,4608,579,1,2025-04-01,$11.99,7.7,Credit Card
4568,6,72,2909,152,5,2024-11-27,$254.38,9.9,Debit Card
4569,5,105,616,140,4,2025-12-07,$243.94,3.6,credit card
4571,6,77,1425,8,3,2025-07-29,$261.7,10.9,debit card
4572,8,80,2178,1181,2,2025-02-06,$167.67,8.4,debit card
4577,7,5,3140,47,1,2024-12-07,$171.49,10.1,credit card
4579,6,72,878,61,1,2024-12-02,$294.51,6.9,Cash
4580,8,116,4242,975,1,2025-02-07,$30.94,9.9,cash
4581,7,95,4492,444,2,2024-11-30,$81.38,6.9,Debit Card
4584,7,19,3479,1381,2,2025-10-24,$35.53,10.6,DEBIT CARD
4589,8,112,4870,725,1,2025-02-09,$250.29,5.7,Credit Card
4591,7,7,834,699,1,2025-03-27,$109.31,11.2,Credit Card
4592,6,96,2619,1169,2,2025-08-25,$163.85,4.5,cash
4593,8,116,4414,175,3,2024-12-29,$157.22,11.4,DEBIT CARD
4599,5,47,1766,563,2,2024-10-13,$80.27,10.9,Online
4606,8,94,2584,1053,2,2025-08-23,$55.42,9.7,Cash
4609,6,49,4075,1434,1,2024-10-14,$187.08,4.9,debit card
4610,7,62,73,231,2,2025-10-05,$207.0,11.1,Credit Card
4619,5,40,3038,1178,1,2025-07-13,$87.78,11.4,DEBIT CARD
4624,6,49,327,726,1,2025-08-10,$192.84,7.8,credit card
4631,7,84,106,1080,2,2025-05-28,$95.04,6.7,ONLINE
4634,7,62,2190,299,1,2025-07-29,$248.46,3.2,Credit Card
4635,6,78,4597,85,1,2025-01-17,$260.21,3.6,CASH
4644,6,77,1582,7,5,2025-07-01,$128.4,8.6,DEBIT CARD
4646,8,112,844,448,1,2025-09-06,$13.99,3.7,cash
4647,7,5,1862,1387,1,2025-11-03,$184.03,10.2,cash
4648,6,107,600,15,1,2025-06-04,$221.61,4.4,credit card
4649,8,9,153,1464,2,2025-10-25,$52.77,4.6,credit card
4650,5,105,764,236,3,2024-11-29,$57.21,6.6,Credit Card
4655,6,96,1089,296,5,2025-03-09,$174.13,6.5,Credit Card
4657,8,91,4179,825,1,2024-11-24,$95.95,8.7,online
4659,6,72,4806,962,1,2025-03-12,$220.47,6.7,Online
4662,6,66,2190,732,2,2025-09-11,$248.46,5.6,CASH
4663,5,119,2262,295,1,2025-10-10,$94.26,3.5,DEBIT CARD
4673,5,47,3964,17,2,2025-06-13,$160.0,5.9,CREDIT CARD
4678,6,66,965,1274,2,2025-07-01,$103.16,6.2,Online
4681,6,49,2123,598,1,2025-06-22,$226.97,10.5,online
4689,7,5,2050,41,1,2025-07-23,$153.88,8.1,DEBIT CARD
4690,6,74,2308,1370,2,2025-07-06,$38.25,7.4,CREDIT CARD
4691,7,7,3564,52,5,2025-09-15,$294.0,9.1,CREDIT CARD
4694,5,119,3375,949,3,2024-12-31,$226.09,8.4,Online
4697,7,5,2722,226,3,2024-10-25,$159.13,10.7,CASH
4699,6,74,2743,802,1,2024-12-11,$254.83,4.7,DEBIT CARD
4702,8,116,4011,167,1,2025-02-01,$282.24,6.9,CASH
4706,5,20,3344,215,2,2024-10-17,$213.94,6.2,Debit Card
4707,5,92,2296,223,1,2024-10-27,$211.78,11.6,debit card
4710,5,92,2287,928,2,2024-10-23,$65.37,11.7,Online
4711,5,76,3656,185,2,2025-05-07,$38.9,3.6,Online
4713,7,95,2686,161,3,2025-04-26,$38.46,9.4,CASH
4715,5,105,991,1381,1,2025-04-16,$118.38,7.7,Debit Card
4718,5,47,959,1118,2,2025-08-01,$124.1,9.3,Cash
4719,8,80,3095,1216,5,2025-06-30,$108.63,6.9,ONLINE
4720,5,47,4235,46,3,2025-07-16,$114.02,9.1,CREDIT CARD
4723,5,76,1014,106,5,2025-06-17,$237.24,9.1,Credit Card
4731,6,99,4571,102,3,2025-10-25,$27.95,6.6,online
4732,7,95,656,228,1,2024-10-11,$81.35,9.6,Credit Card
4733,5,105,2681,492,1,2025-03-05,$115.68,4.5,cash
4736,7,84,1076,37,1,2025-03-07,$184.63,11.2,Online
4740,5,22,1007,115,1,2024-12-03,$111.64,9.9,cash
4742,6,78,3505,183,4,2025-08-14,$286.02,6.6,credit card
4743,5,22,744,1264,2,2025-05-15,$169.55,6.7,online
4744,7,5,4650,55,3,2025-10-26,$292.1,9.0,Cash
4746,6,74,682,1245,1,2025-06-23,$134.09,9.6,ONLINE
4747,6,77,213,270,1,2024-10-21,$185.2,6.2,Debit Card
4748,6,77,3171,775,2,2025-09-15,$171.62,6.7,credit card
4752,6,78,2005,1210,2,2025-04-21,$57.81,7.1,online
4758,6,77,2571,178,1,2025-11-02,$115.75,5.3,CREDIT CARD
4763,5,113,4353,1291,2,2024-11-04,$51.2,5.3,debit card
4765,8,91,4328,1176,1,2025-04-17,$81.0,5.0,credit card
4766,7,19,1237,146,4,2025-07-20,$187.27,6.1,Credit Card
4767,5,119,74,534,2,2025-07-27,$142.51,7.2,cash
4768,6,96,905,1431,1,2025-03-03,$210.71,4.0,Credit Card
4770,6,107,1693,214,4,2024-11-26,$283.84,8.4,Credit Card
4774,8,30,2409,609,2,2025-10-01,$225.66,5.7,Credit Card
4776,6,107,2805,839,1,2025-04-28,$81.55,5.5,credit card
4780,5,40,666,746,5,2024-10-13,$103.54,3.6,cash
4785,8,116,2427,216,2,2025-06-28,$65.29,4.5,Online
4787,6,78,1360,102,2,2025-10-10,$284.05,3.8,ONLINE
4790,6,96,713,109,2,2025-09-06,$22.61,6.7,online
4791,5,47,1930,51,1,2025-11-05,$252.0,10.8,cash
4792,7,19,3031,40,1,2024-10-13,$40.39,5.9,Credit Card
4798,6,49,1856,110,2,2025-12-08,$258.16,10.8,CREDIT CARD
4799,5,40,626,91,2,2025-10-01,$48.8,6.4,cash
4802,5,20,886,158,1,2024-11-18,$289.33,9.8,CASH
4808,8,109,3167,192,5,2024-12-08,$78.47,7.4,DEBIT CARD
4809,5,22,2424,126,1,2025-05-08,$202.6,5.6,ONLINE
4810,5,22,4957,162,4,2024-11-27,$298.73,4.2,ONLINE
4811,5,119,4063,181,1,2025-09-27,$82.2,4.5,CASH
4814,6,96,1594,74,2,2025-02-10,$128.6,8.8,cash
4817,8,112,551,917,2,2025-05-18,$84.03,7.4,Debit Card
4819,6,77,4425,283,1,2025-11-14,$295.87,7.5,Credit Card
4822,6,96,1155,293,2,2025-10-21,$246.99,8.3,Cash
4825,7,104,2110,158,4,2025-09-09,$187.38,9.9,Cash
4827,5,105,4548,568,5,2025-10-12,$284.28,8.8,Debit Card
4832,8,91,1173,198,1,2025-10-18,$7.25,9.2,Credit Card
4843,6,99,4368,254,2,2025-06-15,$28.62,5.2,CASH
4849,5,20,2018,114,2,2025-11-16,$126.32,11.9,Debit Card
4850,8,57,3753,52,1,2025-09-18,$147.66,5.1,cash
4851,5,119,779,181,1,2025-03-08,$227.35,8.6,ONLINE
4852,7,84,3194,207,4,2025-12-02,$272.54,10.1,CREDIT CARD
4855,6,72,2960,951,1,2024-10-11,$232.36,7.8,Credit Card
4856,8,9,797,222,4,2025-01-08,$16.14,8.7,CASH
4858,6,78,2773,248,3,2025-03-16,$125.95,6.2,credit card
4859,7,95,3471,26,5,2025-02-11,$27.97,11.9,Debit Card
4860,8,80,3287,325,1,2025-04-10,$162.69,6.4,CASH
4861,5,92,4531,214,1,2024-12-02,$100.41,7.0,ONLINE
4862,8,109,1528,230,3,2025-07-14,$99.19,4.5,debit card
4864,6,74,3421,112,1,2025-03-15,$278.71,10.0,credit card
4865,6,74,833,13,3,2025-05-15,$235.35,9.6,DEBIT CARD
4866,7,19,3845,144,5,2025-11-06,$12.74,10.8,Online
4867,7,84,457,78,2,2025-02-14,$70.94,3.2,online
4877,7,19,4689,1095,2,2025-08-19,$113.72,10.0,Cash
4878,8,30,326,27,1,2025-06-09,$40.44,7.5,debit card
4879,7,84,3235,82,2,2025-06-30,$261.87,11.9,CREDIT CARD
4880,7,5,1975,129,5,2025-03-18,$133.46,7.8,credit card
4882,5,47,3591,178,1,2024-11-02,$124.83,3.9,cash
4883,7,19,4797,94,3,2024-12-31,$159.32,7.7,online
4892,6,107,590,123,1,2025-04-27,$282.37,8.8,debit card
4897,5,119,2159,592,5,2025-02-19,$211.52,11.4,credit card
4904,6,49,4345,327,1,2025-07-03,$261.81,8.7,CREDIT CARD
4911,5,113,1519,721,2,2025-03-17,$208.87,8.0,credit card
4915,8,112,1231,1327,2,2025-09-24,$60.54,10.1,Credit Card
4920,7,104,1804,673,5,2025-09-01,$271.91,8.5,DEBIT CARD
4925,5,105,4447,219,2,2025-08-22,$121.73,4.8,cash
4927,5,119,3169,92,2,2024-11-12,$12.14,8.4,Online
4928,5,92,4052,22,2,2025-02-20,$23.79,6.9,ONLINE
4930,6,49,3840,99,4,2025-09-21,$114.48,11.1,CASH
4932,5,22,1313,52,1,2024-10-08,$94.55,4.9,ONLINE
4936,7,104,1330,252,2,2025-07-22,$292.14,11.6,Debit Card
4939,8,85,4070,595,2,2025-05-03,$66.02,3.1,Debit Card
4943,7,5,2957,198,2,2024-12-29,$68.04,7.3,DEBIT CARD
4946,5,22,3518,48,2,2025-04-16,$37.42,7.1,debit card
4947,7,95,2071,1375,2,2025-09-22,$116.97,10.5,credit card
4952,7,95,916,196,3,2024-11-12,$276.28,4.2,cash
4954,6,78,1007,929,3,2025-02-06,$111.64,3.5,credit card
4956,5,20,866,99,4,2025-02-16,$10.61,10.2,credit card
4962,6,78,1323,572,3,2025-09-13,$259.33,6.0,credit card
4970,7,19,2281,157,4,2025-01-08,$223.73,7.7,debit card
4972,8,85,4723,87,1,2024-10-16,$158.59,6.3,Debit Card
4973,8,30,2853,224,3,2025-01-29,$89.78,8.7,CREDIT CARD
4974,5,20,2716,1491,1,2025-09-24,$97.71,8.0,Cash
4975,7,84,3851,295,1,2025-10-12,$183.18,8.9,Debit Card
4976,5,47,4635,673,2,2024-11-27,$143.89,11.5,DEBIT CARD
4978,7,41,2557,102,1,2024-11-25,$275.56,3.6,DEBIT CARD
4979,6,74,972,29,2,2025-05-30,$271.6,11.9,credit card
4981,7,7,1980,660,1,2025-05-31,$123.83,8.8,ONLINE
4982,6,107,2878,228,4,2024-10-04,$163.48,8.6,debit card
4983,7,19,3091,1215,2,2025-04-03,$198.41,3.4,Debit Card
4988,8,85,2886,1045,1,2025-08-16,$187.99,6.4,online
4995,6,49,1554,776,4,2025-11-02,$296.2,10.1,DEBIT CARD
4996,7,84,3704,156,1,2025-02-13,$56.67,10.2,Debit Card
5000,8,112,353,255,3,2025-02-07,$74.09,10.3,Debit Card
5001,6,78,2337,259,1,2024-11-26,$198.55,3.1,Cash
5002,5,40,3718,706,4,2025-01-08,$246.76,5.1,CASH
5003,5,22,3514,242,2,2024-11-17,$225.4,7.8,debit card
5004,6,96,2233,1460,5,2024-10-23,$258.87,6.4,credit card
5007,7,104,593,476,3,2025-11-12,$232.08,9.3,CREDIT CARD
5008,6,99,180,243,1,2025-06-02,$284.78,3.3,Credit Card
5009,7,5,4948,80,1,2025-04-25,$206.86,4.2,Credit Card
5011,6,107,977,1077,1,2025-03-02,$90.31,10.4,Cash
5012,5,105,755,13,2,2025-04-08,$46.13,3.6,CREDIT CARD
5017,5,22,1530,1332,2,2024-12-23,$10.99,4.3,CASH
5018,7,41,244,148,2,2025-11-01,$54.29,5.6,Online
5019,6,66,872,1258,2,2025-09-06,$254.64,5.4,DEBIT CARD
5022,6,49,4115,278,1,2025-11-12,$127.6,10.7,online
5029,5,40,3769,288,5,2024-10-01,$168.65,3.8,ONLINE
5034,8,80,2738,132,2,2024-11-02,$41.92,8.3,online
5040,6,74,3581,5,1,2025-04-04,$137.36,7.6,DEBIT CARD
5047,8,112,2451,183,2,2025-03-02,$181.44,9.1,cash
5049,5,119,3834,646,5,2025-08-21,$77.1,11.4,credit card
5053,7,19,4565,22,5,2025-03-08,$229.97,9.0,cash
5058,6,96,4668,63,5,2025-07-07,$130.61,11.0,CREDIT CARD
5060,5,20,192,12,1,2025-01-13,$266.96,11.2,debit card
5066,8,9,654,28,5,2025-03-03,$18.81,10.0,Online
5070,7,7,63,178,2,2025-07-03,$115.5,11.0,online
5076,5,105,4665,238,5,2025-11-28,$167.64,6.9,DEBIT CARD
5077,6,96,3107,299,4,2024-12-29,$116.51,9.8,Online
5078,7,19,1166,1052,3,2025-06-08,$237.15,6.2,Debit Card
5079,6,107,2637,1344,3,2024-10-17,$285.28,9.7,credit card
5085,6,78,3171,218,1,2025-11-21,$171.62,7.7,Credit Card
5086,5,105,1534,1027,3,2025-05-23,$162.83,10.2,Debit Card
5087,8,9,4565,265,2,2025-04-22,$229.97,7.1,CASH
5090,7,84,3036,237,1,2024-10-25,$120.94,10.0,online
5091,6,74,3002,1171,2,2025-09-23,$277.96,10.3,cash
5095,6,77,2174,1048,5,2024-10-27,$181.16,4.3,debit card
5096,7,62,2449,974,5,2025-06-21,$66.96,4.4,ONLINE
5098,7,19,2755,1049,1,2024-12-11,$42.0,5.1,credit card
5100,7,62,3033,297,1,2024-10-06,$35.16,11.2,CREDIT CARD
5102,6,74,356,1018,1,2024-10-19,$252.39,9.9,CREDIT CARD
5104,8,80,1091,257,5,2025-07-27,$145.06,5.1,online
5106,8,9,2451,594,1,2024-12-27,$181.44,6.8,debit card
5109,7,19,4192,382,2,2024-11-08,$95.8,7.3,credit card
5112,8,80,2902,63,1,2025-08-24,$280.48,8.2,DEBIT CARD
5127,8,9,2237,1181,5,2025-03-16,$270.66,6.9,Credit Card
5128,8,116,3414,99,1,2025-06-18,$126.68,7.5,Debit Card
5130,5,40,2968,47,1,2025-04-11,$170.87,10.7,Credit Card
5139,8,30,1075,161,4,2025-07-10,$72.42,10.0,CASH
5142,8,109,2597,79,2,2025-02-28,$294.03,10.8,ONLINE
5146,7,5,1473,245,2,2025-05-31,$197.08,10.1,CREDIT CARD
5148,6,77,1319,1,1,2025-11-30,$140.37,3.4,Credit Card
5154,5,40,4943,493,1,2025-08-13,$292.37,6.8,credit card
5156,7,62,5000,217,1,2025-05-31,$197.5,9.9,Online
5158,5,113,2235,937,1,2025-11-01,$142.02,4.3,DEBIT CARD
5159,6,78,2382,606,5,2025-05-10,$133.7,6.2,credit card
5160,6,49,2884,241,3,2025-03-06,$279.02,10.3,Cash
5168,5,22,2188,151,5,2025-01-10,$22.6,9.2,credit card
5170,8,112,3506,140,1,2025-05-14,$103.97,8.7,credit card
5171,5,40,466,82,2,2025-07-22,$134.11,10.0,Credit Card
5172,7,19,303,1075,2,2025-07-11,$262.69,10.6,CASH
5177,7,84,1589,74,1,2025-01-26,$34.84,10.3,cash
5178,5,119,764,80,1,2025-07-08,$57.21,9.4,Cash
5179,6,72,4764,995,2,2025-11-27,$40.41,8.0,cash
5181,8,91,3613,87,2,2024-11-05,$191.36,3.8,credit card
5184,6,74,2370,632,1,2024-10-20,$79.21,4.6,debit card
5186,8,112,2834,125,3,2024-12-24,$132.75,3.1,ONLINE
5192,5,119,4653,206,1,2025-08-12,$105.45,3.3,ONLINE
5194,7,5,560,128,5,2025-04-20,$68.68,8.8,debit card
5195,7,62,2833,215,4,2025-09-07,$5.39,9.2,Credit Card
5197,5,105,178,220,1,2025-08-04,$64.88,6.4,Cash
5199,5,76,3262,266,1,2025-03-06,$275.31,4.4,debit card
5201,6,96,4010,201,5,2025-04-30,$286.68,4.4,Cash
5204,8,109,196,199,2,2024-10-14,$109.52,11.3,Cash
5205,6,49,1318,28,1,2025-06-07,$170.1,11.2,CASH
5211,7,19,3159,637,3,2024-12-01,$138.56,7.8,Debit Card
5214,7,104,4368,25,4,2024-10-20,$28.62,7.7,Credit Card
5215,7,95,1323,154,1,2024-11-02,$259.33,8.2,Cash
5216,8,112,3224,104,3,2025-11-17,$192.18,4.6,DEBIT CARD
5217,5,76,3833,594,1,2025-05-19,$88.08,6.4,DEBIT CARD
5218,8,85,1782,103,1,2024-10-06,$259.8,7.9,cash
5220,5,76,341,890,1,2025-06-26,$287.43,9.9,DEBIT CARD
5223,8,80,4822,1292,1,2025-10-31,$171.4,11.3,DEBIT CARD
5225,7,19,82,939,2,2025-10-25,$165.09,5.1,Credit Card
5226,7,104,4575,438,2,2025-11-15,$240.32,9.7,CREDIT CARD
5228,6,99,2137,435,2,2025-01-05,$24.23,4.1,Credit Card
5229,6,96,3282,181,2,2024-10-06,$101.03,8.8,Credit Card
5231,5,47,3116,638,1,2025-09-24,$244.28,4.7,cash
5234,7,5,3512,25,1,2025-08-12,$101.8,11.1,credit card
5235,5,92,2772,144,2,2025-06-15,$274.94,7.6,CASH
5243,8,85,563,242,4,2025-05-24,$275.33,11.4,CASH
5244,5,105,4019,169,1,2025-04-11,$280.45,9.3,Credit Card
5245,8,85,4736,68,1,2024-11-22,$142.61,3.4,CASH
5247,8,94,519,531,2,2024-12-21,$197.12,8.1,online
5248,5,105,2028,33,1,2025-01-16,$51.18,3.1,Credit Card
5249,7,7,1044,163,5,2025-04-02,$188.22,7.8,Cash
5253,7,5,1444,31,1,2025-08-15,$195.67,9.1,Cash
5255,6,66,4510,1295,1,2025-11-12,$153.02,4.1,cash
5257,5,22,1831,169,2,2025-11-25,$225.58,4.4,DEBIT CARD
5258,8,109,3699,48,4,2025-09-27,$164.54,9.9,debit card
5263,5,22,4821,1374,2,2025-11-27,$60.08,8.6,Online
5265,8,30,4354,186,4,2025-02-12,$279.33,9.4,Credit Card
5266,5,76,4037,294,4,2025-01-26,$220.05,7.7,online
5267,5,76,2122,264,1,2024-10-22,$17.7,6.3,cash
5268,6,66,941,227,1,2025-04-18,$26.3,8.6,CASH
5275,5,76,3758,148,5,2025-06-27,$7.33,8.1,debit card
5276,6,96,2430,567,5,2024-11-18,$26.43,10.4,DEBIT CARD
5277,7,19,3941,229,3,2025-02-20,$111.71,7.3,CASH
5284,6,77,3627,170,1,2025-06-07,$241.86,11.2,debit card
5286,6,74,549,171,2,2025-02-04,$96.77,11.3,CASH
5289,7,104,3187,797,3,2025-10-18,$192.28,4.9,Debit Card
5290,5,92,2226,525,3,2025-09-28,$72.47,4.1,DEBIT CARD
5291,6,49,2199,107,5,2025-10-25,$297.15,7.2,DEBIT CARD
5294,8,109,3365,118,5,2025-02-25,$172.42,10.3,ONLINE
5296,8,116,1667,149,3,2025-06-01,$292.31,3.6,online
5302,6,99,2103,805,3,2025-09-23,$241.65,9.2,credit card
5305,7,104,1707,1374,2,2025-03-25,$51.77,7.0,ONLINE
5309,5,76,2490,293,4,2025-03-25,$94.75,7.6,DEBIT CARD
5312,5,119,1017,846,1,2025-09-29,$155.62,11.1,Online
5313,8,80,3362,1158,4,2025-07-06,$84.88,5.2,debit card
5316,6,66,2677,1265,5,2025-06-25,$37.87,6.6,DEBIT CARD
5318,8,94,3789,485,1,2025-05-23,$33.2,5.1,Debit Card
5319,5,76,4774,360,1,2025-08-22,$273.16,8.4,DEBIT CARD
5324,8,57,4268,903,2,2024-10-08,$106.32,3.6,DEBIT CARD
5326,8,9,1118,217,1,2024-10-06,$154.85,5.7,Credit Card
5328,7,19,3294,136,1,2024-11-26,$166.37,10.5,credit card
5331,7,104,4828,56,2,2025-05-02,$48.52,10.6,Credit Card
5334,7,95,1482,430,5,2025-10-28,$116.63,5.5,Online
5338,5,76,930,155,5,2025-03-21,$19.01,8.2,online
5350,5,119,3372,1159,4,2025-08-19,$296.88,4.6,CREDIT CARD
5352,8,94,3313,9,1,2025-02-12,$56.59,8.1,Cash
5354,8,30,3203,234,1,2024-11-24,$211.08,12.0,cash
5357,8,85,297,342,5,2025-02-24,$47.8,10.1,CREDIT CARD
5362,8,109,2406,999,4,2025-08-21,$93.68,11.2,DEBIT CARD
5368,6,74,2716,483,5,2025-09-18,$97.71,4.0,debit card
5372,8,85,1171,924,1,2024-12-07,$117.61,9.1,Online
5375,7,19,4231,229,5,2025-10-02,$208.48,9.8,debit card
5380,5,119,549,56,2,2025-08-17,$96.77,6.1,CREDIT CARD
5383,5,92,2658,14,4,2025-10-13,$188.73,6.3,credit card
5384,5,92,871,64,2,2025-05-02,$182.24,6.0,Cash
5385,8,80,1582,997,1,2025-11-04,$128.4,10.5,credit card
5386,7,104,282,302,1,2025-11-10,$147.18,4.9,Online
5393,6,66,903,105,1,2025-10-22,$109.39,3.7,CREDIT CARD
5394,5,119,671,1182,2,2024-11-10,$30.82,9.1,Online
5396,6,77,1039,73,2,2025-01-27,$289.65,4.1,Online
5401,5,40,4024,110,1,2025-04-28,$65.39,6.6,credit card
5402,7,95,4035,494,4,2025-12-03,$212.58,4.3,debit card
5403,5,76,2836,180,2,2025-06-23,$86.11,9.3,credit card
5407,5,47,2303,1167,2,2025-10-25,$155.59,8.6,cash
5409,6,74,1760,927,2,2025-07-08,$186.34,6.2,Debit Card
5417,8,85,2132,296,1,2025-07-06,$162.21,9.0,credit card
5418,8,94,1582,680,2,2025-01-17,$128.4,10.0,Debit Card
5419,7,62,3633,99,3,2025-04-04,$26.64,10.7,DEBIT CARD
5422,5,40,3318,84,2,2025-11-03,$295.68,11.1,Debit Card
5424,5,22,2334,132,1,2025-08-29,$13.67,8.3,ONLINE
5426,8,109,2536,34,1,2024-10-02,$137.54,4.2,Debit Card
5427,6,107,2140,66,1,2024-12-24,$166.2,5.2,CREDIT CARD
5429,5,47,47,106,1,2025-02-10,$45.13,4.8,Online
5430,8,9,2855,1049,1,2025-07-10,$290.43,3.9,CREDIT CARD
5437,6,99,3981,139,1,2025-09-07,$18.18,10.1,ONLINE
5438,5,22,1015,51,1,2025-11-16,$7.74,5.4,credit card
5440,5,20,4185,67,4,2025-07-02,$43.27,3.8,Debit Card
5448,5,119,3557,806,3,2025-04-11,$48.26,4.2,online
5451,8,30,4200,146,1,2025-04-25,$92.05,8.2,credit card
5453,5,22,3421,94,2,2025-10-19,$278.71,3.3,cash
5455,7,7,475,56,2,2024-12-07,$83.7,3.2,debit card
5468,7,95,4442,355,3,2025-08-21,$13.09,6.6,Credit Card
5473,8,109,4904,65,1,2025-11-06,$42.62,10.2,Online
5476,6,96,1246,162,5,2025-01-24,$100.06,11.6,CREDIT CARD
5477,5,20,4334,202,4,2025-02-14,$243.26,7.1,debit card
5478,5,22,2887,373,1,2024-12-24,$99.77,6.3,credit card
5484,5,40,223,872,5,2024-12-13,$48.1,4.7,online
5486,6,49,2178,208,1,2025-12-06,$167.67,7.8,CASH
5491,5,47,2552,214,1,2025-01-27,$166.48,9.2,Cash
5497,8,109,1988,1079,1,2025-08-01,$76.68,4.0,Debit Card
5510,8,91,73,1016,2,2025-03-07,$207.0,3.9,CREDIT CARD
5524,8,116,696,9,2,2025-08-21,$90.38,4.1,ONLINE
5526,5,22,658,880,1,2025-09-16,$278.78,6.8,DEBIT CARD
5529,7,62,1381,187,3,2025-02-18,$230.22,6.2,Cash
5530,6,78,3008,249,4,2025-01-02,$136.74,7.6,debit card
5532,6,72,3099,85,1,2025-07-05,$236.72,10.8,debit card
5534,7,62,4575,166,2,2025-06-28,$240.32,10.9,cash
5536,5,47,3523,171,1,2025-03-12,$112.61,5.7,Cash
5537,5,22,3009,964,3,2024-12-21,$41.06,4.2,debit card
5544,7,104,2429,518,5,2025-07-21,$265.43,9.1,DEBIT CARD
5546,5,22,4343,139,1,2024-12-05,$11.33,3.9,Cash
5547,8,94,703,11,2,2025-08-22,$130.44,6.4,CASH
5553,8,94,4096,1468,3,2025-10-03,$113.28,4.8,DEBIT CARD
5557,5,40,4688,1193,5,2025-08-06,$29.07,10.2,Debit Card
5562,8,9,1336,212,3,2025-07-19,$80.03,7.8,online
5563,8,85,4552,1389,2,2024-12-23,$66.2,3.9,cash
5565,5,119,3873,183,2,2025-02-06,$282.74,4.9,Debit Card
5566,5,113,3422,156,2,2025-08-22,$228.7,5.2,CREDIT CARD
5568,5,40,855,4,2,2025-10-01,$109.71,5.7,credit card
5572,7,95,2914,868,4,2024-12-03,$97.53,8.8,Credit Card
5579,7,84,3125,31,1,2025-06-17,$6.16,4.8,Credit Card
5581,5,92,3606,338,4,2025-11-28,$240.42,4.4,debit card
5586,8,9,2030,1214,4,2025-10-15,$38.05,9.5,Credit Card
5590,8,91,4534,226,3,2025-04-27,$280.19,8.0,Credit Card
5592,5,76,3661,1200,1,2025-12-09,$262.96,3.9,CASH
5595,6,99,374,271,1,2024-11-13,$212.02,7.8,Cash
5596,8,57,2067,195,2,2025-02-20,$115.99,10.6,cash
5600,5,47,3226,258,2,2024-11-09,$52.47,3.0,Cash
5603,8,9,263,1488,1,2025-11-06,$169.82,6.7,Credit Card
5606,6,74,2072,1429,4,2025-05-01,$202.15,10.4,DEBIT CARD
5609,8,80,2880,982,3,2025-03-11,$29.19,8.3,Cash
5610,8,116,2318,917,5,2024-12-10,$8.63,10.2,credit card
5613,8,80,3046,265,4,2025-07-29,$73.04,7.8,debit card
5614,6,96,4380,860,2,2024-10-08,$288.08,9.1,Credit Card
5615,7,104,850,1497,5,2025-08-14,$123.8,11.2,DEBIT CARD
5621,7,84,4692,230,1,2025-06-29,$194.61,8.1,credit card
5624,6,78,2852,168,1,2025-01-21,$14.34,4.3,CREDIT CARD
5625,8,109,1651,128,5,2024-11-14,$277.52,7.8,debit card
5631,5,105,3920,105,1,2025-09-09,$153.34,6.8,Cash
5632,5,119,1054,38,3,2025-06-06,$245.44,9.1,CREDIT CARD
5635,8,91,4233,30,1,2025-02-28,$169.21,10.3,credit card
5639,6,74,2145,1381,2,2025-03-18,$113.59,6.2,Credit Card
5640,6,96,2810,38,3,2025-08-07,$76.38,5.9,Credit Card
5642,5,47,2842,347,1,2025-10-20,$235.94,10.3,Debit Card
5649,6,74,4451,146,1,2025-06-29,$156.67,8.7,CREDIT CARD
5650,5,47,3284,136,3,2025-07-31,$257.32,9.2,cash
5651,5,119,1943,268,5,2025-11-03,$176.22,6.8,Debit Card
5658,5,76,1529,1053,1,2025-09-22,$286.69,8.9,credit card
5659,7,41,3200,26,1,2025-06-17,$83.88,4.8,credit card
5665,5,119,4051,245,5,2024-10-06,$201.34,3.3,Credit Card
5666,8,109,4125,299,1,2025-10-14,$288.83,7.8,DEBIT CARD
5667,6,77,4201,722,1,2025-10-15,$155.8,10.2,Debit Card
5668,8,57,364,44,5,2025-09-30,$46.25,3.4,debit card
5669,7,19,3784,209,2,2025-10-08,$168.07,9.0,debit card
5672,8,9,580,123,1,2025-04-21,$170.29,10.8,debit card
5674,5,20,1753,699,1,2025-04-20,$137.84,6.4,credit card
5676,7,95,2760,32,1,2024-12-21,$172.97,8.6,Credit Card
5677,5,105,447,174,2,2025-02-01,$67.75,7.1,cash
5681,6,74,1749,1416,4,2024-12-19,$181.25,3.1,ONLINE
5682,6,99,366,1141,2,2024-11-30,$84.21,5.4,Online
5683,8,91,3033,375,3,2025-01-03,$35.16,10.5,Online
5686,5,40,4366,1026,2,2025-06-25,$218.46,8.1,cash
5687,5,22,2207,37,4,2025-09-05,$244.37,9.1,CREDIT CARD
5689,8,80,2789,148,2,2024-10-09,$106.9,10.5,CASH
5691,5,20,4829,687,1,2025-03-23,$248.57,3.4,debit card
5692,5,113,2740,19,2,2025-09-07,$293.62,7.9,CREDIT CARD
5694,6,77,4128,442,4,2025-12-08,$136.58,4.3,credit card
5695,7,5,1972,1260,1,2025-04-07,$239.91,8.1,Credit Card
5701,6,72,3086,63,2,2025-07-01,$85.65,8.2,DEBIT CARD
5703,5,119,1845,291,3,2025-03-24,$223.92,3.7,Debit Card
5704,7,41,4296,501,4,2025-08-17,$34.96,10.6,Debit Card
5707,8,80,3700,57,5,2024-10-16,$110.95,10.5,Credit Card
5709,6,74,2520,294,5,2025-04-21,$273.62,7.0,debit card
5711,8,109,4314,60,2,2025-02-09,$154.25,11.7,Credit Card
5712,5,113,1920,629,2,2025-08-18,$181.2,9.8,ONLINE
5713,7,7,3095,265,2,2025-08-12,$108.63,11.2,debit card
5718,8,109,1934,1275,5,2025-06-05,$283.26,4.0,credit card
5720,8,85,4187,45,1,2025-05-13,$56.23,3.1,CASH
5724,8,91,2040,133,1,2025-11-11,$60.12,3.6,credit card
5726,8,116,3481,685,1,2025-03-10,$275.89,3.5,online
5735,8,109,4095,253,2,2024-11-21,$85.36,5.1,cash
5743,8,80,1365,75,2,2025-04-13,$117.61,11.9,cash
5744,8,91,4310,667,5,2025-10-09,$26.38,8.4,cash
5746,8,85,4772,49,1,2025-09-29,$251.16,3.2,DEBIT CARD
5750,7,62,12,981,2,2024-12-29,$18.71,8.3,Credit Card
5754,5,40,3352,139,2,2025-11-19,$62.44,9.8,Credit Card
5755,8,85,1362,61,5,2024-11-17,$218.5,8.0,debit card
5756,7,41,2320,108,1,2025-09-24,$255.47,8.0,CREDIT CARD
5757,7,104,3635,198,1,2024-11-18,$147.65,3.3,Online
5760,5,76,2723,223,5,2024-12-07,$76.03,10.9,Debit Card
5770,6,49,4621,64,1,2024-10-08,$163.86,5.2,DEBIT CARD
5773,6,72,4183,12,1,2025-03-14,$13.52,6.7,debit card
5774,7,62,2253,1473,3,2025-03-02,$209.72,10.8,CASH
5776,6,78,1769,466,5,2025-05-13,$106.37,9.9,online
5777,8,57,3840,1451,1,2024-11-02,$114.48,10.3,Debit Card
5778,5,92,688,404,2,2025-07-11,$190.29,4.3,online
5779,5,92,2102,156,2,2024-10-06,$261.65,3.7,credit card
5780,7,7,3862,245,3,2025-01-06,$142.08,3.8,cash
5781,8,57,201,52,1,2024-12-27,$276.76,7.1,debit card
5782,7,41,4368,85,2,2024-10-24,$28.62,6.5,cash
5784,6,49,2226,43,5,2025-08-13,$72.47,6.9,credit card
5793,7,41,2626,270,4,2025-01-10,$103.93,11.1,credit card
5797,7,104,2920,532,2,2025-08-17,$17.82,8.8,DEBIT CARD
5798,6,74,4596,165,1,2025-11-28,$135.8,8.7,CASH
5804,8,112,4115,95,2,2025-04-09,$127.6,9.2,DEBIT CARD
5806,5,92,4237,260,5,2025-03-20,$199.43,4.1,Debit Card
5815,8,116,4078,10,2,2025-10-06,$53.2,10.7,DEBIT CARD
5821,7,41,1493,1088,2,2025-07-08,$296.27,6.5,CREDIT CARD
5823,7,62,1992,51,2,2025-05-15,$170.86,3.2,cash
5824,8,109,372,24,1,2025-05-16,$110.95,10.8,Debit Card
5830,6,99,3799,205,5,2025-02-14,$169.85,7.1,Credit Card
5835,5,105,845,168,1,2025-05-27,$27.1,12.0,CASH
5839,8,57,3496,1498,1,2025-02-26,$43.54,4.4,online
5840,6,96,4868,193,4,2025-01-02,$51.57,10.3,DEBIT CARD
5841,7,7,2407,880,2,2025-09-11,$40.4,6.4,online
5844,7,5,1966,420,2,2025-03-07,$9.22,5.4,cash
5845,5,47,2481,239,2,2025-04-19,$290.57,3.5,Online
5855,7,84,3274,104,1,2025-08-23,$69.63,8.1,Cash
5856,5,20,281,671,1,2025-08-24,$37.98,10.8,DEBIT CARD
5857,7,104,3452,155,1,2025-08-24,$110.17,4.4,CASH
5861,6,77,2800,174,5,2024-12-05,$126.39,3.7,ONLINE
5864,5,119,3142,363,1,2025-01-14,$74.54,11.4,Cash
5865,8,80,4682,155,2,2024-10-05,$132.6,9.1,cash
5866,5,119,4855,83,1,2025-06-02,$25.56,3.9,DEBIT CARD
5870,8,112,4230,265,1,2025-08-11,$180.26,4.9,CREDIT CARD
5871,8,57,642,47,2,2025-04-06,$263.88,11.8,CREDIT CARD
5875,8,85,4224,1103,2,2024-11-08,$88.62,3.1,Online
5880,8,116,3378,1373,2,2024-12-12,$217.93,3.6,debit card
5883,7,104,2554,94,5,2025-02-19,$166.98,11.3,Debit Card
5884,6,96,3053,300,2,2025-01-16,$128.99,11.6,Debit Card
5885,5,113,1083,341,1,2025-07-13,$106.7,4.3,DEBIT CARD
5886,6,99,2281,56,1,2025-02-12,$223.73,4.7,Cash
5890,6,74,328,292,3,2025-04-17,$261.9,9.3,online
5895,5,92,3497,255,5,2025-02-16,$20.48,10.4,Debit Card
5898,5,40,4867,818,2,2025-02-27,$35.87,8.6,Cash
5906,5,119,3026,186,5,2025-10-16,$132.4,11.1,Cash
5909,5,47,2924,4,5,2025-01-23,$295.14,6.6,DEBIT CARD
5910,8,80,4533,184,2,2025-03-11,$272.4,4.5,CASH
5911,6,96,955,1334,2,2025-01-25,$126.3,6.0,Debit Card
5912,5,47,4995,129,2,2025-06-28,$166.14,11.0,Credit Card
5913,7,7,3225,364,3,2025-10-16,$16.69,4.1,Cash
5915,6,49,2023,245,4,2024-12-31,$24.17,5.1,Credit Card
5917,5,92,4271,1008,1,2025-02-18,$143.94,6.6,Credit Card
5921,7,62,1975,42,4,2025-02-17,$133.46,6.7,debit card
5926,7,5,4051,547,4,2025-03-21,$201.34,8.7,credit card
5927,7,84,1361,1368,1,2024-11-15,$178.53,8.6,Credit Card
5928,5,113,2345,691,2,2024-11-28,$229.47,8.0,debit card
5929,8,80,61,210,1,2025-10-25,$294.97,10.2,CASH
5939,7,95,1133,1209,2,2024-11-12,$29.5,4.1,Cash
5947,8,109,1458,1174,1,2024-11-01,$35.99,9.9,debit card
5952,8,80,1441,783,5,2025-01-13,$50.53,3.0,Credit Card
5953,5,105,900,1483,1,2025-10-06,$124.35,3.8,Credit Card
5955,8,80,3230,48,2,2025-03-17,$21.51,12.0,cash
5959,6,74,2472,691,1,2025-01-26,$222.23,4.1,DEBIT CARD
5961,7,19,3385,251,3,2025-06-30,$243.99,8.9,debit card
5962,6,78,3778,52,1,2025-07-16,$130.82,4.2,Cash
5966,7,5,2360,945,1,2025-07-06,$146.08,7.2,credit card
5970,6,72,2566,32,2,2025-01-25,$113.97,6.7,Credit Card
5975,8,85,2949,145,3,2024-11-15,$277.1,10.3,Cash
5978,8,116,2654,400,1,2024-12-27,$272.42,3.1,credit card
5987,7,7,3579,496,2,2024-10-14,$150.11,10.8,DEBIT CARD
5989,7,7,4304,534,4,2024-10-04,$59.34,4.2,Cash
5996,5,113,4356,1196,2,2025-11-21,$147.87,8.6,cash
5999,8,85,2973,733,5,2025-11-15,$220.39,3.7,CREDIT CARD
6000,6,99,215,296,1,2024-11-04,$120.02,9.2,Credit Card
6003,7,84,958,818,3,2024-12-24,$76.1,7.1,DEBIT CARD
6005,6,78,787,107,1,2024-12-25,$74.9,4.7,Online
6008,6,74,2171,8,2,2025-08-17,$20.35,7.3,debit card
6015,8,30,1384,173,5,2025-04-01,$41.97,9.0,Debit Card
6016,8,116,273,56,1,2025-08-11,$174.55,8.8,Debit Card
6018,5,20,4933,251,1,2025-09-14,$242.09,7.5,credit card
6022,5,76,2774,181,1,2025-09-11,$205.82,6.0,credit card
6024,7,41,3612,181,4,2024-11-26,$6.98,9.3,credit card
6025,8,9,1324,132,5,2025-02-10,$209.57,11.5,credit card
6026,8,85,3616,1448,4,2025-08-29,$24.31,7.4,Credit Card
6028,7,104,1246,442,2,2024-10-01,$100.06,3.7,online
6032,7,84,416,277,1,2025-01-31,$193.86,4.0,ONLINE
6034,5,22,2137,1113,4,2024-10-17,$24.23,8.3,Debit Card
6035,5,20,4140,149,1,2024-12-17,$85.73,11.3,CASH
6036,7,7,2167,1115,2,2025-09-04,$67.63,9.7,CREDIT CARD
6039,6,99,1913,6,2,2025-10-20,$70.34,8.8,DEBIT CARD
6041,7,95,1387,449,2,2025-06-01,$235.25,3.6,Cash
6044,8,9,586,199,4,2025-01-30,$223.17,7.7,Online
6046,5,105,3446,310,2,2025-03-22,$73.94,6.6,CREDIT CARD
6050,8,57,2738,83,2,2025-07-31,$41.92,6.5,online
6052,8,57,3241,1347,1,2025-09-30,$288.91,10.5,CREDIT CARD
6053,7,41,1393,83,1,2024-12-26,$242.53,10.0,online
6054,7,41,2680,54,1,2025-11-11,$225.53,10.4,cash
6055,5,92,4907,880,5,2025-08-20,$217.45,10.8,Debit Card
6056,8,80,1915,533,2,2025-09-01,$11.36,7.2,Online
6059,5,105,1915,188,1,2025-08-04,$11.36,4.2,credit card
6064,8,9,1538,161,1,2024-11-06,$96.04,9.8,credit card
6066,8,116,3836,175,3,2025-03-18,$108.06,8.9,Credit Card
6067,6,49,4206,1245,2,2025-11-15,$190.35,6.7,Credit Card
6068,7,62,4326,611,2,2024-11-12,$171.58,5.5,CREDIT CARD
6070,6,72,1940,691,5,2025-07-12,$168.44,4.8,Credit Card
6075,7,84,3226,1219,1,2025-05-02,$52.47,5.4,DEBIT CARD
6076,8,116,2622,130,4,2025-04-22,$112.97,3.1,CASH
6080,7,5,4239,1374,5,2025-02-01,$112.01,4.5,CREDIT CARD
6083,5,76,1594,69,1,2025-07-03,$128.6,7.8,Credit Card
6086,7,104,4816,560,1,2025-08-27,$211.39,6.7,online
6088,7,41,192,1477,1,2024-10-19,$266.96,10.1,CASH
6094,7,5,2492,192,1,2025-07-31,$178.22,9.6,Debit Card
6095,5,22,1607,54,1,2025-08-26,$222.78,3.9,CASH
6097,7,5,3697,195,5,2025-01-07,$242.32,9.6,Credit Card
6098,7,104,3022,16,2,2025-12-07,$102.25,5.5,Cash
6103,7,104,4507,864,2,2024-11-20,$296.97,7.5,CREDIT CARD
6104,7,41,4044,1458,2,2025-04-27,$248.48,9.1,CREDIT CARD
6106,8,85,1441,229,4,2025-04-22,$50.53,10.3,ONLINE
6108,5,105,1810,492,3,2024-11-29,$199.71,8.8,Cash
6111,8,85,3017,169,1,2025-08-27,$105.07,6.3,credit card
6115,8,30,993,93,4,2025-11-12,$238.65,6.4,cash
6116,8,30,682,600,4,2025-05-30,$134.09,9.7,CREDIT CARD
6119,7,104,4417,279,5,2025-08-23,$289.64,6.2,Debit Card
6120,8,9,4258,635,1,2025-10-10,$197.16,3.4,CASH
6122,8,112,4189,85,4,2024-12-10,$186.02,6.1,CREDIT CARD
6128,7,7,1832,154,2,2024-12-13,$296.79,6.2,Online
6129,7,62,3195,131,2,2024-11-22,$33.32,9.7,credit card
6130,6,72,1066,104,1,2025-04-08,$294.56,7.8,CREDIT CARD
6137,5,76,2449,59,4,2024-11-15,$66.96,7.0,debit card
6138,6,66,4404,370,2,2025-05-11,$222.63,11.5,CREDIT CARD
6140,6,49,391,202,4,2025-02-27,$250.5,7.0,Debit Card
6147,7,41,202,868,1,2024-10-29,$99.79,11.1,Credit Card
6149,7,84,3340,53,1,2025-06-23,$258.23,4.5,DEBIT CARD
6161,6,72,4673,1136,5,2025-12-01,$115.64,4.2,Debit Card
6163,5,47,4685,139,1,2024-11-07,$71.5,11.6,cash
6164,6,66,4119,667,4,2025-11-11,$94.99,11.4,Credit Card
6166,7,5,2891,1304,3,2025-02-02,$239.92,4.5,ONLINE
6172,8,109,2465,1436,1,2025-06-17,$111.69,8.9,Credit Card
6177,6,49,869,299,5,2025-09-27,$198.56,4.4,CREDIT CARD
6178,5,20,3750,194,3,2025-10-05,$135.19,10.7,Online
6179,7,84,1112,107,5,2024-10-20,$170.64,9.4,CREDIT CARD
6181,7,19,1941,268,5,2025-04-14,$249.47,10.3,Credit Card
6184,5,119,2484,197,3,2025-11-01,$129.29,11.8,Credit Card
6195,8,112,2350,960,1,2025-03-28,$178.12,5.5,debit card
6199,5,92,4414,179,1,2025-08-19,$157.22,5.6,debit card
6200,8,109,3187,183,1,2025-03-11,$192.28,6.7,CREDIT CARD
6201,6,72,277,13,3,2025-01-22,$52.13,8.7,Cash
6206,7,5,3327,37,2,2025-03-04,$146.15,3.6,Debit Card
6212,7,104,4652,136,3,2025-05-28,$271.26,4.0,online
6216,8,116,2526,268,1,2025-11-28,$279.38,3.4,Credit Card
6222,5,20,3214,917,1,2024-11-22,$228.52,5.0,DEBIT CARD
6226,8,109,4026,479,2,2024-10-19,$11.28,11.9,debit card
6228,7,84,1894,100,5,2025-07-21,$258.75,10.2,Debit Card
6229,8,91,2675,783,2,2025-10-15,$33.31,10.3,credit card
6232,7,5,3224,86,5,2025-11-09,$192.18,6.2,Credit Card
6234,8,80,1011,229,1,2025-09-08,$294.24,10.1,CREDIT CARD
6236,8,109,4065,40,2,2025-07-30,$260.33,10.3,Credit Card
6240,6,66,443,125,1,2024-10-03,$59.21,8.7,Cash
6242,5,119,4185,154,3,2025-12-05,$43.27,8.2,CASH
6245,5,47,456,206,1,2025-02-14,$36.28,11.0,Credit Card
6246,5,119,1796,182,1,2025-12-05,$247.45,9.8,DEBIT CARD
6247,8,116,2299,1435,1,2025-03-08,$201.73,9.3,credit card
6251,5,113,1637,292,1,2025-08-01,$54.2,4.2,Credit Card
6254,6,66,1262,10,1,2025-06-02,$25.32,7.4,Online
6257,8,116,2212,1454,3,2024-10-06,$219.35,10.9,Debit Card
6258,6,107,4651,256,2,2025-06-28,$43.36,8.5,CASH
6262,6,99,622,791,1,2025-04-21,$18.06,8.9,Debit Card
6266,6,78,763,1044,1,2025-02-02,$129.32,8.3,CASH
6269,8,116,784,1426,4,2025-03-04,$168.58,4.0,Credit Card
6272,5,105,4673,94,3,2025-07-19,$115.64,11.4,Debit Card
6274,5,105,1510,51,1,2024-10-22,$30.16,10.7,online
6281,8,109,602,79,1,2025-08-05,$209.93,11.3,Credit Card
6288,6,77,3395,1149,2,2025-11-19,$16.63,5.9,online
6293,8,94,2663,875,3,2025-06-06,$161.74,11.6,debit card
6295,7,95,881,241,5,2025-07-15,$240.45,8.7,DEBIT CARD
6297,6,66,3709,1,1,2025-09-11,$134.43,5.3,CREDIT CARD
6299,8,80,2266,432,4,2025-07-06,$135.32,5.0,credit card
6301,6,78,3351,7,5,2025-01-05,$287.75,3.1,Debit Card
6306,8,30,3343,64,2,2025-04-23,$86.21,3.6,CREDIT CARD
6308,6,77,341,78,2,2025-03-25,$287.43,12.0,credit card
6312,7,19,1108,1184,1,2025-08-04,$263.23,10.7,online
6314,6,96,3844,891,3,2025-02-17,$221.23,10.3,Online
6316,6,96,2439,296,1,2024-12-08,$28.23,4.1,online
6318,8,94,4229,111,1,2024-11-15,$279.06,5.1,cash
6323,7,104,2920,35,1,2024-10-11,$17.82,4.8,Debit Card
6324,7,62,675,208,1,2025-04-01,$76.81,4.0,credit card
6326,5,47,909,1484,2,2025-07-06,$135.48,9.4,ONLINE
6328,8,30,1559,281,2,2025-07-22,$171.19,9.7,credit card
6330,8,9,2477,321,1,2024-12-16,$155.14,5.8,Online
6334,5,40,3896,60,1,2025-10-07,$278.29,8.1,Cash
6336,8,85,1627,1296,1,2024-10-15,$90.78,11.1,CASH
6337,5,105,4969,178,4,2025-10-12,$129.35,8.4,debit card
6338,7,95,4270,1369,1,2025-10-16,$198.43,3.4,CREDIT CARD
6343,6,77,4815,86,2,2025-10-04,$232.98,8.9,cash
6345,5,105,3073,274,1,2025-08-19,$82.31,10.6,Debit Card
6346,8,9,984,108,5,2024-12-04,$271.91,11.5,Debit Card
6347,8,109,3485,291,1,2025-06-16,$66.19,9.3,credit card
6351,8,85,802,87,3,2025-09-20,$106.33,10.9,Debit Card
6358,8,109,3171,519,2,2025-10-24,$171.62,5.0,credit card
6359,5,22,4093,486,3,2024-12-26,$21.01,3.7,credit card
6361,7,84,3665,323,5,2025-02-08,$76.94,10.0,cash
6362,8,109,4543,43,3,2024-10-09,$172.84,8.5,Cash
6364,7,19,2919,1169,1,2025-03-03,$235.72,7.7,Cash
6365,7,84,1209,19,5,2025-10-30,$288.23,5.3,CASH
6368,6,107,4024,128,2,2025-03-09,$65.39,11.2,Online
6369,7,5,3467,288,3,2025-02-24,$19.2,4.9,Cash
6376,5,20,4379,19,5,2025-05-19,$203.29,4.5,debit card
6379,5,22,1578,113,1,2025-02-14,$94.81,11.4,credit card
6382,8,94,3155,40,3,2025-03-10,$170.76,7.8,Debit Card
6383,8,30,2301,119,5,2025-04-15,$266.3,5.8,ONLINE
6388,6,96,745,1260,1,2025-07-20,$220.12,3.4,Credit Card
6394,6,72,215,782,5,2025-03-26,$120.02,3.1,Cash
6396,6,78,760,273,1,2025-02-14,$108.96,4.8,Online
6397,6,99,2792,141,2,2025-01-31,$26.37,8.0,Online
6400,5,20,1507,300,2,2025-01-23,$95.9,3.3,Credit Card
6405,7,7,1818,215,4,2025-02-04,$89.41,11.9,cash
6406,5,119,2550,439,2,2025-02-07,$170.89,8.0,CREDIT CARD
6407,5,40,2666,167,1,2025-01-03,$208.68,6.1,debit card
6408,6,78,112,132,2,2025-03-29,$218.42,3.7,credit card
6410,8,80,2811,1198,1,2025-05-11,$185.59,10.0,CASH
6413,8,112,4920,471,2,2025-03-24,$288.87,11.1,Cash
6416,5,22,4359,157,3,2024-11-11,$43.92,8.9,online
6418,5,22,3845,281,2,2025-02-01,$12.74,3.9,DEBIT CARD
6424,7,41,471,394,1,2025-07-18,$126.0,7.4,ONLINE
6425,7,62,3031,235,5,2024-12-22,$40.39,10.9,debit card
6434,6,107,4704,279,1,2025-03-29,$285.66,4.3,credit card
6436,5,76,3056,1087,1,2025-03-18,$122.11,11.7,DEBIT CARD
6438,8,30,1123,369,2,2025-04-15,$271.31,3.6,Credit Card
6441,7,104,3480,156,1,2025-05-04,$192.85,9.2,credit card
6444,8,57,1876,434,4,2025-01-24,$134.29,10.5,Debit Card
6446,5,22,4738,424,1,2025-11-26,$121.9,6.6,DEBIT CARD
6449,7,95,297,262,3,2025-12-05,$47.8,5.2,credit card
6454,8,116,2504,283,1,2025-10-05,$26.2,7.8,Credit Card
6456,7,84,4703,250,5,2024-11-15,$54.03,3.7,Online
6462,8,80,3944,229,1,2025-10-23,$279.03,6.9,CREDIT CARD
6463,6,96,1191,222,3,2025-05-28,$231.98,5.5,credit card
6468,8,112,3769,777,1,2025-06-07,$168.65,6.0,online
6470,7,62,755,264,1,2025-11-22,$46.13,7.0,Credit Card
6471,5,47,1168,123,4,2025-02-09,$94.55,5.7,cash
6472,8,85,2144,1465,2,2024-12-27,$276.65,11.9,debit card
6479,8,91,1554,225,1,2025-11-08,$296.2,4.0,cash
6481,6,96,2532,144,4,2025-03-29,$93.53,8.5,Debit Card
6482,7,41,4795,214,1,2025-06-28,$213.27,8.8,cash
6485,8,9,3554,219,2,2025-06-14,$110.72,6.0,credit card
6486,8,112,228,1334,3,2025-02-21,$152.49,10.9,Credit Card
6489,8,94,4713,928,2,2024-12-12,$265.54,7.2,Online
6490,6,96,2271,261,2,2025-04-27,$92.25,10.7,ONLINE
6491,7,5,3917,82,5,2025-03-15,$125.84,3.3,CREDIT CARD
6509,5,20,347,274,2,2024-11-11,$115.92,3.6,credit card
6515,8,112,3893,1357,5,2025-03-03,$62.76,9.2,online
6519,7,41,2887,132,4,2025-11-10,$99.77,7.4,Debit Card
6520,6,74,4380,426,4,2025-02-09,$288.08,7.7,debit card
6521,8,80,1594,28,2,2025-05-05,$128.6,9.3,credit card
6523,6,107,3319,119,3,2025-03-08,$158.5,11.0,debit card
6529,7,41,322,243,3,2024-11-08,$71.89,9.5,Debit Card
6531,5,40,3309,272,1,2025-07-10,$57.51,8.1,Credit Card
6538,5,20,340,256,2,2024-11-23,$32.11,5.0,CASH
6546,6,96,658,206,1,2024-12-07,$278.78,7.8,online
6549,5,105,2434,987,3,2025-01-20,$254.81,4.6,debit card
6554,6,66,4053,276,4,2025-04-20,$128.99,7.2,Cash
6556,6,74,3027,111,1,2025-08-11,$223.94,3.4,Credit Card
6559,5,47,1129,1500,3,2025-07-19,$294.82,7.3,debit card
6563,6,49,1466,586,5,2025-09-13,$188.19,9.4,Credit Card
6568,7,95,894,790,5,2025-10-15,$132.05,9.3,debit card
6575,5,40,429,33,1,2024-11-16,$165.22,4.2,Online
6576,7,41,2623,7,2,2025-04-22,$284.68,10.6,DEBIT CARD
6580,8,85,1506,15,3,2025-01-31,$25.05,11.6,CASH
6587,8,91,1240,44,1,2025-01-31,$148.76,5.8,ONLINE
6591,6,66,3262,238,2,2025-04-19,$275.31,10.0,CASH
6596,7,41,1172,241,3,2025-12-08,$189.16,6.3,debit card
6600,8,80,578,674,1,2025-07-23,$254.27,5.9,DEBIT CARD
6601,7,19,4781,116,5,2025-02-01,$151.09,8.7,Debit Card
6602,7,5,3213,63,4,2025-02-01,$48.37,9.5,online
6614,6,72,1675,625,2,2025-01-29,$51.81,7.0,Debit Card
6615,5,76,2525,271,1,2024-10-17,$79.54,5.2,online
6617,7,19,3733,64,1,2025-08-10,$260.38,10.9,Debit Card
6623,6,107,2171,643,1,2025-09-03,$20.35,8.6,CREDIT CARD
6628,8,91,3487,296,2,2024-11-28,$44.51,9.3,ONLINE
6629,5,113,3017,243,4,2025-02-02,$105.07,8.0,credit card
6630,5,40,3406,98,1,2025-08-23,$207.49,7.8,CASH
6636,7,95,941,625,2,2025-11-15,$26.3,9.4,Cash
6637,7,84,2642,905,1,2025-06-16,$252.49,9.3,credit card
6640,5,22,4572,127,5,2025-05-16,$264.1,3.2,Debit Card
6644,8,94,2593,191,4,2025-11-28,$168.83,10.3,Cash
6645,6,49,4863,158,4,2025-06-28,$119.26,10.6,Online
6647,8,94,1708,91,4,2025-03-10,$270.09,7.1,Credit Card
6650,6,66,1621,314,1,2025-08-22,$79.05,5.1,Debit Card
6657,7,5,2482,227,1,2025-01-19,$229.43,8.8,cash
6658,5,119,2027,1367,1,2024-10-24,$234.74,6.7,Debit Card
6659,5,40,2150,286,4,2025-11-16,$144.49,8.5,CREDIT CARD
6660,7,19,1809,50,1,2025-05-14,$154.49,8.2,cash
6661,5,113,10,727,4,2025-09-27,$165.91,8.2,debit card
6664,5,47,4255,956,2,2024-12-25,$162.81,10.7,CREDIT CARD
6665,7,84,4803,936,1,2024-12-20,$43.51,3.7,Credit Card
6670,8,94,3608,209,1,2024-12-03,$206.88,11.8,DEBIT CARD
6671,5,20,2870,216,3,2025-08-24,$18.41,11.6,credit card
6673,6,72,98,851,3,2024-12-17,$292.8,5.8,Credit Card
6676,6,78,1744,806,1,2025-03-14,$214.82,7.3,online
6680,8,94,2821,618,3,2025-06-01,$125.34,4.3,Debit Card
6682,7,41,710,227,4,2025-07-30,$92.17,8.8,credit card
6687,8,80,2020,171,1,2025-12-08,$14.08,5.4,Debit Card
6688,5,92,3584,653,1,2025-05-15,$150.94,5.1,Cash
6691,5,47,4724,76,1,2025-06-01,$183.9,10.3,CASH
6692,7,5,152,125,2,2025-06-27,$149.83,3.3,CASH
6695,8,85,1977,646,5,2025-01-17,$235.93,4.4,Online
6699,6,66,4216,1195,3,2025-05-31,$289.68,11.7,ONLINE
6700,5,22,371,151,1,2025-06-30,$14.91,6.4,DEBIT CARD
6702,5,20,1847,645,1,2025-09-07,$257.45,6.2,CREDIT CARD
6707,6,74,1196,238,4,2025-01-23,$17.52,8.1,CREDIT CARD
6709,5,22,281,150,4,2025-07-30,$37.98,11.5,debit card
6713,8,9,1521,377,3,2025-07-10,$55.23,4.0,debit card
6716,5,113,3493,130,1,2025-04-14,$98.51,12.0,Cash
6717,7,95,3086,404,1,2025-06-26,$85.65,3.4,Online
6719,5,119,3327,254,2,2025-02-25,$146.15,11.4,Debit Card
6721,8,30,3311,807,1,2024-10-23,$294.86,11.5,Cash
6725,6,78,1537,150,1,2024-10-11,$274.6,7.2,Cash
6732,6,96,3020,760,5,2025-12-03,$24.65,9.4,Credit Card
6738,8,80,4363,1466,4,2025-08-20,$278.22,4.7,CASH
6739,5,105,312,341,1,2025-06-06,$270.18,10.7,cash
6744,6,99,4298,230,4,2025-01-06,$249.3,11.4,Debit Card
6747,7,62,4621,45,5,2025-08-15,$163.86,3.1,Debit Card
6748,8,91,2553,1290,3,2025-07-28,$100.22,9.8,Online
6750,7,7,1225,231,3,2025-01-24,$174.43,4.2,credit card
6754,7,7,1945,1453,3,2025-01-19,$18.81,9.6,online
6759,6,107,2375,240,3,2024-11-09,$46.41,5.8,debit card
6762,8,85,2164,261,2,2025-11-04,$254.89,3.3,Credit Card
6764,7,62,4982,1083,2,2025-10-12,$274.71,6.9,Debit Card
6770,5,92,3458,1454,5,2025-08-06,$279.43,11.9,credit card
6773,7,104,2316,781,1,2025-12-07,$227.53,7.5,credit card
6775,6,49,1959,963,2,2025-02-06,$20.68,3.8,Credit Card
6776,5,76,3353,1452,2,2024-12-25,$60.01,9.7,credit card
6778,5,47,4678,727,1,2025-03-30,$293.67,11.8,Cash
6780,8,94,3172,232,1,2025-10-18,$191.61,4.4,Credit Card
6783,5,40,2502,1085,1,2025-10-23,$66.12,6.3,cash
6787,6,66,4111,5,5,2025-09-19,$174.78,11.0,Debit Card
6793,5,20,1835,1360,3,2025-09-21,$284.25,5.0,Credit Card
6796,6,72,3069,262,3,2024-11-26,$45.08,4.7,cash
6797,5,119,797,619,1,2024-10-15,$16.14,11.6,Debit Card
6798,6,99,4734,328,3,2025-02-25,$158.48,7.7,Credit Card
6799,6,74,348,1357,5,2025-04-27,$140.67,7.2,ONLINE
6802,7,62,748,123,1,2025-05-04,$205.91,11.2,credit card
6803,7,62,3249,289,5,2025-11-29,$171.19,8.5,Credit Card
6805,5,113,210,173,1,2025-10-31,$18.25,9.2,credit card
6806,7,41,2772,58,3,2025-07-02,$274.94,5.1,debit card
6807,8,30,4258,184,3,2025-02-18,$197.16,9.9,Online
6808,6,99,467,1150,5,2025-10-05,$123.77,8.0,credit card
6809,8,94,4080,1201,1,2025-03-10,$7.89,7.0,CREDIT CARD
6814,5,76,2689,238,1,2024-11-13,$19.82,6.3,cash
6821,8,109,2437,1172,5,2025-08-28,$221.63,8.7,credit card
6822,8,80,1945,1062,2,2025-03-11,$18.81,9.5,Credit Card
6823,5,40,1916,269,1,2024-12-24,$115.34,6.9,cash
6824,6,66,2509,83,2,2024-10-30,$23.74,5.8,Online
6826,5,105,2206,276,3,2025-04-05,$231.86,3.8,CREDIT CARD
6827,8,30,2087,105,1,2024-11-26,$148.61,8.9,Credit Card
6828,6,66,4090,1076,2,2025-03-24,$13.26,11.8,Debit Card
6829,6,72,2508,1001,2,2025-11-27,$20.36,10.3,Online
6830,7,41,2584,12,4,2025-10-09,$55.42,9.6,Debit Card
6836,5,105,4588,142,2,2025-01-03,$154.53,9.2,CREDIT CARD
6840,6,49,3589,115,2,2025-07-13,$37.22,12.0,CASH
6843,6,66,4866,176,1,2025-05-29,$26.76,7.9,Debit Card
6855,8,112,2173,2,1,2024-11-24,$273.64,5.6,Debit Card
6856,7,104,4056,44,1,2025-09-27,$210.96,3.8,ONLINE
6858,6,107,4087,534,1,2025-08-22,$207.97,7.0,CASH
6861,5,20,2521,157,1,2025-04-20,$44.85,11.5,debit card
6863,5,76,4053,893,5,2025-11-29,$128.99,10.3,credit card
6864,6,66,1055,95,2,2025-05-30,$152.92,7.9,online
6866,6,74,57,218,1,2025-12-03,$94.02,6.5,Online
6879,8,30,791,95,5,2025-04-23,$285.08,3.0,CASH
6880,5,92,3312,240,1,2025-02-09,$272.11,7.5,CREDIT CARD
6882,6,96,729,1375,4,2025-10-28,$44.51,7.6,DEBIT CARD
6887,6,78,4504,30,2,2025-03-05,$109.51,3.7,Credit Card
6892,7,95,957,18,5,2025-06-16,$67.29,7.7,ONLINE
6897,5,105,1432,31,1,2025-06-02,$200.69,3.3,Online
6898,6,107,3412,5,1,2025-07-10,$33.22,11.6,debit card
6899,5,92,1954,643,1,2025-01-08,$251.78,6.8,cash
6903,5,105,29,172,1,2025-07-10,$44.14,11.1,ONLINE
6904,7,41,1836,607,5,2024-12-22,$171.78,3.6,online
6906,5,119,2076,1311,4,2024-12-17,$159.48,11.0,Debit Card
6909,5,20,4346,104,2,2025-11-06,$52.27,7.2,Credit Card
6910,6,72,3820,178,1,2024-10-01,$233.4,8.3,Credit Card
6917,8,9,515,1162,2,2025-01-05,$142.75,10.8,debit card
6919,7,41,2533,227,2,2025-05-20,$30.95,6.0,ONLINE
6920,7,95,327,1116,1,2024-10-12,$192.84,7.2,cash
6928,5,22,921,264,1,2025-02-09,$113.08,7.9,CASH
6935,8,85,198,698,4,2024-11-28,$255.19,11.8,Online
6936,7,7,799,213,1,2025-03-14,$220.27,7.7,debit card
6945,5,113,1801,13,3,2025-02-13,$59.05,11.1,cash
6951,7,62,1491,114,2,2024-12-17,$45.0,10.3,Cash
6958,5,20,2012,122,1,2025-07-24,$293.51,11.4,Cash
6961,6,96,2603,55,4,2024-12-28,$138.18,5.9,debit card
6962,7,7,1219,281,5,2024-10-24,$127.72,5.6,Credit Card
6972,5,40,406,31,4,2025-02-23,$174.82,7.6,credit card
6975,7,19,373,222,1,2024-10-08,$73.46,10.9,credit card
6976,6,77,1383,95,3,2025-04-10,$245.92,6.3,cash
6979,7,84,4486,190,1,2024-10-29,$176.6,7.9,CREDIT CARD
6986,6,77,1118,389,3,2025-08-18,$154.85,3.4,ONLINE
6994,6,78,3987,254,1,2025-06-14,$82.75,3.7,ONLINE
6995,8,85,1543,602,4,2025-02-20,$119.79,6.2,Credit Card
6996,5,119,1981,1090,1,2025-10-26,$134.44,4.8,CASH
7004,8,116,850,137,1,2024-11-26,$123.8,3.1,Credit Card
7006,6,49,2039,222,4,2025-07-07,$262.29,8.6,Debit Card
7008,5,20,2914,105,1,2025-09-07,$97.53,3.1,cash
7013,8,112,1883,128,1,2024-11-25,$27.05,7.3,ONLINE
7021,8,94,1198,68,2,2025-07-31,$270.37,4.6,ONLINE
7027,8,30,1089,65,4,2025-04-24,$174.13,4.1,DEBIT CARD
7030,6,99,3542,1344,1,2025-02-28,$51.33,5.0,cash
7033,7,5,1389,973,1,2025-04-28,$112.44,5.1,CREDIT CARD
7034,5,119,3854,430,2,2025-01-30,$206.36,8.8,cash
7036,8,30,3714,872,2,2025-08-29,$123.41,10.6,Debit Card
7037,8,94,3453,228,1,2025-01-18,$78.61,7.7,online
7038,7,104,837,2,1,2024-10-24,$288.55,5.4,DEBIT CARD
7041,6,77,2172,75,5,2025-05-30,$250.21,11.4,CASH
7043,8,30,710,271,3,2025-11-12,$92.17,7.9,ONLINE
7047,8,80,1661,228,4,2025-05-22,$263.33,9.4,CASH
7048,5,119,1018,1369,1,2025-10-08,$55.68,4.1,DEBIT CARD
7049,5,113,3995,47,1,2025-08-19,$47.13,5.1,CREDIT CARD
7050,8,116,2703,1313,2,2025-09-05,$232.35,10.4,CREDIT CARD
7056,8,30,4180,1486,1,2024-11-29,$198.19,10.3,cash
7060,6,99,1601,86,1,2025-01-09,$158.74,4.4,Credit Card
7063,6,66,552,274,1,2025-11-21,$207.02,9.5,ONLINE
7064,7,41,1637,1292,2,2024-11-05,$54.2,9.1,DEBIT CARD
7069,8,112,4564,1235,1,2025-12-03,$98.34,6.0,Debit Card
7072,7,19,3364,494,1,2024-12-04,$230.51,9.6,credit card
7076,8,80,1642,66,4,2025-05-26,$94.46,8.5,Cash
7079,5,40,1175,227,3,2025-09-11,$28.39,3.9,CREDIT CARD
7081,5,92,4211,30,2,2025-09-29,$141.7,9.0,Debit Card
7084,6,49,148,69,2,2025-06-06,$216.85,6.5,Credit Card
7088,7,62,3121,201,1,2025-06-21,$126.17,3.7,CASH
7090,5,22,3352,37,1,2025-07-31,$62.44,4.8,Credit Card
7095,6,49,2726,97,4,2025-01-21,$41.54,5.9,CREDIT CARD
7100,8,91,4804,334,4,2025-02-02,$297.49,4.4,cash
7103,6,77,308,1381,1,2025-07-15,$114.75,11.3,Credit Card
7107,8,30,257,961,1,2025-05-04,$36.87,4.1,CREDIT CARD
7109,6,107,2199,354,1,2024-12-10,$297.15,10.4,online
7111,8,85,1291,632,1,2025-11-27,$102.53,3.4,Debit Card
7114,6,49,388,146,5,2025-08-24,$249.5,5.8,cash
7118,8,116,916,814,2,2024-12-05,$276.28,7.4,DEBIT CARD
7120,8,80,4158,28,1,2025-05-15,$265.29,11.2,CREDIT CARD
7121,7,104,2082,52,5,2025-05-05,$200.67,9.3,online
7124,7,95,2331,295,1,2025-01-12,$102.93,7.9,Cash
7126,6,49,4995,39,3,2025-04-16,$166.14,11.0,DEBIT CARD
7127,8,57,3106,889,2,2025-07-11,$163.86,7.6,cash
7137,7,62,1869,21,4,2025-09-14,$77.25,4.7,ONLINE
7138,6,66,4833,76,1,2025-05-08,$265.61,6.4,credit card
7141,6,74,1206,89,5,2025-01-02,$205.44,11.5,CASH
7142,5,92,2262,444,2,2025-04-14,$94.26,3.5,Cash
7145,5,22,1186,501,2,2025-11-18,$244.66,4.3,ONLINE
7147,7,84,3009,161,3,2025-08-25,$41.06,5.9,cash
7149,6,78,2839,1244,1,2025-02-01,$148.86,10.2,credit card
7153,5,105,2555,940,1,2025-05-30,$237.81,8.4,Online
7157,6,107,4552,892,4,2025-03-11,$66.2,6.6,Credit Card
7160,7,5,1064,254,2,2025-11-17,$124.36,8.7,CREDIT CARD
7161,8,30,1490,147,5,2025-05-23,$174.24,11.1,Credit Card
7165,8,116,2498,263,2,2024-10-22,$277.2,8.8,credit card
7168,5,105,2973,142,2,2025-10-08,$220.39,3.9,debit card
7170,8,57,3663,276,5,2025-07-09,$244.52,9.9,Debit Card
7171,5,47,4787,1060,2,2025-02-11,$40.72,7.2,CASH
7172,6,96,815,129,2,2024-10-24,$259.91,9.0,DEBIT CARD
7173,7,19,1783,118,2,2024-12-07,$33.94,10.5,Online
7175,5,22,4399,65,1,2025-04-26,$275.91,10.7,Cash
7177,6,77,4427,1080,2,2024-11-06,$47.28,11.2,cash
7178,8,85,869,15,3,2025-08-20,$198.56,10.1,Credit Card
7182,8,116,4475,246,1,2024-11-23,$106.24,10.7,Debit Card
7187,5,113,3916,76,5,2024-11-09,$78.13,6.6,ONLINE
7193,6,107,2990,998,1,2025-10-18,$169.15,7.6,Cash
7195,6,107,2016,189,1,2024-11-04,$60.02,10.9,Cash
7196,7,7,2164,90,1,2025-12-05,$254.89,4.8,Cash
7202,8,57,3938,254,4,2025-09-22,$194.75,4.2,CREDIT CARD
7206,6,96,3910,932,1,2025-11-20,$68.18,3.5,DEBIT CARD
7207,8,9,790,556,4,2024-10-03,$161.37,7.2,CASH
7209,8,57,4142,41,1,2025-09-01,$120.04,4.0,debit card
7210,8,116,198,1405,3,2024-10-28,$255.19,3.8,Credit Card
7212,6,96,1471,69,1,2025-05-23,$158.05,3.6,online
7216,7,5,3144,236,5,2025-01-08,$218.86,5.1,Online
7217,7,41,824,273,1,2025-09-19,$244.77,4.3,credit card
7231,8,30,1550,100,1,2025-03-04,$57.04,7.3,Debit Card
7232,5,22,4556,80,4,2025-09-03,$79.39,7.3,Credit Card
7234,7,19,875,1188,2,2025-04-27,$105.46,11.4,credit card
7235,8,91,23,188,3,2025-04-30,$6.0,6.6,DEBIT CARD
7237,6,74,3249,895,1,2025-03-27,$171.19,7.3,debit card
7239,8,57,2724,1193,3,2025-03-19,$285.22,11.5,DEBIT CARD
7241,6,107,2336,39,5,2025-01-25,$73.01,5.7,Debit Card
7243,6,72,723,1217,1,2025-01-17,$134.15,7.0,Debit Card
7244,8,30,4343,192,4,2025-03-26,$11.33,8.5,CREDIT CARD
7250,7,62,4906,544,2,2025-10-13,$21.02,10.8,DEBIT CARD
7254,8,57,390,219,5,2025-06-25,$259.74,7.9,CASH
7255,7,84,3155,82,1,2025-09-07,$170.76,4.7,DEBIT CARD
7261,7,7,64,67,4,2025-09-04,$7.08,3.2,debit card
7263,6,99,516,1378,2,2025-05-14,$169.82,10.8,CREDIT CARD
7265,6,74,1431,129,4,2025-03-02,$279.48,8.4,cash
7266,7,104,3156,149,1,2025-05-21,$295.23,7.2,Debit Card
7268,5,92,700,187,1,2025-01-24,$179.85,10.3,Credit Card
7272,6,72,3911,9,1,2025-10-09,$24.87,3.1,debit card
7274,8,80,4712,1022,2,2025-03-03,$260.62,11.3,Credit Card
7275,7,62,4951,181,5,2024-11-01,$168.36,10.8,debit card
7280,5,105,3537,271,4,2025-02-25,$12.2,5.3,CREDIT CARD
7284,5,76,3409,1112,1,2025-08-21,$60.89,8.2,Credit Card
7294,6,66,1997,9,1,2025-03-02,$129.93,10.8,Online
7297,5,105,2851,11,4,2024-12-03,$119.81,10.3,CREDIT CARD
7298,5,113,1113,695,2,2025-02-12,$155.61,5.4,DEBIT CARD
7302,8,85,3237,1324,1,2024-12-07,$165.8,3.7,Credit Card
7304,6,107,2634,76,2,2025-10-11,$230.21,8.0,CASH
7307,5,76,2669,21,3,2025-11-03,$96.31,9.3,online
7311,7,62,3127,213,4,2025-09-09,$54.11,5.2,cash
7312,6,107,3594,247,5,2025-03-14,$45.15,5.8,online
7320,6,49,4239,302,1,2025-03-19,$112.01,5.3,ONLINE
7324,5,20,2209,417,2,2025-09-03,$235.74,6.0,Cash
7328,8,116,1016,62,1,2025-10-18,$17.53,8.8,online
7329,7,41,536,218,2,2025-07-11,$21.4,5.8,DEBIT CARD
7333,8,116,2848,32,3,2025-05-27,$52.71,7.4,cash
7335,8,57,3712,460,1,2025-01-10,$296.47,4.7,credit card
7339,8,85,733,242,1,2025-08-29,$247.78,3.6,debit card
7343,5,105,3461,206,5,2025-05-29,$206.99,9.7,CASH
7353,5,40,4525,193,1,2025-07-29,$45.08,11.7,CASH
7365,7,7,1724,1156,1,2024-10-22,$193.25,10.5,CREDIT CARD
7366,8,112,1604,862,3,2025-10-08,$209.88,5.0,debit card
7369,5,119,4060,90,1,2025-01-29,$142.12,5.2,debit card
7370,6,107,4587,57,4,2024-10-11,$284.06,10.1,online
7371,7,41,3269,939,5,2025-01-13,$141.64,3.2,online
7379,5,105,2418,249,3,2025-02-07,$16.77,9.6,DEBIT CARD
7383,8,112,4760,1151,2,2025-04-21,$7.11,10.2,Cash
7389,8,91,88,236,3,2025-05-17,$92.6,10.1,CASH
7396,8,91,1653,275,5,2025-09-05,$37.01,6.2,ONLINE
7400,5,105,2657,617,4,2025-05-27,$205.72,10.0,CASH
7402,8,91,3231,791,3,2025-11-07,$35.73,8.0,debit card
7403,8,91,4323,890,1,2025-07-23,$133.58,5.7,debit card
7413,6,49,3075,95,3,2024-10-28,$225.83,7.9,Debit Card
7415,6,49,906,84,1,2025-02-18,$87.01,10.3,CASH
7416,5,20,4005,283,1,2025-07-03,$291.78,7.9,Credit Card
7419,8,30,772,32,1,2025-03-11,$56.45,10.0,cash
7421,7,19,3242,616,1,2025-04-13,$63.88,4.7,Credit Card
7422,7,5,4498,455,5,2025-09-24,$22.2,4.9,cash
7423,6,77,820,20,2,2024-11-23,$185.2,3.3,CREDIT CARD
7426,5,76,2509,398,2,2025-08-11,$23.74,5.4,Credit Card
7432,8,94,1360,564,4,2025-11-13,$284.05,3.9,Online
7434,6,96,2302,876,2,2025-07-12,$298.3,5.4,cash
7437,8,57,3911,257,1,2025-07-28,$24.87,4.3,Online
7438,5,113,1423,86,3,2025-04-17,$219.25,10.0,credit card
7443,5,22,2030,100,4,2025-08-14,$38.05,9.6,credit card
7444,5,105,2544,843,1,2025-05-10,$249.19,5.5,cash
7446,6,66,168,215,1,2025-01-04,$45.04,9.5,Debit Card
7450,7,7,3784,1173,2,2024-10-23,$168.07,7.0,debit card
7451,7,62,1488,266,1,2024-11-07,$142.02,3.6,Cash
7453,6,77,3093,192,1,2025-09-08,$244.27,10.8,cash
7456,8,91,4387,77,2,2025-10-22,$175.47,3.5,debit card
7459,7,95,3472,139,2,2024-11-06,$192.46,8.0,Debit Card
7460,8,80,1567,22,1,2025-01-15,$36.36,6.4,online
7461,7,104,3814,32,2,2025-10-07,$264.67,7.2,CREDIT CARD
7464,8,116,2551,1032,1,2025-09-08,$13.75,11.4,Cash
7466,8,116,2782,196,2,2025-08-19,$197.78,9.1,DEBIT CARD
7467,5,105,1958,224,2,2025-07-23,$192.8,6.7,Online
7478,8,94,2261,595,3,2025-06-05,$18.47,8.6,credit card
7480,8,91,2739,1105,1,2025-01-23,$150.5,10.1,CREDIT CARD
7482,6,78,4848,32,1,2025-05-16,$119.34,4.2,CASH
7483,7,41,4684,939,2,2025-10-07,$81.94,8.6,CREDIT CARD
7484,6,96,3064,52,1,2025-04-14,$38.83,3.6,CASH
7490,7,62,3363,418,3,2024-10-02,$244.42,4.9,Credit Card
7492,8,94,2883,31,2,2025-07-07,$106.9,5.5,credit card
7495,6,107,1034,53,3,2025-05-01,$150.36,8.8,Debit Card
7497,8,85,2664,252,4,2025-12-01,$263.24,8.0,CREDIT CARD
7499,5,20,1909,583,5,2025-03-31,$62.21,11.4,CREDIT CARD
7505,8,30,1511,82,2,2025-10-15,$287.82,10.0,Debit Card
7506,6,72,366,202,2,2024-12-05,$84.21,7.4,credit card
7512,5,119,400,424,3,2025-04-04,$124.17,3.6,CREDIT CARD
7514,6,96,4502,747,1,2025-09-22,$212.6,9.5,CREDIT CARD
7518,7,5,1846,121,3,2025-10-10,$33.82,10.5,DEBIT CARD
7520,7,7,4215,114,1,2025-01-28,$237.07,4.1,CASH
7523,8,94,3477,29,4,2025-05-21,$98.03,11.2,debit card
7526,8,30,4874,172,2,2025-06-05,$210.93,10.9,online
7533,7,41,37,75,1,2025-08-18,$87.09,9.0,Debit Card
7534,7,7,3738,1419,1,2025-06-04,$68.85,7.0,credit card
7537,8,112,1281,1010,5,2025-09-15,$93.2,11.3,online
7544,8,116,2208,1023,2,2024-12-06,$60.6,5.1,CREDIT CARD
7545,6,49,4870,519,1,2025-07-02,$250.29,7.6,credit card
7550,8,30,1556,90,2,2025-11-19,$97.69,5.3,online
7553,5,113,603,79,2,2025-01-28,$127.57,9.9,CREDIT CARD
7555,5,92,4202,173,2,2025-10-20,$291.05,8.4,CREDIT CARD
7557,5,113,3061,1314,2,2024-11-26,$283.86,5.7,Credit Card
7558,7,95,577,67,1,2025-03-10,$205.3,8.2,debit card
7559,7,62,2923,221,1,2025-12-02,$42.61,5.9,Credit Card
7560,7,5,3148,90,5,2024-11-17,$16.32,7.0,cash
7561,5,22,2442,35,1,2025-02-06,$83.55,11.1,Online
7564,7,41,1151,661,2,2024-10-17,$55.42,6.7,CASH
7565,8,85,3470,277,1,2024-12-22,$223.12,10.7,Credit Card
7567,6,99,4306,884,4,2025-08-27,$88.64,12.0,ONLINE
7569,5,22,3400,379,4,2025-06-11,$203.61,6.7,online
7575,6,107,3807,68,2,2025-10-24,$121.77,3.1,Debit Card
7577,6,107,2316,123,1,2025-01-11,$227.53,8.3,CREDIT CARD
7578,7,104,2245,247,2,2025-03-20,$129.36,3.1,cash
7579,5,119,2047,180,4,2025-09-03,$286.13,9.0,ONLINE
7582,6,77,567,47,1,2025-03-18,$244.49,11.9,CREDIT CARD
7585,7,41,632,158,1,2025-02-25,$99.08,11.5,Cash
7588,7,19,4107,148,4,2024-11-28,$60.86,8.8,CREDIT CARD
7589,5,113,2424,231,5,2025-11-12,$202.6,3.2,Cash
7593,5,47,3739,3,2,2025-06-18,$238.73,3.5,CREDIT CARD
7595,5,76,1414,386,1,2025-03-03,$149.86,6.6,Debit Card
7603,5,105,2228,1031,1,2024-12-26,$84.67,5.9,Online
7612,6,66,3310,186,1,2025-10-30,$221.65,11.6,debit card
7613,8,80,59,1314,4,2024-11-02,$222.61,11.1,Online
7619,6,49,4693,11,5,2024-10-26,$180.56,10.6,debit card
7628,6,107,2770,1339,4,2025-01-25,$218.32,5.6,Debit Card
7631,6,99,2663,284,3,2025-01-22,$161.74,4.7,online
7632,8,57,2463,95,1,2025-05-06,$137.84,6.5,ONLINE
7633,6,74,3560,195,5,2024-12-21,$245.9,7.0,ONLINE
7637,5,76,1136,111,1,2024-11-19,$157.68,10.0,debit card
7638,5,113,4436,146,1,2025-04-05,$23.38,4.0,CREDIT CARD
7639,8,116,4882,715,2,2025-03-14,$80.11,5.6,Debit Card
7646,8,109,4456,91,5,2025-11-11,$299.26,10.7,CREDIT CARD
7647,8,109,4786,31,3,2025-02-25,$269.4,10.1,online
7652,8,112,1540,165,2,2025-10-14,$49.07,3.9,Cash
7653,8,57,994,492,1,2024-10-03,$180.86,5.5,CREDIT CARD
7655,5,76,3392,1213,2,2025-10-17,$263.44,11.7,Credit Card
7657,5,119,569,179,1,2025-01-03,$13.59,8.6,CASH
7665,7,7,1429,1306,4,2025-09-17,$89.52,3.1,CREDIT CARD
7666,6,66,2377,1399,4,2025-09-19,$259.67,9.3,debit card
7667,8,116,651,237,1,2025-08-07,$181.8,8.8,debit card
7669,6,78,1833,98,3,2025-07-03,$101.58,4.9,CASH
7672,8,116,3815,233,1,2024-11-20,$259.27,8.6,Online
7675,5,119,2349,444,2,2025-01-10,$11.93,11.8,credit card
7682,8,80,934,413,3,2025-02-24,$20.39,6.7,cash
7693,5,22,1932,886,1,2025-05-16,$132.67,10.5,credit card
7694,5,76,1852,1281,1,2025-03-24,$178.15,9.3,cash
7698,8,80,2151,482,1,2025-06-02,$127.07,5.6,online
7700,7,41,3312,26,1,2025-06-23,$272.11,9.4,Credit Card
7702,8,80,4571,165,5,2025-02-26,$27.95,4.5,CASH
7705,6,77,3012,163,4,2025-04-14,$223.92,6.1,DEBIT CARD
7706,7,62,2524,1393,5,2025-05-03,$282.07,10.6,Debit Card
7709,7,104,2325,415,1,2025-11-04,$246.05,10.9,online
7711,5,92,4507,647,1,2025-04-02,$296.97,3.1,Cash
7717,8,80,1754,183,1,2025-01-01,$281.01,3.7,credit card
7719,8,85,450,119,1,2025-06-17,$123.07,3.1,online
7723,6,49,663,183,1,2025-01-23,$102.2,7.6,cash
7724,8,112,1461,110,4,2025-09-04,$46.21,5.1,DEBIT CARD
7726,5,119,3074,164,2,2025-09-18,$92.45,10.4,debit card
7729,7,19,180,410,1,2025-07-31,$284.78,6.7,debit card
7730,6,72,1901,1,3,2025-03-03,$173.7,9.2,credit card
7734,8,91,1460,223,2,2025-10-23,$22.99,8.8,Online
7735,8,112,2290,112,3,2025-07-28,$102.97,6.3,credit card
7737,5,40,4283,30,1,2025-09-14,$238.94,8.3,Debit Card
7747,7,84,310,229,5,2025-07-17,$78.93,9.4,CASH
7748,7,7,3405,713,3,2025-08-26,$26.44,5.0,Credit Card
7751,8,57,4043,132,1,2024-10-20,$118.18,4.7,credit card
7754,8,9,4846,27,2,2025-04-05,$261.96,7.3,credit card
7756,6,77,4603,125,4,2024-11-21,$117.83,7.8,credit card
7757,6,72,1624,37,3,2025-08-21,$260.61,3.4,Debit Card
7759,5,92,36,914,2,2024-11-10,$169.87,9.2,Online
7763,6,99,4264,955,1,2025-08-21,$25.72,9.3,cash
7764,7,84,4820,262,3,2024-12-06,$180.48,10.5,credit card
7766,5,105,4938,743,3,2025-01-02,$269.15,3.4,Credit Card
7769,6,74,2987,1037,2,2025-07-21,$167.24,4.7,Online
7774,6,96,3711,1109,4,2025-12-02,$211.63,9.1,DEBIT CARD
7776,8,30,924,140,3,2025-10-11,$281.08,11.8,DEBIT CARD
7777,7,7,253,1260,4,2024-12-20,$25.95,8.5,online
7784,6,107,2901,280,5,2024-11-18,$69.74,8.3,CREDIT CARD
7785,5,113,1729,131,2,2025-04-04,$83.39,4.7,Cash
7788,7,5,99,286,1,2024-11-04,$250.24,11.4,Credit Card
7796,6,66,3332,451,1,2025-09-07,$110.01,3.6,ONLINE
7801,6,77,2021,161,4,2025-05-04,$108.38,7.1,DEBIT CARD
7803,6,77,232,253,5,2025-10-16,$106.73,6.1,Cash
7804,5,40,1058,645,3,2025-08-07,$57.62,11.7,CREDIT CARD
7806,6,49,4499,59,5,2025-03-16,$192.36,6.3,CREDIT CARD
7808,5,105,320,627,1,2025-03-29,$146.02,5.9,Cash
7809,6,107,1237,290,2,2024-10-06,$187.27,9.9,Online
7811,7,84,1311,68,1,2024-11-04,$158.57,10.0,cash
7814,6,77,116,74,2,2025-06-23,$70.83,6.3,debit card
7815,5,40,1147,465,2,2025-09-20,$113.93,7.4,ONLINE
7819,7,41,3151,239,1,2025-07-30,$152.27,5.8,Cash
7820,5,105,1663,251,1,2025-04-13,$77.88,9.2,online
7827,7,41,3063,1000,1,2025-05-25,$140.87,7.4,CREDIT CARD
7835,6,78,123,69,5,2024-11-09,$299.65,6.1,cash
7836,8,112,1676,265,5,2025-08-14,$62.91,8.6,CREDIT CARD
7841,5,40,3936,98,1,2025-06-22,$86.07,9.6,CASH
7845,5,105,129,1360,5,2025-09-10,$72.51,10.6,DEBIT CARD
7847,5,22,345,1331,1,2025-03-26,$165.25,11.4,CREDIT CARD
7849,7,41,4320,1247,5,2025-01-21,$81.65,3.7,cash
7850,7,104,1514,1394,4,2025-06-19,$117.88,9.1,credit card
7853,5,47,3129,91,1,2024-11-10,$25.28,10.2,Credit Card
7854,8,80,1311,1424,1,2025-12-04,$158.57,7.4,Debit Card
7855,7,84,1941,214,1,2025-12-03,$249.47,4.8,debit card
7856,6,77,487,236,1,2025-01-22,$163.27,5.9,CREDIT CARD
7857,6,78,637,8,5,2024-10-09,$242.17,4.5,Debit Card
7858,7,7,2849,172,2,2025-05-18,$44.98,8.5,CASH
7863,5,40,1662,74,3,2025-05-21,$80.07,11.8,DEBIT CARD
7866,5,113,259,1466,4,2025-01-28,$112.89,4.7,DEBIT CARD
7868,8,116,3373,1008,1,2024-11-05,$203.49,8.9,credit card
7869,7,41,1931,43,5,2025-01-24,$116.71,4.1,debit card
7872,7,19,692,71,4,2024-10-01,$105.5,5.6,DEBIT CARD
7877,7,5,3728,1060,2,2025-01-05,$61.78,8.9,Debit Card
7878,5,105,4982,1010,2,2024-12-27,$274.71,5.1,ONLINE
7881,7,5,3399,139,3,2025-02-08,$82.08,4.6,ONLINE
7888,8,91,1883,79,1,2025-09-26,$27.05,11.8,DEBIT CARD
7889,6,72,230,521,1,2025-11-08,$292.46,11.9,Debit Card
7891,8,91,4655,653,3,2024-10-08,$282.77,11.1,CREDIT CARD
7893,5,119,4577,83,1,2024-10-20,$129.33,9.2,DEBIT CARD
7900,7,95,2374,528,5,2024-10-02,$51.33,8.3,CREDIT CARD
7902,7,95,2663,176,2,2025-09-25,$161.74,8.6,cash
7905,5,20,2650,936,2,2025-07-29,$208.55,7.6,ONLINE
7908,6,78,1377,174,2,2024-11-15,$77.62,6.1,debit card
7912,7,62,2407,279,1,2024-12-28,$40.4,10.6,DEBIT CARD
7914,8,112,2191,1373,2,2024-12-24,$103.23,5.3,cash
7919,6,99,873,239,5,2024-12-24,$114.2,10.2,cash
7920,7,62,4661,21,1,2025-06-24,$198.97,3.8,ONLINE
7922,5,47,1063,148,1,2025-02-19,$230.28,9.4,Credit Card
7924,8,80,3353,410,1,2025-06-21,$60.01,9.8,DEBIT CARD
7928,5,92,829,1125,1,2025-04-13,$238.82,8.4,Debit Card
7939,8,91,335,36,4,2025-04-16,$201.26,9.0,online
7941,8,109,3106,290,5,2024-12-20,$163.86,11.1,CASH
7942,5,76,3358,779,2,2025-08-28,$295.84,9.4,cash
7946,6,74,4689,117,1,2025-05-15,$113.72,11.3,Debit Card
7952,7,19,4566,1303,4,2024-11-13,$143.37,9.8,CREDIT CARD
7958,6,96,2978,146,1,2025-08-17,$91.01,6.1,Cash
7962,5,40,438,816,2,2024-10-09,$159.68,3.6,Debit Card
7963,7,19,1042,272,1,2024-12-10,$289.97,11.5,CREDIT CARD
7965,6,107,3864,26,2,2025-09-18,$195.84,8.3,Debit Card
7971,7,84,137,296,1,2024-10-22,$98.3,9.8,cash
7972,5,119,4725,196,2,2025-08-16,$111.06,10.1,Credit Card
7974,5,47,2275,172,3,2024-12-01,$138.14,8.8,Credit Card
7979,5,47,4553,523,2,2025-02-05,$56.22,9.0,CASH
7981,6,49,682,88,4,2024-12-16,$134.09,6.6,ONLINE
7982,8,9,2944,56,2,2025-04-18,$224.17,7.0,DEBIT CARD
7984,6,74,616,734,1,2025-11-19,$243.94,7.9,cash
7987,8,112,1934,30,5,2024-11-14,$283.26,5.1,ONLINE
7989,7,41,2445,247,1,2024-12-27,$147.85,11.8,Cash
7990,6,77,4229,268,5,2025-10-03,$279.06,6.3,CREDIT CARD
7997,7,7,2819,221,1,2025-07-06,$249.34,3.1,CREDIT CARD
7999,6,77,3015,221,2,2024-12-29,$144.14,5.0,cash
8002,6,66,3669,855,1,2025-06-10,$204.7,10.6,Credit Card
8004,7,7,2732,1191,1,2025-02-25,$91.73,6.6,Cash
8006,7,104,3062,1015,1,2025-11-16,$245.6,9.1,CASH
8008,6,72,1177,596,4,2025-04-21,$282.63,8.3,CREDIT CARD
8009,5,20,566,38,1,2025-06-14,$23.6,10.5,CREDIT CARD
8016,5,20,341,678,1,2025-01-27,$287.43,9.4,credit card
8018,7,7,262,51,2,2025-05-15,$234.31,9.8,ONLINE
8024,5,76,892,927,1,2025-01-14,$266.8,6.0,CASH
8027,6,74,3407,79,2,2025-01-08,$210.5,5.5,ONLINE
8028,8,9,799,287,3,2025-01-23,$220.27,7.9,DEBIT CARD
8029,5,92,1943,261,4,2025-11-25,$176.22,4.7,Debit Card
8032,5,105,3563,243,1,2025-01-26,$272.79,8.7,Debit Card
8035,6,74,3440,707,1,2025-05-27,$268.54,10.0,ONLINE
8040,7,19,2836,282,1,2025-07-15,$86.11,10.0,online
8042,8,85,4412,190,4,2025-04-08,$283.73,7.3,online
8044,6,49,1186,503,4,2025-07-24,$244.66,5.7,DEBIT CARD
8048,7,95,1447,789,1,2024-12-23,$96.65,8.1,DEBIT CARD
8052,6,49,2301,69,4,2025-06-11,$266.3,10.2,Online
8053,8,116,3033,81,2,2025-04-20,$35.16,4.1,CREDIT CARD
8060,7,7,673,269,2,2025-03-25,$65.78,6.8,debit card
8062,7,5,453,1019,2,2025-08-21,$39.45,5.7,credit card
8073,6,107,439,68,2,2025-02-09,$61.44,9.8,Online
8077,7,5,2586,179,5,2025-06-10,$126.96,3.3,ONLINE
8083,8,9,2007,183,2,2025-02-04,$98.26,9.8,CREDIT CARD
8086,7,95,2757,146,2,2024-12-12,$86.9,4.7,Online
8089,8,30,4091,281,1,2025-04-10,$299.63,9.7,CREDIT CARD
8090,6,74,3494,109,1,2025-01-30,$150.03,11.7,Debit Card
8091,5,20,4452,35,2,2025-02-27,$53.98,5.4,Debit Card
8095,7,104,2112,969,2,2024-12-28,$194.57,7.9,Debit Card
8098,5,92,926,1427,4,2024-10-04,$108.82,3.3,Credit Card
8101,6,77,1535,216,5,2024-10-20,$50.97,4.7,Debit Card
8102,6,99,200,1421,2,2024-12-12,$264.03,8.6,Cash
8106,7,41,81,1008,2,2025-03-08,$68.7,4.7,Cash
8107,5,105,865,1081,2,2024-11-20,$105.33,5.4,ONLINE
8109,7,84,213,282,1,2025-11-11,$185.2,5.0,debit card
8112,6,99,3871,236,2,2025-02-28,$284.6,4.0,CREDIT CARD
8113,5,76,2668,265,4,2024-11-24,$82.44,11.5,Cash
8114,6,72,3418,950,3,2025-11-03,$205.41,4.3,Cash
8118,8,116,1433,204,1,2025-03-13,$101.94,10.5,debit card
8122,8,57,2745,167,4,2025-01-29,$208.67,7.1,ONLINE
8124,5,20,4804,663,1,2025-03-23,$297.49,10.9,Credit Card
8125,5,113,4847,12,5,2025-08-20,$16.42,4.0,cash
8126,7,95,1473,1116,3,2025-10-13,$197.08,8.6,cash
8136,8,94,4784,482,1,2025-05-30,$47.74,9.8,CASH
8138,8,116,2171,1,5,2025-01-11,$20.35,5.9,CREDIT CARD
8140,6,99,4889,97,4,2024-10-03,$122.69,5.2,DEBIT CARD
8141,8,112,762,1479,4,2025-07-01,$254.2,10.0,debit card
8152,6,66,1055,627,1,2024-11-29,$152.92,10.0,online
8158,7,95,1862,163,5,2025-07-31,$184.03,10.7,Online
8159,7,41,2128,159,4,2025-02-14,$128.15,7.5,credit card
8166,6,78,1874,875,1,2024-11-20,$283.49,10.9,DEBIT CARD
8167,7,41,2528,207,2,2024-10-30,$257.34,3.2,debit card
8170,7,7,2276,18,3,2025-11-26,$113.05,6.0,debit card
8171,6,99,4959,183,4,2025-03-22,$279.36,5.6,debit card
8176,7,62,2142,29,2,2025-02-22,$283.95,9.2,credit card
8178,7,95,3098,438,5,2025-02-10,$251.09,4.6,DEBIT CARD
8179,6,74,2498,118,4,2025-02-17,$277.2,5.7,credit card
8182,8,116,2165,193,1,2024-10-03,$242.75,3.4,Credit Card
8184,7,104,3940,55,1,2025-08-27,$124.8,11.9,Credit Card
8188,6,74,4512,984,2,2025-07-05,$294.31,8.7,cash
8189,7,7,1269,451,1,2025-10-23,$238.02,10.4,CASH
8190,6,66,4688,208,1,2025-04-05,$29.07,12.0,credit card
8192,8,9,1961,56,1,2025-07-12,$8.26,10.9,online
8194,8,94,301,1182,2,2024-11-22,$116.96,9.6,online
8197,8,57,4570,794,1,2025-06-29,$120.43,4.6,CREDIT CARD
8198,7,19,3338,978,2,2025-03-18,$259.54,3.0,Credit Card
8202,5,20,389,1343,3,2025-07-26,$191.24,11.1,online
8203,5,20,813,236,2,2025-12-03,$117.74,4.4,ONLINE
8204,7,62,1200,41,1,2025-03-02,$68.43,10.1,Online
8208,5,76,2839,295,4,2024-10-15,$148.86,5.4,CASH
8212,7,41,2958,126,1,2025-02-13,$98.26,11.5,debit card
8217,7,41,2319,101,1,2025-01-27,$55.88,3.1,CREDIT CARD
8218,7,84,4091,1007,3,2025-07-28,$299.63,8.6,CASH
8220,7,19,2787,909,1,2024-12-03,$164.94,8.7,Cash
8222,5,40,4694,1271,1,2025-02-08,$203.6,11.7,DEBIT CARD
8223,7,41,2432,268,1,2025-09-07,$9.54,7.9,CASH
8224,8,109,3088,790,2,2025-08-16,$30.08,9.3,Credit Card
8227,7,62,549,575,1,2024-11-07,$96.77,4.7,debit card
8231,6,99,3584,26,3,2025-12-01,$150.94,8.9,Cash
8233,5,119,2086,189,2,2024-12-28,$245.62,8.5,Cash
8237,8,85,4884,43,2,2025-08-22,$135.47,3.3,Cash
8239,8,94,2020,174,2,2025-05-07,$14.08,5.9,credit card
8241,8,116,1,1474,2,2024-10-20,$98.97,5.9,debit card
8246,5,47,4381,550,2,2025-01-20,$120.12,11.1,CASH
8251,7,104,965,16,2,2025-05-17,$103.16,6.2,CREDIT CARD
8252,7,95,212,1,2,2025-04-25,$253.42,5.2,DEBIT CARD
8254,8,116,1539,227,5,2025-05-13,$191.36,7.4,debit card
8256,5,22,3898,1394,2,2024-12-30,$51.04,3.6,Credit Card
8257,8,30,1608,67,2,2025-07-16,$71.69,8.8,DEBIT CARD
8258,8,116,2983,17,5,2025-04-16,$29.96,10.6,debit card
8262,5,105,3344,265,2,2025-09-13,$213.94,11.3,cash
8264,7,41,244,1022,1,2024-11-04,$54.29,5.4,DEBIT CARD
8265,8,85,4708,106,2,2025-09-28,$236.2,9.7,Debit Card
8267,6,72,3192,1482,5,2025-09-02,$169.71,5.0,CREDIT CARD
8277,5,22,4688,51,2,2025-03-17,$29.07,11.2,ONLINE
8280,6,72,2987,342,2,2025-04-14,$167.24,10.0,CREDIT CARD
8281,7,62,1978,619,4,2025-08-31,$231.54,4.1,DEBIT CARD
8284,7,41,926,223,4,2025-05-31,$108.82,3.6,Cash
8286,8,80,3985,1334,1,2025-05-02,$123.22,11.6,debit card
8288,5,47,98,1476,2,2024-10-12,$292.8,9.7,Debit Card
8291,6,107,1706,172,2,2025-09-06,$65.11,11.3,CASH
8293,6,99,3706,241,1,2024-12-29,$150.71,4.0,credit card
8294,7,104,855,188,3,2024-11-30,$109.71,5.0,Debit Card
8295,6,77,4403,167,5,2025-03-04,$20.25,11.4,Cash
8297,7,104,2337,218,5,2025-10-21,$198.55,3.3,CASH
8299,5,47,3093,10,4,2025-06-09,$244.27,7.0,credit card
8300,6,66,915,117,1,2025-02-20,$42.96,10.9,Cash
8301,6,107,3182,118,1,2025-02-03,$206.56,5.3,DEBIT CARD
8302,5,22,4335,152,1,2025-02-07,$47.19,7.6,ONLINE
8304,5,105,2623,1199,5,2024-11-18,$284.68,8.2,credit card
8305,8,57,2315,17,1,2025-12-04,$298.32,3.8,CASH
8306,5,20,1433,120,1,2024-11-22,$101.94,7.5,CASH
8308,6,78,3879,139,2,2025-03-17,$170.84,11.8,credit card
8315,5,76,3729,106,3,2025-05-06,$212.08,11.9,DEBIT CARD
8316,7,41,3297,107,1,2025-04-07,$223.68,5.2,credit card
8317,6,99,1170,896,1,2025-11-28,$43.69,10.8,Debit Card
8325,8,57,4192,325,1,2025-10-18,$95.8,3.6,Credit Card
8327,6,72,611,254,2,2025-11-13,$152.11,10.3,Debit Card
8329,8,80,751,16,1,2025-02-22,$38.52,10.7,DEBIT CARD
8330,6,72,3396,154,1,2025-01-26,$180.95,9.0,Cash
8332,5,119,653,134,2,2025-01-09,$28.61,6.3,Debit Card
8333,5,47,3905,243,4,2025-04-12,$78.69,9.0,online
8334,8,109,1748,101,3,2025-11-16,$170.37,9.8,Credit Card
8335,7,7,1058,751,2,2025-11-04,$57.62,7.5,credit card
8337,5,119,1962,1208,5,2025-11-24,$182.41,11.4,Credit Card
8340,6,49,2523,1134,2,2025-07-28,$37.72,4.1,credit card
8342,5,20,832,1081,3,2025-07-12,$258.16,8.9,ONLINE
8346,6,66,731,128,2,2024-12-27,$165.37,4.1,credit card
8352,5,47,2216,214,4,2025-09-03,$263.8,9.4,debit card
8360,8,9,3499,254,2,2025-05-02,$297.78,6.9,Credit Card
8362,6,49,1032,75,1,2025-09-28,$57.56,6.0,DEBIT CARD
8368,5,22,1085,1026,1,2025-01-01,$150.47,9.4,ONLINE
8370,5,20,3330,192,4,2025-12-07,$5.38,10.4,Cash
8371,7,7,1530,143,2,2025-11-14,$10.99,6.5,ONLINE
8372,5,40,1240,882,2,2024-12-14,$148.76,6.7,Credit Card
8377,6,77,3895,289,3,2025-10-22,$169.93,4.7,cash
8381,8,94,3880,665,1,2025-01-15,$15.35,7.9,Credit Card
8386,5,47,112,453,1,2025-05-19,$218.42,11.7,ONLINE
8387,6,66,2417,807,2,2025-09-04,$15.38,5.2,Debit Card
8389,7,84,1888,113,1,2025-09-29,$286.12,6.5,Credit Card
8394,5,119,2398,1119,2,2025-05-13,$76.97,5.1,DEBIT CARD
8399,7,95,2606,80,2,2025-04-23,$40.27,4.3,Debit Card
8400,6,107,2855,230,1,2025-04-11,$290.43,9.8,Credit Card
8404,7,95,3429,148,1,2025-10-21,$85.57,7.7,DEBIT CARD
8408,6,66,3914,883,2,2025-06-21,$151.18,3.7,DEBIT CARD
8410,5,20,2359,1258,1,2025-11-09,$104.55,5.1,Credit Card
8414,8,85,3864,613,1,2025-09-22,$195.84,11.6,Debit Card
8418,5,22,2954,161,3,2025-11-13,$41.41,3.5,CASH
8423,8,30,3966,159,1,2025-01-27,$271.55,4.4,credit card
8427,8,9,1752,865,4,2025-08-27,$159.23,11.1,Online
8431,6,72,1033,1205,1,2025-08-22,$169.38,8.3,debit card
8436,5,40,964,28,1,2025-06-28,$209.84,4.4,CREDIT CARD
8437,5,105,207,149,3,2025-02-12,$296.1,11.9,credit card
8442,7,19,778,224,2,2025-03-19,$286.59,3.8,ONLINE
8447,6,96,2371,153,1,2025-01-31,$261.77,8.8,CREDIT CARD
8448,6,74,3888,1336,1,2025-05-21,$81.36,7.2,credit card
8457,5,20,4377,578,3,2025-04-28,$72.14,5.4,CREDIT CARD
8458,6,72,3189,29,1,2025-04-22,$286.4,11.6,Credit Card
8461,8,116,3023,1189,5,2025-11-04,$267.19,11.9,Credit Card
8463,6,78,3705,66,4,2025-08-02,$292.19,10.7,DEBIT CARD
8464,7,19,1639,255,4,2025-02-01,$89.41,5.3,Credit Card
8465,6,72,468,776,1,2025-07-06,$207.19,10.0,credit card
8466,5,105,3726,135,5,2025-11-23,$94.45,10.2,CASH
8468,7,5,1415,10,5,2024-11-04,$243.19,12.0,DEBIT CARD
8470,7,84,1754,109,1,2025-08-02,$281.01,9.6,Credit Card
8471,5,119,4,1238,4,2025-08-03,$274.78,10.3,Debit Card
8477,5,76,2694,157,2,2025-11-04,$208.8,9.0,credit card
8479,6,99,2540,1444,2,2025-01-23,$299.19,11.3,cash
8481,5,47,2701,270,3,2024-12-18,$111.08,4.3,Credit Card
8482,8,112,891,230,1,2025-04-16,$141.39,4.7,CASH
8483,8,116,3293,1288,2,2025-07-07,$248.44,7.2,credit card
8490,7,62,653,76,1,2025-06-30,$28.61,4.9,debit card
8494,7,84,4803,1418,2,2025-06-27,$43.51,4.2,Debit Card
8495,7,19,2725,211,1,2025-05-18,$246.05,6.5,CASH
8496,7,84,1087,1344,1,2025-01-28,$138.05,9.6,CREDIT CARD
8499,5,119,3133,153,1,2024-12-31,$44.58,3.1,credit card
8500,6,99,4744,1323,1,2024-12-22,$51.73,4.7,cash
8507,5,20,2936,236,2,2025-09-29,$64.09,8.6,credit card
8515,8,9,4770,53,2,2025-09-23,$71.43,11.6,Credit Card
8519,6,77,1860,121,5,2025-06-03,$37.81,7.1,cash
8525,6,49,1942,23,2,2025-09-06,$41.41,4.1,debit card
8526,5,20,3459,541,5,2025-11-04,$71.87,6.4,ONLINE
8529,8,112,2957,90,2,2025-08-04,$68.04,7.0,CREDIT CARD
8531,5,40,3763,202,1,2025-11-08,$114.54,3.5,debit card
8541,5,119,2562,88,4,2025-05-05,$220.48,9.1,CASH
8548,5,113,1176,836,4,2024-12-10,$212.09,6.3,CASH
8550,5,20,3501,1212,1,2025-11-06,$178.7,6.6,DEBIT CARD
8551,7,41,2179,1326,1,2025-05-24,$72.75,7.3,online
8553,5,105,3191,1443,4,2025-04-20,$20.35,3.1,Online
8555,7,84,4446,285,4,2025-07-13,$218.75,11.6,CASH
8559,7,5,2318,154,1,2025-01-06,$8.63,6.9,ONLINE
8560,8,30,2857,39,4,2025-06-16,$65.96,6.3,Credit Card
8562,8,30,873,149,2,2024-12-28,$114.2,3.9,cash
8563,8,80,1858,98,1,2025-07-20,$252.56,7.4,ONLINE
8564,8,91,2182,100,3,2024-10-12,$126.45,8.8,ONLINE
8565,7,7,223,968,4,2025-06-15,$48.1,9.1,Debit Card
8573,7,95,2306,371,3,2025-07-26,$203.98,11.8,Credit Card
8575,6,74,1197,110,3,2025-02-12,$165.56,3.8,cash
8576,6,74,882,461,2,2025-05-26,$44.71,4.5,CASH
8577,8,9,3036,823,5,2025-09-02,$120.94,5.8,Online
8581,5,119,4619,185,2,2025-04-05,$241.32,3.2,debit card
8582,5,105,150,1271,2,2025-09-07,$116.36,11.5,CASH
8583,6,66,2421,479,5,2025-04-26,$39.59,8.3,cash
8589,7,19,429,256,2,2025-08-11,$165.22,5.5,ONLINE
8597,8,116,1708,565,4,2025-06-08,$270.09,11.5,debit card
8606,7,62,2213,87,4,2025-07-12,$167.69,5.1,Online
8610,7,104,1436,189,3,2025-01-05,$26.96,8.2,Cash
8611,8,9,4927,231,5,2025-11-25,$278.61,9.5,credit card
8614,8,112,2751,189,3,2025-04-09,$66.23,4.4,DEBIT CARD
8616,6,96,4259,241,1,2025-02-16,$252.77,11.0,CASH
8624,6,72,3291,122,1,2025-05-01,$254.69,3.8,Online
8626,5,47,4748,318,2,2025-10-12,$219.49,9.5,DEBIT CARD
8633,6,107,16,173,2,2025-07-09,$167.11,8.0,DEBIT CARD
8634,6,74,3538,178,3,2025-08-05,$240.86,5.2,CASH
8636,7,5,1721,12,2,2024-10-23,$183.31,12.0,credit card
8637,7,95,2002,397,2,2025-04-14,$253.74,5.8,CASH
8638,5,92,1454,256,3,2025-06-15,$47.1,6.3,cash
8640,6,72,3734,1347,1,2025-10-20,$190.45,6.2,Debit Card
8642,5,76,1210,111,1,2025-04-19,$9.7,9.3,online
8644,6,72,114,101,2,2024-12-16,$167.08,6.4,CASH
8648,7,84,1986,259,3,2025-11-05,$47.13,3.4,Debit Card
8649,5,113,4258,169,2,2025-02-10,$197.16,8.4,CREDIT CARD
8652,5,22,4352,725,5,2025-02-18,$85.98,7.8,Debit Card
8654,5,105,1490,1490,1,2025-01-17,$174.24,11.7,cash
8658,6,96,1667,107,2,2024-11-19,$292.31,3.6,credit card
8662,5,92,4675,53,1,2024-10-06,$123.55,7.7,Cash
8665,7,104,2443,8,1,2025-06-17,$297.98,7.0,Credit Card
8668,7,19,943,1050,1,2024-10-10,$270.03,11.3,Debit Card
8670,7,95,398,36,4,2025-01-23,$122.06,7.3,credit card
8677,7,19,4789,530,1,2025-10-26,$176.57,11.5,credit card
8679,6,72,2262,212,1,2025-06-01,$94.26,8.9,Debit Card
8680,5,113,446,1297,1,2025-05-10,$284.64,7.0,Online
8695,8,9,4056,113,2,2025-11-21,$210.96,9.6,CREDIT CARD
8697,7,104,813,900,2,2025-09-22,$117.74,3.8,debit card
8700,7,84,1100,1433,5,2025-04-24,$111.58,10.7,online
8701,6,74,3224,783,1,2025-02-06,$192.18,6.8,cash
8702,8,57,2900,1100,2,2025-04-04,$159.31,4.3,Credit Card
8703,8,112,1843,7,5,2025-03-11,$244.19,9.2,cash
8704,8,94,1487,109,4,2025-11-28,$233.91,3.9,debit card
8708,8,109,243,296,1,2024-12-13,$73.99,3.0,Cash
8714,5,40,3923,986,1,2025-06-18,$188.77,11.6,ONLINE
8716,5,20,4790,238,2,2025-02-05,$239.56,8.6,Cash
8720,8,30,4908,870,2,2025-08-29,$63.53,9.3,CASH
8724,5,47,1267,465,3,2024-11-22,$210.74,11.8,cash
8727,8,109,1624,290,1,2025-02-25,$260.61,11.5,debit card
8730,8,112,2805,71,3,2025-02-01,$81.55,10.3,DEBIT CARD
8733,7,62,1368,77,2,2025-08-09,$34.29,9.3,Credit Card
8734,5,40,910,1466,1,2024-11-22,$41.26,11.5,DEBIT CARD
8736,8,85,53,831,5,2025-03-05,$108.49,11.3,Cash
8737,5,20,2838,1036,3,2025-03-12,$221.6,11.4,CREDIT CARD
8738,6,66,244,487,1,2025-04-15,$54.29,7.6,cash
8747,5,92,4165,163,4,2025-08-07,$47.67,4.4,Online
8750,7,5,2835,1290,5,2025-09-16,$215.25,9.5,cash
8751,8,116,2268,1396,1,2025-12-06,$32.55,6.2,credit card
8753,7,41,4702,577,4,2025-01-07,$231.73,10.3,online
8756,5,76,991,1325,2,2025-04-29,$118.38,5.6,credit card
8757,8,85,2677,273,2,2025-09-23,$37.87,8.8,credit card
8762,6,72,1502,268,3,2025-08-19,$299.94,10.7,online
8764,8,9,1193,241,2,2025-09-18,$122.9,10.0,credit card
8768,5,20,4287,1075,1,2025-07-16,$46.35,6.3,credit card
8770,5,105,2075,64,5,2025-08-30,$199.44,5.3,Credit Card
8771,6,77,2469,253,3,2024-11-27,$294.63,9.6,Debit Card
8772,7,41,3063,536,1,2025-05-30,$140.87,5.1,Debit Card
8773,5,113,1565,205,4,2025-03-08,$84.18,5.2,Credit Card
8774,5,113,4863,1227,5,2024-12-29,$119.26,8.4,Debit Card
8777,6,66,493,266,2,2025-09-04,$153.54,9.6,Cash
8779,6,66,1042,293,1,2025-06-24,$289.97,9.8,CREDIT CARD
8781,6,78,49,50,2,2025-02-13,$279.07,5.1,online
8785,7,95,2796,31,5,2024-10-05,$213.06,9.0,debit card
8795,6,66,4367,126,5,2025-12-01,$87.4,4.2,credit card
8805,8,80,2440,592,1,2025-05-09,$116.32,7.3,Debit Card
8807,8,91,3188,92,5,2025-10-15,$148.25,8.4,Debit Card
8808,6,49,2013,613,1,2025-05-05,$115.47,5.6,cash
8815,7,104,3885,943,2,2024-12-29,$190.4,9.2,Cash
8818,8,109,2365,781,4,2025-11-25,$189.98,7.2,CREDIT CARD
8826,8,9,424,18,1,2025-03-24,$189.52,4.6,DEBIT CARD
8828,5,22,3108,163,2,2025-03-08,$100.7,7.6,DEBIT CARD
8832,5,47,192,361,1,2025-01-21,$266.96,8.0,Debit Card
8833,6,49,1926,235,3,2024-11-14,$158.62,7.4,credit card
8834,5,119,1546,1480,3,2024-10-13,$298.01,9.6,CREDIT CARD
8835,7,19,12,786,5,2025-10-26,$18.71,6.2,cash
8840,7,95,2438,19,2,2024-12-15,$37.93,10.8,Credit Card
8849,7,19,1768,232,1,2024-10-08,$182.81,3.8,Credit Card
8850,5,119,1811,1090,5,2025-02-22,$236.78,8.0,CASH
8852,7,104,214,1330,1,2025-05-17,$263.68,5.9,cash
8857,5,119,4011,30,3,2025-05-14,$282.24,4.9,CASH
8861,7,19,2409,224,1,2025-05-04,$225.66,6.6,debit card
8865,8,116,2835,1475,2,2025-11-08,$215.25,9.8,credit card
8867,6,96,4458,294,3,2024-11-01,$110.65,11.7,DEBIT CARD
8868,8,112,458,208,4,2025-05-14,$240.18,9.5,ONLINE
8869,6,72,3360,224,3,2025-09-04,$204.32,4.3,CREDIT CARD
8874,5,92,109,1214,2,2025-03-15,$79.84,11.6,CASH
8877,7,41,3927,71,1,2025-09-27,$151.92,9.1,debit card
8881,8,57,4971,3,2,2025-08-24,$82.92,7.3,debit card
8884,7,95,4363,183,2,2024-12-04,$278.22,9.0,Credit Card
8886,6,99,2875,174,1,2024-10-12,$183.71,7.6,Cash
8900,8,80,4184,102,1,2025-03-17,$189.32,11.6,Online
8904,6,99,322,300,1,2024-11-25,$71.89,10.9,cash
8906,7,5,180,92,4,2025-06-14,$284.78,3.6,cash
8909,5,92,3569,1200,1,2025-02-12,$129.8,10.9,Debit Card
8910,6,96,2272,1115,4,2025-10-17,$40.37,8.7,DEBIT CARD
8911,8,116,211,180,1,2025-07-12,$107.48,6.4,Debit Card
8913,8,112,4146,232,1,2025-01-08,$143.57,11.7,online
8914,7,19,2750,239,1,2025-09-17,$192.73,9.6,Credit Card
8916,7,95,3873,699,1,2024-10-20,$282.74,5.5,online
8921,6,96,143,54,1,2025-04-15,$131.05,8.5,CASH
8929,6,107,1730,1359,4,2024-11-30,$297.71,4.4,cash
8930,7,5,3952,1476,1,2025-04-22,$120.93,10.6,ONLINE
8931,8,30,590,926,1,2025-10-18,$282.37,7.2,CASH
8938,6,77,970,1245,4,2025-01-03,$233.78,7.1,credit card
8939,7,41,1128,992,1,2025-08-02,$275.78,4.9,online
8940,7,104,2461,788,1,2025-05-05,$193.45,10.9,online
8943,6,66,3430,263,1,2025-11-05,$129.32,6.9,Credit Card
8946,8,85,3802,230,3,2025-02-19,$126.29,5.0,Cash
8947,8,30,1574,263,2,2025-11-21,$297.9,3.7,debit card
8949,7,5,2159,925,5,2025-07-30,$211.52,3.2,CASH
8950,8,116,4222,235,1,2025-09-28,$269.15,7.0,Cash
8951,6,77,1835,1263,1,2025-04-29,$284.25,9.0,CREDIT CARD
8953,8,30,1182,217,1,2025-04-02,$183.23,11.7,credit card
8956,6,72,15,232,2,2024-10-06,$12.24,5.7,cash
8961,6,99,1491,894,1,2025-10-22,$45.0,9.5,Debit Card
8964,6,99,2357,83,2,2025-03-15,$87.62,5.9,DEBIT CARD
8967,8,30,4072,747,1,2025-03-31,$193.89,7.8,Cash
8968,6,107,2923,382,1,2025-10-08,$42.61,5.9,Credit Card
8970,8,57,3972,296,4,2025-03-19,$103.03,7.5,DEBIT CARD
8972,5,22,4883,1016,1,2025-08-28,$85.83,5.6,Debit Card
8974,7,84,3811,651,3,2025-09-25,$281.85,7.7,DEBIT CARD
8976,7,5,1748,533,1,2025-05-14,$170.37,5.0,ONLINE
8977,6,74,1861,1281,2,2025-09-18,$150.67,10.3,Credit Card
8979,7,5,1016,296,4,2025-10-14,$17.53,5.4,CREDIT CARD
8983,6,72,748,14,1,2024-12-30,$205.91,10.0,CASH
8986,5,92,4890,1064,1,2025-09-01,$196.33,9.8,Debit Card
8987,6,66,2705,921,2,2025-05-06,$210.31,5.9,Debit Card
8988,7,95,3756,1487,2,2025-10-11,$128.73,11.2,cash
8989,7,95,313,722,1,2025-08-06,$205.46,5.4,Debit Card
8990,7,104,3690,176,1,2025-07-14,$38.07,11.2,credit card
8991,5,20,1283,1255,4,2024-11-13,$110.3,5.5,Debit Card
8994,7,84,901,269,2,2025-05-15,$71.6,11.8,credit card
8995,5,22,1689,652,5,2024-11-03,$290.79,11.0,debit card
8996,5,40,3977,1377,5,2025-08-30,$68.63,4.4,DEBIT CARD
9008,6,49,2002,41,1,2024-11-25,$253.74,8.6,ONLINE
9009,6,74,3234,872,1,2025-02-04,$187.48,9.3,CASH
9010,7,62,626,1214,3,2024-12-08,$48.8,3.1,ONLINE
9011,6,96,2638,88,3,2025-10-06,$63.77,8.3,Cash
9012,8,57,2499,263,1,2025-08-18,$204.7,6.5,Cash
9016,7,104,716,856,4,2025-09-28,$55.14,9.6,debit card
9020,5,119,2467,2,1,2025-04-14,$28.94,9.5,Credit Card
9021,5,22,4543,33,1,2025-07-29,$172.84,10.7,CREDIT CARD
9022,5,47,2808,1459,1,2025-07-27,$11.61,6.1,Debit Card
9024,6,74,1396,40,3,2025-12-03,$257.53,10.8,ONLINE
9027,8,116,1625,28,5,2025-10-27,$68.95,11.5,ONLINE
9028,8,9,3539,507,4,2024-12-31,$185.94,7.1,Debit Card
9029,5,119,2217,54,1,2025-08-04,$87.59,7.7,credit card
9030,6,96,828,174,4,2025-05-22,$286.36,10.2,Cash
9032,5,47,569,300,1,2025-07-14,$13.59,4.8,cash
9033,8,9,350,608,1,2025-05-17,$207.33,9.8,Cash
9035,7,84,2489,253,2,2025-04-21,$102.95,8.6,DEBIT CARD
9040,8,94,739,133,1,2025-07-15,$61.98,5.9,ONLINE
9044,8,9,3963,1190,2,2025-10-31,$213.31,6.4,credit card
9053,8,9,968,1073,5,2025-03-03,$230.71,5.2,credit card
9055,7,41,4078,197,3,2025-10-31,$53.2,10.2,CREDIT CARD
9056,7,5,871,348,1,2025-11-23,$182.24,10.7,CREDIT CARD
9059,8,30,1694,271,3,2024-11-24,$195.16,9.2,cash
9060,6,96,410,1171,2,2025-09-02,$123.62,5.4,debit card
9061,6,96,510,1358,1,2025-07-06,$209.58,10.7,Credit Card
9062,6,96,2000,355,1,2025-08-01,$46.94,4.1,Credit Card
9063,5,76,3286,76,5,2024-12-29,$280.37,7.0,credit card
9068,6,72,2104,135,2,2024-10-10,$41.34,9.4,DEBIT CARD
9070,5,47,1486,2,1,2025-03-16,$252.83,5.4,Debit Card
9074,6,107,4688,136,1,2024-10-26,$29.07,5.4,online
9081,7,104,63,283,2,2025-02-07,$115.5,8.8,DEBIT CARD
9084,6,107,2269,176,1,2025-10-18,$222.87,6.5,debit card
9086,6,107,3672,293,4,2025-08-22,$154.99,8.6,DEBIT CARD
9092,8,85,4561,149,4,2025-07-25,$241.18,5.9,credit card
9093,8,80,326,142,1,2025-01-16,$40.44,9.3,online
9094,7,19,3681,610,1,2025-10-28,$210.73,6.5,Cash
9097,7,104,2224,628,1,2025-09-08,$14.92,5.1,online
9098,8,30,3568,76,5,2025-09-01,$121.41,11.3,DEBIT CARD
9100,5,119,3546,164,3,2025-07-16,$70.48,9.2,ONLINE
9103,8,116,4852,880,3,2025-08-14,$16.96,9.3,cash
9111,5,92,271,167,1,2025-01-10,$243.73,7.2,cash
9112,5,92,3891,709,3,2025-04-02,$112.03,3.4,Credit Card
9113,8,57,4556,65,4,2024-12-17,$79.39,10.6,DEBIT CARD
9116,5,76,3228,36,1,2025-05-16,$144.66,5.2,credit card
9118,8,109,3191,74,1,2025-06-17,$20.35,11.1,Debit Card
9122,7,62,2773,606,5,2025-09-02,$125.95,7.5,Cash
9123,6,77,3330,468,1,2025-06-30,$5.38,3.3,online
9125,5,105,2009,656,3,2024-11-23,$281.07,5.8,Debit Card
9126,7,5,4794,322,3,2025-09-22,$74.56,5.4,ONLINE
9127,5,92,804,88,1,2025-07-12,$68.26,11.0,Debit Card
9128,7,7,607,239,1,2025-11-16,$139.9,8.7,CASH
9131,6,99,244,184,5,2024-11-02,$54.29,7.5,Cash
9138,6,66,675,52,2,2025-04-28,$76.81,8.6,debit card
9140,5,76,1673,144,5,2025-08-03,$53.83,9.1,Credit Card
9141,8,80,3381,38,2,2025-09-03,$6.6,6.2,DEBIT CARD
9153,5,92,4634,93,3,2025-07-20,$286.81,4.2,Debit Card
9159,6,99,3493,613,2,2025-09-13,$98.51,3.1,cash
9160,7,41,1672,1364,2,2025-10-28,$91.72,11.4,online
9166,5,47,2995,1037,2,2025-04-10,$244.11,6.5,credit card
9167,5,76,1790,200,1,2025-01-19,$295.2,11.4,Cash
9168,7,19,2472,279,1,2024-11-11,$222.23,4.0,debit card
9175,8,91,279,125,3,2025-03-12,$96.69,10.9,DEBIT CARD
9177,7,7,3201,243,1,2025-04-17,$119.11,3.9,Online
9179,8,80,93,229,3,2025-07-19,$229.56,10.8,CREDIT CARD
9180,6,99,22,269,5,2025-10-01,$78.32,6.1,credit card
9181,5,113,3613,70,5,2025-01-29,$191.36,5.1,Online
9182,7,19,1214,230,4,2025-09-02,$84.44,4.7,credit card
9185,6,74,597,255,3,2025-06-30,$276.53,4.3,CREDIT CARD
9189,8,116,3926,63,2,2025-07-02,$168.24,10.7,Debit Card
9191,6,96,235,865,1,2024-12-29,$165.62,6.0,Credit Card
9193,6,72,1028,1393,1,2025-08-27,$114.25,9.0,cash
9197,5,22,1246,72,2,2025-03-09,$100.06,8.5,CASH
9205,8,94,1382,444,3,2024-11-02,$122.34,3.3,CREDIT CARD
9207,5,47,3533,185,1,2025-07-23,$111.48,9.4,CASH
9230,7,62,962,59,4,2025-04-30,$183.59,10.3,Credit Card
9233,8,30,2908,205,5,2025-08-30,$39.33,8.9,debit card
9239,6,66,1853,1327,2,2024-12-18,$293.51,10.2,CREDIT CARD
9240,7,84,2200,1152,5,2025-06-18,$283.66,3.1,credit card
9258,5,47,2900,801,1,2025-04-19,$159.31,3.6,DEBIT CARD
9261,8,116,1444,173,4,2025-07-21,$195.67,10.3,CREDIT CARD
9266,8,80,2238,209,2,2025-10-17,$16.77,10.1,ONLINE
9274,7,5,822,1003,1,2025-05-22,$63.74,10.3,credit card
9277,5,40,1425,194,3,2025-07-31,$261.7,5.2,Cash
9284,8,57,2868,281,1,2025-09-01,$179.79,11.9,cash
9294,8,94,3454,1014,1,2025-07-03,$150.11,9.7,cash
9299,5,119,1527,1171,4,2025-12-09,$19.59,4.2,online
9300,7,95,3890,26,3,2025-03-14,$292.76,6.0,Online
9307,6,78,894,102,5,2025-09-30,$132.05,11.6,online
9309,6,78,537,906,4,2025-03-13,$144.1,11.1,cash
9310,8,57,2201,59,3,2025-08-30,$14.74,9.9,Debit Card
9312,5,119,3915,1322,1,2024-12-20,$231.83,4.5,Credit Card
9313,8,112,3874,228,2,2025-03-12,$252.23,11.6,CASH
9315,8,85,1272,1330,1,2024-10-25,$246.0,5.3,CREDIT CARD
9317,6,78,1325,156,2,2025-11-28,$241.53,8.1,Cash
9324,5,113,3521,169,5,2024-11-15,$281.63,6.4,cash
9327,8,57,65,299,1,2024-10-07,$51.96,11.5,CREDIT CARD
9330,6,99,2365,32,4,2025-10-17,$189.98,9.6,credit card
9331,5,76,3215,272,2,2025-05-01,$231.0,10.4,DEBIT CARD
9332,8,85,824,449,1,2025-07-28,$244.77,7.7,CREDIT CARD
9333,8,91,4100,676,2,2025-11-21,$121.02,9.3,Cash
9334,8,109,1978,667,5,2025-11-29,$231.54,5.6,Cash
9342,6,49,1002,925,4,2025-10-25,$255.75,10.7,credit card
9344,5,47,2416,276,4,2025-05-09,$79.57,7.6,ONLINE
9348,7,7,3735,522,4,2024-10-26,$16.23,9.9,debit card
9349,6,107,1361,288,1,2025-09-25,$178.53,5.5,Credit Card
9353,6,49,221,383,1,2025-08-14,$229.43,3.1,Credit Card
9354,5,20,3428,475,1,2025-08-12,$103.76,11.1,Debit Card
9355,8,91,3402,106,1,2024-10-29,$274.18,11.4,CASH
9357,6,77,4082,104,5,2025-09-13,$258.24,6.8,DEBIT CARD
9358,6,107,920,126,2,2025-11-23,$112.42,11.4,CASH
9359,7,104,2047,256,1,2025-02-24,$286.13,7.3,CREDIT CARD
9361,6,96,4765,17,4,2025-08-07,$141.89,7.5,debit card
9363,8,109,2435,49,3,2025-04-25,$191.32,11.6,credit card
9364,5,92,3237,28,2,2025-05-19,$165.8,9.6,Credit Card
9365,6,77,2039,254,1,2025-03-17,$262.29,5.2,Online
9369,5,92,1194,310,5,2025-07-09,$9.22,10.0,Debit Card
9371,7,5,2374,145,1,2025-12-02,$51.33,4.0,credit card
9372,6,77,4120,236,5,2025-05-05,$171.15,4.1,debit card
9378,8,9,3207,915,1,2024-11-23,$208.68,3.6,debit card
9382,6,99,4342,101,5,2025-07-24,$28.07,7.8,CASH
9383,5,92,3606,943,3,2025-11-10,$240.42,8.3,Debit Card
9391,6,66,4585,157,5,2025-04-14,$195.87,6.0,Online
9400,7,19,888,88,4,2025-06-05,$299.94,7.3,Debit Card
9403,8,91,1341,1427,5,2025-06-20,$136.5,5.3,Debit Card
9406,8,57,4774,1040,1,2025-08-01,$273.16,10.8,Credit Card
9408,5,92,3311,275,1,2025-08-26,$294.86,3.4,Cash
9410,8,91,2165,610,4,2024-10-16,$242.75,5.7,Credit Card
9411,8,85,1838,182,3,2024-10-15,$90.68,3.4,CREDIT CARD
9413,5,119,1453,657,5,2025-03-09,$197.77,3.9,credit card
9414,6,99,4276,209,2,2025-08-26,$46.57,5.2,DEBIT CARD
9421,5,22,2112,112,2,2025-06-24,$194.57,10.3,Debit Card
9430,8,80,1096,827,1,2025-02-19,$48.01,3.8,Credit Card
9433,7,84,4348,521,2,2025-12-08,$103.07,6.5,online
9434,6,72,3402,916,1,2025-11-24,$274.18,4.7,Cash
9435,7,19,2660,282,1,2025-01-23,$58.61,11.1,Online
9436,8,30,4821,1453,2,2025-02-17,$60.08,7.7,CREDIT CARD
9438,7,104,4253,198,3,2025-05-03,$273.71,11.5,CASH
9443,8,94,4784,173,1,2025-01-14,$47.74,3.3,CREDIT CARD
9448,8,9,2089,774,1,2024-10-10,$165.99,11.8,Credit Card
9449,8,30,4218,654,1,2025-02-23,$130.28,4.0,DEBIT CARD
9453,8,116,4181,86,1,2024-11-17,$149.63,9.5,DEBIT CARD
9459,7,84,617,30,2,2025-09-24,$65.23,9.1,DEBIT CARD
9461,5,105,499,288,1,2025-09-26,$136.86,10.5,debit card
9463,6,78,836,269,1,2025-12-09,$63.49,6.3,Credit Card
9467,8,109,3154,1362,4,2025-05-22,$258.98,4.2,Credit Card
9468,6,78,3267,89,1,2025-04-14,$290.08,11.3,debit card
9474,6,107,1858,175,1,2025-10-13,$252.56,4.3,Debit Card
9476,8,9,4948,76,1,2025-07-21,$206.86,3.3,Credit Card
9479,5,76,601,1206,1,2025-05-09,$152.35,3.7,Debit Card
9483,5,20,802,114,2,2025-01-26,$106.33,5.4,cash
9490,5,40,3475,226,1,2025-08-27,$223.04,8.0,Online
9496,8,109,3187,1397,3,2025-01-30,$192.28,4.4,ONLINE
9497,5,40,2545,410,2,2025-08-28,$68.27,5.7,debit card
9500,8,9,2954,731,1,2025-02-16,$41.41,10.8,Credit Card
9501,8,80,643,416,3,2025-09-17,$224.52,11.1,Credit Card
9502,5,92,940,1227,4,2025-06-10,$191.42,10.3,CREDIT CARD
9505,7,41,2239,909,5,2024-12-19,$35.77,7.9,cash
9507,6,66,2482,846,5,2025-11-27,$229.43,10.0,Online
9512,7,5,865,160,4,2025-01-30,$105.33,7.5,Credit Card
9513,5,105,1560,507,1,2025-07-07,$18.78,3.7,Cash
9514,6,74,4791,646,1,2025-11-28,$35.63,6.9,Online
9515,7,62,1048,295,4,2024-10-09,$159.11,3.5,Credit Card
9516,6,99,3603,811,4,2025-01-26,$82.17,7.9,credit card
9517,5,105,2135,226,2,2025-07-25,$244.2,3.7,credit card
9524,5,119,3194,231,3,2024-11-13,$272.54,9.8,Online
9528,7,5,4202,499,3,2025-06-13,$291.05,7.4,online
9529,8,80,3029,1058,3,2025-07-02,$256.65,7.2,debit card
9531,7,19,972,279,2,2025-12-01,$271.6,6.1,Online
9532,5,92,841,196,1,2025-08-21,$76.91,3.8,Credit Card
9542,6,77,233,231,3,2024-12-31,$160.88,5.7,debit card
9543,8,80,1385,273,1,2024-10-08,$67.82,5.0,debit card
9545,8,57,2444,1455,4,2025-05-28,$278.75,6.5,DEBIT CARD
9547,8,116,4419,259,2,2025-07-13,$125.82,8.8,CASH
9549,8,85,4662,215,3,2025-08-30,$290.08,6.4,CASH
9551,7,5,548,222,5,2025-04-26,$204.45,4.0,Credit Card
9556,8,9,1122,59,4,2025-10-21,$264.68,11.2,Online
9557,6,99,363,615,1,2025-03-24,$25.15,6.9,online
9563,6,96,3153,533,2,2025-03-13,$118.25,10.9,credit card
9564,5,113,1893,59,2,2025-04-09,$230.97,10.2,Online
9568,5,92,116,21,1,2025-06-23,$70.83,10.3,debit card
9570,8,30,2232,851,5,2025-07-22,$132.35,5.7,ONLINE
9572,5,76,3862,1200,5,2025-04-01,$142.08,7.0,credit card
9579,5,92,3144,22,3,2025-06-14,$218.86,10.3,CREDIT CARD
9582,7,19,1702,1428,2,2025-01-15,$90.55,7.0,online
9589,5,113,4918,253,1,2025-01-31,$67.56,5.6,cash
9590,5,76,4383,268,1,2025-05-22,$121.14,8.0,CASH
9593,7,95,4570,709,4,2025-08-17,$120.43,10.4,online
9594,5,76,2755,601,2,2024-12-31,$42.0,5.1,Credit Card
9601,7,41,1148,495,2,2025-10-31,$41.76,3.4,cash
9602,8,30,2482,362,1,2025-07-28,$229.43,8.1,CREDIT CARD
9606,6,99,1243,718,3,2025-06-29,$123.84,11.1,DEBIT CARD
9607,7,62,2476,230,1,2025-03-31,$179.09,6.0,ONLINE
9609,6,99,4971,847,2,2025-11-10,$82.92,6.4,Cash
9610,7,5,3754,108,5,2024-10-05,$17.12,5.9,credit card
9612,7,104,806,190,4,2025-03-01,$60.32,5.2,credit card
9613,7,95,2791,101,2,2025-05-09,$197.03,3.1,credit card
9615,5,105,4950,1447,1,2025-05-15,$280.14,7.5,credit card
9617,7,41,2720,250,3,2024-12-08,$163.14,6.8,Online
9621,5,76,3557,1128,1,2025-11-27,$48.26,11.4,Online
9622,8,80,1444,1345,5,2025-05-18,$195.67,3.3,CREDIT CARD
9635,7,95,861,24,5,2024-12-17,$258.81,8.3,Credit Card
9642,8,30,1338,1164,5,2024-10-24,$51.38,11.4,DEBIT CARD
9643,7,62,1201,874,2,2025-08-06,$34.33,9.7,cash
9645,8,57,845,243,4,2025-09-28,$27.1,3.8,Debit Card
9647,5,40,959,229,1,2025-02-03,$124.1,10.7,CREDIT CARD
9648,7,41,463,66,5,2024-12-08,$219.34,10.5,Debit Card
9650,8,57,969,140,2,2024-12-12,$295.64,3.1,Debit Card
9651,8,94,4413,84,1,2025-04-16,$91.62,6.8,debit card
9653,6,72,1218,250,3,2025-08-22,$233.77,4.1,cash
9655,8,57,3857,165,2,2025-10-13,$150.71,8.4,Debit Card
9660,7,104,3950,600,1,2025-02-23,$264.7,9.3,debit card
9664,8,116,1805,342,1,2025-11-23,$132.9,10.1,debit card
9666,7,19,3983,243,1,2025-03-21,$20.84,11.1,CREDIT CARD
9673,5,76,2374,1330,5,2025-11-03,$51.33,6.0,Online
9675,5,40,197,196,4,2025-08-21,$29.22,4.5,Cash
9677,7,7,794,24,4,2025-11-19,$239.21,9.7,cash
9679,5,20,657,141,1,2025-02-18,$76.82,6.4,cash
9682,8,94,4023,59,2,2025-09-30,$212.47,9.4,credit card
9685,6,74,863,1468,3,2025-04-04,$180.82,10.7,debit card
9687,8,112,3497,711,3,2024-10-23,$20.48,6.9,DEBIT CARD
9688,7,84,867,987,2,2025-04-28,$10.84,11.3,debit card
9689,6,74,302,127,2,2025-08-29,$169.12,4.3,Credit Card
9690,5,119,4829,269,2,2025-11-18,$248.57,3.2,Cash
9691,8,112,797,1496,1,2025-11-30,$16.14,8.8,credit card
9694,7,95,624,95,1,2024-10-31,$32.54,6.8,Debit Card
9697,8,94,2975,297,2,2024-12-26,$193.77,4.9,Cash
9701,7,104,2396,216,3,2024-11-10,$215.1,8.0,Debit Card
9703,5,22,2943,248,3,2024-12-23,$16.79,3.2,Debit Card
9708,5,105,3848,273,3,2025-07-22,$117.49,6.4,ONLINE
9712,6,77,1687,215,1,2025-11-12,$172.37,4.0,online
9714,8,91,3353,13,1,2025-10-10,$60.01,9.7,debit card
9716,8,94,2618,624,1,2025-01-19,$226.59,6.2,cash
9717,6,77,3541,334,2,2025-06-29,$94.4,11.9,debit card
9718,5,22,721,149,4,2024-12-04,$114.48,9.2,online
9720,6,77,4282,298,3,2025-02-08,$121.26,3.4,Debit Card
9721,6,78,3246,75,5,2025-04-06,$63.47,4.1,cash
9725,8,57,3009,196,1,2024-10-22,$41.06,3.4,Online
9729,8,116,667,525,1,2025-09-01,$147.63,10.7,Debit Card
9731,6,107,1038,536,1,2025-05-30,$19.17,11.7,Debit Card
9734,6,99,283,1455,2,2025-11-28,$271.3,11.5,Credit Card
9735,7,84,2004,1145,4,2024-12-17,$90.69,5.5,CASH
9740,6,66,1093,83,2,2025-05-23,$196.32,4.8,DEBIT CARD
9741,8,80,2975,1251,1,2024-11-12,$193.77,7.7,Debit Card
9742,8,9,1336,109,5,2025-07-14,$80.03,4.4,ONLINE
9745,6,74,3527,1312,5,2025-07-06,$194.69,5.1,Credit Card
9747,8,57,2204,544,2,2025-02-14,$237.71,9.7,Debit Card
9749,5,47,1632,275,1,2025-04-02,$91.62,10.1,Debit Card
9751,5,119,558,112,4,2025-06-14,$213.98,5.7,CASH
9758,6,77,196,1090,1,2025-11-30,$109.52,8.7,debit card
9759,7,62,1923,672,1,2025-10-30,$56.62,4.3,CREDIT CARD
9760,6,74,4342,1284,5,2025-02-10,$28.07,10.2,Credit Card
9762,7,62,4635,419,5,2025-06-19,$143.89,3.6,Cash
9777,8,109,1646,196,1,2025-03-24,$164.12,4.6,online
9785,7,95,4150,391,1,2024-12-03,$7.93,11.0,CASH
9788,7,41,451,85,1,2025-05-29,$22.29,6.6,Debit Card
9791,8,116,2338,227,1,2025-06-04,$158.91,9.8,Debit Card
9799,6,72,223,258,1,2025-09-12,$48.1,7.0,debit card
9800,5,113,4520,1212,5,2025-01-08,$216.59,10.0,CREDIT CARD
9804,7,5,4898,1491,2,2025-02-10,$247.7,7.7,credit card
9805,6,77,4249,208,2,2025-02-12,$60.55,9.3,credit card
9811,7,104,3022,1071,3,2025-12-03,$102.25,8.8,cash
9812,7,104,1133,1457,4,2024-12-22,$29.5,10.9,DEBIT CARD
9820,5,40,4208,175,3,2025-11-28,$240.62,10.0,credit card
9822,8,109,2356,336,1,2025-07-17,$96.27,9.0,Debit Card
9823,6,96,3169,201,4,2025-03-25,$12.14,3.0,debit card
9828,6,74,2689,140,4,2024-12-15,$19.82,11.0,CASH
9829,7,41,712,522,5,2025-10-10,$199.64,4.1,Credit Card
9831,7,41,885,524,2,2025-01-19,$276.44,6.5,CREDIT CARD
9835,6,74,717,116,3,2025-06-22,$247.69,3.6,DEBIT CARD
9841,7,19,3736,387,2,2024-11-06,$64.59,3.3,CREDIT CARD
9842,6,99,3344,191,3,2025-10-27,$213.94,5.0,DEBIT CARD
9845,7,84,2721,885,3,2025-11-21,$185.47,3.9,ONLINE
9847,6,77,1212,296,2,2025-04-02,$159.33,8.8,CASH
9848,6,49,3135,265,1,2025-01-11,$219.84,9.5,DEBIT CARD
9852,6,77,2532,247,4,2025-10-10,$93.53,11.4,debit card
9854,8,9,176,30,2,2025-09-06,$220.28,3.0,DEBIT CARD
9856,8,91,3070,355,2,2024-10-19,$212.83,9.3,CASH
9858,6,72,2966,128,2,2025-07-23,$14.34,3.2,online
9861,8,91,877,247,4,2025-08-18,$213.35,3.7,DEBIT CARD
9866,5,47,1039,453,4,2025-06-10,$289.65,10.0,ONLINE
9869,6,99,4609,179,4,2025-08-27,$297.87,7.0,online
9876,8,94,844,64,1,2025-07-15,$13.99,11.9,Credit Card
9878,8,9,4026,197,2,2025-05-20,$11.28,8.0,debit card
9883,8,94,1148,473,5,2025-06-20,$41.76,9.0,Debit Card
9886,6,72,1035,600,2,2024-10-10,$240.97,10.0,cash
9887,6,72,4682,138,2,2024-12-20,$132.6,4.0,Credit Card
9889,8,85,2704,240,5,2025-02-03,$40.05,3.3,Debit Card
9891,7,7,3904,281,1,2025-04-25,$17.02,6.4,Debit Card
9892,6,49,1797,146,5,2025-06-07,$249.89,7.8,credit card
9893,5,92,3021,1189,4,2025-01-27,$229.34,7.1,debit card
9896,8,116,993,1181,2,2024-10-25,$238.65,9.3,online
9899,7,5,426,298,3,2025-06-21,$18.37,6.1,Cash
9900,6,107,4070,202,5,2025-11-26,$66.02,4.8,CASH
