sale_id,store_id,employee_id,product_id,customer_id,quantity,sale_date,unit_price,discount_pct,payment_method
1,3,21,3878,99,2,20/01/2025,184.16,8.1,Cash
7,3,88,465,997,1,20/10/2024,108.23,6.9,Cash
8,2,32,3997,131,1,07/12/2024,298.25,6.4,Debit Card
12,2,13,4985,151,2,26/07/2025,140.55,5.4,Cash
13,1,3,3210,205,4,09/03/2025,179.13,32.4,Credit Card
14,4,1,3035,636,2,14/02/2025,126.69,6.5,Online
17,1,50,2186,247,1,13/07/2025,296.3,22.9,Debit Card
22,2,32,1357,22,1,01/12/2024,230.1,11.3,Debit Card
23,1,4,786,725,5,01/07/2025,163.5,31.6,Credit Card
25,4,56,125,253,1,24/11/2024,232.84,9.1,Debit Card
27,4,1,3000,268,1,30/01/2025,173.49,6.2,Credit Card
28,2,73,2361,84,3,04/11/2025,268.45,8.3,Debit Card
30,2,26,2615,1095,1,07/12/2025,23.33,5.8,Online
32,2,28,3846,208,2,03/04/2025,218.67,3.3,Debit Card
36,2,110,2467,1413,2,25/06/2025,28.94,5.8,Credit Card
41,3,14,2918,1220,2,08/11/2025,251.62,7.9,Online
42,4,70,4084,23,1,03/11/2024,71.25,8.8,Debit Card
45,1,4,138,200,2,11/06/2025,118.18,31.9,Cash
46,4,1,3553,845,1,14/12/2024,32.74,4.3,Debit Card
47,1,79,859,124,5,09/05/2025,108.38,23.7,Cash
48,2,89,4537,16,4,31/12/2024,290.19,10.1,Debit Card
50,2,73,4815,446,5,28/04/2025,232.98,4.7,Credit Card
52,3,115,1227,198,1,12/07/2025,73.42,11.1,Credit Card
57,1,68,3218,225,1,28/11/2025,272.02,30.3,Cash
68,4,1,2155,237,1,09/10/2025,286.89,4.9,Online
69,4,42,3163,65,2,16/12/2024,184.56,10.9,Credit Card
72,1,118,3071,142,5,11/12/2024,140.59,27.0,Cash
75,4,70,3831,73,3,07/10/2025,38.97,11.6,Debit Card
76,3,53,1330,292,2,29/10/2025,292.14,3.8,Cash
77,3,53,4376,16,1,19/06/2025,211.53,11.0,Online
81,1,68,55,1057,1,30/12/2024,116.23,24.5,Cash
83,1,50,3053,102,1,25/10/2025,128.99,28.5,Online
84,1,59,3006,647,2,20/12/2024,112.5,33.2,Online
86,1,48,972,21,2,23/01/2025,271.6,27.8,Credit Card
90,3,88,656,449,1,09/12/2025,81.35,6.7,Credit Card
91,4,31,1389,115,2,29/06/2025,112.44,4.3,Credit Card
93,2,43,91,101,1,25/11/2025,64.72,7.7,Online
95,4,70,1180,1240,3,21/05/2025,240.09,6.2,Debit Card
100,4,56,1362,295,3,03/10/2024,218.5,4.7,Debit Card
101,2,13,3765,171,2,13/09/2025,241.94,9.7,Cash
104,4,31,4954,1323,1,17/11/2025,155.85,5.5,Credit Card
119,2,45,1219,254,2,19/04/2025,127.72,7.8,Credit Card
123,4,70,1455,1273,3,14/11/2024,152.53,9.5,Credit Card
127,1,29,278,105,2,11/06/2025,272.39,31.4,Debit Card
136,2,73,1403,1480,2,11/10/2024,43.48,10.9,Debit Card
138,1,29,3675,76,3,05/11/2025,44.84,26.8,Debit Card
139,1,29,2136,278,3,06/01/2025,129.56,28.8,Credit Card
144,1,48,2076,1015,2,01/05/2025,159.48,25.7,Credit Card
145,1,86,2604,1243,1,23/04/2025,113.66,31.3,Cash
148,3,14,3553,1100,5,28/09/2025,32.74,4.7,Online
151,1,29,2050,28,5,20/06/2025,153.88,24.9,Cash
152,2,26,146,857,5,04/02/2025,200.3,6.1,Debit Card
153,4,70,4559,73,5,13/10/2024,182.04,8.7,Online
156,4,42,4100,105,1,22/12/2024,121.02,4.4,Debit Card
160,1,79,229,41,1,15/04/2025,25.06,24.5,Cash
162,3,115,4514,690,2,20/12/2024,123.51,5.4,Debit Card
164,2,8,1453,43,2,02/01/2025,197.77,6.0,Credit Card
165,1,29,1139,63,4,08/04/2025,178.94,27.7,Online
167,3,115,3082,8,1,02/08/2025,282.19,7.0,Cash
168,4,56,3448,502,1,11/10/2024,112.32,11.9,Debit Card
169,2,8,211,256,3,17/01/2025,107.48,3.9,Debit Card
170,4,31,4972,192,1,20/02/2025,55.42,5.7,Debit Card
174,1,50,2492,70,2,18/11/2025,178.22,23.1,Credit Card
177,3,46,3922,1316,2,12/05/2025,131.26,4.1,Credit Card
180,4,42,4492,145,5,04/04/2025,81.38,4.5,Credit Card
181,1,79,3433,1449,2,25/06/2025,246.77,29.6,Debit Card
186,2,11,3786,1456,5,05/03/2025,55.24,7.0,Cash
187,2,32,1379,270,1,30/09/2025,148.36,4.7,Credit Card
188,4,31,4272,1324,5,30/10/2025,48.45,5.0,Debit Card
189,2,13,821,189,1,06/01/2025,248.14,8.6,Debit Card
191,2,35,361,145,2,15/12/2024,68.51,4.6,Debit Card
192,4,42,1705,410,1,28/08/2025,267.25,8.3,Debit Card
193,4,1,4931,313,4,15/10/2024,136.97,9.6,Cash
194,3,46,4023,277,2,28/11/2025,212.47,11.5,Online
197,2,43,2796,145,1,15/02/2025,213.06,5.2,Debit Card
199,2,114,4401,953,3,10/11/2025,288.3,10.4,Credit Card
206,3,88,4081,9,5,04/03/2025,157.77,4.8,Online
208,2,73,4884,570,1,15/01/2025,135.47,7.4,Online
209,4,56,1447,156,3,02/11/2024,96.65,8.9,Cash
212,4,1,4552,10,1,27/01/2025,66.2,11.6,Debit Card
213,2,83,1685,213,3,19/02/2025,86.47,6.0,Debit Card
214,2,43,1078,119,1,29/09/2025,249.33,11.0,Debit Card
225,4,31,2805,935,5,19/05/2025,81.55,3.9,Credit Card
228,3,88,1015,163,1,22/11/2025,7.74,4.1,Cash
229,3,46,2983,154,2,30/11/2024,29.96,3.1,Online
231,3,88,563,120,2,03/01/2025,275.33,5.0,Credit Card
235,4,1,4254,120,1,27/01/2025,54.34,8.9,Debit Card
237,3,14,3463,235,2,20/01/2025,200.2,8.7,Credit Card
242,4,31,2410,73,1,05/08/2025,37.66,9.5,Cash
244,1,86,4667,77,3,29/10/2024,95.59,33.8,Cash
247,3,46,2216,190,1,30/03/2025,263.8,5.3,Online
250,2,114,1918,220,2,04/07/2025,100.76,7.5,Credit Card
251,4,1,2516,12,1,20/12/2024,242.08,9.7,Debit Card
258,2,45,3142,1269,5,03/11/2025,74.54,9.4,Debit Card
263,4,34,3824,93,2,30/10/2024,240.16,8.9,Online
265,4,34,2310,901,4,28/10/2024,54.89,3.4,Credit Card
267,2,8,1644,950,1,14/07/2025,220.3,3.9,Debit Card
271,3,88,3187,5,1,09/12/2025,192.28,9.2,Debit Card
276,2,73,616,90,1,05/03/2025,243.94,7.5,Debit Card
278,1,3,2108,132,1,22/09/2025,121.39,32.6,Cash
285,4,56,1293,140,4,20/08/2025,136.53,3.8,Cash
287,2,28,1862,389,2,12/08/2025,184.03,7.9,Cash
293,2,13,2124,1464,2,02/12/2025,250.46,4.5,Credit Card
296,4,1,2953,1476,1,17/12/2024,202.52,6.7,Credit Card
302,3,88,1222,18,1,09/02/2025,176.35,4.2,Debit Card
305,1,118,3234,121,2,18/02/2025,187.48,27.1,Credit Card
307,2,110,2525,19,1,09/02/2025,79.54,7.3,Online
308,2,89,1683,176,1,31/10/2024,117.27,9.6,Credit Card
311,1,58,1855,270,2,19/06/2025,202.15,31.0,Online
312,3,53,3523,361,5,01/12/2024,112.61,11.6,Debit Card
317,1,50,1724,758,3,10/05/2025,193.25,30.3,Cash
318,4,42,1185,1237,3,22/10/2024,272.33,7.9,Debit Card
320,3,115,615,240,4,21/09/2025,26.24,8.0,Debit Card
330,4,42,145,180,4,07/08/2025,47.87,3.3,Credit Card
331,3,14,753,267,2,25/10/2024,299.86,8.4,Cash
334,1,86,2932,57,1,27/09/2025,231.32,29.7,Debit Card
336,2,45,4808,30,1,20/01/2025,119.6,8.4,Cash
344,3,21,1454,224,2,27/11/2024,47.1,11.3,Debit Card
346,4,34,684,152,1,21/04/2025,203.95,7.7,Cash
349,4,70,1149,64,1,04/09/2025,95.09,11.9,Online
352,4,1,4189,274,2,04/06/2025,186.02,8.8,Debit Card
359,2,8,4080,142,2,09/06/2025,7.89,11.7,Debit Card
360,4,34,4939,106,1,16/03/2025,34.17,5.3,Credit Card
361,4,56,656,5,5,15/07/2025,81.35,4.5,Online
369,2,13,4071,167,2,27/03/2025,267.92,5.9,Credit Card
379,2,8,352,185,1,08/01/2025,16.99,4.3,Debit Card
381,3,53,685,81,5,30/05/2025,132.55,6.2,Credit Card
383,2,45,4856,31,2,01/07/2025,157.92,7.4,Cash
389,1,79,4354,98,1,02/10/2025,279.33,28.4,Credit Card
393,4,31,893,27,2,05/11/2025,176.52,5.3,Credit Card
399,1,4,3536,219,1,22/05/2025,211.65,26.2,Debit Card
403,2,8,4199,2,3,30/01/2025,246.88,7.2,Credit Card
406,4,1,1200,1157,2,20/12/2024,68.43,3.3,Debit Card
412,3,46,2617,954,2,04/10/2025,218.73,7.5,Debit Card
418,4,31,1250,1487,1,13/11/2025,116.1,6.8,Online
422,4,31,334,284,2,03/09/2025,277.83,6.7,Credit Card
427,2,45,4906,176,4,18/10/2025,21.02,10.1,Cash
431,2,43,2115,53,1,03/02/2025,32.27,10.8,Debit Card
435,1,3,1083,93,3,08/02/2025,106.7,24.2,Credit Card
436,3,46,4366,143,4,17/05/2025,218.46,10.5,Credit Card
437,4,34,1406,19,1,04/02/2025,44.07,8.8,Credit Card
451,3,115,4030,846,1,20/06/2025,84.15,4.0,Credit Card
453,1,59,3603,173,3,07/08/2025,82.17,24.7,Credit Card
454,2,83,2928,206,4,31/01/2025,201.81,6.8,Debit Card
457,2,89,3724,143,3,25/05/2025,210.5,11.4,Credit Card
460,1,68,4914,747,2,11/10/2025,66.81,23.8,Online
461,4,31,168,1415,1,06/02/2025,45.04,8.6,Credit Card
466,4,42,2076,10,3,24/12/2024,159.48,8.4,Online
469,4,31,3087,203,2,26/10/2024,44.39,8.4,Online
470,4,70,2241,1056,1,30/03/2025,16.22,9.3,Debit Card
471,1,86,4154,729,1,16/07/2025,154.53,22.4,Cash
472,3,21,2636,659,1,07/03/2025,142.19,8.7,Credit Card
473,3,46,3495,191,1,02/01/2025,228.84,8.3,Debit Card
477,4,70,4028,46,4,25/11/2025,228.98,4.6,Credit Card
479,1,58,3283,343,4,17/11/2025,218.74,32.2,Cash
482,2,23,2530,120,1,16/03/2025,270.38,9.6,Credit Card
486,4,31,3830,607,2,15/03/2025,206.85,4.0,Cash
497,4,42,38,98,4,19/05/2025,128.86,4.4,Online
503,3,115,3460,217,5,06/02/2025,126.25,11.6,Credit Card
504,2,103,4602,211,5,21/11/2025,191.63,3.9,Credit Card
505,1,48,3813,138,5,14/10/2025,15.25,33.9,Credit Card
506,1,54,3031,184,3,26/10/2025,40.39,33.4,Cash
507,4,56,2355,1208,3,28/09/2025,200.63,4.1,Cash
509,2,28,3314,44,1,10/11/2025,176.67,7.5,Credit Card
510,3,53,767,1287,2,03/08/2025,239.95,10.9,Cash
511,3,88,2493,136,5,21/08/2025,276.8,5.0,Credit Card
517,4,1,4632,606,1,27/10/2024,216.47,7.2,Debit Card
520,3,53,2032,1416,4,26/12/2024,23.19,10.2,Debit Card
523,2,28,1754,189,3,05/11/2025,281.01,4.3,Debit Card
526,1,68,2777,957,1,18/08/2025,288.77,28.6,Credit Card
527,2,28,3654,190,1,15/06/2025,33.13,3.8,Credit Card
529,2,114,4708,136,2,25/01/2025,236.2,7.3,Online
532,3,53,1896,213,5,10/10/2024,295.58,10.8,Debit Card
536,2,28,1173,212,1,31/05/2025,7.25,9.3,Cash
540,4,34,1514,252,1,29/11/2024,117.88,10.8,Cash
541,1,79,633,83,4,25/08/2025,67.32,23.3,Cash
545,2,43,968,64,1,23/02/2025,230.71,8.4,Credit Card
548,1,54,2982,165,1,21/02/2025,164.75,24.8,Cash
553,3,53,3988,31,3,25/09/2025,41.25,10.8,Credit Card
555,3,115,2209,163,4,23/08/2025,235.74,11.6,Credit Card
565,2,73,3179,66,4,04/02/2025,50.14,11.7,Credit Card
570,3,14,2851,669,5,25/12/2024,119.81,7.0,Cash
578,2,23,1781,495,1,17/06/2025,16.72,11.3,Online
587,1,17,1691,47,1,22/06/2025,255.15,33.1,Cash
591,1,17,340,1477,1,10/03/2025,32.11,25.9,Debit Card
592,1,82,1062,217,2,16/11/2025,117.56,32.2,Cash
593,3,115,2258,1189,3,15/08/2025,189.89,7.0,Cash
594,3,53,1527,68,3,27/10/2025,19.59,8.7,Credit Card
595,2,8,1900,2,1,24/11/2025,59.34,8.9,Online
599,1,50,1393,1442,1,10/11/2025,242.53,33.7,Cash
600,1,68,4178,226,1,31/08/2025,87.34,28.2,Cash
601,2,89,1587,192,5,24/10/2024,256.32,5.1,Debit Card
619,1,98,3225,52,4,21/10/2025,16.69,25.9,Credit Card
620,4,34,3614,592,1,06/10/2024,84.75,11.2,Debit Card
623,4,31,3404,217,1,03/10/2024,144.88,10.4,Debit Card
633,3,88,682,257,1,02/02/2025,134.09,10.4,Debit Card
635,3,14,2994,28,2,16/11/2025,250.45,3.1,Debit Card
636,1,48,3850,52,1,15/10/2025,37.62,25.5,Online
638,1,79,4612,1006,3,18/02/2025,82.36,25.5,Debit Card
639,1,17,1694,27,1,31/08/2025,195.16,23.1,Cash
642,3,53,3943,1120,4,10/07/2025,244.85,5.2,Debit Card
645,3,88,265,888,4,25/11/2024,82.15,5.5,Online
649,1,4,4085,409,2,07/11/2024,196.68,31.3,Credit Card
650,3,88,4882,1482,5,19/10/2024,80.11,4.2,Credit Card
651,1,17,1038,168,5,30/09/2025,19.17,30.1,Debit Card
654,3,14,2516,443,1,18/02/2025,242.08,3.5,Credit Card
664,1,98,2458,273,3,08/07/2025,266.68,26.3,Cash
667,2,26,4493,278,2,21/08/2025,189.89,6.5,Credit Card
669,2,103,2572,1124,1,18/11/2024,14.54,10.0,Credit Card
670,1,29,4069,149,4,29/10/2024,93.16,29.5,Credit Card
680,3,115,1424,234,2,05/10/2025,171.63,8.3,Debit Card
682,4,34,1250,1019,5,18/10/2025,116.1,3.7,Credit Card
683,2,32,594,21,5,29/06/2025,295.43,6.2,Online
688,1,118,932,266,4,07/12/2024,21.25,23.5,Online
701,3,14,2565,84,1,02/10/2025,167.25,3.1,Cash
704,3,21,3531,899,1,18/11/2025,89.26,9.1,Online
705,1,118,2627,1228,2,23/12/2024,179.41,26.6,Credit Card
712,4,1,3002,1107,2,30/03/2025,277.96,8.9,Credit Card
714,3,115,1744,216,5,10/01/2025,214.82,4.4,Cash
715,3,14,41,152,4,24/10/2024,175.14,4.5,Credit Card
717,1,50,1060,163,1,16/03/2025,22.69,30.3,Credit Card
718,4,70,3278,291,1,27/05/2025,102.86,8.0,Debit Card
724,3,46,2973,199,2,09/12/2024,220.39,10.4,Debit Card
727,4,34,4360,184,3,11/12/2024,75.1,7.9,Online
729,4,1,696,940,1,25/12/2024,90.38,11.6,Debit Card
730,4,42,122,483,3,06/11/2024,86.98,4.8,Cash
734,3,88,3989,241,1,16/11/2025,160.8,6.5,Credit Card
735,2,11,735,215,1,30/10/2024,114.09,9.7,Online
739,4,34,4098,1072,5,11/05/2025,155.98,6.4,Cash
744,2,10,12,235,1,09/10/2024,18.71,8.7,Debit Card
745,3,46,1037,216,2,23/05/2025,108.58,6.7,Debit Card
747,2,28,4397,138,2,02/03/2025,171.56,3.5,Credit Card
749,2,103,4201,110,1,03/12/2024,155.8,9.8,Credit Card
752,2,43,3411,172,2,27/10/2024,47.45,8.5,Online
753,2,69,2078,684,2,03/02/2025,213.58,3.6,Debit Card
755,3,14,2670,258,1,05/12/2024,32.11,9.8,Credit Card
756,3,115,3666,827,2,25/01/2025,13.37,5.5,Cash
759,4,56,263,50,1,17/03/2025,169.82,7.1,Credit Card
765,3,14,3715,126,5,01/08/2025,113.52,10.2,Cash
768,4,56,248,161,1,03/12/2024,119.59,7.2,Cash
769,3,14,4944,978,1,22/11/2025,57.99,8.8,Credit Card
771,4,31,1356,304,2,03/12/2024,269.39,3.8,Debit Card
776,1,29,4391,291,3,18/04/2025,186.99,26.7,Debit Card
777,1,50,1670,25,1,13/10/2025,139.51,23.8,Online
778,2,10,1788,286,1,13/06/2025,142.02,9.7,Online
781,2,73,234,209,2,18/02/2025,124.59,3.2,Cash
783,4,70,371,186,4,16/12/2024,14.91,3.0,Cash
784,1,29,1731,46,2,05/08/2025,139.63,32.7,Debit Card
791,4,34,2689,458,1,07/11/2025,19.82,4.5,Credit Card
793,2,89,4574,27,4,23/02/2025,53.24,3.6,Cash
799,3,53,3557,1028,5,28/02/2025,48.26,8.0,Credit Card
800,4,1,74,1497,5,15/11/2024,142.51,11.1,Online
802,1,82,892,239,1,12/02/2025,266.8,32.6,Debit Card
803,1,59,727,617,1,26/12/2024,274.11,27.2,Cash
808,4,34,4431,140,2,26/02/2025,109.27,9.2,Cash
816,4,56,4083,711,5,09/10/2024,253.63,10.8,Cash
820,3,88,2375,348,1,30/11/2024,46.41,10.9,Debit Card
823,2,110,4273,983,2,06/07/2025,102.84,5.0,Online
828,4,1,2858,147,2,17/08/2025,246.65,10.4,Cash
834,2,45,2309,1033,5,20/03/2025,82.6,7.8,Cash
847,2,35,2495,926,4,13/08/2025,67.6,7.8,Credit Card
849,3,46,3635,180,2,01/08/2025,147.65,6.1,Credit Card
857,3,46,832,87,2,23/12/2024,258.16,5.3,Credit Card
859,4,42,1457,232,1,24/02/2025,292.08,8.0,Cash
860,4,34,2906,26,5,21/03/2025,103.08,5.4,Debit Card
863,4,1,92,229,3,30/08/2025,21.16,7.7,Credit Card
867,3,88,2422,187,1,12/02/2025,166.87,5.9,Cash
868,4,1,275,921,1,08/02/2025,183.25,5.5,Cash
869,1,82,520,15,1,24/09/2025,263.49,26.3,Debit Card
870,1,48,1638,279,4,11/06/2025,248.76,22.2,Credit Card
872,1,118,3115,101,2,14/06/2025,258.79,32.6,Cash
875,3,115,1038,1046,1,11/10/2024,19.17,6.1,Debit Card
879,2,114,1737,115,2,01/12/2025,139.8,3.9,Credit Card
884,1,68,1739,2,1,11/07/2025,41.69,22.5,Cash
885,3,53,3954,1436,1,30/08/2025,87.13,5.3,Debit Card
889,3,88,4866,312,2,29/10/2024,26.76,6.4,Cash
892,4,34,1306,846,1,23/11/2025,235.49,5.6,Online
894,3,14,1812,16,2,14/06/2025,88.98,4.8,Debit Card
897,3,115,201,91,4,22/10/2025,276.76,5.6,Cash
898,4,1,4783,974,2,31/10/2024,223.56,6.1,Debit Card
902,3,115,2113,79,4,18/12/2024,240.65,8.9,Credit Card
907,3,53,3300,762,1,01/09/2025,196.06,10.0,Credit Card
908,2,110,822,279,1,13/01/2025,63.74,7.0,Debit Card
909,3,53,1506,239,1,02/01/2025,25.05,4.8,Cash
913,3,115,349,222,4,31/08/2025,263.46,10.3,Cash
918,2,26,347,458,1,18/11/2025,115.92,11.9,Debit Card
921,4,34,4693,675,1,11/04/2025,180.56,11.9,Online
924,1,3,3796,138,5,04/04/2025,5.32,27.4,Credit Card
925,1,79,3068,133,1,18/02/2025,155.28,28.4,Credit Card
926,4,34,3448,100,2,23/06/2025,112.32,6.7,Online
928,3,14,3510,33,2,04/05/2025,166.1,3.9,Credit Card
929,1,29,2112,39,1,01/07/2025,194.57,23.6,Credit Card
930,4,31,4806,1059,2,26/12/2024,220.47,11.5,Credit Card
935,1,3,578,444,5,21/03/2025,254.27,22.2,Credit Card
936,4,31,2926,184,2,14/08/2025,97.37,9.6,Credit Card
946,4,34,4553,34,1,09/02/2025,56.22,8.7,Debit Card
947,3,115,3719,83,2,01/10/2024,155.4,6.0,Debit Card
948,3,21,2145,278,2,21/10/2024,113.59,8.5,Online
949,3,88,2091,1274,1,27/10/2025,140.78,10.8,Cash
956,4,34,4573,136,2,18/04/2025,110.3,5.0,Debit Card
959,1,54,2265,351,2,09/01/2025,34.54,29.0,Debit Card
964,1,98,3086,453,1,16/01/2025,85.65,32.4,Credit Card
965,3,88,1774,1432,2,17/05/2025,279.55,8.4,Online
968,4,56,1176,331,1,28/11/2024,212.09,4.3,Debit Card
974,1,29,4311,958,2,12/10/2025,76.57,23.7,Debit Card
976,2,23,169,2,1,19/11/2024,41.76,7.7,Credit Card
978,2,103,4917,1324,1,27/01/2025,135.63,3.3,Credit Card
979,2,83,2805,774,1,21/03/2025,81.55,6.8,Credit Card
991,1,82,1462,175,1,29/06/2025,270.38,31.0,Debit Card
992,4,31,4622,716,1,25/06/2025,39.36,11.1,Debit Card
994,2,11,4495,432,5,03/10/2025,68.61,8.3,Debit Card
996,2,110,4632,1038,5,18/07/2025,216.47,4.9,Debit Card
997,1,68,1777,95,1,30/03/2025,28.63,27.2,Credit Card
999,2,23,3960,980,2,22/08/2025,115.54,10.5,Online
1001,2,23,737,1486,4,05/03/2025,67.56,11.8,Online
1006,2,32,2930,103,2,01/03/2025,71.49,9.3,Online
1007,2,103,1783,43,4,25/02/2025,33.94,4.5,Debit Card
1010,4,42,2109,987,1,13/05/2025,175.51,9.7,Cash
1012,4,1,3180,262,3,11/09/2025,289.25,6.9,Online
1013,2,83,417,212,2,21/07/2025,247.42,6.1,Debit Card
1014,4,31,3159,1275,2,29/11/2024,138.56,5.5,Debit Card
1018,4,1,1077,620,2,11/08/2025,216.86,9.8,Credit Card
1024,3,21,925,1495,2,17/05/2025,99.03,11.7,Credit Card
1027,3,115,4142,46,1,19/09/2025,120.04,4.6,Cash
1029,4,1,602,1479,1,04/10/2025,209.93,10.2,Cash
1031,1,79,4702,1342,2,28/10/2024,231.73,27.2,Credit Card
1032,4,70,2210,73,2,20/05/2025,89.1,3.2,Cash
1037,2,43,2014,144,4,02/05/2025,131.51,5.2,Cash
1038,2,43,983,310,5,19/08/2025,85.69,6.3,Debit Card
1039,3,53,4924,114,2,22/05/2025,38.7,9.7,Online
1040,4,1,4184,783,1,14/03/2025,189.32,4.6,Debit Card
1048,3,46,2836,1457,5,07/10/2024,86.11,8.2,Credit Card
1050,1,86,1187,1,5,27/11/2025,128.11,30.2,Credit Card
1051,4,42,4936,171,2,07/12/2024,118.92,5.2,Credit Card
1056,2,89,473,813,1,02/10/2024,185.37,5.2,Credit Card
1068,4,42,1672,229,5,20/11/2025,91.72,3.8,Credit Card
1072,4,34,2805,93,4,06/07/2025,81.55,5.9,Debit Card
1073,2,43,2862,262,1,01/07/2025,189.51,11.6,Credit Card
1076,4,1,2111,21,1,31/10/2024,27.97,8.8,Debit Card
1077,3,21,4830,923,3,12/08/2025,275.48,5.1,Cash
1082,2,23,280,183,5,27/09/2025,243.21,3.0,Credit Card
1085,4,56,2785,1267,4,01/07/2025,255.81,4.8,Online
1088,1,58,2721,251,4,10/01/2025,185.47,31.6,Credit Card
1089,2,69,4824,299,4,09/04/2025,18.11,9.6,Credit Card
1090,4,34,4353,196,2,14/07/2025,51.2,3.2,Cash
1096,2,13,2764,226,1,12/06/2025,171.15,7.4,Debit Card
1097,2,23,3377,288,2,19/12/2024,84.67,3.1,Credit Card
1100,2,28,1517,1488,2,04/07/2025,36.02,10.3,Cash
1101,3,21,875,103,4,18/11/2025,105.46,6.2,Cash
1110,3,46,148,226,1,28/02/2025,216.85,10.1,Credit Card
1119,4,31,3309,1244,4,19/11/2025,57.51,11.3,Online
1120,2,28,2295,649,2,08/02/2025,200.47,8.3,Online
1123,4,70,3033,162,2,19/11/2024,35.16,11.2,Debit Card
1124,1,29,3414,415,5,18/01/2025,126.68,27.7,Cash
1125,2,45,139,1411,4,10/12/2024,94.15,7.1,Online
1127,2,69,951,196,4,21/10/2024,99.01,10.9,Credit Card
1129,2,69,2675,235,4,01/01/2025,33.31,4.1,Debit Card
1133,3,21,3682,299,5,21/07/2025,42.37,7.6,Online
1134,2,73,2082,217,2,16/07/2025,200.67,4.3,Credit Card
1137,2,32,3544,119,1,25/06/2025,250.91,11.6,Online
1139,3,46,2839,34,2,08/09/2025,148.86,3.6,Online
1141,3,46,1810,189,1,14/01/2025,199.71,7.1,Online
1145,2,110,4310,1217,1,09/02/2025,26.38,4.8,Cash
1146,1,79,1097,135,3,26/10/2025,232.12,28.1,Credit Card
1147,3,46,1911,467,2,06/09/2025,137.17,7.7,Credit Card
1150,3,21,4112,14,2,29/08/2025,76.06,11.3,Credit Card
1151,3,21,1179,889,4,22/12/2024,246.97,4.2,Credit Card
1155,4,70,4365,44,1,08/10/2024,191.97,6.7,Debit Card
1156,1,82,4307,111,2,21/01/2025,293.29,22.6,Debit Card
1162,1,4,197,1229,2,21/02/2025,29.22,30.5,Credit Card
1166,3,88,2011,134,1,16/11/2025,183.7,9.8,Debit Card
1172,1,48,4541,8,1,27/07/2025,187.04,31.3,Debit Card
1176,2,35,3095,254,2,18/07/2025,108.63,6.3,Credit Card
1179,1,79,4677,1496,1,05/11/2025,144.65,22.3,Debit Card
1180,2,11,304,41,5,09/07/2025,249.64,6.6,Debit Card
1182,2,43,1796,582,4,20/04/2025,247.45,11.3,Debit Card
1183,4,56,1803,258,1,03/11/2024,190.95,3.6,Cash
1185,3,14,270,825,2,09/03/2025,93.26,10.5,Cash
1187,3,21,1124,237,4,10/06/2025,71.54,11.8,Cash
1194,4,42,3250,12,1,24/03/2025,84.92,5.3,Credit Card
1197,4,34,651,1134,4,13/03/2025,181.8,4.1,Credit Card
1199,1,59,4051,292,2,12/10/2024,201.34,26.9,Credit Card
1201,4,70,4928,1251,2,05/01/2025,92.25,7.8,Online
1206,1,54,1068,43,4,01/05/2025,39.25,25.4,Cash
1210,1,118,581,1458,1,13/03/2025,13.68,31.2,Cash
1212,1,3,271,129,2,24/09/2025,243.73,30.1,Debit Card
1216,2,73,2255,81,4,22/12/2024,103.03,10.7,Debit Card
1217,2,103,1851,14,2,13/05/2025,200.1,9.7,Debit Card
1221,1,48,4556,495,1,04/05/2025,79.39,30.4,Cash
1230,2,8,2579,191,2,20/02/2025,49.74,3.3,Debit Card
1233,1,50,836,864,3,12/03/2025,63.49,32.5,Debit Card
1237,4,34,3352,288,1,29/08/2025,62.44,10.4,Credit Card
1238,1,29,4391,58,4,30/03/2025,186.99,25.0,Cash
1240,1,68,617,261,1,09/09/2025,65.23,22.1,Debit Card
1247,4,70,4483,518,3,02/05/2025,59.72,7.2,Debit Card
1248,4,31,257,842,1,15/02/2025,36.87,5.3,Credit Card
1249,1,50,1677,1441,1,15/11/2024,262.25,30.5,Credit Card
1251,2,8,3390,1287,1,02/02/2025,156.31,6.1,Credit Card
1258,1,58,1171,621,2,16/02/2025,117.61,22.0,Credit Card
1261,2,89,1417,231,1,16/07/2025,232.01,4.5,Debit Card
1263,3,115,1710,43,2,21/05/2025,55.37,10.0,Cash
1270,1,54,4332,161,2,03/11/2025,119.85,25.2,Debit Card
1271,4,56,1810,1,1,26/03/2025,199.71,4.8,Online
1273,1,98,366,36,1,12/08/2025,84.21,30.0,Credit Card
1275,3,53,243,124,3,04/12/2025,73.99,9.7,Credit Card
1281,3,53,2649,175,1,25/02/2025,120.1,10.4,Cash
1282,2,114,1445,313,2,18/11/2024,262.56,5.4,Credit Card
1285,1,59,3168,79,3,13/06/2025,64.23,29.1,Credit Card
1289,4,42,143,297,5,22/11/2024,131.05,5.3,Credit Card
1294,4,70,2485,48,2,12/10/2024,236.61,11.7,Debit Card
1298,1,4,4904,42,2,29/08/2025,42.62,32.9,Cash
1301,4,70,994,1263,1,06/01/2025,180.86,7.8,Debit Card
1303,2,83,4450,287,3,19/11/2025,108.59,4.3,Credit Card
1306,3,53,4718,868,3,27/05/2025,121.19,5.7,Cash
1320,4,31,457,1495,4,30/09/2025,70.94,9.9,Credit Card
1324,3,88,2650,540,2,09/10/2024,208.55,12.0,Cash
1327,4,42,3245,71,4,13/10/2025,34.71,5.7,Credit Card
1328,1,17,592,143,1,21/09/2025,217.21,29.3,Credit Card
1333,3,21,260,190,2,19/03/2025,180.41,5.6,Online
1334,2,26,4619,89,1,07/02/2025,241.32,11.7,Online
1337,3,115,1046,175,2,06/10/2024,203.46,9.2,Credit Card
1338,3,53,193,239,3,26/11/2024,33.98,10.5,Online
1340,1,50,2906,504,2,08/02/2025,103.08,26.5,Debit Card
1341,3,88,4611,837,1,17/10/2024,101.81,3.3,Cash
1346,3,14,4620,222,5,25/09/2025,217.43,10.1,Credit Card
1347,4,42,1660,107,4,08/11/2024,298.26,3.7,Debit Card
1348,4,1,1893,1386,4,05/03/2025,230.97,6.4,Credit Card
1361,3,88,4130,691,5,16/10/2024,123.73,3.6,Debit Card
1364,4,70,3600,571,1,07/06/2025,138.14,7.7,Cash
1366,3,14,2109,880,4,01/04/2025,175.51,4.8,Debit Card
1375,2,110,4706,877,2,28/10/2024,279.0,11.6,Debit Card
1379,1,29,3027,97,2,13/10/2024,223.94,24.8,Credit Card
1384,2,69,480,124,1,08/03/2025,108.9,6.0,Credit Card
1394,2,45,1355,255,1,12/10/2025,272.04,6.3,Debit Card
1395,4,56,1011,613,4,20/12/2024,294.24,9.4,Debit Card
1399,4,56,3973,161,2,22/10/2025,106.98,5.9,Debit Card
1404,3,88,3148,219,1,15/11/2025,16.32,6.8,Debit Card
1406,2,89,430,243,1,29/11/2024,141.68,6.8,Cash
1407,1,17,205,1241,2,11/06/2025,233.41,27.9,Online
1413,4,31,3634,171,1,10/05/2025,182.38,7.9,Online
1417,1,48,303,92,1,04/08/2025,262.69,23.3,Cash
1419,3,21,2089,273,4,25/10/2024,165.99,9.3,Debit Card
1421,3,115,4301,249,1,30/12/2024,94.17,10.8,Online
1426,2,10,3353,138,2,06/12/2024,60.01,10.9,Debit Card
1427,3,53,30,7,5,20/02/2025,185.07,11.5,Cash
1433,2,83,403,662,5,11/05/2025,119.61,6.8,Debit Card
1438,4,70,2538,1006,4,03/07/2025,242.41,6.1,Cash
1439,2,43,4475,127,4,25/01/2025,106.24,4.1,Credit Card
1440,2,43,2114,500,3,05/05/2025,173.73,3.5,Online
1442,4,70,392,56,1,05/12/2024,73.0,6.7,Debit Card
1447,4,42,4306,38,5,30/10/2025,88.64,7.8,Credit Card
1448,1,17,848,182,2,04/10/2025,7.77,27.4,Credit Card
1450,4,34,2287,230,2,07/03/2025,65.37,10.3,Credit Card
1453,4,34,2543,12,4,05/11/2024,109.88,6.6,Credit Card
1456,4,70,2022,68,3,10/07/2025,206.09,4.7,Debit Card
1457,4,34,2765,1313,1,12/06/2025,69.85,3.1,Cash
1459,1,54,1398,161,5,25/11/2025,293.88,31.4,Online
1462,4,42,2975,600,5,27/10/2025,193.77,11.1,Debit Card
1463,4,42,2406,256,2,28/08/2025,93.68,10.9,Cash
1470,1,3,4270,1287,2,17/02/2025,198.43,26.6,Online
1475,2,28,133,1096,2,18/09/2025,9.06,10.7,Debit Card
1478,1,48,3180,401,4,25/06/2025,289.25,26.0,Credit Card
1484,1,50,1333,116,1,17/06/2025,140.57,33.9,Credit Card
1486,3,14,1306,225,1,15/03/2025,235.49,7.2,Credit Card
1487,1,58,972,664,2,04/03/2025,271.6,33.4,Credit Card
1488,4,70,4149,1315,2,30/10/2025,169.99,8.7,Credit Card
1489,4,34,1960,7,5,14/09/2025,57.02,5.2,Debit Card
1495,2,89,1511,1243,4,13/10/2025,287.82,8.5,Credit Card
1501,4,70,277,1496,2,23/06/2025,52.13,6.4,Online
1503,2,28,3562,1113,3,08/11/2024,153.18,9.4,Cash
1505,4,31,831,69,3,25/03/2025,188.91,6.8,Debit Card
1508,4,34,1814,270,4,18/05/2025,49.72,9.3,Cash
1510,2,89,3481,64,1,25/12/2024,275.89,4.3,Cash
1513,3,53,3165,289,3,28/09/2025,143.86,6.1,Debit Card
1514,2,110,3194,226,5,28/04/2025,272.54,6.3,Cash
1517,1,48,2995,219,2,26/03/2025,244.11,26.3,Online
1520,2,8,4880,342,1,19/12/2024,230.99,4.5,Cash
1521,4,34,3134,257,1,07/11/2025,74.59,10.8,Credit Card
1522,3,115,3357,138,4,11/04/2025,110.53,9.0,Debit Card
1525,4,31,802,261,1,14/07/2025,106.33,4.0,Credit Card
1530,2,73,4845,489,2,09/03/2025,27.05,5.2,Credit Card
1539,2,45,1517,263,5,14/09/2025,36.02,7.1,Debit Card
1542,1,118,1448,268,1,18/11/2025,125.82,23.5,Debit Card
1545,4,42,411,138,3,27/01/2025,138.32,3.5,Cash
1550,1,3,96,13,2,03/10/2024,44.16,22.8,Cash
1551,4,31,459,964,5,09/05/2025,18.18,4.4,Cash
1553,4,34,3665,1298,2,05/08/2025,76.94,11.5,Credit Card
1554,4,1,3646,1037,2,15/10/2025,261.37,8.6,Credit Card
1555,1,48,3395,1455,3,24/07/2025,16.63,30.2,Online
1560,2,26,4981,159,1,31/12/2024,269.89,3.6,Debit Card
1561,4,56,2401,57,2,27/11/2025,171.84,6.9,Credit Card
1562,2,45,2545,505,4,07/07/2025,68.27,3.1,Debit Card
1564,4,70,133,147,4,29/04/2025,9.06,8.6,Debit Card
1569,3,21,4939,124,1,12/05/2025,34.17,8.3,Debit Card
1574,3,21,3455,833,1,27/09/2025,267.12,4.1,Credit Card
1578,2,32,430,606,1,18/02/2025,141.68,7.6,Credit Card
1579,4,1,2441,908,1,20/02/2025,136.9,8.9,Credit Card
1581,2,73,2847,552,1,16/02/2025,25.55,6.5,Debit Card
1586,4,34,1072,227,4,15/10/2025,101.96,6.9,Credit Card
1588,3,21,3605,53,1,27/11/2024,70.46,8.1,Credit Card
1591,4,34,2357,1261,1,12/04/2025,87.62,3.4,Credit Card
1595,4,34,4534,143,4,11/04/2025,280.19,10.6,Debit Card
1600,3,115,1361,240,5,20/02/2025,178.53,11.1,Cash
1605,1,50,2980,110,1,20/03/2025,164.82,26.1,Debit Card
1607,1,54,4243,1358,3,07/01/2025,133.4,25.7,Online
1609,2,28,1288,891,3,07/08/2025,202.49,3.3,Online
1612,2,45,1874,46,2,14/05/2025,283.49,8.7,Online
1613,4,31,449,205,1,21/12/2024,80.26,11.7,Credit Card
1618,2,110,2989,464,5,27/03/2025,152.28,6.8,Credit Card
1619,2,73,3800,1284,2,02/08/2025,55.11,6.8,Credit Card
1620,4,56,1812,115,2,14/09/2025,88.98,4.9,Debit Card
1621,3,115,542,61,1,28/11/2025,109.31,4.5,Online
1627,1,118,4610,167,1,20/03/2025,60.85,28.9,Credit Card
1631,4,42,310,161,2,19/03/2025,78.93,3.8,Online
1637,1,3,4814,279,1,06/10/2025,62.81,32.2,Debit Card
1642,4,56,1941,30,1,14/03/2025,249.47,8.0,Debit Card
1643,3,88,4015,219,2,26/10/2024,242.21,6.9,Credit Card
1645,2,13,4927,211,5,13/11/2024,278.61,6.1,Debit Card
1646,4,42,2228,59,1,07/08/2025,84.67,6.9,Credit Card
1649,1,98,3926,162,1,16/04/2025,168.24,28.8,Cash
1650,2,26,1050,956,1,17/10/2025,29.12,9.8,Debit Card
1651,1,98,3363,293,2,13/11/2025,244.42,29.8,Online
1656,2,45,3738,71,1,24/10/2025,68.85,7.3,Credit Card
1657,1,48,3418,836,5,15/04/2025,205.41,32.1,Debit Card
1660,2,114,4669,41,2,03/07/2025,46.28,11.0,Cash
1665,4,1,2142,284,1,30/08/2025,283.95,10.7,Debit Card
1666,3,53,2694,1177,1,01/11/2025,208.8,8.2,Cash
1675,3,53,4277,107,1,24/04/2025,254.96,11.6,Debit Card
1676,1,50,4460,1478,1,31/10/2025,253.12,31.2,Cash
1677,4,42,848,430,1,22/07/2025,7.77,8.9,Online
1678,1,48,2326,1,2,12/09/2025,208.83,30.6,Online
1679,4,1,3396,63,4,09/08/2025,180.95,11.0,Credit Card
1681,2,69,1411,940,1,22/06/2025,200.58,7.7,Debit Card
1685,2,11,1463,1443,1,22/10/2024,216.97,4.5,Debit Card
1687,3,53,1794,3,1,12/05/2025,232.73,3.2,Credit Card
1690,2,114,2765,166,1,03/09/2025,69.85,10.7,Credit Card
1691,1,29,349,60,5,29/06/2025,263.46,32.9,Credit Card
1693,3,53,2196,253,5,04/05/2025,257.01,11.1,Credit Card
1696,4,1,907,85,1,16/07/2025,21.55,10.8,Online
1699,3,46,4215,259,1,27/06/2025,237.07,8.2,Credit Card
1703,1,4,1743,1218,1,12/01/2025,32.87,26.4,Online
1705,4,31,4620,216,1,10/03/2025,217.43,10.8,Credit Card
1708,4,70,2732,649,5,13/04/2025,91.73,5.0,Cash
1710,4,1,843,45,1,07/04/2025,123.91,4.3,Credit Card
1713,4,56,840,107,5,27/10/2024,40.89,3.3,Cash
1716,2,89,548,1338,4,19/06/2025,204.45,4.7,Credit Card
1722,3,14,4615,564,1,19/07/2025,141.46,9.9,Online
1724,4,31,1068,115,4,28/02/2025,39.25,9.5,Cash
1728,3,115,3827,829,1,08/02/2025,275.11,5.1,Online
1740,1,98,4825,975,5,16/11/2025,225.75,24.2,Credit Card
1741,2,11,389,142,1,07/02/2025,191.24,6.9,Debit Card
1745,1,79,3632,69,2,15/11/2025,256.48,32.4,Cash
1748,3,88,4329,3,2,21/06/2025,266.9,3.3,Credit Card
1749,4,56,3346,1084,2,14/02/2025,114.41,9.6,Cash
1750,1,17,4850,672,5,02/05/2025,247.64,33.9,Online
1751,3,21,3079,555,1,23/02/2025,278.08,9.3,Cash
1754,2,13,4,206,1,17/10/2025,274.78,5.9,Debit Card
1758,2,23,3803,1422,4,07/04/2025,246.21,10.2,Online
1760,2,110,1495,1038,5,29/01/2025,241.71,9.9,Cash
1767,1,58,3920,248,1,07/06/2025,153.34,27.3,Credit Card
1770,4,56,1313,171,2,14/11/2024,94.55,11.4,Debit Card
1771,2,73,4316,338,2,03/01/2025,40.27,3.8,Credit Card
1780,3,53,3980,226,4,13/10/2025,78.72,6.9,Debit Card
1784,2,45,4883,285,2,24/12/2024,85.83,8.4,Online
1789,1,98,2322,236,3,01/04/2025,187.39,28.2,Debit Card
1791,2,89,3021,22,2,20/05/2025,229.34,9.0,Cash
1794,1,86,1932,1403,1,03/01/2025,132.67,23.3,Credit Card
1801,3,14,3004,16,1,29/08/2025,23.47,9.9,Debit Card
1805,4,42,3119,189,4,12/05/2025,147.92,8.6,Debit Card
1806,2,26,2331,217,2,08/08/2025,102.93,5.9,Credit Card
1807,3,115,3709,73,2,26/10/2024,134.43,6.3,Debit Card
1809,1,98,583,236,1,02/11/2024,178.69,30.6,Credit Card
1818,2,43,1803,200,5,10/07/2025,190.95,11.8,Cash
1819,1,118,3518,1303,3,20/08/2025,37.42,23.8,Credit Card
1820,3,115,3366,508,5,20/07/2025,19.48,4.7,Online
1827,4,1,4361,220,4,27/12/2024,214.22,10.5,Online
1828,4,34,2656,218,2,13/09/2025,42.94,9.1,Debit Card
1832,2,11,2133,656,1,22/02/2025,25.57,9.1,Cash
1834,4,56,916,131,5,29/08/2025,276.28,9.2,Online
1836,1,82,3759,299,3,24/07/2025,271.41,32.3,Online
1839,3,21,3253,765,1,03/03/2025,57.77,5.8,Debit Card
1847,3,53,2724,1118,1,02/10/2025,285.22,4.5,Credit Card
1849,1,86,3914,979,2,09/01/2025,151.18,24.7,Online
1850,1,54,4843,221,2,23/01/2025,240.94,32.9,Online
1855,2,110,2438,109,1,18/12/2024,37.93,10.7,Online
1859,1,54,4065,59,2,13/12/2024,260.33,22.1,Cash
1862,2,89,1256,252,1,27/10/2024,124.31,11.9,Debit Card
1863,3,88,659,171,4,04/10/2025,51.6,6.1,Online
1867,2,45,4101,218,1,13/09/2025,195.12,5.3,Credit Card
1868,4,1,2242,1358,4,27/08/2025,58.89,10.5,Cash
1871,3,21,1374,284,1,07/12/2024,228.05,3.2,Debit Card
1872,4,34,3885,82,2,19/12/2024,190.4,6.6,Credit Card
1876,1,58,899,151,2,10/08/2025,20.99,24.1,Credit Card
1879,3,115,4616,1269,2,25/05/2025,49.04,3.9,Online
1882,2,73,767,98,1,22/05/2025,239.95,10.6,Online
1887,3,53,1222,196,2,07/08/2025,176.35,6.0,Credit Card
1890,1,4,90,17,4,16/02/2025,81.37,22.5,Debit Card
1891,4,70,3957,270,1,28/08/2025,247.7,7.0,Cash
1894,4,34,341,1140,5,01/11/2024,287.43,9.0,Debit Card
1896,3,14,431,74,5,02/03/2025,214.07,11.0,Online
1904,2,103,706,204,2,16/04/2025,42.42,8.7,Credit Card
1905,3,14,618,647,1,24/07/2025,188.5,10.3,Online
1906,4,1,2920,1360,5,09/02/2025,17.82,3.5,Cash
1908,2,35,675,282,1,02/07/2025,76.81,6.9,Credit Card
1909,3,46,689,262,1,14/07/2025,133.87,11.6,Cash
1911,3,14,4918,408,1,26/02/2025,67.56,9.9,Online
1918,2,35,3888,211,1,01/10/2024,81.36,11.9,Debit Card
1920,1,59,1695,468,1,25/10/2024,57.18,33.0,Online
1921,4,42,3717,1331,3,17/04/2025,144.56,3.3,Online
1923,3,53,678,236,4,27/07/2025,176.5,5.7,Credit Card
1926,2,69,2746,50,1,14/06/2025,177.96,6.3,Debit Card
1930,3,88,1265,34,4,16/12/2024,240.93,8.2,Cash
1931,2,13,3029,383,3,17/03/2025,256.65,8.0,Debit Card
1934,4,1,2600,45,1,28/08/2025,115.9,11.5,Credit Card
1936,3,46,4759,244,2,22/07/2025,132.53,6.7,Cash
1939,3,14,655,326,5,14/10/2024,60.05,6.1,Cash
1941,1,48,4393,822,4,26/12/2024,264.52,24.3,Credit Card
1944,3,53,343,230,3,02/03/2025,172.92,6.7,Credit Card
1945,3,21,563,104,1,30/09/2025,275.33,4.3,Debit Card
1950,4,70,1247,677,4,14/06/2025,16.41,7.0,Credit Card
1952,2,114,4614,757,2,04/05/2025,265.59,7.6,Debit Card
1953,1,17,624,1196,1,22/11/2024,32.54,25.3,Credit Card
1959,4,56,2619,197,1,15/10/2024,163.85,8.0,Credit Card
1961,2,103,1258,12,2,11/03/2025,94.79,8.9,Credit Card
1969,1,17,1186,170,5,29/08/2025,244.66,22.6,Credit Card
1970,3,88,2376,460,4,17/05/2025,250.38,4.9,Debit Card
1973,1,59,2097,716,1,20/07/2025,96.84,24.0,Cash
1976,1,68,572,190,1,21/02/2025,254.34,29.3,Credit Card
1978,2,45,2722,220,1,16/04/2025,159.13,10.2,Credit Card
1979,4,1,762,2,1,25/01/2025,254.2,5.4,Debit Card
1981,1,79,3306,99,1,14/05/2025,204.43,23.6,Credit Card
1986,2,89,4849,32,1,15/03/2025,278.48,11.4,Credit Card
1987,2,26,3926,53,2,05/12/2025,168.24,11.9,Credit Card
1988,1,68,3399,41,2,07/12/2025,82.08,28.7,Credit Card
1990,2,28,3062,1500,2,16/08/2025,245.6,4.3,Debit Card
1991,3,21,4604,112,1,28/09/2025,69.12,9.8,Cash
1992,2,13,7,242,1,24/10/2024,50.63,10.4,Debit Card
1994,4,1,1185,1146,1,10/09/2025,272.33,8.1,Cash
2001,4,70,3931,1158,3,28/01/2025,265.48,11.9,Online
2003,4,1,885,685,1,04/12/2024,276.44,4.7,Online
2006,3,88,2839,1483,3,05/04/2025,148.86,5.7,Credit Card
2008,1,59,2108,155,4,09/07/2025,121.39,22.2,Online
2009,2,114,2345,284,2,23/11/2024,229.47,4.0,Credit Card
2011,2,13,2843,230,1,24/03/2025,25.56,8.4,Cash
2015,2,23,383,441,5,01/06/2025,258.89,9.9,Online
2016,4,70,1467,85,3,09/05/2025,29.87,3.9,Debit Card
2017,1,50,1932,301,1,28/11/2024,132.67,25.1,Credit Card
2020,1,118,1288,1098,1,18/10/2025,202.49,25.0,Debit Card
2021,2,35,2419,62,4,23/09/2025,88.51,4.3,Credit Card
2022,4,1,463,181,2,22/12/2024,219.34,4.3,Debit Card
2023,4,1,3462,281,4,07/08/2025,22.22,5.1,Credit Card
2028,4,34,3627,1039,2,14/02/2025,241.86,9.4,Credit Card
2033,1,82,551,1281,1,08/09/2025,84.03,22.5,Debit Card
2034,4,56,4162,332,5,29/08/2025,138.85,11.5,Cash
2035,4,1,1088,820,1,29/11/2025,216.54,10.4,Cash
2041,4,70,555,1091,1,08/11/2025,189.31,8.8,Debit Card
2046,2,43,3416,210,1,12/11/2024,13.77,9.9,Cash
2047,1,58,4987,250,2,03/09/2025,288.72,25.9,Credit Card
2051,1,59,3245,1477,5,29/10/2025,34.71,23.2,Cash
2053,4,56,2461,919,3,25/01/2025,193.45,7.0,Cash
2054,2,28,1088,70,5,24/02/2025,216.54,8.7,Credit Card
2055,2,89,3831,4,1,26/06/2025,38.97,11.3,Online
2060,2,114,446,289,1,16/10/2025,284.64,3.9,Cash
2061,1,29,3066,842,1,01/12/2025,278.98,30.2,Cash
2062,1,68,30,157,1,03/05/2025,185.07,33.0,Credit Card
2063,4,31,4383,177,2,19/08/2025,121.14,7.1,Cash
2064,4,56,681,177,3,23/06/2025,264.89,11.3,Credit Card
2065,2,114,2582,85,1,09/03/2025,139.09,9.9,Debit Card
2066,2,32,4105,104,1,13/10/2025,252.85,8.6,Credit Card
2067,4,34,2192,99,4,11/06/2025,69.28,10.3,Credit Card
2070,1,68,1716,330,2,18/02/2025,101.19,22.7,Online
2079,3,115,4526,28,4,05/12/2024,143.67,6.5,Credit Card
2081,2,110,2879,51,2,18/11/2025,162.3,11.0,Online
2082,2,32,2914,506,2,02/12/2025,97.53,9.4,Credit Card
2083,3,115,466,114,3,18/09/2025,134.11,12.0,Online
2085,1,29,2108,130,1,19/11/2025,121.39,30.3,Online
2086,3,21,784,202,3,07/07/2025,168.58,11.6,Debit Card
2088,2,114,3895,50,3,27/11/2025,169.93,10.7,Credit Card
2090,4,31,3097,40,1,03/11/2024,122.34,10.9,Credit Card
2091,1,54,28,96,5,30/11/2024,34.91,33.7,Online
2093,3,21,3682,159,3,17/06/2025,42.37,10.3,Debit Card
2095,4,34,2633,1020,3,01/10/2025,126.07,9.6,Online
2097,4,34,3315,275,4,05/03/2025,7.49,3.6,Credit Card
2099,1,118,1963,1482,4,13/06/2025,81.2,23.9,Cash
2101,2,28,982,204,2,21/02/2025,48.12,4.5,Cash
2103,2,83,3414,133,5,20/03/2025,126.68,6.1,Credit Card
2105,2,114,2009,12,1,16/08/2025,281.07,4.6,Credit Card
2107,3,115,1219,250,1,03/10/2025,127.72,6.9,Cash
2110,2,89,1139,292,5,09/10/2024,178.94,7.5,Debit Card
2111,1,29,2017,191,1,17/07/2025,299.88,30.2,Cash
2112,1,86,4813,253,2,30/10/2025,8.66,26.5,Credit Card
2115,1,54,2848,146,3,13/09/2025,52.71,31.2,Debit Card
2117,3,46,1100,213,3,21/07/2025,111.58,4.3,Debit Card
2119,4,56,660,154,1,03/11/2025,129.42,9.3,Debit Card
2126,2,10,4506,1191,5,15/02/2025,272.83,8.6,Cash
2129,1,48,3592,1134,2,14/06/2025,276.39,32.5,Credit Card
2135,3,46,465,58,2,16/08/2025,108.23,10.9,Credit Card
2142,1,118,1094,154,3,12/09/2025,233.8,25.9,Online
2147,2,45,2263,950,1,20/12/2024,14.36,6.4,Cash
2155,3,14,425,701,1,28/11/2025,259.35,8.5,Cash
2157,3,88,2097,229,1,13/12/2024,96.84,9.5,Debit Card
2158,2,8,4334,35,3,15/10/2024,243.26,8.1,Credit Card
2159,2,13,357,1007,1,04/04/2025,24.08,7.6,Online
2164,2,28,4912,188,2,13/02/2025,161.36,8.0,Online
2165,4,34,4861,163,2,31/10/2024,103.4,9.6,Credit Card
2167,2,103,1867,198,1,10/06/2025,297.52,10.8,Debit Card
2183,4,34,941,192,2,09/01/2025,26.3,5.6,Credit Card
2186,4,31,1125,259,1,28/07/2025,264.72,6.0,Cash
2187,3,21,4630,1029,1,28/01/2025,139.11,7.1,Online
2198,3,53,940,246,3,05/06/2025,191.42,5.1,Debit Card
2202,2,8,4818,548,5,03/06/2025,99.66,7.7,Credit Card
2203,3,14,4495,631,2,07/11/2025,68.61,8.4,Cash
2210,1,4,2013,983,1,15/04/2025,115.47,31.6,Cash
2214,2,26,346,216,4,28/09/2025,80.72,5.7,Debit Card
2216,1,50,1307,1490,4,28/11/2025,85.63,25.9,Cash
2219,3,21,2663,289,1,16/04/2025,161.74,10.9,Online
2220,4,31,2743,409,1,12/10/2025,254.83,8.4,Debit Card
2223,2,8,1933,278,4,30/11/2025,25.3,10.9,Cash
2231,2,45,3805,214,4,15/06/2025,63.43,8.5,Debit Card
2232,2,23,2730,471,2,07/02/2025,116.14,7.8,Cash
2235,3,115,3327,248,5,26/09/2025,146.15,7.3,Debit Card
2239,3,14,2824,198,1,30/06/2025,224.35,8.4,Debit Card
2246,4,42,3034,192,2,01/11/2025,286.79,4.4,Online
2251,2,83,3149,563,1,24/05/2025,44.23,8.8,Debit Card
2262,2,11,4286,968,1,02/04/2025,115.74,9.7,Cash
2271,2,114,353,245,2,01/11/2024,74.09,6.3,Credit Card
2272,3,88,2774,111,1,02/01/2025,205.82,11.2,Credit Card
2278,4,70,3756,146,2,03/09/2025,128.73,3.4,Online
2279,3,53,63,142,3,07/06/2025,115.5,5.0,Online
2281,1,50,3845,257,3,10/11/2025,12.74,27.6,Cash
2283,1,59,2246,1377,4,11/10/2025,204.23,29.6,Credit Card
2284,2,103,1200,899,2,24/12/2024,68.43,6.4,Credit Card
2285,4,34,1569,129,3,20/09/2025,43.39,11.4,Cash
2287,4,70,3817,991,1,10/03/2025,44.85,4.9,Online
2298,2,10,487,103,5,03/05/2025,163.27,5.8,Credit Card
2299,1,59,1499,1132,4,05/02/2025,26.44,29.1,Cash
2303,3,88,2508,247,1,24/05/2025,20.36,8.2,Credit Card
2304,4,34,4127,119,3,04/07/2025,287.08,8.3,Credit Card
2305,1,54,2121,491,2,17/02/2025,238.06,22.7,Credit Card
2307,1,82,3368,108,3,20/06/2025,275.56,31.5,Cash
2309,1,59,2651,293,5,27/11/2024,244.72,23.5,Debit Card
2322,3,46,3210,241,1,08/05/2025,179.13,9.9,Online
2323,3,88,4789,264,2,22/02/2025,176.57,8.4,Online
2326,3,14,4039,134,5,16/07/2025,250.14,8.0,Online
2327,3,53,1192,1023,1,17/10/2025,57.72,7.5,Debit Card
2329,4,56,2840,1471,5,06/10/2024,161.34,10.6,Debit Card
2332,1,118,3745,169,2,24/06/2025,158.73,32.6,Online
2335,4,42,605,173,2,09/02/2025,126.16,6.8,Cash
2337,4,1,75,1229,3,09/07/2025,82.16,9.8,Online
2343,1,54,857,589,4,05/03/2025,165.06,29.0,Cash
2347,4,70,1878,106,1,15/05/2025,217.15,8.1,Cash
2350,2,35,2887,1106,1,10/10/2024,99.77,11.9,Credit Card
2351,2,69,2745,135,3,10/12/2024,208.67,10.2,Debit Card
2352,3,14,1478,336,1,20/06/2025,172.91,6.8,Credit Card
2355,4,56,4733,200,3,18/11/2025,55.86,3.4,Debit Card
2360,3,88,3839,702,3,01/04/2025,288.37,9.0,Credit Card
2362,2,10,1602,39,5,25/06/2025,266.44,6.1,Cash
2364,3,21,2460,147,5,07/09/2025,87.31,9.8,Cash
2366,1,50,3088,71,2,08/04/2025,30.08,31.7,Cash
2369,3,115,611,9,1,01/12/2024,152.11,9.7,Credit Card
2373,4,42,4728,1299,3,07/10/2024,76.14,5.4,Cash
2378,1,59,1857,87,2,21/11/2025,253.11,27.3,Cash
2379,2,35,1821,1126,1,12/07/2025,38.82,3.4,Credit Card
2380,1,54,1026,203,1,28/09/2025,132.39,29.3,Cash
2383,1,3,4850,569,1,19/02/2025,247.64,30.5,Debit Card
2385,1,118,1911,1410,4,14/02/2025,137.17,28.2,Cash
2389,1,48,1106,432,1,24/12/2024,90.48,26.0,Cash
2396,4,42,914,30,2,19/06/2025,174.07,5.7,Online
2397,1,54,3580,318,1,31/10/2024,109.26,30.9,Credit Card
2398,4,1,3436,169,3,20/11/2025,42.4,11.1,Online
2402,2,11,3396,41,3,13/12/2024,180.95,4.5,Online
2418,1,48,4170,51,4,21/09/2025,116.17,26.5,Cash
2419,3,115,2394,135,2,16/02/2025,254.88,4.1,Credit Card
2420,1,58,677,1241,5,16/01/2025,14.08,26.3,Online
2421,4,31,3561,221,3,15/04/2025,20.63,9.8,Credit Card
2423,1,86,3355,24,1,05/03/2025,116.0,23.5,Credit Card
2424,3,115,3137,1153,5,15/06/2025,148.61,4.1,Online
2425,4,42,3696,761,5,03/02/2025,163.57,11.3,Online
2426,3,21,2868,46,4,16/02/2025,179.79,4.9,Credit Card
2439,4,56,2867,170,1,06/12/2025,169.23,11.2,Debit Card
2453,3,88,3260,1260,4,20/09/2025,200.73,10.0,Online
2457,4,42,530,193,2,08/11/2024,191.41,3.9,Cash
2458,4,70,3090,1403,1,25/04/2025,61.26,5.2,Cash
2462,1,54,4678,998,1,11/12/2024,293.67,31.2,Online
2463,2,110,4275,505,4,24/05/2025,5.88,3.2,Credit Card
2475,4,70,3230,318,5,18/11/2025,21.51,10.2,Online
2480,2,73,1139,142,3,30/08/2025,178.94,8.9,Cash
2485,3,115,1912,149,2,28/01/2025,72.02,6.4,Debit Card
2486,2,45,3413,7,3,22/01/2025,28.74,3.3,Credit Card
2492,4,1,2551,294,5,11/10/2025,13.75,3.0,Cash
2494,2,11,2176,155,1,21/11/2025,162.99,7.2,Credit Card
2495,4,1,448,195,1,28/07/2025,272.84,4.7,Cash
2496,1,98,3206,43,2,02/04/2025,55.09,26.6,Cash
2500,4,1,1951,335,1,11/03/2025,293.36,10.1,Debit Card
2504,3,88,2063,907,2,18/02/2025,6.73,9.4,Debit Card
2505,3,53,3473,231,4,28/04/2025,299.63,4.4,Online
2508,2,11,1219,1412,1,09/12/2024,127.72,6.7,Debit Card
2509,4,42,1122,202,1,06/10/2025,264.68,11.4,Credit Card
2513,4,42,4839,1396,3,01/08/2025,186.92,4.2,Cash
2516,4,31,1495,571,4,23/01/2025,241.71,9.2,Online
2518,3,115,1002,202,2,14/11/2025,255.75,5.2,Cash
2524,1,4,4862,49,4,13/02/2025,31.69,31.2,Credit Card
2529,1,82,3956,102,3,29/06/2025,85.16,26.2,Cash
2530,2,110,3552,835,5,18/04/2025,206.13,9.9,Credit Card
2531,4,42,1169,433,1,01/07/2025,163.32,5.7,Credit Card
2537,2,10,1695,297,1,14/01/2025,57.18,10.1,Debit Card
2539,3,46,2460,70,1,06/09/2025,87.31,9.7,Cash
2543,4,31,154,1270,5,27/10/2024,79.36,6.1,Credit Card
2544,2,45,2076,1058,1,15/01/2025,159.48,8.6,Credit Card
2548,2,23,2994,184,4,13/05/2025,250.45,3.8,Online
2549,2,11,1397,60,2,19/05/2025,34.85,9.9,Credit Card
2558,1,82,2684,36,1,22/04/2025,248.46,26.3,Credit Card
2561,4,31,3981,157,5,20/10/2024,18.18,3.8,Cash
2564,1,48,4612,161,3,14/04/2025,82.36,24.7,Credit Card
2567,3,53,1373,170,1,04/10/2025,120.71,4.4,Debit Card
2568,4,56,2314,1419,2,04/02/2025,194.63,7.8,Cash
2573,2,11,4337,215,2,16/08/2025,8.28,7.0,Online
2575,4,42,4908,713,4,23/10/2025,63.53,9.6,Credit Card
2578,4,56,2287,58,3,13/01/2025,65.37,9.5,Credit Card
2583,4,70,3171,258,2,27/11/2024,171.62,8.4,Debit Card
2584,2,23,3440,190,4,10/03/2025,268.54,9.3,Cash
2585,4,1,2171,270,4,19/03/2025,20.35,7.9,Credit Card
2587,4,56,263,268,3,12/10/2025,169.82,4.7,Credit Card
2597,3,21,1805,130,2,18/11/2024,132.9,11.1,Credit Card
2599,4,31,2658,141,2,23/01/2025,188.73,8.3,Debit Card
2600,3,88,741,1020,5,06/11/2024,254.9,10.4,Cash
2601,4,42,3994,157,1,04/09/2025,151.29,5.4,Debit Card
2603,1,86,1319,186,4,21/07/2025,140.37,29.2,Credit Card
2606,3,53,980,534,4,25/09/2025,103.64,4.0,Cash
2609,4,56,4954,123,1,19/10/2025,155.85,4.7,Online
2611,2,45,4627,552,2,15/05/2025,74.77,10.8,Online
2612,3,14,723,218,4,20/06/2025,134.15,11.6,Credit Card
2613,1,82,759,246,5,28/11/2024,154.59,27.9,Cash
2618,1,98,4433,1345,1,06/12/2025,68.77,22.1,Online
2620,3,46,1814,241,1,14/12/2024,49.72,6.9,Credit Card
2622,3,46,2772,218,1,04/01/2025,274.94,8.3,Credit Card
2623,3,46,835,450,5,18/08/2025,262.7,9.4,Debit Card
2624,3,46,3343,246,3,11/11/2025,86.21,3.0,Credit Card
2625,4,31,43,125,4,22/03/2025,65.37,6.0,Cash
2626,4,1,3854,194,5,29/10/2025,206.36,3.8,Credit Card
2629,3,53,4595,212,1,06/04/2025,234.05,11.6,Online
2637,4,56,2580,802,2,15/12/2024,108.92,3.5,Online
2638,1,82,537,80,4,06/07/2025,144.1,22.7,Credit Card
2643,2,13,583,779,4,06/12/2024,178.69,8.8,Credit Card
2645,2,73,2410,331,1,07/12/2024,37.66,5.9,Debit Card
2654,4,1,4566,654,1,13/09/2025,143.37,10.3,Credit Card
2658,1,54,2296,687,5,27/10/2025,211.78,29.5,Debit Card
2660,1,79,3446,40,1,21/01/2025,73.94,22.6,Debit Card
2663,2,114,4085,405,3,11/02/2025,196.68,4.5,Credit Card
2664,3,14,3566,113,2,01/10/2024,245.52,11.9,Credit Card
2677,2,69,947,173,4,10/09/2025,188.59,3.5,Debit Card
2682,4,31,1759,944,2,13/09/2025,227.66,4.6,Credit Card
2684,2,43,462,482,2,23/10/2025,206.7,9.2,Credit Card
2686,3,21,4877,596,2,10/03/2025,204.58,4.3,Credit Card
2687,4,56,4225,286,1,08/11/2025,23.11,3.5,Cash
2689,1,17,2239,293,3,20/05/2025,35.77,33.8,Cash
2692,1,3,2394,1167,1,27/07/2025,254.88,33.5,Online
2694,3,53,4932,1024,1,10/04/2025,215.47,3.1,Credit Card
2696,1,50,4868,1048,2,25/11/2025,51.57,30.7,Debit Card
2701,4,70,1602,91,2,23/07/2025,266.44,4.1,Cash
2704,2,114,4665,158,2,23/04/2025,167.64,3.1,Credit Card
2705,4,70,676,25,2,12/12/2024,168.7,6.4,Online
2707,4,31,1937,202,3,29/06/2025,162.51,6.7,Credit Card
2708,3,115,2751,39,1,06/01/2025,66.23,4.4,Online
2710,2,103,2266,10,4,09/09/2025,135.32,9.5,Credit Card
2713,1,68,1109,187,2,11/09/2025,180.4,27.8,Credit Card
2718,3,88,2751,872,4,14/09/2025,66.23,7.8,Debit Card
2722,3,53,3204,1274,1,23/12/2024,204.7,5.6,Credit Card
2727,2,13,3098,44,5,21/08/2025,251.09,10.5,Credit Card
2728,2,45,4211,1463,2,19/11/2025,141.7,6.2,Credit Card
2731,2,10,4010,318,1,26/12/2024,286.68,9.7,Credit Card
2734,3,46,3423,5,2,12/04/2025,215.72,5.5,Credit Card
2736,3,88,278,291,4,05/12/2024,272.39,4.5,Credit Card
2740,1,58,471,267,5,16/07/2025,126.0,24.9,Credit Card
2741,1,82,317,224,3,07/06/2025,295.36,25.9,Debit Card
2746,1,50,331,72,1,26/07/2025,288.25,23.7,Cash
2747,3,88,2602,156,2,05/09/2025,238.79,7.2,Credit Card
2753,3,21,3883,187,1,15/04/2025,28.16,11.3,Credit Card
2755,2,28,2600,325,3,25/10/2024,115.9,11.9,Credit Card
2762,4,34,3918,933,2,21/12/2024,281.93,7.1,Credit Card
2763,4,34,740,120,2,08/04/2025,293.29,10.7,Debit Card
2765,2,83,750,1235,3,18/12/2024,55.17,7.0,Online
2768,2,10,2124,66,1,19/10/2024,250.46,7.9,Cash
2774,3,46,4171,224,4,03/02/2025,59.57,8.9,Online
2778,3,14,2514,1170,1,02/08/2025,50.2,5.4,Credit Card
2779,1,118,2319,101,1,18/11/2025,55.88,30.8,Cash
2780,1,58,1648,1479,2,05/10/2025,265.74,22.2,Online
2786,3,14,3505,705,5,27/04/2025,286.02,3.7,Online
2797,1,59,2955,42,4,14/12/2024,78.53,29.2,Cash
2800,3,21,4113,1021,2,16/11/2025,20.95,3.5,Cash
2803,2,23,2730,1427,4,20/03/2025,116.14,7.0,Cash
2804,3,115,1079,63,1,27/07/2025,255.15,7.9,Debit Card
2808,2,89,2828,36,2,24/03/2025,45.61,8.4,Debit Card
2810,3,46,4509,1179,2,29/01/2025,258.93,9.1,Debit Card
2813,3,46,1766,17,1,04/01/2025,80.27,5.2,Cash
2815,4,42,3886,823,1,08/03/2025,192.14,5.6,Credit Card
2816,1,86,685,575,2,13/10/2024,132.55,33.6,Cash
2817,1,50,551,251,1,06/10/2024,84.03,29.8,Cash
2819,4,34,1391,822,1,13/02/2025,159.06,8.6,Cash
2821,2,35,857,135,1,08/04/2025,165.06,6.5,Online
2830,1,86,1467,20,1,08/11/2024,29.87,27.2,Credit Card
2835,3,53,4372,168,3,15/04/2025,230.22,5.3,Credit Card
2838,4,70,374,52,2,09/07/2025,212.02,9.8,Credit Card
2840,2,26,156,881,3,22/11/2024,69.44,8.1,Online
2841,4,70,3718,291,2,08/10/2025,246.76,3.1,Debit Card
2844,4,1,2422,266,1,24/10/2024,166.87,9.3,Credit Card
2847,4,70,2043,130,5,06/07/2025,269.9,10.4,Debit Card
2852,4,1,680,1042,4,07/08/2025,172.28,6.6,Debit Card
2858,2,83,1036,134,1,25/05/2025,86.03,5.6,Online
2859,1,4,2959,91,4,03/12/2024,200.07,31.9,Credit Card
2862,4,70,2266,1059,2,09/02/2025,135.32,10.8,Debit Card
2863,4,34,1061,105,2,06/10/2024,174.31,7.3,Debit Card
2866,3,88,3008,494,3,03/08/2025,136.74,11.7,Credit Card
2867,3,14,2596,15,2,11/01/2025,34.51,5.6,Credit Card
2870,4,56,2898,21,1,05/04/2025,298.08,7.9,Online
2872,3,46,3083,363,1,22/02/2025,237.27,9.8,Credit Card
2885,4,56,2076,38,2,19/07/2025,159.48,3.7,Debit Card
2886,2,8,4993,2,2,07/09/2025,109.89,11.7,Credit Card
2887,4,42,4057,18,4,05/06/2025,65.21,6.3,Credit Card
2888,2,43,3425,995,2,12/10/2025,69.47,8.1,Debit Card
2893,1,86,3200,110,5,10/11/2025,83.88,26.3,Cash
2894,3,46,690,111,5,27/06/2025,85.77,6.1,Cash
2895,2,89,693,230,2,02/03/2025,286.28,11.6,Online
2896,4,34,902,38,2,30/04/2025,47.39,10.6,Credit Card
2901,1,59,2309,136,5,08/05/2025,82.6,29.5,Credit Card
2905,1,50,349,248,3,25/09/2025,263.46,28.4,Cash
2908,3,21,1847,1480,1,04/07/2025,257.45,3.8,Online
2909,2,23,4871,114,1,25/10/2025,195.12,8.6,Credit Card
2912,3,46,77,201,4,29/09/2025,111.27,11.2,Credit Card
2919,2,23,2242,86,1,10/10/2024,58.89,11.7,Cash
2920,4,42,3009,279,1,05/06/2025,41.06,11.3,Online
2925,3,115,3527,35,1,18/06/2025,194.69,7.0,Credit Card
2926,2,89,770,166,1,21/11/2025,271.96,4.5,Credit Card
2927,4,1,2945,132,1,05/06/2025,281.88,8.0,Credit Card
2928,2,11,19,468,1,20/07/2025,188.93,7.3,Credit Card
2933,1,118,2786,1206,5,28/10/2024,109.04,22.6,Cash
2934,2,32,689,1219,5,19/07/2025,133.87,9.1,Credit Card
2944,2,13,3036,116,5,04/04/2025,120.94,9.1,Cash
2945,1,98,4009,786,3,18/12/2024,204.52,25.1,Online
2951,3,21,1864,849,5,12/10/2024,103.34,5.7,Debit Card
2952,1,79,1119,221,2,13/06/2025,277.9,33.2,Debit Card
2953,1,118,3296,218,1,10/07/2025,246.29,30.3,Credit Card
2954,3,14,2588,263,1,24/04/2025,72.76,3.7,Cash
2957,2,23,821,1042,3,17/10/2025,248.14,11.6,Credit Card
2958,4,42,4115,147,4,13/03/2025,127.6,10.3,Credit Card
2959,4,70,1680,29,1,25/01/2025,211.24,11.0,Credit Card
2963,2,35,1334,171,1,22/11/2025,214.5,6.8,Debit Card
2964,1,29,3170,263,2,15/12/2024,53.5,23.5,Debit Card
2966,3,115,265,55,4,10/09/2025,82.15,11.5,Credit Card
2969,2,73,3475,234,4,18/06/2025,223.04,5.2,Cash
2979,3,88,4207,118,2,08/09/2025,259.71,3.4,Cash
2980,2,83,2382,1461,1,27/04/2025,133.7,9.9,Credit Card
2982,1,79,2573,944,1,26/09/2025,188.44,28.9,Credit Card
2983,1,3,2705,1407,1,31/07/2025,210.31,22.2,Credit Card
2986,3,14,3216,260,2,30/03/2025,118.25,10.0,Online
2989,1,79,23,1249,2,21/10/2024,6.0,28.6,Debit Card
2991,1,4,4843,234,1,15/12/2024,240.94,26.0,Debit Card
2993,1,118,2982,24,1,22/10/2025,164.75,22.5,Credit Card
2994,4,1,4126,278,1,05/04/2025,90.92,10.0,Debit Card
2995,2,8,4630,62,3,15/12/2024,139.11,6.3,Debit Card
2998,3,88,3688,253,1,15/11/2024,167.58,9.5,Debit Card
3001,2,28,3172,86,3,05/04/2025,191.61,4.2,Online
3002,1,54,689,130,1,10/05/2025,133.87,31.4,Credit Card
3003,2,45,4720,294,1,05/11/2025,189.24,6.4,Credit Card
3007,1,3,4054,538,1,23/02/2025,294.86,33.8,Debit Card
3008,2,32,1692,217,2,09/07/2025,82.27,6.0,Online
3009,4,70,858,202,3,10/06/2025,204.14,12.0,Cash
3015,4,1,1833,165,1,20/10/2024,101.58,4.1,Debit Card
3017,4,34,3680,30,4,29/07/2025,192.78,8.7,Debit Card
3019,3,88,935,193,1,29/06/2025,158.63,7.5,Online
3023,4,34,4653,176,2,20/11/2025,105.45,4.4,Debit Card
3024,1,4,3959,190,3,27/06/2025,282.52,33.0,Credit Card
3026,1,29,3811,557,1,22/12/2024,281.85,22.8,Online
3029,3,46,2785,978,2,04/10/2025,255.81,3.9,Credit Card
3034,1,54,1472,261,2,06/04/2025,259.65,25.0,Debit Card
3035,1,98,3630,79,1,30/04/2025,224.52,29.8,Credit Card
3036,3,14,4932,999,5,07/12/2024,215.47,9.2,Online
3045,4,56,330,156,2,06/03/2025,65.63,11.7,Credit Card
3054,3,21,3678,47,5,04/11/2025,245.62,9.8,Debit Card
3057,3,21,3276,223,5,09/04/2025,198.23,6.2,Debit Card
3063,1,68,2774,163,2,27/07/2025,205.82,32.0,Credit Card
3067,2,83,2119,958,1,02/02/2025,55.58,4.4,Debit Card
3069,3,115,3888,96,2,17/11/2024,81.36,4.8,Cash
3073,1,48,2470,22,3,08/04/2025,6.34,25.0,Debit Card
3074,3,14,4853,920,5,19/12/2024,130.89,10.9,Cash
3075,3,53,643,102,2,21/10/2025,224.52,9.0,Debit Card
3078,3,115,156,207,5,12/04/2025,69.44,4.9,Online
3079,2,73,1441,267,2,05/03/2025,50.53,6.1,Online
3081,3,88,505,113,1,27/10/2025,44.53,11.7,Cash
3083,3,115,1893,931,2,27/04/2025,230.97,5.8,Debit Card
3085,1,50,2276,365,1,11/11/2024,113.05,25.0,Credit Card
3091,4,70,4770,2,4,27/11/2024,71.43,3.4,Cash
3092,1,68,3262,261,3,16/02/2025,275.31,28.1,Debit Card
3093,2,103,4441,173,1,05/01/2025,231.81,7.0,Cash
3094,2,89,645,72,1,27/02/2025,128.11,10.2,Debit Card
3096,1,86,337,1297,2,01/01/2025,132.77,27.2,Cash
3097,2,32,3130,141,4,29/11/2025,178.12,8.6,Credit Card
3099,4,34,1104,735,3,28/11/2025,213.31,4.6,Credit Card
3101,3,53,1783,192,1,29/06/2025,33.94,5.1,Debit Card
3102,4,1,594,278,1,12/11/2024,295.43,5.2,Cash
3104,1,68,786,1330,2,10/10/2025,163.5,25.6,Debit Card
3109,1,4,655,260,1,19/10/2024,60.05,28.4,Online
3110,2,73,1102,48,2,06/07/2025,245.99,7.7,Credit Card
3115,1,17,1687,516,3,16/10/2024,172.37,31.9,Debit Card
3117,4,42,2738,87,3,01/01/2025,41.92,4.0,Credit Card
3119,2,13,818,237,1,13/05/2025,203.31,9.2,Online
3125,4,34,4920,823,5,07/08/2025,288.87,6.5,Credit Card
3130,1,54,1804,1075,3,09/02/2025,271.91,23.3,Credit Card
3133,2,43,1251,147,3,05/10/2024,109.1,9.2,Debit Card
3134,4,31,730,780,1,19/11/2024,295.01,4.1,Credit Card
3136,2,103,3284,155,1,12/05/2025,257.32,3.3,Credit Card
3141,1,4,4293,1073,2,19/11/2025,180.83,33.7,Debit Card
3142,1,59,591,279,1,31/12/2024,36.26,28.2,Online
3147,2,32,2630,843,1,29/11/2024,296.21,5.8,Cash
3155,4,56,4472,1017,1,24/05/2025,108.32,11.2,Credit Card
3156,3,46,4107,211,5,19/07/2025,60.86,5.4,Debit Card
3161,1,118,4658,1046,1,02/10/2025,79.3,26.2,Credit Card
3162,1,4,2336,1349,2,11/12/2024,73.01,26.9,Debit Card
3167,2,13,3717,143,5,15/10/2025,144.56,3.9,Online
3171,1,86,2798,1447,1,02/04/2025,253.38,32.6,Online
3175,3,115,1824,30,1,02/10/2025,280.03,6.7,Credit Card
3177,4,34,1878,297,2,02/11/2024,217.15,3.6,Credit Card
3180,2,110,305,35,1,02/12/2024,286.77,10.8,Credit Card
3181,3,88,4011,146,5,11/06/2025,282.24,3.9,Debit Card
3183,2,114,1489,240,5,06/10/2025,116.5,7.6,Debit Card
3193,1,3,4204,284,3,21/09/2025,83.16,23.9,Debit Card
3197,2,28,1286,97,1,15/03/2025,225.44,5.5,Credit Card
3205,3,14,2547,185,2,06/07/2025,51.02,11.2,Online
3206,2,43,3851,41,1,19/08/2025,183.18,4.0,Cash
3207,4,31,336,1252,4,01/11/2024,171.31,5.3,Online
3208,4,56,4092,300,5,20/04/2025,298.12,11.3,Credit Card
3213,3,14,427,1456,2,25/10/2024,160.66,3.8,Debit Card
3219,2,11,4882,959,2,22/09/2025,80.11,4.8,Credit Card
3220,4,31,1295,40,1,12/06/2025,230.7,7.7,Online
3221,1,54,4185,109,5,17/05/2025,43.27,22.1,Cash
3224,3,88,4632,495,1,31/10/2025,216.47,7.9,Cash
3226,3,14,3631,73,2,04/01/2025,128.43,8.6,Credit Card
3236,4,56,3506,680,2,06/05/2025,103.97,9.4,Credit Card
3244,3,53,3181,657,4,04/04/2025,263.21,7.7,Online
3250,2,43,379,229,4,24/05/2025,75.26,11.9,Debit Card
3252,3,21,1030,156,5,31/10/2025,104.1,10.2,Debit Card
3253,2,32,533,127,2,28/01/2025,230.31,7.7,Credit Card
3257,4,56,533,1044,2,26/06/2025,230.31,5.1,Online
3262,2,26,3446,1358,5,05/06/2025,73.94,6.3,Cash
3263,4,56,2994,26,2,27/11/2025,250.45,10.9,Credit Card
3264,3,88,1100,131,1,04/04/2025,111.58,5.7,Credit Card
3267,3,14,4679,184,1,17/07/2025,76.54,6.4,Debit Card
3271,4,56,3647,67,4,11/09/2025,126.33,6.9,Cash
3275,2,35,726,145,2,01/01/2025,255.13,3.4,Credit Card
3281,2,28,1116,488,1,04/08/2025,19.93,7.7,Debit Card
3286,2,89,1348,236,1,15/10/2025,210.11,8.3,Credit Card
3289,1,86,429,283,1,15/02/2025,165.22,27.5,Credit Card
3291,2,69,1252,175,2,20/05/2025,145.69,7.7,Online
3293,3,88,3858,54,2,09/11/2024,23.91,5.2,Cash
3296,3,115,2735,182,5,25/08/2025,256.6,4.9,Online
3298,1,79,617,284,1,16/07/2025,65.23,26.3,Credit Card
3299,4,34,3684,526,3,20/12/2024,257.66,5.2,Credit Card
3301,3,53,4564,1409,1,26/05/2025,98.34,6.6,Credit Card
3312,2,73,3923,519,2,17/10/2025,188.77,8.9,Credit Card
3313,3,88,3048,1330,1,17/11/2025,212.21,3.9,Cash
3316,3,46,1311,532,2,19/09/2025,158.57,7.1,Credit Card
3317,2,114,1190,397,4,18/05/2025,236.39,8.4,Debit Card
3321,2,8,2893,171,2,08/04/2025,101.57,7.6,Online
3322,2,11,1333,1024,2,25/02/2025,140.57,9.5,Online
3323,3,14,2338,281,2,16/09/2025,158.91,7.9,Online
3325,1,54,457,273,4,05/04/2025,70.94,28.7,Credit Card
3329,3,53,1711,1082,1,13/10/2025,139.49,9.1,Credit Card
3330,4,34,3929,698,1,04/04/2025,16.62,8.9,Credit Card
3334,3,115,2967,879,5,04/12/2025,275.48,9.5,Online
3343,1,17,774,244,3,08/09/2025,158.15,32.5,Debit Card
3345,3,88,2042,29,2,13/11/2024,143.84,8.0,Credit Card
3347,2,110,1674,1496,2,02/12/2025,7.65,7.4,Credit Card
3348,4,56,4269,755,2,04/10/2025,234.46,10.5,Credit Card
3349,3,14,799,116,2,22/03/2025,220.27,4.9,Cash
3351,1,50,2023,568,2,09/04/2025,24.17,31.9,Cash
3352,4,1,3496,75,3,07/05/2025,43.54,8.3,Online
3353,1,82,4099,4,1,15/06/2025,51.29,25.1,Credit Card
3354,1,118,3247,819,2,11/02/2025,173.52,33.9,Debit Card
3355,4,70,4700,300,1,15/05/2025,107.24,5.4,Debit Card
3360,3,21,3315,594,5,14/09/2025,7.49,4.8,Debit Card
3362,3,46,1327,144,2,01/10/2024,144.28,5.0,Online
3364,4,34,779,517,2,04/12/2024,227.35,10.2,Debit Card
3366,2,103,1592,486,1,04/04/2025,61.42,9.0,Cash
3371,2,11,1898,1365,5,22/06/2025,263.04,7.3,Cash
3378,3,115,1244,671,1,08/03/2025,117.11,8.2,Cash
3380,3,88,4353,37,5,03/12/2025,51.2,8.4,Debit Card
3382,2,110,2477,160,2,27/05/2025,155.14,3.2,Credit Card
3383,4,70,3031,204,1,22/06/2025,40.39,11.6,Debit Card
3390,1,3,2145,276,1,12/09/2025,113.59,23.9,Credit Card
3391,3,46,750,454,4,16/10/2025,55.17,11.9,Credit Card
3393,4,42,4387,872,1,30/03/2025,175.47,9.3,Debit Card
3394,2,73,910,3,1,05/10/2025,41.26,8.7,Credit Card
3397,1,98,2586,218,3,10/08/2025,126.96,28.4,Cash
3401,1,4,1278,1098,5,25/03/2025,13.79,24.5,Credit Card
3405,1,17,3497,267,1,20/08/2025,20.48,23.0,Debit Card
3407,4,56,3410,170,1,01/03/2025,264.03,9.6,Debit Card
3409,4,1,3744,189,2,12/06/2025,144.12,4.7,Debit Card
3412,4,34,1094,68,1,28/07/2025,233.8,9.0,Credit Card
3416,2,103,3941,555,1,07/06/2025,111.71,7.5,Credit Card
3420,2,114,1054,245,1,28/01/2025,245.44,8.2,Online
3424,3,53,14,150,5,12/03/2025,138.32,8.5,Credit Card
3432,3,88,494,73,2,27/08/2025,86.72,4.4,Debit Card
3438,1,17,225,1419,1,14/08/2025,269.53,27.6,Debit Card
3440,3,88,837,1111,4,01/11/2025,288.55,8.8,Debit Card
3441,3,21,3170,172,1,06/10/2025,53.5,6.9,Debit Card
3442,2,23,1779,69,2,31/12/2024,287.83,3.4,Credit Card
3443,2,43,3285,999,4,08/10/2024,191.77,7.3,Credit Card
3445,3,88,2471,119,1,13/06/2025,245.63,3.8,Debit Card
3448,4,1,796,1416,3,30/06/2025,65.24,3.3,Debit Card
3452,1,58,3939,1135,4,01/12/2024,242.29,31.8,Cash
3453,3,21,1656,507,2,02/07/2025,215.19,8.0,Cash
3454,3,21,2390,300,1,18/11/2024,159.09,10.5,Cash
3468,4,34,3460,953,5,25/12/2024,126.25,3.4,Debit Card
3470,1,54,2464,362,1,09/12/2024,156.76,29.6,Credit Card
3474,4,34,2984,1331,4,20/10/2025,61.15,11.6,Debit Card
3483,1,86,3253,1208,1,24/11/2024,57.77,26.7,Cash
3484,4,31,3464,1016,3,04/07/2025,229.39,12.0,Cash
3486,4,56,3645,76,4,29/11/2025,22.15,6.0,Credit Card
3487,3,53,1652,182,1,07/06/2025,174.97,4.9,Debit Card
3489,4,56,1990,269,2,17/03/2025,190.79,8.6,Credit Card
3492,2,43,2228,316,2,27/12/2024,84.67,10.5,Online
3493,3,14,130,1326,2,10/09/2025,271.25,9.7,Credit Card
3498,3,53,912,1428,5,17/06/2025,214.99,8.3,Debit Card
3499,1,3,4684,304,4,17/03/2025,81.94,22.2,Credit Card
3501,2,28,654,52,3,27/11/2024,18.81,9.3,Credit Card
3502,3,88,2430,219,4,19/09/2025,26.43,7.7,Credit Card
3503,2,32,1067,12,1,05/09/2025,61.52,4.5,Debit Card
3504,3,53,258,125,4,17/10/2024,93.36,3.7,Credit Card
3512,2,11,285,1220,1,02/12/2024,110.19,5.0,Debit Card
3515,1,58,884,1308,1,26/01/2025,165.58,24.9,Credit Card
3519,2,45,2125,258,1,25/05/2025,227.4,3.7,Credit Card
3521,2,23,4931,261,5,06/08/2025,136.97,5.8,Cash
3522,1,82,1978,237,5,13/06/2025,231.54,33.4,Online
3524,3,88,337,805,3,18/09/2025,132.77,10.5,Credit Card
3526,3,14,3435,116,1,01/10/2024,51.44,7.4,Cash
3528,2,23,2605,89,2,08/02/2025,104.77,6.7,Credit Card
3533,1,3,644,1128,2,21/12/2024,119.81,23.9,Credit Card
3534,1,79,4052,1170,1,12/01/2025,23.79,26.6,Online
3537,3,14,1329,888,2,17/06/2025,34.03,5.1,Credit Card
3539,4,34,2762,727,2,16/05/2025,54.22,3.5,Credit Card
3545,1,17,4032,1216,5,04/09/2025,37.41,24.9,Cash
3546,1,79,66,49,1,29/01/2025,83.46,23.0,Credit Card
3551,1,4,929,967,1,27/11/2024,264.74,32.5,Cash
3552,3,88,1885,137,4,25/12/2024,239.99,4.8,Debit Card
3553,1,98,1531,72,2,07/09/2025,217.36,30.8,Online
3554,2,11,933,276,4,26/11/2025,180.77,8.0,Cash
3559,4,31,2325,207,1,05/10/2024,246.05,8.1,Debit Card
3560,4,70,2369,155,5,18/10/2024,290.31,10.9,Cash
3562,2,11,73,402,1,13/07/2025,207.0,5.0,Cash
3566,3,115,3515,1280,4,23/02/2025,51.17,10.9,Debit Card
3567,1,82,2399,287,3,13/11/2025,200.73,30.4,Credit Card
3568,2,8,4526,717,4,03/11/2024,143.67,9.3,Online
3573,2,32,4404,2,1,10/12/2024,222.63,5.0,Credit Card
3579,4,56,3470,237,2,15/01/2025,223.12,6.8,Debit Card
3580,1,68,4644,140,5,28/11/2024,186.79,22.8,Cash
3581,1,86,163,1104,4,18/08/2025,26.0,32.2,Debit Card
3591,3,21,4975,64,4,15/01/2025,204.05,6.1,Credit Card
3592,4,56,3607,1409,5,19/11/2025,281.13,7.5,Credit Card
3595,3,115,597,890,1,27/10/2025,276.53,6.9,Credit Card
3600,1,82,41,48,1,14/10/2025,175.14,32.2,Credit Card
3603,1,48,3125,644,4,16/11/2024,6.16,22.5,Online
3604,4,31,3121,267,1,03/10/2025,126.17,10.6,Credit Card
3606,1,59,2996,235,4,21/09/2025,299.26,32.6,Debit Card
3609,4,42,1914,1063,1,22/05/2025,208.45,11.9,Credit Card
3611,1,4,319,646,1,11/06/2025,79.18,29.5,Debit Card
3614,4,70,3097,231,1,23/03/2025,122.34,4.8,Credit Card
3616,2,28,253,189,2,11/08/2025,25.95,4.3,Online
3619,1,50,2693,14,4,21/06/2025,298.98,28.3,Debit Card
3620,3,21,3825,129,4,31/07/2025,163.86,11.6,Online
3624,2,13,4217,516,2,20/04/2025,93.78,11.0,Cash
3627,1,50,2987,217,2,22/04/2025,167.24,28.7,Cash
3635,4,31,413,98,5,17/10/2024,65.05,9.0,Cash
3646,2,73,410,24,1,20/12/2024,123.62,3.9,Online
3648,3,14,127,551,1,06/01/2025,205.55,6.9,Credit Card
3649,2,35,316,633,3,13/02/2025,192.15,11.7,Debit Card
3650,2,114,1149,379,1,22/04/2025,95.09,4.5,Online
3652,2,23,3439,39,2,16/06/2025,185.93,3.1,Cash
3653,3,53,4420,1297,1,05/12/2025,296.42,3.8,Debit Card
3655,4,56,1887,1227,2,22/03/2025,53.23,6.4,Credit Card
3657,1,98,1279,36,5,19/08/2025,184.44,23.0,Credit Card
3661,4,34,1530,242,1,14/04/2025,10.99,7.6,Debit Card
3662,1,48,51,227,1,21/09/2025,146.82,32.1,Credit Card
3666,1,17,2142,296,1,05/11/2025,283.95,29.2,Cash
3668,4,70,1765,742,4,04/09/2025,249.47,5.2,Cash
3669,1,118,2957,180,1,16/12/2024,68.04,33.2,Debit Card
3673,4,34,4217,312,4,08/08/2025,93.78,11.6,Cash
3678,2,26,3154,204,4,02/10/2024,258.98,9.7,Credit Card
3682,3,115,2690,410,5,25/03/2025,147.47,3.5,Online
3684,1,86,3799,988,4,16/09/2025,169.85,29.1,Debit Card
3685,2,103,2073,17,4,02/10/2024,232.48,4.1,Online
3690,1,86,535,97,2,18/11/2024,55.45,31.0,Credit Card
3692,2,13,2139,1048,2,11/11/2024,98.72,4.9,Credit Card
3698,3,46,3920,1238,1,13/10/2025,153.34,10.8,Debit Card
3701,2,13,4474,607,1,05/09/2025,43.58,3.1,Credit Card
3705,3,21,4290,839,4,21/04/2025,95.36,11.0,Credit Card
3707,1,48,2613,43,1,19/07/2025,50.41,30.3,Credit Card
3708,3,46,4506,288,2,15/11/2025,272.83,8.5,Credit Card
3709,1,98,4115,199,3,11/02/2025,127.6,32.4,Credit Card
3714,3,53,2352,57,3,26/12/2024,106.57,3.4,Credit Card
3716,1,54,157,115,2,30/10/2025,26.75,23.6,Credit Card
3718,1,86,1818,880,1,01/05/2025,89.41,29.6,Online
3719,4,42,2977,117,2,08/11/2024,268.11,9.4,Online
3724,2,8,3194,47,1,17/11/2024,272.54,10.5,Debit Card
3727,2,11,3546,18,4,12/07/2025,70.48,6.0,Cash
3732,4,42,3070,1443,1,15/11/2024,212.83,8.3,Online
3733,3,53,1637,1270,1,10/08/2025,54.2,3.8,Cash
3740,1,54,1723,157,4,10/09/2025,165.01,25.4,Cash
3743,3,53,1605,186,4,09/07/2025,211.29,8.5,Debit Card
3745,2,45,564,201,1,06/04/2025,182.31,8.3,Online
3746,2,26,1895,596,4,07/11/2025,224.62,6.7,Debit Card
3752,3,14,3719,135,4,05/06/2025,155.4,5.2,Online
3754,3,46,1864,109,1,14/09/2025,103.34,4.7,Credit Card
3755,4,70,296,1158,1,09/12/2025,262.56,9.8,Credit Card
3758,2,13,3950,523,1,18/10/2024,264.7,8.1,Cash
3763,2,35,2087,1117,2,17/10/2025,148.61,3.4,Debit Card
3765,3,53,2143,173,5,03/10/2024,258.38,9.8,Debit Card
3767,3,46,4679,199,1,18/09/2025,76.54,3.2,Debit Card
3773,4,31,702,278,3,13/09/2025,246.78,7.5,Credit Card
3778,3,21,561,9,1,07/12/2024,26.12,4.1,Online
3784,1,98,2908,348,2,09/06/2025,39.33,24.0,Debit Card
3795,2,10,4167,122,1,18/10/2025,177.45,6.5,Debit Card
3796,4,42,2440,288,5,03/11/2025,116.32,9.3,Debit Card
3797,4,70,4626,77,1,05/12/2025,25.44,8.4,Credit Card
3798,4,34,2108,1324,5,30/09/2025,121.39,6.7,Online
3799,1,58,4553,106,3,10/03/2025,56.22,26.5,Credit Card
3801,2,26,740,994,1,14/03/2025,293.29,7.3,Credit Card
3805,1,98,1192,51,5,23/03/2025,57.72,22.5,Credit Card
3809,3,53,3748,1027,1,28/01/2025,222.9,4.5,Debit Card
3810,4,34,4102,182,2,14/12/2024,38.86,7.2,Credit Card
3815,3,46,629,273,5,24/10/2024,38.58,4.2,Credit Card
3816,4,31,1316,724,5,01/07/2025,31.91,11.3,Cash
3817,3,46,1366,10,5,16/07/2025,180.2,10.4,Credit Card
3822,1,58,4517,76,5,21/11/2025,95.49,23.6,Credit Card
3824,1,82,3361,944,1,21/11/2025,78.3,26.3,Cash
3827,1,59,999,18,3,27/06/2025,159.62,31.8,Cash
3837,1,118,2975,991,3,11/06/2025,193.77,33.4,Cash
3839,4,34,2383,193,4,24/10/2024,281.1,3.8,Debit Card
3843,2,11,3108,51,1,02/08/2025,100.7,6.7,Credit Card
3845,2,73,1279,286,2,13/06/2025,184.44,9.3,Online
3846,4,1,3028,168,1,31/12/2024,82.38,5.8,Debit Card
3848,2,89,3125,235,1,06/11/2025,6.16,10.2,Credit Card
3855,3,46,168,70,2,16/04/2025,45.04,4.9,Online
3859,4,31,2193,157,5,22/12/2024,170.57,9.6,Debit Card
3864,1,4,516,202,4,11/01/2025,169.82,23.6,Cash
3868,4,70,3494,131,1,27/07/2025,150.03,8.8,Credit Card
3870,1,98,451,1245,4,13/11/2024,22.29,28.4,Cash
3871,4,70,4765,188,1,14/12/2024,141.89,10.2,Online
3872,3,21,1638,97,5,12/08/2025,248.76,7.9,Debit Card
3873,2,110,2823,651,1,14/01/2025,55.64,4.7,Cash
3883,2,10,3991,1306,1,21/12/2024,21.74,11.1,Credit Card
3890,2,32,3477,98,2,10/11/2025,98.03,8.2,Debit Card
3896,4,70,3143,629,5,16/08/2025,248.95,4.4,Debit Card
3905,2,23,3179,1199,1,23/04/2025,50.14,5.9,Credit Card
3907,1,98,3314,1285,5,25/09/2025,176.67,24.8,Debit Card
3908,2,8,4792,190,5,19/03/2025,55.38,6.8,Online
3913,1,29,4826,233,1,22/11/2024,42.75,23.2,Credit Card
3915,4,34,2322,541,5,08/03/2025,187.39,7.6,Cash
3916,1,68,2755,344,2,27/12/2024,42.0,23.4,Cash
3923,3,14,4438,811,1,08/10/2024,152.0,5.2,Debit Card
3926,2,23,3834,59,2,12/10/2025,77.1,5.7,Debit Card
3927,4,1,2617,904,4,06/11/2024,218.73,5.5,Credit Card
3930,4,1,298,476,5,16/01/2025,186.86,7.9,Credit Card
3932,3,88,409,1136,2,26/06/2025,271.38,3.4,Online
3933,1,118,2850,678,1,01/11/2024,193.26,23.6,Credit Card
3936,2,11,3625,12,1,02/10/2024,262.44,5.5,Cash
3946,1,68,4191,1073,2,11/08/2025,111.6,24.3,Online
3947,3,88,3082,248,2,16/04/2025,282.19,3.2,Cash
3949,3,115,1749,517,2,25/03/2025,181.25,5.0,Credit Card
3950,2,35,3285,112,2,13/07/2025,191.77,4.5,Debit Card
3953,1,98,2271,149,1,29/11/2025,92.25,24.5,Credit Card
3954,1,29,1435,1106,3,28/08/2025,262.7,28.3,Debit Card
3955,4,42,861,154,3,27/11/2024,258.81,4.1,Cash
3958,3,115,327,48,2,19/06/2025,192.84,3.5,Online
3964,1,82,4491,172,3,20/05/2025,5.44,31.5,Cash
3968,4,70,1634,234,1,28/04/2025,108.33,7.7,Cash
3969,1,86,2098,447,5,17/10/2025,68.15,26.8,Cash
3972,3,46,2212,205,1,05/01/2025,219.35,8.0,Cash
3974,4,1,425,293,5,12/06/2025,259.35,9.1,Debit Card
3975,1,98,3682,261,2,05/08/2025,42.37,32.4,Debit Card
3979,3,88,3464,916,4,04/04/2025,229.39,5.4,Debit Card
3980,2,43,1843,192,4,22/02/2025,244.19,4.6,Credit Card
3981,4,56,2407,461,2,18/03/2025,40.4,9.7,Debit Card
3982,2,69,490,491,5,25/10/2024,25.1,6.7,Online
3983,1,58,4401,1110,1,21/08/2025,288.3,27.2,Credit Card
3987,3,46,678,85,1,12/07/2025,176.5,10.0,Credit Card
3988,3,53,2910,647,4,29/03/2025,293.09,3.2,Cash
3991,1,59,3756,152,5,07/05/2025,128.73,23.9,Credit Card
3992,1,3,1433,14,5,11/05/2025,101.94,31.5,Debit Card
3993,3,115,2516,409,1,19/01/2025,242.08,8.9,Credit Card
3997,1,98,68,23,1,09/10/2025,246.76,29.1,Cash
4002,1,59,2264,694,1,29/07/2025,70.75,29.1,Online
4007,1,48,1193,1344,2,12/12/2024,122.9,22.3,Online
4013,2,103,663,60,4,19/10/2024,102.2,5.4,Online
4017,1,48,891,537,1,28/07/2025,141.39,32.9,Online
4020,2,23,3228,1125,4,06/12/2024,144.66,11.7,Debit Card
4022,1,4,1288,81,5,05/12/2024,202.49,28.5,Debit Card
4025,2,32,4739,198,2,04/04/2025,20.8,3.4,Debit Card
4032,4,31,4057,41,1,10/11/2024,65.21,4.1,Cash
4033,3,14,1597,1163,4,07/08/2025,182.13,6.2,Debit Card
4034,2,11,1491,424,4,26/02/2025,45.0,10.0,Debit Card
4036,1,4,1065,243,1,15/07/2025,56.29,29.0,Credit Card
4037,4,70,2462,595,3,28/01/2025,15.65,11.3,Cash
4039,3,21,1316,915,3,06/11/2024,31.91,7.7,Credit Card
4040,3,88,1607,132,1,28/05/2025,222.78,8.6,Cash
4044,2,43,2215,41,5,21/06/2025,194.04,3.5,Online
4048,1,17,1298,55,1,08/11/2025,22.75,33.7,Credit Card
4051,3,46,2815,1352,5,30/09/2025,46.14,7.3,Cash
4053,1,79,1478,145,4,27/11/2024,172.91,29.4,Debit Card
4054,1,68,131,24,1,17/09/2025,10.49,28.3,Cash
4058,3,88,667,1056,2,15/10/2024,147.63,8.5,Online
4061,3,53,4829,82,1,13/06/2025,248.57,3.9,Cash
4075,1,68,2334,176,1,15/08/2025,13.67,32.3,Online
4076,1,59,769,68,2,31/03/2025,153.19,33.5,Cash
4077,3,88,1437,197,5,16/10/2025,268.15,7.0,Credit Card
4078,2,23,3801,209,4,27/10/2024,220.65,3.3,Cash
4080,2,110,3471,1321,1,08/04/2025,27.97,9.0,Debit Card
4081,4,31,3217,1019,1,14/12/2024,193.82,10.9,Credit Card
4092,3,14,3086,162,1,14/08/2025,85.65,10.7,Debit Card
4095,4,34,2723,18,2,22/10/2024,76.03,9.1,Credit Card
4096,2,8,2821,209,5,17/09/2025,125.34,4.0,Credit Card
4097,1,58,1984,99,1,27/11/2024,236.49,24.6,Debit Card
4100,4,42,1799,576,1,23/02/2025,138.19,11.2,Online
4103,1,3,4885,184,3,10/05/2025,194.55,31.3,Cash
4104,4,42,4132,123,4,29/08/2025,28.05,10.7,Credit Card
4106,1,79,3716,1337,1,18/07/2025,105.11,29.5,Credit Card
4112,1,29,3131,166,2,05/07/2025,279.22,23.1,Debit Card
4118,4,31,3126,249,1,04/05/2025,66.37,8.1,Debit Card
4121,4,34,4377,1092,4,13/02/2025,72.14,3.1,Credit Card
4122,2,11,4446,149,4,13/11/2024,218.75,4.4,Credit Card
4125,2,10,382,195,2,29/08/2025,229.5,5.4,Debit Card
4128,3,53,4835,270,3,02/06/2025,134.04,4.2,Cash
4130,4,31,400,69,1,16/12/2024,124.17,3.5,Cash
4131,3,14,1879,97,1,30/10/2024,89.26,7.0,Cash
4132,3,46,956,381,2,09/12/2024,246.49,3.9,Credit Card
4136,2,8,3561,1254,2,05/11/2025,20.63,10.3,Debit Card
4137,1,3,1190,185,3,31/03/2025,236.39,27.3,Debit Card
4139,1,98,3153,346,4,31/10/2024,118.25,26.6,Cash
4144,1,54,4201,395,2,08/06/2025,155.8,33.4,Credit Card
4146,4,31,2704,828,1,20/07/2025,40.05,3.3,Credit Card
4149,1,17,2230,212,4,12/03/2025,277.55,23.3,Credit Card
4150,2,45,341,1490,1,04/01/2025,287.43,4.0,Credit Card
4151,2,28,1356,811,1,05/02/2025,269.39,10.5,Cash
4156,4,56,1163,6,1,20/02/2025,276.57,3.3,Online
4159,1,50,113,229,5,04/05/2025,281.07,31.5,Debit Card
4167,2,8,4498,42,1,19/09/2025,22.2,11.5,Credit Card
4169,1,48,3818,179,4,14/12/2024,182.18,28.1,Online
4170,1,86,1115,858,4,17/11/2025,62.8,31.9,Cash
4171,2,10,3445,155,1,12/09/2025,148.07,3.3,Cash
4172,4,1,2658,166,1,08/08/2025,188.73,4.6,Cash
4181,1,68,4731,237,5,08/12/2025,294.77,24.7,Credit Card
4182,1,68,831,255,2,01/08/2025,188.91,30.6,Credit Card
4184,2,43,733,181,5,19/04/2025,247.78,10.5,Cash
4189,4,42,4618,287,1,11/08/2025,169.21,6.6,Credit Card
4193,1,17,688,139,4,13/04/2025,190.29,23.0,Online
4201,1,82,628,392,1,21/10/2025,153.9,31.7,Cash
4202,4,56,2417,1130,2,13/10/2025,15.38,11.6,Online
4207,4,42,425,246,2,15/10/2024,259.35,8.8,Online
4210,3,21,3194,653,2,18/07/2025,272.54,11.9,Debit Card
4211,1,68,3016,74,2,14/02/2025,265.68,31.1,Credit Card
4214,1,50,3496,1452,5,29/11/2025,43.54,26.1,Credit Card
4216,2,110,3901,1247,1,20/04/2025,254.57,10.9,Credit Card
4220,4,70,4173,166,3,02/10/2025,238.89,11.4,Credit Card
4221,1,118,2346,420,3,12/04/2025,35.04,33.4,Cash
4225,2,11,2311,106,2,30/11/2025,104.83,4.9,Debit Card
4235,3,88,2471,111,1,31/12/2024,245.63,9.4,Credit Card
4241,4,70,3474,1390,1,04/05/2025,225.42,10.6,Credit Card
4242,1,29,390,287,4,24/12/2024,259.74,22.3,Online
4251,4,42,4987,142,3,17/11/2025,288.72,5.1,Online
4254,1,17,2215,121,2,01/10/2024,194.04,33.1,Debit Card
4255,4,34,1243,10,1,04/12/2024,123.84,6.7,Debit Card
4258,3,21,4225,1197,1,01/08/2025,23.11,10.6,Debit Card
4266,2,8,3754,544,4,04/11/2024,17.12,9.1,Credit Card
4267,1,50,2585,66,1,21/05/2025,75.88,22.7,Credit Card
4268,2,114,3609,698,1,26/09/2025,144.68,5.6,Cash
4273,4,56,2379,2,3,23/11/2025,261.53,11.7,Debit Card
4274,3,88,4485,856,1,03/11/2024,221.23,6.6,Debit Card
4275,4,34,4706,203,5,30/11/2025,279.0,9.0,Credit Card
4287,4,42,1794,267,3,28/08/2025,232.73,11.4,Credit Card
4292,3,14,766,643,1,09/06/2025,75.25,10.0,Cash
4296,3,21,861,229,2,19/11/2024,258.81,11.4,Credit Card
4300,4,42,3636,510,5,31/10/2024,159.76,6.8,Credit Card
4301,3,53,1133,91,1,06/09/2025,29.5,5.7,Debit Card
4306,4,31,852,976,2,24/06/2025,142.86,5.0,Credit Card
4308,1,50,3138,235,1,18/12/2024,123.94,25.4,Debit Card
4315,4,42,2685,147,3,27/06/2025,24.88,8.5,Online
4316,2,28,1374,66,1,12/07/2025,228.05,10.1,Cash
4321,2,69,3328,366,2,22/03/2025,166.28,7.9,Credit Card
4323,1,68,4899,174,4,08/12/2025,256.02,27.6,Debit Card
4324,3,53,1049,112,1,25/03/2025,139.55,3.7,Debit Card
4325,1,86,271,295,2,21/08/2025,243.73,22.1,Debit Card
4326,3,46,4123,11,2,04/12/2024,193.44,11.0,Credit Card
4327,3,53,399,45,3,13/12/2024,131.2,7.0,Credit Card
4330,3,88,727,103,1,12/05/2025,274.11,11.1,Debit Card
4336,1,17,1210,936,3,24/09/2025,9.7,30.5,Online
4339,4,1,2413,744,2,10/10/2024,248.38,6.1,Online
4340,3,21,1613,625,1,16/11/2025,245.32,7.2,Credit Card
4345,2,89,2896,294,5,09/12/2025,219.93,8.0,Cash
4347,4,1,3451,103,2,22/11/2025,205.28,5.7,Credit Card
4349,2,10,2222,107,2,03/10/2025,207.02,10.9,Credit Card
4350,2,83,1562,270,1,20/03/2025,252.48,4.6,Cash
4353,1,59,3358,38,1,24/01/2025,295.84,28.2,Online
4359,2,23,2634,1393,3,16/09/2025,230.21,10.5,Online
4360,3,46,1537,12,1,18/06/2025,274.6,6.5,Credit Card
4367,1,4,1657,1136,4,14/11/2025,199.13,31.7,Cash
4368,1,82,2639,14,5,07/09/2025,184.67,25.0,Credit Card
4369,3,88,3391,1191,3,23/06/2025,279.78,10.5,Online
4373,3,88,2619,1246,3,01/10/2024,163.85,7.0,Cash
4376,4,42,3571,199,2,21/01/2025,35.51,11.7,Cash
4378,2,28,507,26,5,18/02/2025,294.99,11.1,Online
4386,2,83,553,246,4,07/10/2025,147.48,10.5,Credit Card
4390,1,118,43,186,5,05/10/2024,65.37,29.9,Credit Card
4393,1,54,3158,164,4,31/10/2025,83.07,27.7,Credit Card
4394,3,115,3171,1267,1,05/12/2024,171.62,6.5,Debit Card
4401,4,42,3290,236,2,30/10/2024,19.98,6.0,Cash
4402,2,8,1194,1449,1,28/04/2025,9.22,9.3,Credit Card
4404,1,82,2016,143,2,22/06/2025,60.02,30.2,Debit Card
4409,2,32,1525,11,3,09/12/2024,169.8,11.7,Debit Card
4412,2,13,1093,101,2,22/03/2025,196.32,5.1,Debit Card
4413,2,13,900,1460,5,09/07/2025,124.35,5.2,Cash
4419,1,86,3281,132,4,27/10/2025,133.34,28.5,Debit Card
4421,4,56,4494,215,4,04/06/2025,178.93,4.4,Online
4423,2,32,4559,1055,1,07/11/2024,182.04,8.1,Debit Card
4426,1,4,4323,248,1,18/09/2025,133.58,28.3,Online
4435,1,118,1247,1303,4,16/10/2025,16.41,29.5,Credit Card
4439,1,68,2067,76,5,12/11/2025,115.99,26.7,Credit Card
4442,2,69,3168,125,1,06/12/2024,64.23,6.3,Debit Card
4443,4,56,2449,1403,3,05/10/2024,66.96,11.8,Debit Card
4444,1,29,1664,79,5,27/03/2025,200.07,27.6,Credit Card
4445,1,98,3759,558,1,23/05/2025,271.41,24.8,Credit Card
4446,4,42,1357,256,1,07/10/2025,230.1,7.7,Cash
4449,4,42,1635,1301,1,11/10/2025,40.97,7.9,Credit Card
4450,4,56,4536,951,1,26/03/2025,167.04,4.3,Debit Card
4452,4,56,3621,39,2,26/04/2025,56.22,10.0,Online
4458,2,110,2071,448,5,17/07/2025,116.97,6.4,Credit Card
4465,1,29,4106,277,1,14/11/2024,258.35,25.6,Debit Card
4466,4,31,2407,320,1,19/10/2025,40.4,6.4,Credit Card
4470,4,31,2977,28,1,22/06/2025,268.11,8.9,Cash
4474,3,115,588,628,5,09/05/2025,210.39,5.6,Debit Card
4480,2,32,97,186,1,05/07/2025,177.41,9.6,Credit Card
4485,3,21,3815,733,4,07/06/2025,259.27,9.9,Cash
4490,2,23,1622,425,1,30/11/2024,71.84,8.3,Credit Card
4492,4,42,3117,75,1,26/10/2025,37.05,10.5,Online
4501,1,68,4358,340,2,23/11/2024,178.31,32.3,Debit Card
4504,3,53,891,665,4,18/03/2025,141.39,11.1,Online
4506,1,3,3359,548,5,29/03/2025,239.85,32.4,Credit Card
4507,4,34,1059,1398,2,23/12/2024,179.65,11.3,Debit Card
4509,2,10,1569,246,4,19/10/2024,43.39,11.8,Debit Card
4510,4,31,4313,158,3,17/05/2025,58.04,4.9,Debit Card
4513,4,1,1646,971,4,01/11/2025,164.12,11.1,Cash
4516,1,58,3179,175,2,24/03/2025,50.14,27.7,Cash
4518,3,46,2556,47,4,22/10/2025,23.22,5.9,Debit Card
4522,3,46,2031,181,4,17/12/2024,117.24,4.5,Online
4526,2,28,1153,441,1,06/10/2024,215.77,5.1,Cash
4527,2,10,4256,243,5,27/11/2024,202.68,4.4,Credit Card
4528,3,14,3056,302,3,05/09/2025,122.11,10.0,Credit Card
4529,3,46,4559,1420,2,25/03/2025,182.04,4.4,Credit Card
4531,2,11,4419,1405,3,27/06/2025,125.82,7.5,Cash
4532,2,110,4162,296,1,15/11/2025,138.85,6.3,Credit Card
4542,3,21,2206,23,5,16/11/2024,231.86,4.0,Credit Card
4546,3,88,1589,1198,2,10/08/2025,34.84,4.7,Credit Card
4548,4,56,906,19,1,29/07/2025,87.01,5.0,Credit Card
4551,3,53,4709,521,1,24/12/2024,218.13,5.6,Online
4553,3,21,2855,503,1,30/08/2025,290.43,5.8,Debit Card
4557,3,88,3458,150,2,02/11/2024,279.43,6.2,Credit Card
4558,1,17,2796,1475,2,12/12/2024,213.06,28.4,Credit Card
4559,2,26,4427,28,1,18/01/2025,47.28,9.7,Credit Card
4561,2,8,2034,263,3,26/11/2025,97.64,3.6,Credit Card
4570,2,43,3910,1043,5,02/08/2025,68.18,10.2,Credit Card
4578,3,46,4637,271,1,19/04/2025,194.27,6.1,Debit Card
4582,1,118,725,297,4,01/03/2025,104.39,24.0,Debit Card
4585,4,42,3258,66,3,17/08/2025,40.66,5.0,Credit Card
4588,3,14,4937,45,3,17/04/2025,283.93,8.4,Cash
4590,2,73,1609,48,2,18/05/2025,204.42,11.3,Credit Card
4594,4,34,3464,157,1,14/06/2025,229.39,7.0,Credit Card
4595,2,11,688,1299,1,25/02/2025,190.29,6.9,Online
4597,3,21,4617,174,4,27/08/2025,188.57,3.8,Debit Card
4598,3,88,355,459,1,01/11/2024,244.59,5.2,Credit Card
4601,1,82,2411,1061,1,23/01/2025,284.42,23.3,Cash
4602,4,42,4334,1047,1,15/02/2025,243.26,8.4,Credit Card
4604,4,70,2798,86,3,18/06/2025,253.38,6.0,Cash
4605,2,83,2563,441,1,01/02/2025,237.23,4.1,Cash
4607,1,50,2800,48,1,03/02/2025,126.39,33.7,Cash
4614,3,53,4851,1184,1,02/06/2025,16.77,8.1,Online
4621,2,73,3256,252,1,04/01/2025,76.64,6.7,Debit Card
4625,3,46,2621,168,2,23/08/2025,28.79,5.3,Debit Card
4627,1,48,356,997,4,09/10/2025,252.39,26.5,Credit Card
4628,3,88,3849,173,4,07/11/2024,161.28,6.7,Debit Card
4632,4,42,2843,274,5,25/08/2025,25.56,7.3,Debit Card
4637,2,114,1096,122,3,18/10/2024,48.01,6.8,Credit Card
4638,2,26,1714,1473,1,02/12/2024,167.6,5.5,Credit Card
4642,3,14,595,647,2,14/08/2025,38.94,4.4,Credit Card
4645,4,34,3269,233,2,13/10/2025,141.64,8.3,Credit Card
4652,1,86,433,439,3,28/09/2025,273.51,27.6,Online
4653,4,56,2264,124,2,21/12/2024,70.75,11.2,Debit Card
4654,2,35,1367,167,2,23/10/2024,298.01,3.5,Debit Card
4664,3,88,806,114,1,26/01/2025,60.32,11.0,Cash
4668,3,115,1113,774,4,23/10/2025,155.61,9.2,Cash
4671,3,115,946,1477,4,21/02/2025,293.04,7.9,Cash
4672,3,46,547,22,1,05/02/2025,237.94,4.0,Cash
4674,1,17,1598,551,5,25/11/2024,108.06,29.4,Debit Card
4675,1,79,1977,13,4,13/07/2025,235.93,26.4,Online
4676,2,13,979,1173,1,05/12/2024,86.84,7.6,Debit Card
4679,2,11,3153,125,1,24/02/2025,118.25,10.5,Credit Card
4680,2,23,982,428,2,15/09/2025,48.12,3.8,Credit Card
4683,4,42,306,184,1,03/09/2025,291.84,5.9,Cash
4684,3,115,3677,276,4,17/01/2025,64.92,7.1,Cash
4685,2,114,804,192,1,08/12/2024,68.26,6.7,Online
4687,2,103,465,229,3,23/09/2025,108.23,3.8,Credit Card
4688,2,69,3126,498,3,26/03/2025,66.37,7.1,Online
4692,3,115,2234,170,1,29/11/2024,105.89,7.3,Debit Card
4693,2,110,3831,5,2,29/10/2025,38.97,10.8,Credit Card
4698,2,32,1488,1032,2,27/10/2024,142.02,6.3,Debit Card
4708,4,42,1064,1383,4,02/06/2025,124.36,10.9,Debit Card
4714,2,13,3754,974,1,05/10/2025,17.12,8.4,Credit Card
4717,2,28,4604,265,1,10/09/2025,69.12,11.8,Debit Card
4721,3,46,535,592,1,01/11/2024,55.45,7.8,Debit Card
4725,1,68,4583,143,2,01/12/2024,132.65,31.6,Credit Card
4727,2,13,1285,122,5,05/05/2025,148.93,11.6,Credit Card
4728,1,98,1041,1253,2,08/06/2025,257.36,32.2,Debit Card
4729,1,118,599,1249,1,23/01/2025,298.67,24.1,Cash
4730,1,54,3362,127,1,02/11/2025,84.88,26.6,Debit Card
4734,4,70,1388,69,1,09/10/2024,113.81,11.5,Cash
4735,4,42,4959,953,4,11/12/2024,279.36,6.4,Cash
4737,4,42,1456,57,1,12/08/2025,199.21,11.6,Cash
4751,3,14,4459,122,2,14/01/2025,219.65,3.7,Credit Card
4754,2,73,3039,698,1,07/12/2024,210.52,6.8,Debit Card
4755,3,88,3804,915,4,08/09/2025,47.41,4.3,Credit Card
4756,3,88,559,173,2,10/03/2025,217.05,5.8,Credit Card
4757,3,88,1405,95,1,16/07/2025,183.48,9.8,Credit Card
4760,2,28,1469,136,3,16/06/2025,229.4,3.5,Debit Card
4764,3,115,4873,667,1,08/10/2024,188.5,11.9,Credit Card
4769,1,58,1411,333,1,11/10/2024,200.58,32.8,Debit Card
4777,4,31,1176,234,1,19/02/2025,212.09,11.2,Credit Card
4778,1,50,3075,70,3,16/12/2024,225.83,32.6,Debit Card
4782,1,58,2995,41,5,05/10/2024,244.11,31.4,Cash
4783,3,88,1759,122,5,18/01/2025,227.66,8.1,Online
4788,2,26,2329,983,1,15/10/2024,122.04,9.2,Debit Card
4800,3,46,2974,824,1,07/01/2025,150.26,8.3,Debit Card
4801,3,14,2181,314,5,20/01/2025,68.64,4.4,Cash
4803,4,42,3802,231,3,15/06/2025,126.29,3.8,Cash
4804,2,73,1460,112,1,27/10/2025,22.99,4.6,Debit Card
4806,2,43,1201,771,2,30/12/2024,34.33,4.1,Credit Card
4807,3,14,482,215,1,17/05/2025,140.26,11.1,Credit Card
4812,2,69,2014,157,2,26/09/2025,131.51,9.6,Credit Card
4815,1,82,4053,1489,1,28/02/2025,128.99,30.8,Online
4816,4,31,4351,182,3,30/11/2025,63.29,5.3,Credit Card
4824,4,56,4699,1482,4,13/11/2024,267.47,7.3,Credit Card
4828,1,48,2195,1034,3,13/04/2025,242.86,27.0,Credit Card
4834,1,59,1221,201,1,21/11/2025,161.81,27.3,Credit Card
4835,1,58,464,94,2,09/06/2025,268.38,25.4,Credit Card
4837,2,103,480,892,1,19/12/2024,108.9,10.2,Cash
4838,4,1,3662,285,1,26/11/2024,114.7,6.3,Debit Card
4840,1,3,444,107,2,12/04/2025,160.5,32.7,Credit Card
4842,3,21,2478,201,3,22/03/2025,102.4,9.4,Debit Card
4844,3,115,3211,46,1,16/03/2025,157.98,5.6,Online
4845,4,1,2046,1269,1,22/10/2025,262.43,8.8,Credit Card
4848,3,14,75,291,5,11/07/2025,82.16,3.6,Credit Card
4863,2,83,621,848,5,08/10/2025,258.74,10.4,Debit Card
4868,4,31,993,172,4,25/07/2025,238.65,3.2,Cash
4870,3,21,1625,49,5,13/04/2025,68.95,4.7,Credit Card
4873,3,14,1084,182,3,10/02/2025,62.49,7.7,Debit Card
4875,3,53,3022,816,5,13/11/2025,102.25,4.9,Cash
4876,1,86,522,232,1,29/11/2024,82.44,33.4,Online
4885,4,42,4582,152,1,07/06/2025,117.36,4.4,Cash
4886,1,54,2234,175,2,13/01/2025,105.89,25.8,Cash
4889,4,70,299,9,2,09/12/2024,64.16,3.1,Credit Card
4890,4,42,3893,1468,1,25/10/2025,62.76,9.7,Debit Card
4891,4,42,1259,120,2,25/08/2025,39.25,7.7,Debit Card
4893,1,118,3707,67,2,01/11/2025,289.26,25.1,Debit Card
4894,4,31,1101,79,5,17/10/2025,110.78,6.9,Debit Card
4895,1,59,2789,251,1,03/10/2024,106.9,22.2,Debit Card
4896,1,118,3277,1320,2,19/04/2025,77.61,29.5,Credit Card
4903,1,118,745,1484,1,06/02/2025,220.12,24.3,Credit Card
4907,1,68,3555,81,3,27/12/2024,215.5,22.5,Cash
4908,2,103,3706,1462,1,19/10/2025,150.71,7.9,Cash
4910,3,115,644,75,1,05/05/2025,119.81,10.1,Debit Card
4919,3,46,4733,1414,1,02/06/2025,55.86,3.9,Debit Card
4921,1,29,1286,763,1,24/06/2025,225.44,26.1,Cash
4926,2,28,4512,202,1,03/12/2025,294.31,7.0,Online
4933,1,68,682,182,1,10/06/2025,134.09,28.3,Cash
4935,2,35,4678,110,1,02/02/2025,293.67,5.8,Credit Card
4937,3,14,4416,63,3,13/08/2025,282.07,7.4,Debit Card
4940,2,83,4487,1004,1,23/11/2025,200.94,3.5,Online
4941,3,46,2639,288,4,17/11/2024,184.67,7.3,Credit Card
4944,1,59,2877,379,2,14/12/2024,169.89,23.6,Cash
4948,1,17,3988,536,1,28/12/2024,41.25,29.6,Online
4949,1,118,4894,591,5,10/10/2024,268.35,28.6,Cash
4950,4,31,3822,52,4,13/05/2025,240.09,9.5,Credit Card
4953,1,98,3521,103,1,05/05/2025,281.63,27.5,Credit Card
4955,4,42,3269,320,4,19/02/2025,141.64,3.0,Debit Card
4958,2,32,3176,271,1,22/07/2025,145.57,4.7,Credit Card
4959,2,83,109,104,2,07/06/2025,79.84,9.5,Debit Card
4965,3,88,4819,212,4,11/07/2025,169.89,8.5,Debit Card
4968,2,28,1374,777,4,01/07/2025,228.05,6.9,Debit Card
4980,4,42,1083,61,5,26/09/2025,106.7,5.2,Online
4985,1,86,4028,52,1,18/11/2024,228.98,31.6,Debit Card
4989,3,21,233,24,2,24/11/2024,160.88,9.0,Credit Card
4990,1,4,2523,180,4,21/10/2025,37.72,26.8,Online
4992,2,73,2962,263,1,01/10/2025,82.84,7.3,Debit Card
4998,2,89,3923,1258,4,16/07/2025,188.77,3.2,Cash
5005,1,79,4745,632,4,01/11/2024,178.91,27.2,Debit Card
5006,3,14,1418,120,4,27/08/2025,195.33,8.0,Credit Card
5010,2,35,141,260,2,12/06/2025,230.36,7.6,Credit Card
5013,3,46,2225,1054,3,02/05/2025,227.26,3.2,Credit Card
5015,2,26,2573,677,5,22/10/2024,188.44,7.1,Debit Card
5021,3,46,2009,73,2,21/08/2025,281.07,8.4,Credit Card
5024,3,88,4695,28,2,04/10/2025,165.13,8.6,Debit Card
5025,2,28,963,265,2,06/10/2025,110.55,5.7,Credit Card
5030,1,54,1107,227,1,18/03/2025,158.55,27.8,Online
5031,1,58,4647,670,1,26/10/2024,83.34,23.9,Credit Card
5035,2,89,4641,461,4,09/11/2024,124.63,8.1,Online
5036,1,50,4785,1274,2,12/09/2025,40.45,24.1,Credit Card
5039,4,1,3161,647,1,08/09/2025,106.77,9.5,Cash
5042,4,31,223,190,2,05/01/2025,48.1,6.9,Credit Card
5045,4,42,337,879,2,02/08/2025,132.77,3.9,Debit Card
5050,3,115,2529,12,2,04/10/2025,134.52,7.5,Credit Card
5054,2,10,1880,146,1,23/02/2025,14.55,9.4,Cash
5055,2,89,4752,104,1,11/05/2025,172.06,10.0,Debit Card
5062,1,54,4961,558,2,06/08/2025,211.05,24.5,Cash
5063,2,73,773,464,5,21/04/2025,31.4,3.5,Cash
5064,3,21,653,130,5,16/09/2025,28.61,11.3,Cash
5068,3,53,2926,123,1,14/03/2025,97.37,10.3,Credit Card
5069,3,115,1584,45,5,14/11/2025,41.19,6.2,Cash
5072,4,70,4736,254,5,13/10/2024,142.61,11.2,Debit Card
5074,4,34,4558,1466,4,31/07/2025,53.75,10.8,Credit Card
5081,2,43,3095,212,2,26/11/2025,108.63,4.7,Debit Card
5083,2,35,1461,95,1,24/12/2024,46.21,5.5,Credit Card
5088,2,83,1800,142,4,08/09/2025,168.36,5.2,Credit Card
5089,1,82,2721,538,5,15/10/2024,185.47,30.2,Online
5092,4,56,62,186,2,16/09/2025,120.83,7.8,Credit Card
5093,4,42,3150,128,1,27/03/2025,217.6,9.2,Credit Card
5097,2,83,998,1181,1,12/08/2025,201.38,3.4,Credit Card
5103,3,88,946,201,5,26/01/2025,293.04,11.2,Credit Card
5105,1,58,4857,146,1,20/12/2024,152.6,33.6,Credit Card
5110,2,114,4511,1196,1,18/04/2025,35.46,9.7,Credit Card
5111,1,50,439,961,2,07/05/2025,61.44,27.4,Credit Card
5113,4,56,1095,429,4,29/12/2024,76.54,4.9,Online
5122,4,1,1532,997,1,23/07/2025,209.28,6.9,Cash
5129,1,48,1420,529,2,19/02/2025,45.11,23.3,Cash
5132,4,34,4632,529,3,24/05/2025,216.47,10.4,Credit Card
5133,4,31,4030,513,3,28/12/2024,84.15,10.8,Cash
5138,3,53,136,162,4,12/05/2025,208.37,6.9,Credit Card
5143,4,1,81,409,1,25/08/2025,68.7,9.3,Debit Card
5144,2,89,171,497,4,05/10/2024,173.62,8.2,Debit Card
5147,3,53,689,513,4,13/05/2025,133.87,3.7,Debit Card
5149,3,115,4300,138,2,25/11/2024,175.0,8.2,Credit Card
5150,4,56,1912,190,2,16/06/2025,72.02,7.1,Credit Card
5151,2,26,3805,1293,5,04/03/2025,63.43,3.5,Cash
5157,2,89,1414,1424,1,31/07/2025,149.86,7.8,Credit Card
5161,2,73,2671,174,2,26/06/2025,247.76,11.2,Cash
5162,2,35,4483,296,3,16/11/2024,59.72,5.7,Cash
5163,2,114,2848,224,2,25/10/2024,52.71,3.5,Credit Card
5164,3,21,1139,234,2,15/10/2025,178.94,5.5,Debit Card
5165,2,73,3902,111,3,26/05/2025,67.12,10.4,Cash
5174,2,32,4384,596,1,23/08/2025,173.26,9.2,Online
5182,2,114,3005,269,1,30/09/2025,127.03,6.2,Cash
5185,1,86,4414,1025,4,04/12/2024,157.22,26.7,Credit Card
5187,1,58,4070,594,5,21/03/2025,66.02,24.4,Debit Card
5188,2,32,2646,27,5,16/12/2024,264.0,6.8,Online
5189,4,70,3411,240,1,17/08/2025,47.45,9.0,Credit Card
5191,2,110,275,270,1,12/11/2024,183.25,11.8,Debit Card
5198,3,14,3177,12,2,28/07/2025,220.44,10.8,Credit Card
5200,4,56,1423,126,2,30/05/2025,219.25,5.7,Debit Card
5202,1,58,37,1160,1,06/11/2025,87.09,25.7,Credit Card
5203,1,98,2024,985,2,01/11/2025,203.71,28.5,Cash
5210,1,98,2716,578,2,21/04/2025,97.71,24.8,Debit Card
5212,1,118,4629,205,2,20/04/2025,220.22,32.6,Cash
5227,3,53,4531,265,2,28/04/2025,100.41,7.7,Cash
5232,2,11,2062,503,2,05/11/2025,273.94,5.6,Debit Card
5236,2,13,183,311,3,25/07/2025,148.4,4.5,Online
5237,4,34,293,232,2,28/06/2025,244.23,11.7,Cash
5240,1,17,4008,194,1,13/12/2024,27.14,30.7,Online
5246,1,3,2819,5,5,09/11/2024,249.34,28.3,Credit Card
5250,3,46,186,1127,1,21/05/2025,253.91,10.2,Credit Card
5251,3,115,4635,240,2,15/08/2025,143.89,11.9,Cash
5256,4,70,2779,1241,2,10/10/2024,261.33,8.8,Credit Card
5259,1,86,2338,1246,5,19/08/2025,158.91,26.8,Credit Card
5260,2,26,3180,79,1,10/09/2025,289.25,6.3,Cash
5261,3,46,2416,274,3,27/03/2025,79.57,9.0,Online
5278,3,46,3792,691,1,08/01/2025,49.1,3.4,Credit Card
5279,1,98,2391,78,1,23/04/2025,225.26,33.5,Credit Card
5280,2,35,2195,1465,3,12/11/2025,242.86,9.0,Credit Card
5281,4,1,609,223,1,07/12/2024,65.2,11.2,Cash
5283,1,54,331,129,1,04/03/2025,288.25,30.7,Credit Card
5285,4,42,3272,464,1,13/06/2025,96.34,9.9,Debit Card
5287,2,110,981,656,1,19/10/2024,185.08,7.2,Debit Card
5288,2,110,488,143,1,23/02/2025,221.62,11.3,Debit Card
5292,4,34,4358,26,1,20/04/2025,178.31,5.3,Credit Card
5293,1,48,1913,1291,1,11/12/2024,70.34,24.6,Credit Card
5295,1,3,3673,289,5,04/10/2024,286.09,30.0,Cash
5298,1,68,2083,604,1,18/09/2025,24.97,30.4,Online
5301,4,42,1924,1473,2,05/08/2025,200.51,3.5,Credit Card
5303,1,86,1089,131,5,06/09/2025,174.13,31.5,Online
5306,1,118,3081,272,2,15/10/2025,278.13,24.2,Online
5308,2,10,4454,19,2,05/05/2025,19.96,4.8,Cash
5310,3,14,912,1145,2,29/09/2025,214.99,7.0,Online
5311,1,58,4550,272,4,20/10/2025,235.6,24.7,Debit Card
5315,1,98,3619,206,2,21/12/2024,203.19,29.3,Cash
5317,1,79,2016,171,2,16/10/2025,60.02,26.7,Credit Card
5320,3,115,3576,243,2,07/11/2025,15.56,9.8,Credit Card
5327,3,14,3808,1211,1,28/01/2025,85.33,11.7,Online
5329,1,58,4983,163,5,10/07/2025,152.36,25.3,Cash
5330,3,21,1916,568,4,14/08/2025,115.34,5.3,Cash
5332,3,88,1912,862,2,27/11/2024,72.02,7.9,Online
5335,3,21,4452,37,4,17/06/2025,53.98,10.9,Cash
5336,3,46,1801,120,4,10/08/2025,59.05,3.5,Cash
5337,2,13,780,49,1,17/11/2025,130.8,10.4,Credit Card
5340,1,118,4464,180,4,12/07/2025,200.71,30.9,Credit Card
5343,4,1,2501,1199,2,17/12/2024,53.29,4.5,Online
5347,4,42,3804,188,4,30/01/2025,47.41,3.4,Credit Card
5349,3,53,1422,1219,5,11/02/2025,78.41,4.5,Debit Card
5351,4,31,2702,315,1,27/11/2025,222.73,4.5,Credit Card
5356,1,54,4913,819,2,11/10/2024,96.45,27.4,Credit Card
5360,4,42,2188,127,1,05/10/2025,22.6,7.7,Cash
5365,2,110,682,56,1,05/10/2025,134.09,9.6,Credit Card
5373,4,31,3332,150,1,13/03/2025,110.01,3.2,Debit Card
5376,3,115,41,689,1,05/03/2025,175.14,4.4,Online
5377,1,68,912,436,1,27/12/2024,214.99,25.0,Debit Card
5378,4,70,2741,1290,4,04/06/2025,53.61,4.8,Debit Card
5379,4,34,3930,164,5,01/12/2025,45.62,11.3,Credit Card
5381,4,31,4374,865,1,27/11/2024,22.67,11.5,Debit Card
5388,2,45,3929,981,1,27/12/2024,16.62,3.7,Credit Card
5389,1,98,1719,124,1,06/07/2025,270.8,24.0,Credit Card
5390,1,118,3631,163,2,08/05/2025,128.43,24.0,Cash
5391,1,4,4516,821,5,07/01/2025,244.25,24.3,Cash
5404,1,58,1619,1045,1,11/05/2025,191.55,30.4,Online
5406,4,34,3742,269,2,05/11/2024,141.25,8.8,Debit Card
5408,4,1,4394,806,2,09/12/2024,96.82,9.6,Debit Card
5411,1,29,4199,473,1,16/10/2024,246.88,22.7,Credit Card
5412,4,42,4632,233,1,21/11/2024,216.47,9.5,Credit Card
5414,3,115,300,20,2,19/08/2025,147.94,10.3,Debit Card
5415,3,115,1169,1035,1,12/11/2024,163.32,5.9,Debit Card
5423,2,13,3611,257,2,13/08/2025,139.82,5.0,Cash
5425,4,70,2457,16,4,25/04/2025,111.78,4.7,Debit Card
5428,1,29,3576,273,5,28/12/2024,15.56,28.9,Credit Card
5431,1,59,2644,14,1,03/04/2025,11.79,25.1,Debit Card
5432,1,4,4727,479,2,03/09/2025,261.31,29.8,Cash
5435,3,115,821,21,2,11/08/2025,248.14,10.5,Credit Card
5436,1,86,1463,72,4,19/11/2025,216.97,26.3,Credit Card
5441,3,21,85,42,1,18/06/2025,101.72,6.6,Credit Card
5442,2,28,612,30,1,20/01/2025,245.35,3.5,Cash
5443,1,4,1016,919,5,13/10/2025,17.53,29.3,Debit Card
5444,2,26,394,450,5,24/11/2024,244.68,11.4,Cash
5452,3,115,4647,157,1,28/11/2024,83.34,8.1,Debit Card
5457,2,10,2477,88,1,20/09/2025,155.14,10.5,Credit Card
5458,3,46,1056,1259,3,23/10/2024,89.56,11.3,Cash
5459,3,88,2130,231,4,04/02/2025,87.02,10.2,Online
5463,1,79,4523,2,2,07/05/2025,209.54,22.0,Credit Card
5465,1,58,2364,140,3,10/06/2025,244.66,32.7,Debit Card
5471,4,1,3567,278,1,18/02/2025,286.13,8.7,Debit Card
5474,1,58,660,21,2,10/09/2025,129.42,28.4,Credit Card
5475,1,50,2457,938,1,21/01/2025,111.78,23.8,Debit Card
5479,2,43,4660,1407,2,23/05/2025,284.0,10.7,Credit Card
5480,2,23,2865,346,5,07/04/2025,131.43,5.1,Credit Card
5481,4,42,279,59,3,03/11/2025,96.69,9.6,Debit Card
5482,2,23,3520,1208,2,24/11/2025,38.12,8.2,Online
5483,4,56,1363,115,2,25/11/2024,12.4,6.9,Cash
5485,4,70,2608,743,1,30/11/2024,54.02,3.1,Credit Card
5488,3,21,1227,115,3,05/12/2025,73.42,4.0,Cash
5489,2,43,707,608,1,18/05/2025,34.75,8.4,Online
5490,1,98,978,1438,1,07/12/2024,140.71,27.5,Cash
5492,4,42,4030,1494,1,29/09/2025,84.15,4.3,Debit Card
5495,1,82,2669,1496,2,02/10/2025,96.31,25.0,Cash
5502,4,31,439,710,2,14/12/2024,61.44,11.6,Debit Card
5504,2,28,4794,383,3,26/08/2025,74.56,3.7,Online
5505,3,14,3563,164,5,26/11/2024,272.79,10.7,Debit Card
5509,2,13,2542,271,2,20/06/2025,156.7,5.3,Cash
5512,1,59,2037,304,3,09/02/2025,134.21,32.2,Debit Card
5513,4,31,2969,238,3,05/10/2024,164.44,7.0,Cash
5514,3,14,4489,209,1,07/11/2025,264.78,6.0,Credit Card
5516,2,35,3513,399,2,30/10/2025,9.45,8.8,Credit Card
5517,3,21,3335,1193,3,02/06/2025,242.34,4.4,Online
5518,3,88,2769,451,1,16/05/2025,134.08,11.3,Cash
5520,3,53,600,69,1,30/10/2025,221.61,11.0,Credit Card
5522,4,42,3392,153,1,10/10/2025,263.44,11.7,Debit Card
5523,1,98,1263,234,1,18/12/2024,263.42,31.9,Debit Card
5527,2,73,3467,585,1,06/09/2025,19.2,6.8,Credit Card
5531,2,10,2754,202,5,10/10/2025,99.4,8.4,Cash
5539,4,31,1633,93,2,17/04/2025,93.1,9.4,Credit Card
5542,1,86,4041,78,5,15/05/2025,293.9,30.2,Debit Card
5545,3,53,1821,148,5,31/08/2025,38.82,4.4,Credit Card
5548,2,8,4889,143,1,19/01/2025,122.69,10.1,Credit Card
5549,4,1,4049,1378,1,23/04/2025,265.95,5.4,Credit Card
5552,2,13,1754,380,2,03/05/2025,281.01,8.1,Online
5556,3,21,1101,653,4,12/08/2025,110.78,4.1,Credit Card
5558,4,42,2753,542,1,14/11/2024,78.55,10.2,Cash
5567,1,68,4504,1447,2,29/06/2025,109.51,27.6,Credit Card
5569,1,29,533,147,1,24/11/2024,230.31,29.8,Debit Card
5571,4,31,1394,80,1,08/01/2025,235.11,7.9,Online
5576,2,35,4088,289,2,05/12/2024,60.1,8.8,Credit Card
5577,1,29,2838,278,5,09/09/2025,221.6,28.9,Credit Card
5578,2,73,3049,76,2,04/08/2025,253.33,4.4,Credit Card
5580,3,88,1303,697,5,12/04/2025,141.84,4.9,Credit Card
5582,1,58,2146,887,4,19/04/2025,271.54,29.7,Online
5587,4,56,3558,96,4,21/03/2025,34.06,9.9,Debit Card
5589,2,13,1588,1116,5,16/10/2025,9.17,12.0,Credit Card
5593,2,103,3116,146,3,24/10/2025,244.28,8.1,Cash
5599,2,28,220,291,1,24/12/2024,30.1,9.9,Cash
5602,3,21,1278,289,1,03/05/2025,13.79,4.0,Credit Card
5604,1,59,3418,14,3,01/11/2025,205.41,24.3,Credit Card
5607,1,29,3601,1337,1,21/11/2024,194.57,22.1,Debit Card
5608,3,14,4794,110,2,11/09/2025,74.56,8.4,Debit Card
5611,3,53,3280,1388,4,15/06/2025,26.19,7.9,Online
5616,2,110,3125,155,4,31/12/2024,6.16,9.5,Debit Card
5617,1,29,1529,550,4,20/04/2025,286.69,34.0,Debit Card
5619,1,50,485,1072,3,02/07/2025,258.24,27.6,Credit Card
5620,3,46,113,449,2,09/05/2025,281.07,5.5,Cash
5623,2,26,4282,1408,1,16/04/2025,121.26,3.8,Debit Card
5630,3,115,1199,102,1,07/11/2025,256.72,9.7,Debit Card
5636,1,68,4534,453,3,13/02/2025,280.19,26.0,Credit Card
5638,3,88,4874,82,3,25/10/2025,210.93,10.6,Credit Card
5641,4,56,729,194,2,15/01/2025,44.51,8.4,Debit Card
5644,3,21,1446,42,5,12/08/2025,12.5,8.7,Online
5645,4,42,1312,1295,1,28/12/2024,223.63,10.5,Cash
5648,1,58,167,52,1,08/07/2025,53.52,23.1,Online
5653,4,70,2676,949,4,23/11/2025,153.76,6.1,Cash
5660,3,14,2114,276,2,19/10/2025,173.73,4.5,Cash
5661,1,48,289,682,5,27/03/2025,219.33,28.3,Debit Card
5662,1,118,453,186,1,02/04/2025,39.45,29.3,Credit Card
5663,3,21,4218,177,3,28/12/2024,130.28,3.3,Debit Card
5664,3,46,728,17,2,20/05/2025,198.78,8.5,Online
5670,1,17,1510,129,1,15/06/2025,30.16,33.2,Cash
5673,1,118,2119,181,1,10/01/2025,55.58,33.0,Credit Card
5675,3,14,4026,218,5,21/10/2024,11.28,10.4,Credit Card
5678,2,69,2810,55,1,21/09/2025,76.38,8.7,Cash
5679,1,98,541,106,1,11/02/2025,84.94,33.6,Debit Card
5685,2,43,935,88,2,02/09/2025,158.63,5.1,Credit Card
5693,3,115,1140,88,4,07/03/2025,284.25,4.5,Credit Card
5696,3,53,2430,130,1,07/10/2024,26.43,9.4,Debit Card
5697,2,103,701,75,3,31/01/2025,143.36,5.6,Online
5699,2,114,1353,1096,2,11/04/2025,279.53,6.8,Online
5702,2,28,3283,1271,1,09/11/2025,218.74,10.1,Cash
5705,1,50,3519,228,1,27/08/2025,150.93,23.9,Cash
5710,1,82,3209,159,3,22/06/2025,117.05,26.3,Debit Card
5715,4,42,2829,518,4,06/10/2024,257.02,10.1,Online
5716,2,13,232,1085,1,12/07/2025,106.73,5.0,Credit Card
5719,4,34,4829,169,4,23/02/2025,248.57,7.8,Debit Card
5723,4,31,2878,160,2,12/04/2025,163.48,3.3,Cash
5725,4,56,3499,645,5,11/11/2024,297.78,7.8,Online
5727,1,79,4246,989,2,16/08/2025,245.11,28.5,Debit Card
5728,2,114,2125,738,3,05/06/2025,227.4,9.9,Credit Card
5732,3,88,3313,134,3,13/08/2025,56.59,4.3,Cash
5733,2,103,1118,55,2,28/05/2025,154.85,10.5,Cash
5741,1,29,879,65,1,09/10/2024,254.97,23.4,Cash
5745,3,14,1368,79,1,10/06/2025,34.29,11.9,Credit Card
5747,2,89,3780,221,2,01/02/2025,251.54,10.0,Cash
5748,2,11,3339,48,1,22/07/2025,47.51,7.5,Online
5749,4,56,1610,949,3,21/05/2025,246.42,6.6,Cash
5752,4,56,1064,287,1,04/12/2024,124.36,7.3,Credit Card
5753,2,8,1528,67,4,29/10/2025,99.19,7.5,Credit Card
5761,4,1,4322,147,1,13/01/2025,74.96,10.6,Debit Card
5769,1,58,3552,139,2,28/08/2025,206.13,30.6,Online
5772,3,21,2479,240,1,07/03/2025,198.56,7.5,Online
5775,1,48,3205,192,5,24/04/2025,164.78,24.4,Debit Card
5783,3,53,696,156,2,16/10/2024,90.38,11.5,Online
5786,2,103,97,1019,1,04/02/2025,177.41,4.5,Cash
5788,3,115,597,162,3,16/04/2025,276.53,10.7,Credit Card
5789,3,53,2638,87,2,18/03/2025,63.77,9.2,Credit Card
5791,2,35,1241,594,1,25/08/2025,240.2,5.8,Cash
5792,3,115,3016,1336,1,12/08/2025,265.68,7.5,Credit Card
5794,3,53,2132,151,4,05/10/2025,162.21,9.1,Credit Card
5795,1,17,1465,255,4,19/09/2025,268.5,33.5,Credit Card
5796,4,1,2458,64,1,24/10/2025,266.68,4.3,Debit Card
5802,3,46,559,116,2,11/11/2024,217.05,10.3,Debit Card
5803,1,58,4944,46,3,10/11/2024,57.99,32.9,Online
5805,2,8,2051,286,2,28/10/2024,103.01,6.8,Debit Card
5807,3,46,809,5,1,13/11/2025,34.16,5.9,Cash
5808,4,31,2423,733,1,28/08/2025,54.43,9.3,Cash
5809,3,115,1449,21,1,26/04/2025,255.16,11.9,Cash
5810,3,14,4127,40,1,02/04/2025,287.08,4.9,Debit Card
5811,3,46,637,636,5,12/02/2025,242.17,4.4,Cash
5817,1,48,4061,779,2,24/02/2025,266.85,25.2,Cash
5818,2,73,3896,238,2,12/11/2024,278.29,8.3,Online
5819,2,73,624,1067,1,30/05/2025,32.54,6.1,Credit Card
5825,2,114,1542,1,3,14/11/2024,32.57,3.7,Online
5828,1,59,3163,73,4,20/08/2025,184.56,27.1,Cash
5831,3,14,2553,225,2,24/04/2025,100.22,9.1,Debit Card
5832,2,43,2316,68,1,28/12/2024,227.53,5.8,Cash
5833,3,21,4033,127,3,02/11/2025,227.19,10.4,Credit Card
5834,4,70,3429,50,1,28/09/2025,85.57,4.9,Debit Card
5838,4,70,1184,1461,2,28/04/2025,194.16,9.3,Online
5842,4,1,3821,140,2,24/11/2025,256.33,5.3,Debit Card
5848,2,45,4350,152,4,28/12/2024,291.72,5.7,Credit Card
5850,2,69,1926,1151,1,07/02/2025,158.62,6.8,Debit Card
5852,2,110,1310,457,1,13/05/2025,19.16,8.2,Credit Card
5853,3,14,840,179,2,09/01/2025,40.89,8.5,Cash
5854,4,70,492,284,5,25/09/2025,253.16,3.4,Debit Card
5858,1,68,1352,566,2,22/11/2024,284.13,32.2,Debit Card
5859,4,56,1663,72,2,25/12/2024,77.88,8.5,Debit Card
5860,2,13,2601,67,1,20/03/2025,227.75,8.6,Debit Card
5862,2,103,3234,1492,5,01/02/2025,187.48,6.8,Cash
5863,4,31,4664,1084,5,07/12/2024,69.1,3.3,Credit Card
5868,2,43,1261,103,1,12/08/2025,187.6,3.9,Debit Card
5873,1,29,3523,1324,1,23/08/2025,112.61,26.2,Credit Card
5876,1,50,1852,243,1,29/05/2025,178.15,33.2,Debit Card
5887,1,50,3920,127,1,28/11/2024,153.34,28.1,Credit Card
5888,1,17,410,154,5,19/04/2025,123.62,24.8,Cash
5891,3,88,1179,122,4,05/12/2025,246.97,7.0,Credit Card
5893,3,53,3060,73,1,20/04/2025,134.02,4.4,Debit Card
5896,1,79,3773,16,4,14/02/2025,217.48,29.1,Online
5900,2,110,4241,764,1,16/10/2024,70.31,7.7,Credit Card
5901,2,13,3721,424,2,29/04/2025,104.79,9.5,Cash
5902,1,17,4978,35,3,06/10/2024,146.63,29.3,Credit Card
5904,4,56,3360,140,2,22/10/2025,204.32,11.2,Cash
5905,4,31,4701,150,5,29/03/2025,229.97,9.3,Debit Card
5907,4,56,655,161,1,13/05/2025,60.05,3.5,Debit Card
5908,2,83,4328,487,1,23/11/2025,81.0,4.2,Credit Card
5914,1,58,57,281,2,07/04/2025,94.02,27.0,Online
5916,2,69,762,62,1,17/01/2025,254.2,7.4,Online
5919,4,1,3974,270,1,04/06/2025,76.8,7.9,Debit Card
5925,1,118,1152,1,5,01/05/2025,200.82,31.0,Cash
5931,4,42,2452,1136,4,09/11/2024,51.91,9.0,Debit Card
5933,1,3,3735,499,2,12/09/2025,16.23,24.4,Online
5934,4,70,1079,173,5,03/04/2025,255.15,4.6,Debit Card
5936,2,103,1936,390,1,25/02/2025,74.28,5.5,Online
5937,3,21,2571,4,4,21/12/2024,115.75,9.5,Debit Card
5938,4,56,2969,1029,1,23/04/2025,164.44,3.7,Cash
5942,4,31,1709,90,2,12/10/2025,59.42,11.1,Cash
5943,2,110,4916,248,4,12/05/2025,220.14,3.3,Debit Card
5946,4,1,642,1185,3,25/08/2025,263.88,10.5,Debit Card
5949,2,83,2596,291,1,13/02/2025,34.51,5.6,Credit Card
5954,2,83,1730,1336,1,02/06/2025,297.71,7.9,Debit Card
5956,2,83,4809,209,5,05/06/2025,243.37,6.4,Cash
5957,4,1,184,28,3,06/11/2025,91.17,10.2,Cash
5958,2,89,266,1013,3,10/01/2025,131.06,6.4,Credit Card
5960,3,46,3656,1266,2,15/04/2025,38.9,10.6,Debit Card
5963,1,58,2909,292,3,20/01/2025,254.38,25.5,Credit Card
5967,1,98,3773,371,5,30/08/2025,217.48,23.3,Cash
5968,4,56,1688,67,4,24/08/2025,25.28,8.0,Debit Card
5969,4,70,480,478,2,05/01/2025,108.9,11.1,Credit Card
5971,3,53,4140,88,1,24/10/2025,85.73,11.7,Credit Card
5972,2,28,2157,30,3,07/10/2024,242.12,9.4,Credit Card
5973,3,115,4224,293,2,04/12/2024,88.62,8.4,Online
5974,4,1,4116,144,1,21/06/2025,98.72,3.5,Debit Card
5979,1,54,3022,594,5,13/10/2024,102.25,25.8,Cash
5982,4,56,3076,461,4,28/03/2025,276.54,6.8,Credit Card
5983,4,70,2912,470,4,28/04/2025,230.4,3.8,Credit Card
5986,4,1,1138,276,2,24/11/2025,185.95,7.8,Credit Card
5988,2,89,4902,146,3,17/11/2025,224.17,11.2,Cash
5992,2,23,4068,93,1,29/09/2025,256.26,10.0,Credit Card
5993,3,115,3412,153,1,02/06/2025,33.22,4.1,Debit Card
5997,1,29,4415,101,1,17/10/2024,94.13,28.9,Credit Card
6001,4,42,2001,7,5,23/09/2025,63.17,3.1,Credit Card
6002,3,115,2553,26,2,06/10/2024,100.22,7.6,Cash
6007,2,23,3485,468,1,09/06/2025,66.19,5.7,Debit Card
6010,1,68,283,201,3,27/10/2025,271.3,24.6,Cash
6011,4,70,18,48,3,30/11/2024,15.6,11.5,Debit Card
6012,4,31,4700,82,1,05/07/2025,107.24,3.5,Credit Card
6020,3,88,3618,550,2,04/06/2025,31.38,7.5,Debit Card
6027,2,8,2341,129,2,05/01/2025,50.44,5.5,Debit Card
6029,4,56,4322,97,4,06/10/2024,74.96,3.1,Credit Card
6030,4,34,1598,279,1,07/05/2025,108.06,11.1,Credit Card
6042,4,31,3350,149,1,21/01/2025,83.88,10.5,Credit Card
6049,1,17,2637,1380,1,12/07/2025,285.28,31.6,Credit Card
6057,3,14,3378,540,1,26/05/2025,217.93,8.9,Online
6071,2,73,73,134,2,12/07/2025,207.0,8.7,Cash
6072,1,82,2277,1290,1,03/11/2025,127.96,29.2,Online
6073,1,4,2462,100,1,01/05/2025,15.65,30.5,Cash
6077,1,29,3376,1046,2,08/02/2025,32.03,33.3,Credit Card
6079,1,4,1636,148,1,02/07/2025,188.13,24.4,Cash
6089,2,89,2983,1134,1,18/05/2025,29.96,10.1,Debit Card
6090,2,10,587,110,1,07/07/2025,236.77,5.3,Credit Card
6093,1,68,662,24,2,29/11/2024,115.22,23.2,Credit Card
6096,1,4,413,795,2,05/09/2025,65.05,27.3,Cash
6100,3,115,4499,167,1,24/12/2024,192.36,9.0,Debit Card
6101,3,46,4167,227,1,06/12/2025,177.45,4.0,Debit Card
6102,4,1,4758,544,4,31/10/2024,174.1,7.9,Credit Card
6112,1,48,1259,85,1,13/04/2025,39.25,30.3,Debit Card
6114,2,69,1735,957,1,18/05/2025,285.39,7.6,Credit Card
6121,2,89,320,68,2,15/07/2025,146.02,10.5,Cash
6124,3,88,4067,140,1,01/08/2025,152.07,4.1,Debit Card
6126,4,34,3219,261,2,23/07/2025,203.26,8.4,Cash
6131,1,4,512,239,1,08/02/2025,54.78,27.2,Debit Card
6133,3,46,1454,68,1,31/03/2025,47.1,10.9,Online
6135,4,34,4265,266,1,20/11/2024,226.0,3.8,Debit Card
6136,2,28,4751,282,2,20/09/2025,211.42,7.0,Online
6142,1,54,3254,117,2,26/02/2025,218.41,25.6,Debit Card
6143,4,1,4684,418,5,10/07/2025,81.94,4.1,Debit Card
6145,4,70,5,292,1,26/02/2025,87.09,10.4,Debit Card
6146,3,115,3738,126,2,19/12/2024,68.85,10.5,Cash
6148,4,31,1269,978,2,16/07/2025,238.02,9.7,Cash
6150,3,53,1607,1103,1,09/11/2025,222.78,5.6,Cash
6151,4,56,792,828,3,22/02/2025,68.38,7.2,Online
6152,3,46,513,277,4,10/08/2025,132.35,5.9,Credit Card
6153,4,31,2418,28,2,09/04/2025,16.77,7.8,Credit Card
6156,4,56,55,112,2,19/06/2025,116.23,11.8,Credit Card
6158,4,56,4281,161,2,29/07/2025,139.99,3.4,Cash
6159,3,21,4742,291,4,23/08/2025,27.94,7.4,Cash
6167,4,34,3290,739,2,15/07/2025,19.98,3.8,Online
6170,1,79,690,242,3,08/05/2025,85.77,33.3,Cash
6173,2,11,375,451,5,19/11/2024,172.89,12.0,Debit Card
6174,3,14,4755,1177,5,16/12/2024,148.31,11.2,Credit Card
6175,2,26,52,89,2,12/12/2024,283.93,8.1,Cash
6185,3,115,1779,5,2,10/06/2025,287.83,5.4,Credit Card
6186,3,21,3864,1348,5,22/06/2025,195.84,7.9,Cash
6187,4,1,1447,813,1,31/10/2025,96.65,10.8,Credit Card
6189,2,10,157,1261,1,28/10/2024,26.75,5.1,Online
6190,3,115,2954,1089,2,20/06/2025,41.41,8.0,Cash
6196,2,89,1409,86,1,25/08/2025,227.44,8.7,Online
6202,2,45,527,682,2,01/10/2025,79.46,9.4,Credit Card
6203,1,82,1074,981,5,11/02/2025,292.78,27.9,Online
6204,4,56,2246,24,1,22/04/2025,204.23,11.1,Online
6205,4,1,3484,1336,5,21/06/2025,253.29,5.9,Credit Card
6207,2,43,1518,285,4,30/08/2025,295.3,11.5,Online
6208,4,56,4154,1283,4,25/12/2024,154.53,5.5,Online
6211,1,68,4782,1414,2,09/05/2025,192.06,32.6,Debit Card
6214,3,88,1629,526,1,04/12/2025,87.1,3.2,Cash
6218,1,48,1238,249,4,13/06/2025,56.65,25.1,Credit Card
6220,1,48,1235,916,1,07/07/2025,256.13,22.5,Credit Card
6224,4,31,68,765,1,23/05/2025,246.76,11.4,Debit Card
6225,4,34,325,17,5,05/04/2025,129.75,4.5,Debit Card
6230,2,35,406,145,1,06/10/2025,174.82,6.4,Credit Card
6233,4,56,1393,532,2,06/11/2024,242.53,6.3,Credit Card
6238,2,83,2390,1493,2,14/07/2025,159.09,4.5,Cash
6244,3,46,2833,263,5,28/08/2025,5.39,4.2,Debit Card
6252,2,45,2820,80,1,21/09/2025,205.92,4.0,Credit Card
6255,4,56,4466,677,2,25/07/2025,137.77,4.4,Debit Card
6259,2,89,1030,6,5,28/10/2024,104.1,11.9,Credit Card
6260,3,53,3124,1015,2,08/12/2025,203.66,11.5,Cash
6261,2,73,3879,975,4,10/04/2025,170.84,7.0,Cash
6263,4,31,3214,269,1,15/02/2025,228.52,11.5,Credit Card
6264,1,54,4465,110,4,22/07/2025,209.9,28.3,Online
6267,2,114,1453,247,3,17/06/2025,197.77,7.9,Cash
6268,3,46,2034,34,5,23/03/2025,97.64,4.2,Online
6273,4,1,1151,102,4,27/01/2025,55.42,6.5,Credit Card
6276,1,59,1855,55,1,05/05/2025,202.15,24.5,Credit Card
6277,3,53,4597,137,1,09/10/2025,260.21,3.8,Credit Card
6282,4,42,62,145,2,01/10/2025,120.83,7.0,Cash
6283,1,82,108,172,2,18/11/2025,122.06,22.5,Cash
6284,3,46,2638,1168,5,06/03/2025,63.77,9.1,Cash
6285,4,1,385,114,1,18/09/2025,109.3,5.5,Online
6286,4,56,4180,64,2,12/08/2025,198.19,3.5,Online
6287,1,4,2067,1122,2,31/10/2024,115.99,30.4,Online
6294,2,43,510,218,1,17/03/2025,209.58,4.8,Debit Card
6296,3,14,3512,1081,2,25/05/2025,101.8,4.6,Debit Card
6298,2,32,1903,137,2,14/04/2025,110.13,7.9,Credit Card
6300,4,31,718,1266,2,19/02/2025,39.1,7.2,Debit Card
6302,3,14,4658,233,1,20/04/2025,79.3,8.8,Cash
6303,1,98,179,259,2,30/01/2025,258.75,33.1,Credit Card
6304,2,13,4677,1499,4,25/08/2025,144.65,5.1,Credit Card
6310,4,70,3713,182,4,17/07/2025,44.17,3.1,Cash
6313,1,79,1077,875,2,17/05/2025,216.86,32.9,Cash
6315,4,42,2658,141,4,24/11/2024,188.73,5.6,Debit Card
6320,3,46,195,204,1,25/12/2024,234.28,6.8,Online
6321,2,11,767,1166,5,11/07/2025,239.95,9.2,Online
6325,3,21,4616,67,4,14/03/2025,49.04,7.4,Online
6329,3,21,4138,183,4,03/05/2025,173.74,8.1,Cash
6331,3,14,4645,270,3,26/11/2024,110.39,7.9,Cash
6332,4,1,2111,1255,2,30/08/2025,27.97,10.5,Debit Card
6333,3,14,113,92,1,13/05/2025,281.07,4.6,Debit Card
6339,4,56,3577,172,3,10/12/2024,13.15,8.1,Credit Card
6342,2,83,4764,1482,2,15/09/2025,40.41,8.1,Credit Card
6348,1,4,3115,835,1,16/05/2025,258.79,27.1,Credit Card
6352,3,46,4417,558,1,27/02/2025,289.64,4.4,Cash
6353,2,103,2512,560,3,27/02/2025,209.53,3.3,Cash
6356,4,31,856,896,1,06/09/2025,194.43,6.6,Credit Card
6363,3,115,4328,292,5,28/10/2025,81.0,9.7,Cash
6367,3,21,3945,197,1,18/03/2025,165.44,10.6,Credit Card
6372,4,31,2383,78,4,10/12/2024,281.1,4.9,Debit Card
6373,4,56,2421,1396,2,14/09/2025,39.59,10.4,Credit Card
6380,1,68,182,70,4,18/02/2025,193.45,23.2,Credit Card
6385,3,46,3208,1058,2,16/03/2025,243.36,8.5,Debit Card
6392,4,42,2030,62,1,20/05/2025,38.05,9.4,Cash
6395,4,70,3357,95,2,04/10/2024,110.53,9.0,Credit Card
6398,4,70,3627,66,2,18/02/2025,241.86,6.9,Cash
6401,1,48,2039,453,5,16/11/2024,262.29,32.6,Cash
6412,3,21,3577,312,1,16/02/2025,13.15,4.8,Cash
6414,3,115,1622,467,1,24/04/2025,71.84,11.1,Debit Card
6419,2,28,3898,1222,1,17/04/2025,51.04,10.6,Cash
6420,1,79,801,986,3,03/09/2025,145.17,24.9,Cash
6421,3,115,3906,449,4,30/12/2024,263.06,7.7,Credit Card
6423,4,42,1017,1234,1,20/02/2025,155.62,10.1,Credit Card
6427,4,31,1988,1440,4,11/08/2025,76.68,8.6,Debit Card
6428,3,46,134,755,5,07/11/2024,79.21,11.0,Debit Card
6430,3,21,860,49,2,27/09/2025,272.38,3.9,Debit Card
6433,1,17,806,195,3,17/06/2025,60.32,29.5,Credit Card
6435,4,42,3446,4,1,19/07/2025,73.94,3.7,Cash
6437,2,11,1750,220,1,18/12/2024,154.54,8.3,Debit Card
6440,3,14,1206,604,2,28/10/2025,205.44,4.0,Debit Card
6445,3,14,1071,1052,2,06/01/2025,15.87,9.9,Credit Card
6448,1,79,2336,125,2,30/10/2024,73.01,29.2,Online
6451,4,31,3442,98,5,25/03/2025,226.0,7.5,Credit Card
6459,4,56,1734,1349,2,28/12/2024,128.69,4.8,Credit Card
6460,2,23,4644,129,1,15/07/2025,186.79,3.2,Credit Card
6461,3,46,2992,82,1,19/11/2025,26.03,4.2,Cash
6464,3,46,2999,1076,1,11/02/2025,285.82,6.0,Online
6467,2,110,3828,1138,3,02/01/2025,259.44,11.1,Credit Card
6473,3,21,77,1451,2,07/10/2025,111.27,6.9,Debit Card
6474,4,70,4453,1283,2,02/11/2024,284.87,3.8,Credit Card
6476,3,21,1149,1215,4,31/08/2025,95.09,4.6,Credit Card
6478,3,53,907,426,4,24/01/2025,21.55,3.4,Cash
6480,3,46,3332,178,2,30/03/2025,110.01,5.8,Debit Card
6483,1,4,179,149,4,20/11/2025,258.75,31.8,Cash
6488,4,70,1351,130,3,05/11/2024,236.81,10.0,Online
6492,3,115,4193,1285,4,16/09/2025,177.26,5.4,Credit Card
6493,3,88,1757,1387,1,21/03/2025,47.79,10.0,Debit Card
6504,3,88,3767,227,5,28/04/2025,232.98,4.5,Credit Card
6506,3,53,2446,1344,5,13/02/2025,73.02,7.6,Credit Card
6507,4,70,910,243,2,01/12/2024,41.26,11.7,Cash
6508,3,88,477,616,1,22/02/2025,29.28,8.2,Debit Card
6511,4,70,3044,131,1,09/06/2025,149.63,11.6,Debit Card
6513,2,10,3075,258,1,19/05/2025,225.83,5.7,Debit Card
6516,3,53,461,153,5,19/02/2025,57.51,6.6,Credit Card
6518,2,26,2544,516,1,19/05/2025,249.19,6.4,Cash
6522,3,53,668,282,2,17/09/2025,252.69,3.1,Credit Card
6525,2,43,772,28,3,30/11/2024,56.45,7.8,Online
6530,3,88,934,182,2,20/11/2025,20.39,9.9,Cash
6532,3,53,3131,280,4,24/10/2025,279.22,6.2,Debit Card
6534,1,118,482,194,1,17/09/2025,140.26,26.4,Debit Card
6535,1,98,2513,177,1,28/10/2024,218.9,33.1,Credit Card
6537,4,31,745,186,2,05/09/2025,220.12,7.6,Credit Card
6539,1,58,1751,87,3,15/11/2024,28.09,29.5,Credit Card
6543,3,14,1429,895,3,15/03/2025,89.52,10.6,Online
6544,3,14,230,197,4,11/09/2025,292.46,10.8,Debit Card
6545,2,23,275,221,2,15/04/2025,183.25,8.2,Credit Card
6547,2,103,3124,97,3,25/02/2025,203.66,3.4,Cash
6548,4,1,2988,851,1,13/11/2025,178.09,9.6,Debit Card
6550,3,14,2911,330,1,14/07/2025,112.81,11.0,Online
6551,1,17,4433,727,5,18/03/2025,68.77,24.3,Online
6552,1,4,2795,459,3,14/12/2024,21.4,26.9,Credit Card
6553,1,4,4970,52,1,15/12/2024,18.9,28.7,Online
6555,4,34,3453,174,1,26/03/2025,78.61,5.7,Cash
6558,1,79,3431,1167,4,31/01/2025,99.52,25.1,Cash
6560,1,98,3209,289,2,04/10/2025,117.05,29.9,Debit Card
6561,4,70,694,518,1,13/11/2025,213.73,9.1,Cash
6566,4,31,1588,204,1,14/07/2025,9.17,10.3,Credit Card
6573,1,82,1618,187,2,19/11/2025,51.81,29.6,Cash
6574,1,3,1535,55,4,02/07/2025,50.97,30.6,Credit Card
6582,2,26,687,496,5,22/10/2025,71.05,10.6,Online
6583,1,59,1524,1077,2,31/08/2025,53.35,26.8,Online
6584,3,53,2940,1337,3,09/12/2024,67.02,5.6,Online
6585,1,59,718,939,1,30/12/2024,39.1,28.2,Debit Card
6586,1,82,3318,894,1,09/08/2025,295.68,24.0,Debit Card
6588,3,115,2861,180,3,16/06/2025,42.52,3.3,Cash
6589,2,89,331,350,1,24/08/2025,288.25,7.9,Credit Card
6592,1,4,1301,5,2,22/09/2025,183.56,22.3,Cash
6594,2,69,770,133,2,11/11/2025,271.96,7.9,Debit Card
6595,4,1,893,765,1,29/01/2025,176.52,8.8,Online
6597,2,45,1463,54,2,03/09/2025,216.97,8.9,Debit Card
6598,4,70,1790,1258,1,29/04/2025,295.2,5.3,Credit Card
6599,4,70,2146,594,3,04/11/2025,271.54,10.3,Credit Card
6604,3,115,1312,174,3,10/12/2024,223.63,8.8,Debit Card
6605,3,14,3640,118,2,27/08/2025,254.43,6.4,Online
6609,2,45,2747,134,2,18/02/2025,237.46,5.1,Credit Card
6610,3,53,2453,1408,1,20/11/2025,279.05,9.3,Debit Card
6618,2,13,1939,196,2,31/10/2025,217.37,3.3,Cash
6624,3,53,318,191,4,03/08/2025,248.03,7.2,Credit Card
6625,1,3,2235,185,5,15/11/2024,142.02,22.4,Online
6626,4,56,1522,241,2,25/10/2025,265.58,6.6,Cash
6631,2,11,2561,87,2,11/01/2025,134.01,9.8,Credit Card
6632,4,34,3905,1248,4,23/03/2025,78.69,4.9,Credit Card
6633,4,70,1771,276,1,03/09/2025,211.18,8.6,Cash
6641,1,118,4262,965,3,06/01/2025,234.9,31.1,Credit Card
6642,2,103,1149,281,1,16/01/2025,95.09,8.4,Cash
6648,3,115,2469,168,1,18/11/2025,294.63,4.6,Debit Card
6649,3,115,2060,40,2,16/10/2024,203.36,4.4,Credit Card
6652,4,34,1344,30,1,17/02/2025,169.2,11.7,Debit Card
6653,4,70,496,196,1,10/05/2025,196.47,8.6,Credit Card
6655,4,70,768,35,1,18/03/2025,13.81,5.0,Credit Card
6656,2,23,2775,93,1,04/02/2025,11.23,10.0,Debit Card
6662,1,59,2379,1072,4,11/11/2024,261.53,22.6,Credit Card
6663,2,26,936,925,1,13/10/2025,10.97,11.1,Credit Card
6669,2,45,4591,165,2,18/12/2024,8.55,6.6,Credit Card
6674,3,88,4473,361,2,04/12/2024,239.55,4.9,Cash
6678,1,98,1366,233,5,01/04/2025,180.2,30.3,Online
6679,1,59,1237,1066,4,24/04/2025,187.27,32.1,Debit Card
6686,1,50,57,149,1,12/08/2025,94.02,23.0,Credit Card
6690,3,88,216,27,3,05/05/2025,138.45,9.9,Debit Card
6696,3,14,1526,1391,1,15/03/2025,215.12,10.3,Credit Card
6697,1,98,4143,562,1,04/06/2025,176.87,27.5,Debit Card
6708,3,21,2167,53,4,25/09/2025,67.63,7.5,Credit Card
6712,1,118,4050,1455,1,09/04/2025,34.42,26.5,Debit Card
6715,4,42,1999,111,1,11/10/2024,209.16,4.0,Credit Card
6720,4,31,4638,1488,3,17/10/2024,13.94,5.6,Debit Card
6726,2,45,3707,849,3,12/04/2025,289.26,9.8,Credit Card
6728,4,1,4479,115,4,04/11/2025,174.9,11.1,Online
6729,3,115,4325,1437,2,02/01/2025,112.02,10.6,Cash
6731,2,23,1836,187,1,28/08/2025,171.78,3.3,Credit Card
6735,1,59,1592,91,1,10/03/2025,61.42,23.7,Cash
6737,4,1,3312,690,1,29/03/2025,272.11,5.9,Credit Card
6740,3,53,2897,757,1,22/01/2025,226.79,7.8,Debit Card
6741,2,26,1650,1242,1,04/10/2025,165.82,11.9,Credit Card
6746,4,34,2663,247,3,26/06/2025,161.74,6.7,Cash
6752,4,1,2127,253,1,30/03/2025,225.26,10.8,Debit Card
6753,1,59,4506,142,2,13/05/2025,272.83,28.9,Cash
6755,2,69,2469,1045,4,09/10/2025,294.63,6.5,Debit Card
6767,3,88,4625,16,2,17/08/2025,272.27,10.2,Cash
6771,3,21,3501,66,3,04/12/2025,178.7,6.7,Credit Card
6772,3,21,4067,217,1,03/07/2025,152.07,10.5,Debit Card
6781,1,86,1287,1006,1,17/05/2025,145.8,27.2,Credit Card
6782,4,34,1389,117,3,20/11/2025,112.44,4.6,Online
6785,1,118,2503,712,1,27/04/2025,25.87,26.4,Credit Card
6788,3,88,1963,1472,3,12/01/2025,81.2,9.1,Debit Card
6789,3,46,2162,196,4,17/04/2025,196.77,8.7,Online
6792,4,34,2177,121,2,16/07/2025,173.0,6.5,Credit Card
6804,4,42,3991,1319,1,15/10/2024,21.74,5.1,Credit Card
6811,1,50,952,794,1,15/09/2025,238.7,24.1,Debit Card
6812,4,70,2418,71,1,12/02/2025,16.77,6.6,Debit Card
6816,4,34,3168,38,5,22/05/2025,64.23,10.5,Debit Card
6818,2,28,4676,1307,5,31/07/2025,218.62,6.6,Debit Card
6819,2,103,4264,818,3,13/11/2025,25.72,4.8,Online
6831,2,23,1951,10,2,04/11/2025,293.36,7.0,Online
6833,3,53,2239,1273,2,31/12/2024,35.77,11.9,Cash
6837,1,79,1674,1405,1,20/10/2024,7.65,24.4,Credit Card
6839,4,70,1732,334,5,02/09/2025,81.6,3.5,Cash
6841,3,88,3088,231,1,13/03/2025,30.08,10.0,Cash
6845,1,29,293,1014,5,28/07/2025,244.23,22.8,Cash
6851,4,70,2216,39,4,09/12/2024,263.8,3.5,Online
6852,2,45,2156,831,3,21/07/2025,27.48,7.6,Credit Card
6857,1,118,31,663,5,26/11/2024,81.62,33.4,Debit Card
6862,2,43,3704,375,2,11/09/2025,56.67,4.5,Credit Card
6867,2,11,216,97,5,08/12/2025,138.45,11.7,Credit Card
6868,1,17,1870,199,5,28/11/2024,139.85,24.6,Credit Card
6869,4,34,76,53,1,04/08/2025,154.35,4.9,Online
6871,4,31,991,1495,3,20/04/2025,118.38,8.5,Debit Card
6874,1,86,167,113,4,28/11/2024,53.52,32.7,Credit Card
6878,1,79,986,970,2,12/10/2024,106.25,32.3,Debit Card
6884,3,115,3100,8,5,04/08/2025,134.0,3.8,Cash
6885,1,17,4284,25,5,25/07/2025,236.93,31.8,Debit Card
6889,3,14,663,40,5,10/10/2024,102.2,4.6,Credit Card
6890,4,34,466,501,5,28/10/2024,134.11,5.8,Debit Card
6891,3,46,3930,93,4,12/01/2025,45.62,10.3,Online
6900,3,21,2353,1363,2,26/12/2024,25.38,4.5,Credit Card
6901,3,88,3343,97,1,07/08/2025,86.21,7.6,Cash
6902,4,42,1037,75,1,11/07/2025,108.58,4.0,Cash
6907,2,103,4945,906,1,14/01/2025,216.55,5.2,Cash
6912,4,56,4155,317,3,23/02/2025,216.69,5.9,Cash
6915,3,115,1294,1265,1,04/05/2025,144.13,6.8,Online
6916,4,34,1059,596,3,06/09/2025,179.65,7.0,Credit Card
6922,1,59,4702,502,2,25/10/2024,231.73,28.2,Online
6923,2,8,3677,130,1,04/04/2025,64.92,3.9,Debit Card
6924,3,21,3089,135,1,05/10/2025,47.73,11.1,Credit Card
6925,1,59,3221,758,2,29/11/2024,156.24,29.3,Credit Card
6931,4,1,2436,146,4,25/11/2024,275.21,7.9,Credit Card
6932,3,88,1596,67,1,24/11/2025,189.94,3.4,Debit Card
6934,2,10,1597,167,2,06/01/2025,182.13,7.7,Credit Card
6937,2,10,969,1494,1,15/03/2025,295.64,5.8,Debit Card
6939,3,14,4383,178,1,28/07/2025,121.14,3.4,Cash
6940,2,26,2011,43,1,10/11/2025,183.7,10.3,Debit Card
6943,3,14,3907,1174,5,04/10/2024,232.08,4.9,Cash
6944,4,34,4857,213,2,17/11/2024,152.6,3.3,Debit Card
6946,2,35,4469,1366,2,20/11/2025,135.98,3.2,Online
6953,4,70,4108,208,2,11/08/2025,33.87,7.0,Credit Card
6955,1,58,1056,388,1,26/02/2025,89.56,27.0,Debit Card
6956,4,42,3208,244,2,16/02/2025,243.36,7.3,Cash
6959,2,89,3606,134,1,28/11/2025,240.42,6.1,Cash
6963,2,8,4594,190,1,27/08/2025,152.87,10.3,Credit Card
6965,2,73,1220,647,2,26/05/2025,287.22,6.9,Debit Card
6967,3,88,3426,39,3,17/10/2024,44.84,8.3,Cash
6971,4,34,1240,7,1,26/09/2025,148.76,9.2,Credit Card
6973,3,46,2533,246,5,05/05/2025,30.95,9.8,Debit Card
6974,4,42,1122,41,2,04/08/2025,264.68,7.3,Online
6977,2,110,4242,908,3,22/07/2025,30.94,5.7,Cash
6980,2,114,3905,13,3,25/08/2025,78.69,5.6,Cash
6984,3,46,3505,351,1,25/11/2025,286.02,8.6,Online
6985,1,86,900,441,2,29/04/2025,124.35,33.9,Cash
6989,4,34,1483,775,1,04/05/2025,183.0,9.3,Credit Card
6991,4,70,2443,1317,3,25/11/2024,297.98,5.6,Cash
6997,3,88,4932,270,1,19/12/2024,215.47,5.6,Online
7000,3,21,2540,762,1,08/05/2025,299.19,3.3,Credit Card
7002,2,103,4195,166,1,02/11/2025,183.55,8.3,Online
7009,4,42,1785,377,1,06/05/2025,182.24,5.8,Cash
7010,2,103,479,887,5,05/11/2024,63.18,9.2,Online
7011,1,54,3410,135,4,17/11/2025,264.03,33.8,Credit Card
7012,4,70,464,62,1,17/04/2025,268.38,7.8,Cash
7016,1,59,2199,354,3,16/02/2025,297.15,28.5,Debit Card
7017,2,73,4842,960,4,22/09/2025,118.59,8.6,Debit Card
7020,3,14,2905,870,1,10/11/2024,225.45,4.7,Credit Card
7024,3,115,121,189,4,23/10/2025,275.18,3.7,Debit Card
7026,4,31,1302,145,1,22/09/2025,294.02,11.8,Credit Card
7028,3,46,3869,643,2,31/07/2025,38.95,11.6,Credit Card
7031,1,54,4838,356,2,02/11/2024,291.87,31.6,Debit Card
7035,4,1,4673,606,2,30/11/2025,115.64,6.0,Online
7039,1,86,2127,1401,1,16/08/2025,225.26,29.3,Credit Card
7042,3,115,3628,1258,5,26/05/2025,255.98,7.6,Debit Card
7045,3,14,3643,1296,1,25/03/2025,88.58,8.9,Credit Card
7051,3,53,1131,231,2,08/02/2025,248.55,11.7,Cash
7052,4,56,2337,231,4,17/05/2025,198.55,10.4,Credit Card
7053,1,118,2768,227,4,31/01/2025,226.99,27.8,Online
7055,3,88,3779,269,1,09/01/2025,75.28,10.9,Credit Card
7057,1,58,2688,8,1,22/05/2025,164.33,23.3,Debit Card
7058,1,68,4248,251,2,09/02/2025,45.02,32.7,Online
7065,1,82,3368,240,5,02/06/2025,275.56,28.5,Cash
7066,3,46,3684,145,4,26/11/2024,257.66,4.4,Debit Card
7067,4,31,2349,49,3,17/07/2025,11.93,9.1,Credit Card
7070,4,1,2673,41,1,17/10/2024,270.56,5.3,Debit Card
7083,3,14,3777,702,2,17/01/2025,68.11,5.0,Credit Card
7086,3,88,4198,141,1,22/10/2024,113.2,3.6,Cash
7087,2,103,1199,209,2,06/08/2025,256.72,11.3,Online
7089,3,46,400,103,1,31/05/2025,124.17,3.3,Cash
7092,4,34,1292,838,1,25/12/2024,239.26,11.4,Cash
7096,3,88,3132,638,5,02/04/2025,262.69,4.3,Online
7099,1,54,1492,1252,1,26/10/2025,76.08,26.6,Debit Card
7102,4,31,1738,555,5,18/02/2025,6.01,5.1,Credit Card
7104,2,11,4158,286,5,22/10/2025,265.29,5.0,Credit Card
7106,4,34,2971,584,1,19/11/2025,178.38,3.2,Online
7108,2,32,2969,1403,2,31/01/2025,164.44,4.5,Debit Card
7110,2,45,4628,966,2,22/01/2025,139.15,8.6,Credit Card
7112,3,53,601,826,3,10/10/2025,152.35,4.6,Online
7115,3,46,4281,44,3,27/06/2025,139.99,4.9,Cash
7117,2,73,2530,989,1,12/08/2025,270.38,6.6,Credit Card
7119,4,56,3698,20,3,24/04/2025,246.22,9.3,Credit Card
7123,2,26,3166,332,1,23/02/2025,299.16,11.7,Cash
7125,4,42,4745,107,1,13/02/2025,178.91,11.1,Credit Card
7130,4,34,3873,978,1,23/11/2025,282.74,4.6,Debit Card
7131,3,14,560,157,3,29/06/2025,68.68,4.4,Cash
7132,2,114,173,936,4,23/12/2024,253.56,11.1,Credit Card
7133,4,31,451,35,1,10/12/2024,22.29,4.3,Credit Card
7134,2,28,2975,173,3,01/07/2025,193.77,11.8,Debit Card
7135,3,14,1030,812,1,24/02/2025,104.1,5.5,Cash
7136,1,98,1195,145,3,15/06/2025,237.71,32.8,Cash
7139,1,82,2241,1386,1,31/08/2025,16.22,23.0,Debit Card
7143,1,82,3762,370,4,21/06/2025,205.5,27.1,Cash
7146,2,89,4533,56,1,14/11/2025,272.4,10.4,Online
7150,4,70,3980,1179,1,14/08/2025,78.72,7.9,Cash
7152,3,46,4884,623,5,21/11/2025,135.47,3.7,Credit Card
7154,3,53,4435,204,2,17/06/2025,141.95,10.6,Cash
7159,2,103,1141,281,1,05/11/2024,202.11,11.0,Credit Card
7163,4,42,2827,196,1,18/07/2025,138.68,3.9,Debit Card
7164,1,29,2504,52,5,11/07/2025,26.2,27.6,Cash
7167,1,54,1577,1408,4,27/11/2024,145.89,27.8,Online
7169,2,69,1038,200,1,20/11/2024,19.17,12.0,Credit Card
7174,4,1,4016,266,1,29/07/2025,287.03,11.2,Online
7179,4,34,4439,98,1,01/02/2025,245.69,3.7,Credit Card
7181,4,56,74,984,4,09/03/2025,142.51,9.6,Credit Card
7184,3,46,2095,212,2,24/12/2024,51.19,9.9,Cash
7189,3,88,3842,85,2,04/06/2025,101.0,11.8,Credit Card
7190,1,68,4857,204,2,15/04/2025,152.6,27.6,Cash
7192,3,14,4249,133,1,14/10/2025,60.55,3.7,Debit Card
7197,3,21,1221,110,4,31/07/2025,161.81,11.3,Online
7201,2,26,2240,1489,3,02/09/2025,192.75,4.6,Online
7204,2,114,3769,122,1,10/11/2024,168.65,4.7,Debit Card
7205,2,23,4881,1342,1,20/10/2025,59.74,7.1,Credit Card
7208,1,58,2790,157,4,10/03/2025,93.4,30.3,Online
7211,4,31,2529,676,1,07/04/2025,134.52,8.7,Debit Card
7213,2,23,4326,276,5,10/08/2025,171.58,8.2,Credit Card
7214,1,58,126,334,2,24/10/2024,223.56,31.1,Credit Card
7218,3,115,732,905,2,26/08/2025,110.7,11.6,Debit Card
7219,3,88,2987,936,5,02/08/2025,167.24,6.1,Online
7223,1,79,307,332,2,12/05/2025,163.63,32.5,Debit Card
7225,1,59,4467,170,2,25/06/2025,174.09,33.0,Online
7226,2,13,4958,1455,4,30/11/2025,292.02,10.1,Credit Card
7229,3,21,4213,673,1,16/11/2024,13.84,3.8,Credit Card
7230,4,56,2772,227,5,07/04/2025,274.94,5.5,Credit Card
7233,2,103,1,145,5,16/08/2025,98.97,7.4,Credit Card
7236,3,46,4246,1221,2,08/12/2025,245.11,10.3,Credit Card
7246,1,86,3765,799,1,22/10/2025,241.94,31.2,Cash
7247,2,83,1393,183,1,25/06/2025,242.53,7.9,Credit Card
7249,3,53,3506,105,2,26/03/2025,103.97,3.8,Cash
7251,1,98,3186,266,2,25/01/2025,46.25,25.5,Credit Card
7252,4,31,3134,15,2,15/11/2024,74.59,5.7,Cash
7253,3,88,24,4,1,02/12/2024,284.3,8.2,Online
7256,1,68,2675,1217,2,28/11/2025,33.31,22.6,Cash
7260,4,34,665,1305,2,04/11/2025,45.97,10.9,Credit Card
7264,3,115,4226,1371,1,08/05/2025,16.07,9.5,Credit Card
7270,4,42,17,6,1,15/08/2025,118.11,11.2,Credit Card
7276,3,53,1486,204,5,06/12/2025,252.83,4.7,Online
7277,2,35,4078,683,2,26/10/2025,53.2,11.6,Credit Card
7287,1,54,1418,203,1,16/02/2025,195.33,22.2,Cash
7291,2,103,1575,19,5,28/09/2025,214.11,9.5,Debit Card
7293,2,89,3913,1212,1,22/07/2025,93.38,3.1,Debit Card
7296,3,115,4513,1178,1,01/01/2025,172.7,3.9,Debit Card
7300,3,14,887,820,2,11/03/2025,116.72,10.6,Cash
7303,3,14,2506,154,1,25/02/2025,112.87,8.0,Credit Card
7316,2,23,568,190,4,24/07/2025,91.56,3.6,Cash
7326,2,114,2498,1125,3,03/09/2025,277.2,3.5,Debit Card
7330,1,54,2190,1113,5,09/12/2025,248.46,27.0,Debit Card
7331,3,115,3633,1203,1,05/12/2025,26.64,3.8,Debit Card
7332,4,31,1961,295,2,09/02/2025,8.26,10.8,Credit Card
7334,2,69,187,668,2,23/12/2024,210.47,6.5,Credit Card
7336,2,32,2022,226,1,12/09/2025,206.09,7.3,Cash
7338,3,53,2647,320,5,20/10/2025,255.29,6.5,Debit Card
7344,4,56,2090,215,2,10/12/2024,194.49,10.3,Debit Card
7345,3,21,2285,279,4,12/05/2025,108.58,5.0,Debit Card
7346,3,14,2260,149,2,23/07/2025,118.3,4.4,Debit Card
7348,4,34,600,304,2,08/06/2025,221.61,9.2,Credit Card
7349,2,103,1433,248,1,07/04/2025,101.94,11.5,Cash
7351,4,34,1819,239,2,13/12/2024,266.22,11.8,Cash
7352,3,46,96,124,1,02/07/2025,44.16,8.6,Online
7354,4,42,2180,7,1,20/08/2025,78.78,9.5,Cash
7355,2,83,3484,78,1,13/08/2025,253.29,6.1,Debit Card
7358,1,3,4976,183,3,25/09/2025,102.21,32.9,Cash
7359,1,4,4648,1283,5,14/07/2025,223.94,22.7,Cash
7360,1,98,3874,407,3,30/09/2025,252.23,33.7,Debit Card
7361,3,53,2420,141,1,04/08/2025,187.29,10.7,Cash
7362,2,32,1946,300,1,28/06/2025,288.44,9.8,Credit Card
7363,4,1,395,925,5,13/08/2025,75.45,10.6,Online
7364,3,46,4245,858,1,01/07/2025,233.11,3.7,Debit Card
7373,1,82,2121,1184,1,13/06/2025,238.06,29.2,Debit Card
7374,2,28,1823,36,5,27/06/2025,184.56,6.8,Debit Card
7375,1,58,4195,406,5,12/10/2024,183.55,27.7,Credit Card
7377,2,11,2396,207,5,31/10/2025,215.1,5.6,Cash
7378,2,103,2663,266,3,21/06/2025,161.74,5.3,Debit Card
7381,3,53,748,146,4,19/10/2025,205.91,7.5,Credit Card
7385,1,98,3158,1026,4,17/09/2025,83.07,30.9,Cash
7388,2,69,3232,288,4,01/11/2025,230.99,5.3,Credit Card
7390,1,82,3429,100,1,14/04/2025,85.57,30.5,Cash
7392,4,31,4527,71,1,21/06/2025,48.46,6.0,Online
7393,3,53,4844,237,1,09/11/2024,22.41,8.4,Online
7394,3,115,1922,129,4,27/10/2024,276.95,6.2,Cash
7395,1,68,4929,107,1,21/05/2025,225.15,22.4,Online
7397,4,34,2836,107,1,02/04/2025,86.11,11.3,Debit Card
7398,1,54,2547,295,1,25/12/2024,51.02,22.1,Credit Card
7406,3,14,3537,930,3,18/11/2025,12.2,9.5,Online
7408,4,56,2411,62,2,14/09/2025,284.42,12.0,Credit Card
7411,4,70,4389,1104,2,09/02/2025,119.29,11.9,Cash
7412,3,88,2934,398,3,13/10/2025,274.13,6.8,Credit Card
7414,3,115,2855,543,3,13/06/2025,290.43,9.3,Debit Card
7418,2,43,4898,1312,4,01/03/2025,247.7,4.0,Cash
7425,4,56,4183,339,2,18/08/2025,13.52,10.3,Credit Card
7428,3,21,4326,166,2,09/05/2025,171.58,6.4,Debit Card
7429,3,14,2734,118,5,18/01/2025,138.8,3.8,Debit Card
7435,2,32,2754,1440,5,16/04/2025,99.4,8.0,Credit Card
7436,3,14,292,596,4,24/05/2025,247.33,8.5,Debit Card
7439,2,23,3173,1447,1,07/08/2025,49.14,11.4,Cash
7440,3,88,2377,137,3,12/08/2025,259.67,5.1,Credit Card
7442,2,114,1752,222,3,10/05/2025,159.23,10.5,Credit Card
7447,2,103,2438,106,2,15/06/2025,37.93,5.0,Credit Card
7449,1,86,4786,1083,1,30/07/2025,269.4,30.5,Debit Card
7455,2,89,347,144,4,05/03/2025,115.92,5.8,Cash
7457,4,1,1660,140,5,02/01/2025,298.26,4.3,Debit Card
7463,3,14,4913,90,1,03/09/2025,96.45,12.0,Credit Card
7465,4,70,2858,1488,3,25/01/2025,246.65,4.5,Debit Card
7469,3,115,2859,60,1,11/11/2024,43.49,8.0,Online
7470,2,103,4460,411,3,01/12/2024,253.12,5.9,Debit Card
7471,4,56,2258,1045,1,25/05/2025,189.89,8.0,Cash
7472,2,45,779,509,1,04/12/2025,227.35,7.2,Debit Card
7476,2,110,3540,570,2,29/11/2024,76.77,10.9,Debit Card
7477,1,48,3215,35,1,04/12/2024,231.0,25.6,Credit Card
7479,1,86,2562,314,4,08/12/2025,220.48,22.2,Debit Card
7485,1,50,4029,191,1,15/04/2025,143.7,30.0,Cash
7486,1,48,2834,1107,4,31/05/2025,132.75,30.5,Cash
7488,1,54,365,221,2,19/06/2025,95.39,33.2,Credit Card
7489,3,21,707,343,5,20/11/2024,34.75,4.5,Cash
7494,1,58,483,885,2,06/08/2025,178.7,33.5,Cash
7501,2,43,1593,64,1,18/09/2025,216.88,11.7,Cash
7502,4,70,225,88,4,08/11/2024,269.53,5.2,Cash
7503,4,42,4305,774,1,02/10/2024,27.53,6.9,Credit Card
7504,4,42,141,1336,1,16/12/2024,230.36,6.2,Credit Card
7509,1,58,4901,98,2,01/12/2024,181.96,26.9,Credit Card
7510,1,79,267,290,4,04/09/2025,37.02,22.1,Credit Card
7511,2,103,204,994,1,07/12/2025,209.48,7.8,Cash
7516,3,115,688,57,3,29/11/2024,190.29,8.6,Cash
7517,1,29,4655,164,3,06/11/2024,282.77,31.7,Cash
7519,1,68,1683,1031,2,27/01/2025,117.27,25.8,Debit Card
7522,1,50,578,457,3,22/01/2025,254.27,24.3,Credit Card
7527,1,59,1108,607,1,24/04/2025,263.23,22.3,Credit Card
7528,4,42,780,778,2,15/10/2024,130.8,6.5,Credit Card
7530,4,34,2089,291,4,30/11/2024,165.99,3.4,Credit Card
7532,1,29,206,197,1,25/09/2025,197.89,33.2,Online
7538,3,46,2647,968,5,09/07/2025,255.29,3.9,Debit Card
7540,2,28,3094,58,1,28/01/2025,222.3,11.2,Credit Card
7543,3,46,1709,103,1,29/10/2025,59.42,10.7,Online
7547,3,53,38,244,3,22/05/2025,128.86,6.7,Online
7548,2,73,4391,252,5,11/10/2025,186.99,11.5,Credit Card
7549,1,58,3445,190,3,01/12/2025,148.07,30.1,Credit Card
7551,3,53,4616,1484,5,10/11/2025,49.04,6.0,Cash
7552,3,115,1307,748,3,24/07/2025,85.63,9.0,Cash
7562,3,21,2641,305,3,02/01/2025,28.53,11.3,Online
7566,4,34,830,117,1,03/12/2025,160.26,11.4,Debit Card
7571,2,89,3342,620,3,17/09/2025,147.68,4.5,Online
7573,1,17,384,268,1,25/04/2025,250.39,33.9,Cash
7580,1,17,1293,639,4,16/05/2025,136.53,32.6,Online
7583,4,31,598,674,4,19/08/2025,73.68,3.3,Debit Card
7586,2,8,3109,251,2,11/08/2025,273.51,6.3,Credit Card
7591,2,23,2218,81,1,17/12/2024,163.48,4.0,Debit Card
7592,1,98,1768,300,4,22/01/2025,182.81,25.3,Debit Card
7597,3,14,1155,954,2,15/07/2025,246.99,7.1,Online
7601,1,68,1346,225,3,27/05/2025,107.4,34.0,Online
7605,4,34,643,1156,4,23/07/2025,224.52,9.8,Debit Card
7606,2,103,4319,1081,4,07/11/2025,54.34,5.9,Credit Card
7608,1,59,458,236,1,19/01/2025,240.18,29.9,Credit Card
7611,4,70,3533,120,1,06/04/2025,111.48,9.7,Debit Card
7615,2,103,27,1282,3,24/08/2025,33.51,9.3,Cash
7618,2,26,1517,1366,1,23/01/2025,36.02,7.0,Online
7620,4,1,252,204,3,16/10/2024,214.45,7.9,Credit Card
7623,4,1,2070,106,2,01/04/2025,58.84,9.1,Online
7625,2,43,3784,101,4,11/01/2025,168.07,3.8,Debit Card
7627,1,58,1923,42,2,26/02/2025,56.62,25.9,Debit Card
7630,1,48,122,114,1,01/08/2025,86.98,33.9,Cash
7634,4,31,2019,85,1,15/11/2024,49.65,3.0,Cash
7636,2,26,3557,333,2,16/06/2025,48.26,6.3,Online
7640,3,46,1053,44,2,12/04/2025,281.65,5.4,Cash
7641,2,10,2130,227,2,15/09/2025,87.02,3.1,Credit Card
7642,1,82,2661,146,1,29/12/2024,219.78,26.2,Debit Card
7643,2,110,1226,207,2,06/06/2025,95.15,11.7,Cash
7644,2,114,69,1007,1,26/10/2025,201.39,3.1,Credit Card
7645,1,58,2082,1438,2,13/11/2024,200.67,28.6,Cash
7649,4,56,704,1118,1,14/08/2025,255.91,4.6,Cash
7650,3,53,1575,1139,5,31/03/2025,214.11,4.9,Cash
7651,1,4,2390,144,4,26/03/2025,159.09,29.8,Debit Card
7654,4,70,3760,171,2,01/05/2025,99.57,5.1,Credit Card
7656,4,42,2298,904,4,06/10/2024,199.16,9.0,Online
7659,4,56,3543,735,1,13/05/2025,108.26,4.6,Credit Card
7661,1,79,4621,1382,2,30/11/2025,163.86,30.2,Debit Card
7664,3,46,1171,1473,1,11/04/2025,117.61,3.3,Cash
7673,1,4,1912,198,3,08/06/2025,72.02,31.3,Cash
7677,2,69,4684,570,1,31/12/2024,81.94,8.7,Online
7678,1,86,3938,876,3,07/12/2025,194.75,27.3,Debit Card
7679,4,70,2855,184,2,13/02/2025,290.43,6.0,Debit Card
7683,3,115,1652,88,4,22/06/2025,174.97,6.7,Cash
7685,4,56,2778,130,1,13/06/2025,252.18,10.4,Credit Card
7686,2,103,4621,1241,2,03/11/2024,163.86,3.5,Credit Card
7687,2,89,4883,249,2,14/06/2025,85.83,5.9,Credit Card
7688,2,43,613,800,2,03/01/2025,197.12,3.2,Debit Card
7690,1,68,4920,191,1,05/07/2025,288.87,23.0,Debit Card
7696,3,14,2407,60,1,04/11/2024,40.4,11.9,Credit Card
7697,3,21,2878,151,5,24/11/2025,163.48,5.4,Cash
7701,4,42,3106,1362,4,23/08/2025,163.86,8.3,Credit Card
7713,4,42,3313,1365,4,16/08/2025,56.59,8.7,Cash
7714,2,83,2266,231,2,27/06/2025,135.32,5.0,Cash
7716,1,98,3815,181,3,08/11/2024,259.27,32.1,Online
7718,2,10,1542,19,2,02/11/2025,32.57,3.1,Debit Card
7721,4,56,4806,1142,1,05/04/2025,220.47,7.0,Online
7722,1,86,3842,29,1,17/12/2024,101.0,29.8,Debit Card
7725,1,68,4991,437,4,02/09/2025,203.57,24.4,Credit Card
7728,1,4,246,1182,4,11/05/2025,154.48,30.2,Online
7732,4,31,1090,109,4,02/06/2025,39.62,3.9,Debit Card
7736,2,28,4758,16,1,24/05/2025,174.1,4.5,Debit Card
7738,1,58,3439,29,1,24/02/2025,185.93,28.9,Debit Card
7739,3,14,552,16,2,25/02/2025,207.02,9.6,Debit Card
7741,3,14,4761,1040,1,08/04/2025,226.73,11.5,Debit Card
7743,3,53,1547,175,1,15/02/2025,295.3,9.3,Debit Card
7744,3,14,4519,53,1,28/09/2025,151.29,4.2,Debit Card
7746,2,28,134,1356,4,15/03/2025,79.21,9.8,Credit Card
7749,4,56,1456,1105,1,28/05/2025,199.21,4.9,Debit Card
7755,4,42,1848,1179,1,15/03/2025,17.02,3.5,Cash
7760,4,56,2776,85,2,27/04/2025,223.15,9.7,Credit Card
7767,2,110,3015,1320,2,16/06/2025,144.14,5.0,Cash
7772,3,21,428,1059,1,30/06/2025,43.64,7.7,Debit Card
7775,3,14,596,395,2,07/11/2024,7.44,9.1,Credit Card
7778,1,68,1896,29,2,08/01/2025,295.58,28.2,Debit Card
7779,4,70,2364,296,1,10/11/2024,244.66,9.5,Online
7780,2,11,3098,9,2,23/07/2025,251.09,3.1,Debit Card
7786,2,43,2446,196,1,15/10/2024,73.02,8.4,Debit Card
7787,1,79,986,1015,3,09/11/2024,106.25,31.4,Credit Card
7794,3,46,3422,267,3,07/07/2025,228.7,3.5,Cash
7798,1,29,739,1365,2,16/08/2025,61.98,29.0,Online
7800,1,3,1938,275,5,07/07/2025,76.73,27.8,Online
7812,3,46,3786,147,5,23/09/2025,55.24,9.9,Debit Card
7816,4,42,1930,435,1,10/09/2025,252.0,8.4,Credit Card
7818,1,17,3451,623,1,08/10/2024,205.28,25.5,Credit Card
7821,1,86,1250,3,2,07/10/2025,116.1,30.2,Credit Card
7822,4,42,3236,1191,2,14/07/2025,173.53,7.7,Online
7824,1,50,4775,314,1,21/08/2025,204.36,31.6,Credit Card
7826,4,34,4988,606,1,01/10/2024,157.65,9.4,Online
7831,2,83,1672,177,4,13/02/2025,91.72,6.0,Cash
7833,4,70,1319,484,3,12/01/2025,140.37,3.7,Credit Card
7834,1,59,1920,1296,5,24/04/2025,181.2,31.8,Online
7838,3,53,788,977,1,30/06/2025,127.57,4.7,Online
7843,1,29,3344,290,3,15/11/2024,213.94,25.9,Online
7846,1,68,3602,276,2,31/12/2024,61.91,31.8,Cash
7861,3,53,2912,135,3,15/11/2025,230.4,5.5,Debit Card
7865,2,8,3485,493,2,15/08/2025,66.19,8.4,Cash
7871,3,88,2866,1268,5,23/03/2025,264.2,3.2,Credit Card
7873,2,89,3827,1369,2,13/04/2025,275.11,6.7,Online
7874,4,34,665,219,3,27/12/2024,45.97,12.0,Credit Card
7876,2,32,3275,888,2,24/09/2025,185.23,4.4,Credit Card
7882,2,73,645,115,1,18/10/2025,128.11,5.8,Debit Card
7883,4,42,1025,74,5,03/07/2025,191.05,5.2,Cash
7884,3,21,1950,197,2,24/05/2025,26.84,4.9,Debit Card
7886,2,69,3048,1489,1,08/08/2025,212.21,9.9,Debit Card
7887,2,35,1044,581,2,18/01/2025,188.22,5.3,Cash
7890,3,53,655,138,1,05/04/2025,60.05,10.8,Cash
7892,3,21,3399,119,2,06/04/2025,82.08,3.4,Credit Card
7894,1,86,1965,404,1,27/04/2025,281.08,27.3,Credit Card
7895,1,17,55,556,5,21/09/2025,116.23,28.3,Cash
7898,2,83,2019,1142,1,13/10/2024,49.65,6.5,Credit Card
7901,1,4,440,671,4,26/09/2025,100.02,24.7,Debit Card
7916,2,43,4827,929,1,15/09/2025,275.92,6.3,Credit Card
7917,2,110,1025,133,2,05/07/2025,191.05,10.1,Debit Card
7923,1,118,217,1296,1,02/03/2025,41.95,33.5,Debit Card
7925,1,59,4817,940,5,12/10/2025,296.98,27.9,Debit Card
7926,1,86,3189,230,1,01/12/2024,286.4,33.4,Online
7927,2,28,4772,94,1,04/12/2024,251.16,6.3,Credit Card
7929,4,56,489,848,1,06/12/2025,103.22,8.6,Online
7930,4,31,2156,764,1,21/12/2024,27.48,6.9,Cash
7931,1,82,4547,107,3,23/10/2024,235.46,27.0,Cash
7932,1,29,3817,261,1,09/10/2025,44.85,22.8,Online
7934,2,10,1910,339,2,01/06/2025,48.57,9.6,Online
7935,2,26,1079,267,4,12/05/2025,255.15,4.1,Credit Card
7936,1,3,4639,89,1,08/08/2025,18.51,26.7,Credit Card
7940,3,46,2639,92,1,24/10/2025,184.67,6.2,Debit Card
7945,3,14,97,193,1,08/10/2024,177.41,10.6,Cash
7947,2,103,2210,19,2,15/10/2024,89.1,8.7,Online
7949,1,29,1911,273,1,27/01/2025,137.17,29.0,Cash
7951,3,53,3003,636,1,01/03/2025,212.08,4.2,Credit Card
7954,4,34,2051,674,2,29/03/2025,103.01,11.2,Credit Card
7956,4,1,1327,149,1,30/12/2024,144.28,7.7,Debit Card
7957,2,45,2266,106,2,07/06/2025,135.32,3.9,Credit Card
7960,3,14,174,12,1,20/12/2024,130.02,7.8,Debit Card
7961,2,32,4229,1215,2,11/06/2025,279.06,4.1,Online
7966,4,56,3794,273,1,10/06/2025,161.68,3.4,Cash
7968,1,50,4347,5,5,27/03/2025,170.81,26.9,Credit Card
7970,1,54,1482,474,1,04/07/2025,116.63,25.9,Cash
7973,4,1,1425,913,5,28/02/2025,261.7,6.6,Credit Card
7975,3,14,2211,312,1,06/07/2025,65.67,3.8,Credit Card
7976,1,86,970,1489,5,27/04/2025,233.78,24.3,Debit Card
7986,3,46,3905,15,5,31/10/2025,78.69,8.4,Credit Card
7988,2,10,3272,1445,2,17/10/2025,96.34,8.2,Cash
7992,2,11,106,1394,4,05/09/2025,95.04,10.8,Debit Card
7993,4,56,3436,80,3,08/01/2025,42.4,9.3,Online
7994,3,88,1952,400,1,13/11/2025,134.4,11.1,Debit Card
7995,1,4,1934,38,2,06/06/2025,283.26,30.3,Online
7996,3,115,4159,257,1,28/10/2024,151.01,10.4,Debit Card
8000,3,88,3502,595,3,11/04/2025,94.21,3.8,Debit Card
8001,2,11,722,1023,3,09/03/2025,161.41,5.1,Debit Card
8005,2,73,1550,582,1,24/05/2025,57.04,8.6,Debit Card
8007,3,88,2522,200,1,06/08/2025,297.79,8.7,Cash
8012,1,79,1836,1071,1,18/01/2025,171.78,23.0,Cash
8015,4,1,1152,247,2,14/01/2025,200.82,4.9,Credit Card
8017,3,46,952,33,5,07/10/2025,238.7,9.2,Online
8020,4,70,1378,60,1,24/07/2025,127.95,3.6,Online
8021,4,42,627,344,2,11/12/2024,132.76,5.0,Debit Card
8023,3,53,4346,236,1,26/06/2025,52.27,4.9,Debit Card
8025,3,88,3632,200,3,04/05/2025,256.48,11.6,Debit Card
8026,2,110,3971,1066,2,02/12/2025,23.72,11.3,Credit Card
8030,2,110,208,52,5,06/04/2025,288.82,8.0,Debit Card
8037,1,3,3072,52,2,31/03/2025,55.45,28.1,Credit Card
8039,3,115,3518,173,2,19/11/2024,37.42,11.1,Online
8043,4,1,1675,1236,1,25/06/2025,51.81,7.5,Credit Card
8051,2,8,1943,1419,2,03/07/2025,176.22,6.3,Debit Card
8054,1,59,2212,282,3,17/05/2025,219.35,32.6,Online
8056,1,54,1148,241,2,18/11/2025,41.76,27.8,Debit Card
8057,1,48,3987,274,5,23/08/2025,82.75,26.2,Cash
8058,4,56,2511,64,2,25/04/2025,38.73,8.1,Debit Card
8059,2,83,2208,136,4,27/02/2025,60.6,3.8,Cash
8061,4,34,4924,97,4,27/08/2025,38.7,4.1,Online
8066,2,28,641,1289,1,27/06/2025,55.87,5.5,Cash
8067,3,21,2293,758,2,18/03/2025,237.48,8.7,Online
8069,1,58,1174,112,1,16/05/2025,232.31,32.9,Debit Card
8079,4,42,1796,871,3,13/09/2025,247.45,5.2,Cash
8080,4,34,2403,13,1,20/12/2024,221.44,8.2,Cash
8084,1,98,1208,1204,1,10/05/2025,19.72,30.0,Cash
8087,4,31,3604,204,2,22/07/2025,37.35,6.2,Credit Card
8088,4,42,4035,975,1,08/09/2025,212.58,7.2,Debit Card
8094,2,89,4483,1067,3,22/10/2024,59.72,6.6,Credit Card
8096,2,83,93,257,1,17/12/2024,229.56,7.1,Debit Card
8099,3,14,1578,1268,5,25/09/2025,94.81,10.2,Cash
8103,3,115,2812,187,2,26/11/2025,299.63,10.0,Online
8111,2,11,2640,72,3,10/08/2025,198.34,11.2,Online
8120,3,53,101,76,5,08/12/2024,75.93,11.6,Debit Card
8127,4,56,4105,1477,2,07/04/2025,252.85,10.2,Online
8128,3,88,2882,1393,3,28/10/2025,209.31,9.7,Credit Card
8130,3,53,709,200,5,05/04/2025,46.7,6.1,Online
8134,1,54,2194,465,5,12/11/2025,190.96,22.3,Credit Card
8137,1,86,4358,459,3,31/08/2025,178.31,33.6,Debit Card
8139,4,1,3068,1114,5,26/01/2025,155.28,7.5,Cash
8142,1,118,2009,276,2,17/01/2025,281.07,32.9,Online
8143,4,31,2414,194,1,23/09/2025,209.79,10.7,Debit Card
8144,2,13,4769,46,1,07/06/2025,29.41,8.1,Debit Card
8145,1,48,4006,543,1,21/10/2024,32.69,25.8,Cash
8146,4,70,3550,180,2,27/07/2025,212.85,4.2,Credit Card
8148,3,46,3674,1072,1,11/11/2024,120.97,8.3,Credit Card
8150,1,118,154,229,4,25/11/2024,79.36,32.9,Online
8153,4,56,3679,137,5,20/09/2025,215.56,11.5,Credit Card
8154,4,1,675,1009,5,03/10/2024,76.81,10.6,Cash
8155,3,14,4420,1325,1,25/09/2025,296.42,9.8,Online
8156,2,103,3813,277,1,01/11/2025,15.25,5.9,Cash
8157,4,56,264,1282,4,20/03/2025,96.26,6.8,Debit Card
8160,1,68,3121,671,2,30/09/2025,126.17,31.4,Credit Card
8162,3,115,1614,139,5,09/05/2025,114.67,7.1,Credit Card
8164,4,31,3974,998,1,14/04/2025,76.8,3.1,Cash
8165,3,14,4413,441,1,04/12/2025,91.62,11.9,Cash
8168,4,42,4075,1317,1,23/01/2025,187.08,5.5,Debit Card
8172,1,59,2280,37,2,09/12/2024,148.65,32.8,Online
8173,1,3,2660,119,4,07/11/2024,58.61,29.5,Credit Card
8175,4,34,2682,1188,4,24/11/2024,153.24,6.9,Debit Card
8177,4,42,3815,18,5,31/05/2025,259.27,8.6,Credit Card
8180,4,42,1965,2,2,03/11/2024,281.08,11.7,Online
8183,1,59,4757,209,2,14/01/2025,141.46,33.0,Debit Card
8187,1,59,4859,150,1,21/01/2025,237.78,22.5,Credit Card
8191,4,31,921,253,1,06/07/2025,113.08,6.2,Debit Card
8195,2,26,1666,192,1,23/08/2025,290.45,10.4,Online
8196,1,48,3076,477,4,28/09/2025,276.54,33.2,Debit Card
8201,2,69,2197,594,2,03/06/2025,147.61,6.6,Online
8205,2,43,4378,926,5,03/03/2025,178.28,3.8,Debit Card
8210,2,89,4563,240,2,06/04/2025,264.94,10.5,Credit Card
8213,4,42,1393,77,3,22/11/2024,242.53,6.3,Cash
8215,3,14,2627,1309,5,09/12/2024,179.41,3.6,Debit Card
8219,1,68,14,135,1,27/10/2025,138.32,28.5,Online
8229,2,23,4760,21,1,31/03/2025,7.11,8.7,Credit Card
8230,4,31,2912,181,4,05/11/2024,230.4,9.0,Debit Card
8235,2,13,3288,176,1,02/01/2025,69.47,8.2,Debit Card
8236,4,34,4955,202,2,15/09/2025,18.85,11.4,Credit Card
8238,4,34,3411,318,2,27/09/2025,47.45,7.4,Debit Card
8240,4,34,4222,783,5,03/05/2025,269.15,5.2,Debit Card
8242,3,53,2453,191,5,09/07/2025,279.05,3.4,Online
8243,4,31,1586,726,4,07/01/2025,213.19,3.8,Online
8247,3,14,3075,125,5,13/07/2025,225.83,9.1,Cash
8248,3,53,1260,231,1,03/05/2025,292.05,8.8,Online
8249,4,1,140,919,1,04/09/2025,145.26,8.3,Online
8250,2,45,3677,629,1,19/07/2025,64.92,11.2,Online
8255,3,88,4498,256,4,07/07/2025,22.2,11.1,Credit Card
8259,2,110,3641,95,2,03/11/2024,58.19,5.1,Debit Card
8261,1,59,3857,92,4,22/06/2025,150.71,22.8,Credit Card
8263,1,82,4078,1067,2,23/04/2025,53.2,31.4,Credit Card
8268,3,14,1350,1423,1,20/11/2025,93.75,9.4,Debit Card
8271,1,79,3907,382,5,28/12/2024,232.08,23.5,Debit Card
8272,2,114,3042,220,5,22/01/2025,73.88,7.2,Cash
8273,2,28,4796,140,3,28/07/2025,274.21,4.7,Cash
8275,2,114,256,1330,2,01/04/2025,50.73,10.4,Debit Card
8278,2,23,2625,102,2,30/11/2025,150.49,10.4,Debit Card
8282,3,21,2870,174,3,09/09/2025,18.41,6.0,Credit Card
8285,4,42,4525,171,1,23/11/2025,45.08,8.5,Online
8289,3,115,1357,1220,1,07/03/2025,230.1,5.5,Debit Card
8292,3,21,2933,671,1,16/05/2025,256.39,3.5,Debit Card
8296,4,34,3883,41,1,21/08/2025,28.16,5.7,Credit Card
8298,2,10,988,124,1,08/02/2025,37.78,4.7,Credit Card
8310,1,79,1340,992,1,09/11/2025,122.17,30.0,Cash
8311,1,4,2561,285,5,04/01/2025,134.01,26.2,Online
8312,1,50,891,210,2,28/04/2025,141.39,23.1,Cash
8313,4,31,50,243,1,13/07/2025,72.4,5.8,Debit Card
8314,3,115,4167,138,1,17/06/2025,177.45,4.3,Debit Card
8318,3,21,1644,97,1,21/11/2025,220.3,6.9,Online
8319,2,45,73,1234,3,06/11/2024,207.0,5.9,Cash
8320,2,10,3031,225,5,24/08/2025,40.39,5.2,Debit Card
8321,3,53,1050,267,5,08/10/2024,29.12,10.8,Credit Card
8323,3,14,2421,154,1,14/01/2025,39.59,10.9,Online
8324,3,21,2160,1187,5,09/03/2025,36.44,9.6,Online
8326,3,14,3357,1199,1,27/09/2025,110.53,6.2,Credit Card
8347,3,115,3017,713,1,03/11/2025,105.07,4.9,Cash
8348,3,46,3422,1394,5,06/09/2025,228.7,9.5,Cash
8351,4,31,3359,1262,2,23/10/2024,239.85,4.3,Debit Card
8357,2,103,170,262,1,29/11/2025,123.12,11.7,Debit Card
8358,2,26,1772,1421,1,29/09/2025,14.2,10.1,Credit Card
8359,1,68,2409,58,3,22/03/2025,225.66,32.7,Debit Card
8361,1,4,11,267,5,29/07/2025,158.76,25.1,Debit Card
8363,2,11,2789,892,2,10/10/2024,106.9,8.8,Cash
8365,4,42,3401,1193,4,07/03/2025,119.16,4.7,Credit Card
8369,2,110,2513,37,5,31/01/2025,218.9,9.9,Debit Card
8373,1,79,4838,155,1,14/04/2025,291.87,27.2,Debit Card
8375,2,10,3990,212,2,25/08/2025,76.74,11.4,Credit Card
8376,4,56,3233,776,1,06/05/2025,200.67,9.7,Debit Card
8378,1,59,1990,198,1,31/12/2024,190.79,27.8,Credit Card
8383,4,34,1297,220,2,25/12/2024,145.73,11.9,Online
8385,4,34,1003,183,4,25/07/2025,221.6,3.6,Online
8391,3,88,2478,280,1,01/11/2024,102.4,10.7,Cash
8392,2,45,4960,230,4,28/10/2025,182.41,3.2,Debit Card
8396,3,115,2038,836,4,28/10/2025,9.05,7.9,Credit Card
8398,3,14,3694,274,3,15/07/2025,179.33,11.7,Cash
8403,3,115,461,105,1,27/03/2025,57.51,3.9,Online
8409,1,50,3918,464,1,23/01/2025,281.93,23.8,Debit Card
8411,4,56,297,507,4,22/01/2025,47.8,11.0,Cash
8412,3,14,1563,174,2,11/05/2025,128.1,7.0,Credit Card
8413,3,14,4541,51,5,25/04/2025,187.04,9.6,Cash
8415,3,115,3644,1448,5,26/11/2024,5.94,3.0,Online
8417,2,23,1458,68,2,12/12/2024,35.99,4.1,Credit Card
8420,3,53,1907,69,5,20/01/2025,7.63,9.4,Cash
8422,3,14,114,897,2,28/08/2025,167.08,5.3,Cash
8425,2,43,890,146,1,16/05/2025,243.24,5.5,Debit Card
8426,1,4,3998,50,2,07/11/2024,213.28,25.6,Online
8435,1,98,1668,38,1,12/07/2025,140.41,26.3,Debit Card
8438,3,115,2508,1150,2,15/05/2025,20.36,7.5,Credit Card
8439,2,89,287,253,5,02/10/2025,186.18,8.1,Cash
8444,3,115,881,1122,1,15/08/2025,240.45,5.0,Credit Card
8445,1,29,1431,80,1,01/10/2024,279.48,33.8,Debit Card
8446,2,8,2768,1460,2,09/02/2025,226.99,6.8,Cash
8449,2,13,195,511,5,12/02/2025,234.28,9.1,Debit Card
8452,1,86,3126,53,5,09/02/2025,66.37,26.7,Online
8453,4,42,1375,133,5,11/10/2024,49.36,3.4,Cash
8454,4,1,992,179,2,10/06/2025,238.45,6.6,Cash
8455,1,29,2887,351,1,21/12/2024,99.77,30.0,Debit Card
8462,4,31,4883,213,5,07/11/2025,85.83,5.6,Credit Card
8467,1,118,4634,502,4,29/10/2025,286.81,24.2,Cash
8475,3,88,4811,157,2,13/10/2024,252.17,10.4,Credit Card
8476,1,79,1118,646,5,12/08/2025,154.85,33.6,Credit Card
8478,4,31,3348,1042,4,26/10/2024,137.28,6.7,Credit Card
8480,2,11,2793,474,4,04/12/2025,98.4,10.9,Online
8485,2,103,21,931,5,08/12/2025,65.73,5.6,Credit Card
8486,3,115,4925,2,3,15/07/2025,109.69,6.9,Cash
8492,4,42,3128,1147,4,01/10/2024,195.63,11.5,Cash
8501,4,31,3640,215,4,25/02/2025,254.43,5.8,Cash
8504,4,1,1160,1129,5,09/10/2024,252.64,3.2,Credit Card
8511,3,115,4242,1301,2,25/10/2024,30.94,9.4,Debit Card
8513,3,46,1334,1176,2,02/05/2025,214.5,7.4,Credit Card
8514,4,42,1515,1348,1,16/05/2025,240.76,11.2,Credit Card
8516,3,53,4034,101,1,02/02/2025,34.71,10.0,Credit Card
8517,2,69,4819,133,3,18/03/2025,169.89,4.8,Online
8520,3,88,418,1302,2,06/04/2025,265.44,5.0,Debit Card
8528,2,11,2169,1301,4,20/12/2024,275.43,6.6,Cash
8530,3,14,2723,40,2,06/10/2024,76.03,8.7,Cash
8534,4,70,1748,261,1,02/06/2025,170.37,6.0,Debit Card
8535,3,115,4873,239,5,07/12/2025,188.5,9.7,Credit Card
8537,3,21,4747,458,5,07/06/2025,64.01,7.7,Debit Card
8539,2,8,2744,557,2,09/08/2025,276.45,4.1,Debit Card
8540,3,115,4816,638,5,13/02/2025,211.39,6.4,Debit Card
8545,4,31,2886,20,2,07/05/2025,187.99,3.6,Cash
8552,4,56,4562,199,1,02/01/2025,281.49,5.7,Online
8554,1,118,4918,14,1,04/11/2024,67.56,25.8,Online
8557,4,70,2758,214,1,22/10/2025,147.6,9.9,Cash
8558,2,26,4013,477,1,12/12/2024,54.94,11.1,Credit Card
8566,2,89,1228,33,1,31/01/2025,154.57,4.0,Cash
8567,2,69,4737,249,3,30/08/2025,239.47,4.0,Online
8571,1,82,2809,281,2,11/07/2025,250.05,25.3,Debit Card
8572,1,68,3334,345,3,05/09/2025,253.53,22.2,Online
8580,4,1,2562,199,5,10/11/2024,220.48,7.5,Credit Card
8584,1,82,2057,237,1,03/01/2025,75.43,22.9,Debit Card
8585,4,34,1909,1379,1,30/11/2024,62.21,9.7,Cash
8586,3,14,4087,81,1,06/12/2024,207.97,11.5,Credit Card
8592,1,79,2357,589,1,22/11/2025,87.62,27.3,Debit Card
8593,2,114,214,472,1,15/05/2025,263.68,10.0,Cash
8598,2,69,1143,494,1,02/07/2025,55.41,8.3,Debit Card
8602,4,56,4893,813,1,21/10/2025,265.5,7.5,Cash
8603,3,88,413,189,2,08/08/2025,65.05,7.0,Debit Card
8604,4,34,1363,1270,4,19/12/2024,12.4,11.9,Online
8609,4,42,4717,1202,1,15/06/2025,98.6,4.2,Credit Card
8619,1,118,1653,199,3,26/03/2025,37.01,30.4,Cash
8623,3,53,3270,258,1,26/05/2025,281.2,3.3,Credit Card
8625,1,4,1700,214,1,21/09/2025,284.79,24.3,Debit Card
8627,2,73,1601,660,3,28/10/2025,158.74,5.9,Debit Card
8628,1,17,2502,361,5,31/12/2024,66.12,32.3,Cash
8631,3,115,2535,37,1,20/10/2025,37.66,7.2,Cash
8632,2,35,2889,55,1,09/02/2025,81.67,5.8,Credit Card
8639,3,88,810,73,4,01/06/2025,160.51,10.8,Cash
8641,3,115,3444,934,4,09/10/2024,258.4,11.2,Credit Card
8643,3,115,2388,146,4,05/09/2025,211.69,3.2,Cash
8645,4,70,1876,155,1,11/11/2024,134.29,6.5,Online
8647,2,8,529,129,1,15/02/2025,38.89,8.3,Cash
8656,2,43,3643,193,4,09/01/2025,88.58,9.7,Debit Card
8657,3,53,4940,1421,2,10/11/2025,217.23,4.9,Cash
8659,4,1,1572,270,1,31/10/2025,60.72,9.9,Online
8661,3,21,2381,15,1,07/09/2025,217.81,4.1,Debit Card
8664,3,21,4491,228,3,28/12/2024,5.44,6.4,Online
8667,4,34,1773,81,2,02/07/2025,14.96,9.6,Cash
8672,3,53,3700,241,4,26/08/2025,110.95,6.8,Debit Card
8673,1,86,1702,150,5,16/06/2025,90.55,29.9,Online
8674,4,42,4402,184,1,06/11/2024,224.79,9.3,Credit Card
8684,1,98,233,57,3,02/10/2025,160.88,25.4,Debit Card
8685,4,70,2555,144,2,29/06/2025,237.81,11.1,Credit Card
8686,3,21,872,120,1,18/12/2024,254.64,5.3,Cash
8687,3,115,2793,767,2,12/07/2025,98.4,7.2,Cash
8690,1,48,2387,65,1,15/10/2024,278.01,29.8,Credit Card
8691,3,115,4220,206,2,05/01/2025,47.37,5.3,Online
8696,4,34,1381,261,4,14/07/2025,230.22,5.1,Debit Card
8698,2,89,410,566,5,20/11/2024,123.62,10.6,Credit Card
8706,4,31,4247,140,1,28/11/2025,69.3,5.0,Cash
8709,4,42,1586,272,5,18/09/2025,213.19,7.6,Online
8710,2,110,1824,111,2,21/01/2025,280.03,10.8,Online
8711,1,98,4982,1137,1,02/11/2025,274.71,29.9,Online
8713,2,89,2782,557,1,25/06/2025,197.78,4.3,Debit Card
8718,2,23,4500,37,1,15/03/2025,228.12,10.1,Credit Card
8719,4,56,2121,664,3,07/05/2025,238.06,6.4,Online
8721,1,48,1818,27,1,05/10/2024,89.41,29.4,Credit Card
8722,2,26,531,1028,5,20/08/2025,127.34,8.0,Online
8723,2,26,511,141,2,15/02/2025,106.74,7.8,Online
8726,2,35,970,590,4,09/04/2025,233.78,7.0,Cash
8728,3,21,4261,57,4,06/05/2025,266.45,8.9,Online
8729,3,88,2212,56,3,11/01/2025,219.35,10.6,Cash
8731,1,86,617,1263,5,12/10/2024,65.23,27.8,Online
8732,4,1,4915,106,4,28/04/2025,6.91,4.8,Debit Card
8735,3,53,2255,3,3,14/09/2025,103.03,3.6,Debit Card
8739,1,79,1593,1425,1,09/08/2025,216.88,24.3,Debit Card
8740,3,46,5,167,4,21/10/2025,87.09,3.1,Debit Card
8742,4,31,692,121,3,04/11/2025,105.5,3.2,Cash
8746,4,31,1052,259,1,03/02/2025,18.79,5.1,Credit Card
8749,4,1,1898,341,1,26/12/2024,263.04,5.0,Credit Card
8754,2,32,2803,251,5,06/06/2025,142.82,8.3,Online
8755,1,29,3404,146,1,04/03/2025,144.88,27.2,Credit Card
8759,1,86,4312,1255,5,19/03/2025,152.45,31.7,Debit Card
8760,2,13,444,190,5,23/05/2025,160.5,9.0,Online
8763,1,48,2980,728,5,15/04/2025,164.82,24.9,Debit Card
8765,3,53,2191,1469,2,31/08/2025,103.23,5.9,Credit Card
8766,4,1,2099,200,5,07/08/2025,292.14,10.1,Credit Card
8775,2,23,1841,1330,3,28/05/2025,218.14,3.3,Cash
8776,2,89,2628,1106,2,17/03/2025,89.92,8.8,Online
8782,3,21,1057,865,1,09/09/2025,274.17,5.8,Credit Card
8786,4,42,2039,162,2,16/11/2024,262.29,9.0,Credit Card
8788,4,1,3290,1442,5,23/11/2024,19.98,9.4,Cash
8789,3,14,1281,69,2,19/11/2024,93.2,9.9,Online
8790,1,68,4203,41,1,21/03/2025,66.29,29.5,Debit Card
8791,4,70,4493,261,1,19/09/2025,189.89,5.8,Online
8792,3,88,906,33,2,26/11/2025,87.01,10.4,Debit Card
8794,3,115,3835,1108,5,13/09/2025,132.49,4.1,Credit Card
8797,1,82,4209,439,1,07/02/2025,129.52,32.2,Credit Card
8800,2,73,4726,37,4,24/02/2025,228.82,4.6,Credit Card
8803,3,88,1879,221,4,16/11/2024,89.26,3.4,Credit Card
8811,3,14,4493,517,2,20/11/2024,189.89,11.8,Credit Card
8812,4,34,169,843,1,08/08/2025,41.76,8.4,Debit Card
8813,1,17,2285,799,5,14/08/2025,108.58,26.4,Online
8816,2,11,3042,195,2,09/08/2025,73.88,7.2,Credit Card
8817,1,118,4061,438,4,08/01/2025,266.85,30.3,Cash
8823,4,56,1956,118,5,27/12/2024,214.83,3.1,Cash
8825,3,21,271,50,2,06/07/2025,243.73,8.8,Online
8830,2,10,4550,63,4,06/10/2025,235.6,6.6,Debit Card
8836,4,42,2629,136,5,30/10/2024,175.95,8.6,Cash
8842,2,32,3546,52,5,19/03/2025,70.48,11.7,Cash
8848,2,45,217,281,2,27/02/2025,41.95,9.4,Debit Card
8851,4,1,3004,186,4,25/03/2025,23.47,9.1,Online
8853,1,29,4747,915,4,10/07/2025,64.01,24.9,Debit Card
8854,3,46,4820,38,1,02/12/2024,180.48,6.6,Cash
8855,2,114,2384,1150,1,27/09/2025,38.72,5.9,Debit Card
8856,2,73,1517,91,4,27/06/2025,36.02,10.1,Debit Card
8859,2,26,623,43,1,24/10/2025,182.28,10.0,Credit Card
8860,3,88,4742,367,1,25/07/2025,27.94,11.2,Credit Card
8862,2,45,2499,238,1,26/02/2025,204.7,6.5,Credit Card
8863,4,34,3646,350,1,08/07/2025,261.37,11.8,Credit Card
8864,2,69,4086,250,1,10/09/2025,169.49,4.8,Cash
8871,1,17,1222,3,5,01/10/2024,176.35,24.4,Cash
8878,3,53,3898,1147,4,10/11/2024,51.04,6.7,Online
8879,2,69,3203,137,3,24/06/2025,211.08,3.9,Credit Card
8882,3,53,3957,246,5,12/05/2025,247.7,9.0,Debit Card
8883,2,13,1984,1096,3,25/11/2024,236.49,5.1,Credit Card
8887,2,13,2716,475,2,24/01/2025,97.71,9.5,Debit Card
8888,2,10,1618,147,1,06/04/2025,51.81,10.1,Debit Card
8889,1,68,3938,258,2,31/10/2025,194.75,25.7,Cash
8891,4,31,4003,1046,1,20/09/2025,251.91,8.4,Online
8893,4,56,2162,1288,5,22/12/2024,196.77,10.5,Debit Card
8895,4,31,1416,110,1,04/11/2024,263.2,7.9,Debit Card
8896,1,50,4506,994,5,14/06/2025,272.83,32.3,Credit Card
8907,1,86,4727,337,4,28/02/2025,261.31,29.7,Cash
8912,1,79,473,570,1,10/01/2025,185.37,30.8,Online
8915,2,8,4535,1337,1,22/06/2025,220.3,4.6,Credit Card
8917,4,1,4621,1405,5,23/12/2024,163.86,10.0,Debit Card
8923,4,31,484,235,3,01/07/2025,267.33,5.0,Credit Card
8925,2,8,491,142,4,17/04/2025,259.32,7.9,Cash
8928,1,58,1968,473,5,22/09/2025,142.7,23.4,Debit Card
8932,4,34,4928,1373,5,16/07/2025,92.25,8.8,Debit Card
8933,1,59,766,142,2,04/05/2025,75.25,33.2,Debit Card
8934,1,58,2807,2,2,03/07/2025,135.26,25.7,Online
8935,1,79,4407,98,1,06/05/2025,166.48,27.6,Credit Card
8936,3,53,3551,404,2,22/09/2025,284.46,5.0,Debit Card
8941,2,110,1841,153,5,07/03/2025,218.14,6.1,Credit Card
8945,4,42,4926,65,1,25/09/2025,160.66,10.6,Debit Card
8948,3,88,1914,823,5,17/12/2024,208.45,5.2,Debit Card
8952,4,31,2866,866,2,18/05/2025,264.2,6.2,Debit Card
8955,4,31,2512,159,2,29/10/2024,209.53,4.6,Debit Card
8957,2,114,900,166,1,01/03/2025,124.35,5.1,Online
8959,2,69,3748,289,3,21/09/2025,222.9,4.5,Credit Card
8960,4,70,4002,84,1,08/08/2025,119.14,7.9,Debit Card
8962,3,14,3432,57,3,10/01/2025,203.01,7.5,Online
8963,3,14,3370,203,3,23/10/2025,190.38,8.2,Cash
8971,4,70,4351,149,3,31/07/2025,63.29,3.6,Credit Card
8973,3,88,3217,242,2,27/03/2025,193.82,11.6,Online
8978,4,31,1634,54,3,20/07/2025,108.33,10.3,Online
8982,3,115,1225,98,4,23/10/2024,174.43,6.6,Debit Card
8985,4,70,3055,143,3,16/08/2025,148.57,4.5,Credit Card
8997,3,46,3064,1087,3,29/11/2025,38.83,8.4,Cash
9001,1,58,4974,639,1,19/02/2025,250.09,33.7,Online
9002,4,1,4309,140,1,15/08/2025,86.17,8.9,Credit Card
9005,3,46,3587,219,2,17/12/2024,200.67,3.6,Debit Card
9006,4,42,586,7,1,02/12/2024,223.17,5.9,Online
9007,2,43,701,55,2,13/08/2025,143.36,4.8,Credit Card
9013,4,34,2917,76,4,07/12/2024,11.23,10.1,Online
9014,2,45,490,838,1,02/08/2025,25.1,8.4,Online
9017,1,48,2129,126,1,19/12/2024,88.15,30.5,Credit Card
9018,1,48,2980,169,2,24/06/2025,164.82,33.6,Credit Card
9023,3,53,3771,1240,1,01/10/2025,94.3,11.4,Debit Card
9025,2,26,4938,231,1,21/05/2025,269.15,7.1,Online
9031,2,11,1530,24,3,18/05/2025,10.99,4.9,Debit Card
9041,2,11,1450,244,2,21/10/2025,214.59,11.3,Cash
9042,4,42,4066,49,1,12/10/2024,234.5,4.8,Credit Card
9043,4,1,1729,1157,4,01/11/2024,83.39,3.1,Debit Card
9045,2,83,4654,57,2,07/03/2025,129.77,10.3,Cash
9049,2,73,1860,384,4,04/12/2024,37.81,9.4,Cash
9050,4,70,1652,1251,1,02/02/2025,174.97,7.1,Online
9051,3,53,2469,230,1,19/01/2025,294.63,4.0,Debit Card
9054,1,82,4527,389,2,29/03/2025,48.46,25.4,Credit Card
9064,1,50,4320,802,1,14/10/2025,81.65,22.1,Credit Card
9065,2,45,4462,124,1,19/06/2025,53.59,7.8,Online
9069,2,10,4024,258,1,19/11/2025,65.39,7.2,Credit Card
9072,1,29,3665,221,3,01/11/2025,76.94,29.2,Debit Card
9073,1,29,1589,130,1,04/04/2025,34.84,30.9,Online
9075,1,68,3093,22,2,14/12/2024,244.27,24.1,Debit Card
9076,4,1,359,112,2,27/08/2025,265.57,4.1,Cash
9077,2,43,3570,60,4,22/09/2025,41.91,12.0,Credit Card
9079,1,59,2587,248,1,07/02/2025,158.53,24.1,Credit Card
9080,3,115,2503,971,5,02/03/2025,25.87,6.1,Credit Card
9082,1,50,1564,294,5,05/10/2025,130.92,27.3,Credit Card
9083,1,118,479,49,4,06/12/2024,63.18,30.8,Credit Card
9087,4,34,4410,188,1,06/08/2025,156.78,6.6,Debit Card
9089,3,53,932,58,1,19/11/2024,21.25,4.1,Credit Card
9091,1,3,1717,73,4,06/01/2025,162.61,28.7,Cash
9095,4,31,3836,81,1,09/04/2025,108.06,8.0,Cash
9096,2,28,3768,778,1,03/09/2025,238.65,8.0,Cash
9104,4,42,3877,1388,1,14/10/2024,271.57,11.6,Debit Card
9107,1,54,3936,232,1,20/09/2025,86.07,26.2,Online
9110,1,98,555,151,1,31/01/2025,189.31,24.1,Credit Card
9119,1,29,1315,269,3,28/09/2025,112.33,28.0,Cash
9121,3,21,2324,201,2,20/12/2024,18.95,8.5,Cash
9130,3,88,4240,417,4,20/03/2025,161.7,6.8,Credit Card
9132,2,103,1429,73,5,04/11/2024,89.52,7.2,Debit Card
9133,1,54,187,1136,1,08/09/2025,210.47,34.0,Credit Card
9134,2,43,2281,17,2,22/03/2025,223.73,11.5,Credit Card
9135,4,31,3651,68,1,25/12/2024,67.57,4.6,Credit Card
9142,2,26,689,1185,4,14/08/2025,133.87,7.8,Cash
9143,3,46,1958,1418,2,10/07/2025,192.8,5.4,Credit Card
9144,2,10,3971,66,2,01/12/2024,23.72,4.0,Cash
9146,2,103,2733,445,4,10/08/2025,257.79,9.2,Cash
9147,4,1,2478,101,3,03/07/2025,102.4,6.8,Online
9149,2,45,4367,935,3,25/08/2025,87.4,9.1,Cash
9150,2,69,3534,247,2,23/09/2025,175.95,11.6,Debit Card
9151,3,53,1552,1229,3,09/08/2025,49.33,6.2,Debit Card
9152,1,4,1809,265,2,17/10/2024,154.49,22.9,Debit Card
9155,4,1,1219,531,1,26/10/2025,127.72,4.4,Cash
9158,1,79,4510,264,5,16/10/2024,153.02,30.3,Credit Card
9161,4,56,1567,69,1,22/02/2025,36.36,3.5,Online
9162,3,21,131,194,4,30/06/2025,10.49,11.8,Online
9165,3,53,3010,256,3,17/09/2025,297.35,9.5,Credit Card
9169,1,3,1457,937,2,20/10/2025,292.08,30.6,Credit Card
9171,3,46,4955,175,1,11/03/2025,18.85,10.7,Credit Card
9172,3,53,108,89,1,01/09/2025,122.06,4.0,Credit Card
9176,3,88,2518,250,4,27/11/2025,153.34,11.6,Cash
9188,2,45,2891,71,1,20/08/2025,239.92,10.4,Credit Card
9190,4,1,563,790,2,23/01/2025,275.33,9.9,Credit Card
9192,2,45,1929,1167,1,08/04/2025,209.6,3.5,Credit Card
9194,2,23,2779,189,4,12/11/2024,261.33,10.4,Online
9195,1,3,2998,171,2,04/01/2025,24.57,33.9,Credit Card
9198,4,42,1418,21,5,04/04/2025,195.33,10.4,Credit Card
9200,4,42,993,45,1,08/04/2025,238.65,3.2,Credit Card
9201,1,54,3631,192,3,17/11/2024,128.43,26.8,Cash
9206,1,4,1936,622,1,20/07/2025,74.28,22.3,Credit Card
9211,1,82,3908,637,1,30/04/2025,222.61,28.9,Online
9214,3,14,657,198,1,14/09/2025,76.82,11.9,Cash
9218,4,70,162,293,4,02/08/2025,197.52,10.8,Credit Card
9219,2,8,3130,1306,2,07/01/2025,178.12,10.0,Cash
9221,1,29,4948,285,5,30/12/2024,206.86,22.3,Credit Card
9222,4,42,3306,373,1,13/07/2025,204.43,5.5,Credit Card
9225,3,14,1077,1119,2,12/10/2025,216.86,5.3,Credit Card
9229,3,53,1500,179,2,07/10/2025,209.59,6.9,Debit Card
9232,2,114,406,1013,2,04/08/2025,174.82,7.0,Credit Card
9234,2,23,2378,113,5,18/05/2025,250.07,10.5,Credit Card
9242,4,42,931,612,1,06/10/2024,129.82,10.4,Cash
9245,2,10,2473,238,1,11/06/2025,269.16,9.9,Debit Card
9246,3,21,196,799,5,14/06/2025,109.52,8.9,Online
9247,3,53,3156,209,5,15/03/2025,295.23,4.0,Debit Card
9248,1,118,229,964,1,10/02/2025,25.06,22.5,Debit Card
9249,3,53,259,236,4,14/08/2025,112.89,7.1,Cash
9250,4,34,3005,31,4,15/02/2025,127.03,3.8,Online
9251,4,31,115,392,3,25/03/2025,277.56,9.1,Credit Card
9252,3,53,1796,843,1,19/08/2025,247.45,9.2,Online
9254,4,34,4474,112,1,21/09/2025,43.58,4.1,Credit Card
9256,4,1,3672,177,1,12/12/2024,154.99,3.8,Credit Card
9257,3,53,3423,1218,1,27/10/2024,215.72,6.8,Cash
9260,3,21,4846,1427,2,01/12/2025,261.96,7.4,Credit Card
9263,3,21,2250,447,3,09/03/2025,226.49,11.7,Debit Card
9265,3,88,2149,173,5,10/07/2025,12.13,11.2,Cash
9268,1,79,1858,100,1,23/10/2024,252.56,28.8,Credit Card
9270,4,1,1443,100,1,25/12/2024,252.07,11.9,Debit Card
9271,3,53,20,257,2,19/09/2025,127.31,4.2,Cash
9272,1,48,866,81,1,05/06/2025,10.61,31.8,Cash
9273,1,98,2094,86,3,03/11/2025,114.54,22.6,Credit Card
9276,4,31,3288,95,1,25/11/2025,69.47,11.5,Cash
9278,2,110,4346,1251,2,19/06/2025,52.27,8.2,Online
9279,3,88,2146,1111,2,16/06/2025,271.54,5.5,Cash
9281,1,82,2803,142,2,03/12/2025,142.82,27.8,Credit Card
9282,4,56,4180,187,2,20/01/2025,198.19,6.1,Credit Card
9289,3,46,137,1006,3,31/10/2024,98.3,8.7,Debit Card
9290,1,68,2263,1153,2,09/02/2025,14.36,24.4,Credit Card
9291,4,1,1366,1182,1,04/07/2025,180.2,10.8,Debit Card
9296,3,115,1013,112,3,30/11/2025,286.25,8.5,Credit Card
9297,4,1,1719,686,2,06/10/2024,270.8,3.7,Debit Card
9301,1,79,1751,177,1,03/10/2024,28.09,28.0,Cash
9302,3,88,2126,18,1,18/01/2025,94.22,8.4,Debit Card
9303,1,48,713,106,1,16/10/2025,22.61,26.7,Debit Card
9304,3,14,4534,200,1,03/05/2025,280.19,4.4,Credit Card
9311,4,34,2463,359,3,07/02/2025,137.84,6.5,Credit Card
9314,1,118,2486,121,1,18/03/2025,81.99,29.2,Cash
9316,2,43,108,28,1,09/01/2025,122.06,11.8,Cash
9318,4,1,2964,953,4,27/11/2024,81.93,5.6,Cash
9323,4,70,2300,892,1,07/08/2025,136.2,11.5,Online
9325,1,59,1916,510,3,06/12/2025,115.34,24.7,Debit Card
9326,4,34,4537,281,4,31/01/2025,290.19,6.4,Cash
9329,2,114,3023,68,5,22/10/2024,267.19,11.7,Cash
9336,1,98,2005,11,3,26/11/2024,57.81,25.0,Debit Card
9338,4,1,666,689,1,14/08/2025,103.54,3.6,Debit Card
9340,2,110,4724,94,2,08/10/2025,183.9,11.8,Online
9341,4,31,1421,479,3,23/08/2025,149.89,6.6,Credit Card
9343,4,42,4253,82,1,12/02/2025,273.71,4.5,Credit Card
9345,3,46,992,91,5,03/05/2025,238.45,6.4,Debit Card
9347,2,114,3218,241,1,11/10/2024,272.02,3.2,Credit Card
9350,3,53,1695,47,4,10/08/2025,57.18,10.1,Debit Card
9356,2,8,2865,1375,4,25/07/2025,131.43,6.0,Credit Card
9360,3,14,1350,248,2,20/02/2025,93.75,9.1,Debit Card
9362,3,14,2271,732,2,19/11/2025,92.25,10.8,Cash
9374,4,70,369,196,5,19/01/2025,237.58,8.9,Credit Card
9375,1,118,1529,629,4,02/06/2025,286.69,28.8,Cash
9376,4,34,3362,136,2,25/01/2025,84.88,6.6,Credit Card
9377,2,26,4147,370,1,01/01/2025,42.14,11.4,Online
9379,2,69,1897,1243,1,03/12/2024,98.97,5.0,Cash
9385,2,114,3701,208,2,12/06/2025,233.61,8.8,Debit Card
9386,1,59,2261,19,3,14/03/2025,18.47,26.1,Debit Card
9389,4,31,4792,246,1,19/03/2025,55.38,11.5,Credit Card
9390,2,23,1685,983,1,03/12/2024,86.47,5.1,Online
9392,1,3,3414,179,2,02/09/2025,126.68,33.8,Online
9394,4,42,425,229,2,06/09/2025,259.35,8.2,Online
9397,4,34,2051,126,4,04/03/2025,103.01,9.1,Credit Card
9401,3,21,3759,159,1,23/07/2025,271.41,7.5,Online
9404,2,103,4513,129,2,06/03/2025,172.7,5.1,Cash
9405,4,31,1124,1364,1,14/07/2025,71.54,6.5,Cash
9407,4,34,642,167,3,02/02/2025,263.88,10.4,Credit Card
9416,2,89,134,186,1,22/08/2025,79.21,3.5,Credit Card
9417,3,88,3165,200,1,25/06/2025,143.86,7.0,Debit Card
9420,3,115,4107,253,1,11/12/2024,60.86,10.9,Credit Card
9422,3,88,4028,284,1,19/10/2024,228.98,6.7,Credit Card
9424,4,34,2248,837,1,13/10/2025,137.72,11.6,Debit Card
9425,3,14,2231,1308,1,07/10/2024,41.18,7.4,Debit Card
9427,4,1,1670,1444,3,21/02/2025,139.51,5.2,Debit Card
9428,1,50,25,83,1,06/05/2025,43.62,32.0,Credit Card
9437,1,17,3133,297,2,03/01/2025,44.58,29.5,Credit Card
9440,4,31,105,37,3,26/01/2025,33.1,7.1,Cash
9441,2,13,4470,258,4,02/07/2025,210.01,6.7,Credit Card
9442,1,29,971,397,2,22/07/2025,99.85,33.8,Cash
9447,3,53,4036,286,4,25/04/2025,58.54,10.1,Debit Card
9452,1,54,241,873,1,30/09/2025,133.0,26.8,Credit Card
9454,2,10,2217,283,4,28/04/2025,87.59,8.7,Cash
9455,2,13,4677,1370,4,18/02/2025,144.65,4.7,Cash
9457,4,42,2543,921,1,24/04/2025,109.88,8.4,Cash
9460,2,43,4359,175,2,12/08/2025,43.92,10.8,Credit Card
9462,4,31,4925,420,4,21/10/2025,109.69,9.8,Credit Card
9464,3,21,3924,217,5,07/04/2025,79.29,10.9,Credit Card
9466,1,29,2810,566,1,18/07/2025,76.38,24.4,Cash
9469,4,31,2659,1499,3,13/04/2025,57.57,3.0,Online
9471,1,98,383,1416,1,13/07/2025,258.89,24.6,Cash
9473,2,11,3209,78,1,11/11/2025,117.05,10.0,Cash
9477,2,23,4079,1496,1,13/03/2025,288.13,4.9,Debit Card
9482,4,42,2613,847,2,22/06/2025,50.41,10.9,Cash
9486,4,42,2433,579,1,19/04/2025,14.94,4.2,Debit Card
9487,3,21,2992,613,5,13/03/2025,26.03,4.1,Cash
9488,4,56,3472,142,2,20/11/2024,192.46,11.2,Debit Card
9491,1,50,1081,834,4,24/10/2024,240.18,34.0,Cash
9493,4,34,2343,35,2,25/11/2025,189.1,7.3,Credit Card
9498,3,14,2805,183,2,16/10/2024,81.55,7.6,Online
9499,2,103,4597,111,1,07/03/2025,260.21,5.7,Credit Card
9506,1,54,2441,127,1,17/11/2025,136.9,24.6,Debit Card
9519,2,32,4974,180,2,28/08/2025,250.09,4.1,Online
9522,3,14,1584,333,5,15/02/2025,41.19,4.9,Online
9523,4,42,1733,103,2,07/03/2025,19.2,11.5,Credit Card
9525,1,29,485,497,1,03/02/2025,258.24,27.7,Cash
9533,1,50,2437,292,4,06/11/2025,221.63,23.9,Debit Card
9535,2,114,377,740,1,19/05/2025,92.94,10.2,Debit Card
9538,1,58,4180,159,1,10/10/2025,198.19,32.5,Online
9539,2,13,788,48,1,11/11/2024,127.57,10.5,Online
9540,4,56,1212,194,3,23/02/2025,159.33,4.0,Online
9541,2,73,3899,1360,1,08/11/2024,260.24,10.6,Credit Card
9550,2,23,4319,871,3,17/08/2025,54.34,5.3,Cash
9552,3,21,3770,114,2,11/09/2025,187.45,8.3,Online
9553,1,3,1428,1309,1,28/03/2025,52.49,26.2,Cash
9559,2,10,957,242,1,17/05/2025,67.29,7.6,Debit Card
9561,1,68,2152,208,1,27/11/2024,204.48,26.3,Credit Card
9565,2,23,4152,222,3,01/11/2024,297.04,5.3,Credit Card
9566,1,29,490,213,2,09/08/2025,25.1,28.7,Credit Card
9567,3,14,3453,859,1,10/07/2025,78.61,11.0,Online
9573,4,1,3294,233,1,30/09/2025,166.37,7.3,Credit Card
9574,3,14,830,49,2,19/11/2024,160.26,5.6,Credit Card
9575,3,88,2618,166,1,08/08/2025,226.59,10.7,Cash
9577,4,34,1987,162,4,28/11/2024,256.57,7.6,Credit Card
9588,4,42,3938,192,1,12/07/2025,194.75,11.2,Online
9591,4,70,1634,193,5,11/03/2025,108.33,8.1,Cash
9592,3,53,1748,294,1,30/10/2024,170.37,12.0,Debit Card
9595,2,32,2033,16,3,14/03/2025,220.67,8.5,Online
9597,1,58,3852,638,5,30/12/2024,39.73,24.4,Credit Card
9599,4,56,1782,311,1,10/06/2025,259.8,3.7,Cash
9611,2,89,1522,244,1,16/08/2025,265.58,8.9,Credit Card
9614,2,11,605,344,1,07/10/2025,126.16,9.7,Cash
9616,4,1,3820,239,5,27/06/2025,233.4,4.9,Debit Card
9618,4,34,2682,187,1,11/07/2025,153.24,7.1,Debit Card
9623,3,53,4712,979,2,25/10/2025,260.62,11.9,Debit Card
9624,4,1,3736,14,1,01/10/2025,64.59,7.6,Credit Card
9625,2,35,847,324,2,08/10/2025,232.34,7.0,Debit Card
9627,3,115,4223,825,5,08/04/2025,273.37,3.2,Cash
9630,4,56,2636,144,5,23/03/2025,142.19,3.6,Credit Card
9632,4,31,197,334,1,14/02/2025,29.22,6.2,Debit Card
9633,1,82,3406,137,5,27/06/2025,207.49,32.1,Cash
9634,2,110,4652,1394,2,16/02/2025,271.26,9.8,Debit Card
9636,2,110,322,1393,1,21/11/2025,71.89,10.3,Credit Card
9638,3,115,12,320,5,11/01/2025,18.71,7.5,Online
9641,3,21,1441,46,5,09/11/2024,50.53,7.0,Debit Card
9644,1,50,3235,1051,4,03/11/2025,261.87,27.3,Credit Card
9646,3,14,3338,594,4,19/01/2025,259.54,3.6,Online
9649,3,46,4518,152,1,18/04/2025,81.85,5.9,Cash
9654,2,32,546,212,3,24/11/2025,180.23,4.8,Cash
9657,2,110,364,837,3,30/11/2025,46.25,8.1,Debit Card
9659,2,10,2174,286,3,03/07/2025,181.16,5.8,Debit Card
9662,3,88,3683,57,2,26/06/2025,249.35,9.2,Credit Card
9663,1,17,1508,140,1,28/06/2025,54.02,22.2,Debit Card
9667,3,88,1607,1447,2,08/11/2025,222.78,3.5,Credit Card
9668,1,48,2168,1311,4,11/05/2025,71.9,33.5,Credit Card
9672,4,31,4080,874,3,28/11/2024,7.89,3.2,Cash
9674,3,88,4816,761,5,13/04/2025,211.39,11.0,Credit Card
9676,1,29,1997,247,1,05/10/2025,129.93,23.6,Cash
9678,2,10,4655,15,2,05/07/2025,282.77,7.5,Credit Card
9681,2,45,2766,160,1,24/03/2025,239.4,10.1,Credit Card
9683,3,14,3350,179,2,09/01/2025,83.88,11.2,Debit Card
9684,1,68,4647,153,4,21/01/2025,83.34,23.0,Cash
9693,4,34,1349,1459,2,10/02/2025,122.48,4.8,Cash
9695,2,45,1210,361,1,19/03/2025,9.7,5.2,Cash
9700,4,56,1178,101,2,01/10/2025,209.26,8.7,Credit Card
9702,1,118,1446,140,2,30/05/2025,12.5,31.6,Debit Card
9704,2,28,4499,194,1,23/05/2025,192.36,4.9,Online
9705,2,89,989,90,1,12/02/2025,217.44,7.2,Credit Card
9706,2,8,984,726,1,07/10/2024,271.91,3.9,Cash
9707,2,28,1238,89,4,14/11/2024,56.65,6.6,Online
9709,4,56,4500,914,4,06/11/2025,228.12,11.5,Debit Card
9710,1,54,4375,242,5,05/09/2025,162.5,29.0,Online
9713,3,21,661,1413,1,26/11/2024,94.52,10.1,Online
9715,2,28,2849,874,1,29/04/2025,44.98,11.7,Credit Card
9722,4,42,3413,1140,1,01/10/2025,28.74,3.0,Cash
9723,1,118,3395,268,4,25/11/2025,16.63,24.3,Credit Card
9724,2,69,3172,45,5,26/07/2025,191.61,11.6,Debit Card
9727,4,42,2021,85,1,30/03/2025,108.38,11.6,Credit Card
9733,1,29,298,159,1,10/10/2025,186.86,22.7,Credit Card
9736,1,82,974,892,1,25/03/2025,57.69,24.6,Online
9744,1,17,1826,1440,3,15/10/2024,107.18,31.4,Debit Card
9748,4,56,3117,778,4,27/12/2024,37.05,4.2,Credit Card
9753,1,48,1463,147,2,21/03/2025,216.97,29.2,Cash
9761,4,31,2003,394,1,10/04/2025,138.63,5.0,Credit Card
9764,2,69,1549,105,3,09/03/2025,179.74,7.2,Debit Card
9765,3,21,4932,218,4,06/05/2025,215.47,6.4,Cash
9769,4,70,2092,1195,2,20/01/2025,279.41,6.1,Cash
9770,3,21,3178,1489,1,27/01/2025,125.31,8.5,Debit Card
9772,4,1,2001,119,2,29/04/2025,63.17,8.9,Debit Card
9774,1,59,4249,152,1,19/04/2025,60.55,29.9,Credit Card
9778,4,42,2300,300,3,27/10/2025,136.2,5.9,Credit Card
9792,2,13,4344,226,1,10/10/2024,64.11,5.6,Online
9794,4,31,2943,1429,1,27/09/2025,16.79,6.2,Online
9795,4,70,1310,387,4,08/06/2025,19.16,9.7,Online
9796,4,34,3108,949,5,15/05/2025,100.7,4.9,Credit Card
9797,3,115,2583,202,2,28/02/2025,239.29,7.2,Cash
9798,1,3,1373,37,5,23/09/2025,120.71,29.6,Cash
9802,3,115,1631,132,4,21/09/2025,46.21,8.2,Debit Card
9806,4,1,4173,150,2,22/11/2024,238.89,11.5,Credit Card
9808,4,1,1426,934,1,17/02/2025,116.83,10.8,Credit Card
9810,3,53,3862,1352,1,03/10/2025,142.08,9.1,Cash
9813,1,68,139,419,3,05/11/2024,94.15,29.9,Credit Card
9814,1,3,1604,121,2,06/11/2025,209.88,32.8,Debit Card
9815,2,32,3452,84,1,06/07/2025,110.17,5.9,Credit Card
9816,4,56,568,307,4,31/10/2025,91.56,7.3,Credit Card
9817,2,43,230,180,5,15/11/2024,292.46,10.7,Debit Card
9821,2,35,2615,223,3,11/11/2025,23.33,3.6,Cash
9824,3,21,4959,1099,1,11/04/2025,279.36,3.4,Debit Card
9825,2,8,2015,1448,4,19/11/2024,82.52,11.7,Credit Card
9827,1,3,3599,90,2,19/04/2025,254.62,22.4,Cash
9832,4,1,2544,264,3,10/10/2024,249.19,4.5,Cash
9834,2,32,908,206,2,13/10/2025,15.84,5.0,Credit Card
9843,4,1,4427,135,3,16/11/2024,47.28,9.4,Credit Card
9849,2,28,4880,1398,2,12/12/2024,230.99,3.9,Cash
9851,2,83,3040,9,2,26/11/2025,229.26,3.1,Online
9853,1,86,1390,29,4,18/12/2024,132.81,23.4,Debit Card
9860,1,3,4390,210,1,03/12/2024,212.2,30.3,Credit Card
9862,2,73,401,100,2,11/02/2025,198.22,11.7,Cash
9863,4,34,3511,939,1,25/10/2024,24.66,4.9,Cash
9864,1,29,316,145,4,02/02/2025,192.15,31.8,Debit Card
9865,1,4,1459,164,4,11/12/2024,73.49,31.1,Online
9872,3,46,4825,1006,5,02/08/2025,225.75,11.1,Credit Card
9874,2,28,4199,103,5,15/04/2025,246.88,9.9,Debit Card
9875,2,23,911,639,5,09/11/2024,218.31,4.3,Debit Card
9880,3,88,2625,1110,1,12/12/2024,150.49,8.9,Online
9890,1,118,4693,1299,1,23/06/2025,180.56,25.4,Debit Card
9894,3,21,2189,979,4,19/06/2025,245.33,4.6,Cash
9895,1,82,261,1341,2,10/10/2024,197.45,22.0,Debit Card
9898,3,53,4372,946,5,23/09/2025,230.22,3.2,Cash
