stock_id,store_id,product_id,quantity,reorder_level,last_restocked,batch_number,expiry_date,received_date,condition_notes
1,4,1689,58,36,2025-09-05,BATCH-1,2028-10-01,2025-09-05,
2,6,3322,51,53,2025-07-20,BATCH-2,2027-02-25,2025-07-20,Below reorder level - reorder placed 2025-07-26
3,5,1668,95,24,2025-06-04,BATCH-3,2027-11-18,2025-06-04,
4,11,969,35,32,2026-01-07,BATCH-4,2029-03-16,2026-01-07,
5,7,790,97,31,2026-07-17,BATCH-5,2029-03-31,2026-07-17,
6,5,3070,101,52,2026-07-19,BATCH-6,2027-07-13,2026-07-19,
7,12,2708,57,22,2026-03-08,BATCH-7,2029-09-14,2026-03-08,
8,4,2924,96,45,2026-06-01,BATCH-8,2026-11-19,2026-06-01,
9,3,1706,116,57,2026-05-28,BATCH-9,2029-08-17,2026-05-28,
10,3,2529,87,39,2026-03-02,BATCH-10,2028-01-24,2026-03-02,
11,7,1448,116,36,2026-08-29,BATCH-11,2029-10-15,2026-08-29,
12,2,3577,19,49,2025-11-27,BATCH-12,2028-07-22,2025-11-27,
13,5,3611,74,35,2026-06-01,BATCH-13,2026-01-28,2026-06-01,Expiring in 0 days - flag for clearance
14,9,4434,38,27,2026-06-01,BATCH-14,2029-02-18,2026-06-01,
15,1,1499,1,54,2025-11-13,BATCH-15,2029-09-14,2025-11-13,
16,10,2711,46,31,2025-10-22,BATCH-16,2026-06-21,2025-10-22,Expiring in 0 days - flag for clearance
17,6,835,64,20,2026-07-08,BATCH-17,2027-05-02,2026-07-08,
18,1,2307,45,59,2025-10-24,BATCH-18,2026-05-12,2025-10-24,Expiring in 0 days - flag for clearance; Below reorder level - reorder placed 2025-11-04
19,7,3389,70,48,2025-12-28,BATCH-19,2026-11-20,2025-12-28,Expiring in 71 days - monitor
20,2,4738,13,54,2025-12-08,BATCH-20,2027-11-25,2025-12-08,Below reorder level - reorder placed 2025-12-19
21,11,4020,66,27,2025-09-11,BATCH-21,2026-11-23,2025-09-11,
22,12,859,79,29,2026-06-01,BATCH-22,2026-11-27,2026-06-01,Expiring in 78 days - monitor
23,11,4719,59,15,2025-06-17,BATCH-23,2026-12-29,2025-06-17,
24,1,1643,55,32,2026-04-24,BATCH-24,2027-05-16,2026-04-24,
25,5,4927,48,25,2025-08-04,BATCH-25,2026-09-21,2025-08-04,Expiring in 11 days - flag for clearance
26,7,2568,57,58,2026-02-24,BATCH-26,2026-06-30,2026-02-24,Expiring in 0 days - flag for clearance; Below reorder level - reorder placed 2026-03-01
27,6,3244,94,42,2025-11-22,BATCH-27,2029-08-05,2025-11-22,
28,1,4273,15,18,2025-11-03,BATCH-28,2026-06-16,2025-11-03,Expiring in 0 days - flag for clearance
29,9,2610,65,47,2025-08-21,BATCH-29,2026-07-03,2025-08-21,Expiring in 0 days - flag for clearance
30,9,384,20,47,2026-04-02,BATCH-30,2029-09-10,2026-04-02,Below reorder level - reorder placed 2026-04-14
31,2,1025,97,29,2026-02-06,BATCH-31,2026-06-12,2026-02-06,Expiring in 0 days - flag for clearance
32,6,705,47,51,2026-06-18,BATCH-32,2025-12-25,2026-06-18,Expiring in 0 days - flag for clearance; Below reorder level - reorder placed 2026-07-01
33,1,275,9,45,2025-11-21,BATCH-33,2026-01-17,2025-11-21,Expiring in 0 days - flag for clearance
34,1,1397,72,38,2025-09-14,BATCH-34,2028-09-28,2025-09-14,
35,5,2233,77,22,2026-04-09,BATCH-35,2026-07-31,2026-04-09,Expiring in 0 days - flag for clearance
36,3,4040,15,47,2025-11-15,BATCH-36,2026-10-14,2025-11-15,Below reorder level - reorder placed 2025-11-24
37,10,2214,28,31,2026-02-23,BATCH-37,2030-01-09,2026-02-23,
38,11,1790,63,16,2026-06-11,BATCH-38,2028-03-20,2026-06-11,
39,11,546,82,43,2025-12-03,BATCH-39,2029-09-17,2025-12-03,
40,9,2162,85,19,2025-07-31,BATCH-40,2026-10-14,2025-07-31,
41,5,3074,113,54,2026-01-09,BATCH-41,2026-12-29,2026-01-09,
42,6,4214,87,56,2025-07-30,BATCH-42,2027-12-28,2025-07-30,
43,4,4984,59,46,2025-06-16,BATCH-43,2029-11-01,2025-06-16,
44,11,3045,16,59,2025-09-10,BATCH-44,2029-04-08,2025-09-10,Below reorder level - reorder placed 2025-09-20
45,9,3684,113,46,2026-04-19,BATCH-45,2029-03-10,2026-04-19,
46,7,2780,37,52,2026-02-28,BATCH-46,2028-08-31,2026-02-28,
47,11,3985,8,52,2025-11-29,BATCH-47,2028-05-27,2025-11-29,Below reorder level - reorder placed 2025-12-11
48,6,4945,63,32,2026-05-17,BATCH-48,2029-10-26,2026-05-17,
49,11,3745,49,25,2025-08-31,BATCH-49,2026-11-16,2025-08-31,Expiring in 67 days - monitor
50,1,2961,93,42,2026-06-02,BATCH-50,2030-01-06,2026-06-02,
51,8,2323,52,40,2026-05-23,BATCH-51,2027-11-22,2026-05-23,
52,8,2232,57,51,2025-09-18,BATCH-52,2027-09-13,2025-09-18,
53,3,865,90,55,2026-06-09,BATCH-53,2027-02-13,2026-06-09,
54,11,4238,100,58,2025-08-05,BATCH-54,2026-07-29,2025-08-05,Expiring in 0 days - flag for clearance
55,3,1446,115,36,2026-07-13,BATCH-55,2029-10-15,2026-07-13,
56,9,1439,45,42,2026-06-16,BATCH-56,2026-11-08,2026-06-16,
57,4,3633,10,58,2026-05-22,BATCH-57,2028-06-14,2026-05-22,Below reorder level - reorder placed 2026-06-03
58,6,3362,5,19,2026-07-20,BATCH-58,2028-01-08,2026-07-20,Below reorder level - reorder placed 2026-08-01
59,12,2546,21,17,2025-09-29,BATCH-59,2027-01-09,2025-09-29,
60,10,4605,25,49,2025-07-14,BATCH-60,2029-03-14,2025-07-14,Below reorder level - reorder placed 2025-07-24
61,10,755,114,48,2025-09-11,BATCH-61,2029-02-06,2025-09-11,
62,7,2051,78,59,2025-09-24,BATCH-62,2028-09-05,2025-09-24,
63,4,4955,39,29,2025-10-10,BATCH-63,2029-10-17,2025-10-10,
64,5,1769,78,37,2025-09-01,BATCH-64,2029-06-04,2025-09-01,
65,11,685,43,49,2026-07-21,BATCH-65,2027-09-11,2026-07-21,Below reorder level - reorder placed 2026-08-01
66,12,183,112,28,2025-06-17,BATCH-66,2026-04-16,2025-06-17,Expiring in 0 days - flag for clearance
67,3,1521,9,37,2026-07-01,BATCH-67,2027-04-04,2026-07-01,
68,6,485,69,52,2026-05-05,BATCH-68,2028-11-05,2026-05-05,
69,5,3676,48,54,2025-10-08,BATCH-69,2029-09-19,2025-10-08,
70,4,498,101,23,2026-02-26,BATCH-70,2029-12-12,2026-02-26,
71,5,4374,89,29,2026-05-29,BATCH-71,2029-06-08,2026-05-29,
72,5,4722,52,51,2026-08-16,BATCH-72,2028-02-02,2026-08-16,
73,4,1849,80,58,2026-06-15,BATCH-73,2028-03-08,2026-06-15,
74,3,296,68,58,2026-07-10,BATCH-74,2027-01-11,2026-07-10,
75,2,1713,106,58,2026-04-04,BATCH-75,2026-06-16,2026-04-04,Expiring in 0 days - flag for clearance
76,8,1034,65,23,2026-03-18,BATCH-76,2027-12-31,2026-03-18,
77,3,1520,25,46,2025-12-09,BATCH-77,2029-12-28,2025-12-09,Below reorder level - reorder placed 2025-12-22
78,1,2493,115,31,2026-02-02,BATCH-78,2027-03-04,2026-02-02,
79,2,4825,80,17,2026-04-23,BATCH-79,2029-04-29,2026-04-23,
80,6,3384,104,26,2025-08-05,BATCH-80,2026-08-06,2025-08-05,Expiring in 0 days - flag for clearance
81,2,4364,14,52,2026-03-08,BATCH-81,2026-09-07,2026-03-08,Expiring in 0 days - flag for clearance
82,8,3285,52,47,2026-05-29,BATCH-82,2026-01-25,2026-05-29,Expiring in 0 days - flag for clearance
83,2,2955,25,47,2025-09-11,BATCH-83,2028-05-12,2025-09-11,Below reorder level - reorder placed 2025-09-21
84,7,4465,40,41,2026-03-11,BATCH-84,2029-04-08,2026-03-11,Below reorder level - reorder placed 2026-03-14
85,9,1745,23,29,2025-09-12,BATCH-85,2029-05-06,2025-09-12,Below reorder level - reorder placed 2025-09-18
86,1,2125,38,18,2025-06-26,BATCH-86,2029-02-14,2025-06-26,
87,1,4933,63,44,2025-06-22,BATCH-87,2029-01-05,2025-06-22,
88,6,3373,50,31,2026-03-11,BATCH-88,2026-12-28,2026-03-11,
89,2,2093,26,55,2025-11-04,BATCH-89,2027-02-04,2025-11-04,Below reorder level - reorder placed 2025-11-14
90,4,1020,115,17,2025-12-31,BATCH-90,2027-03-25,2025-12-31,
91,4,2169,37,48,2026-02-17,BATCH-91,2027-04-30,2026-02-17,
92,11,4835,117,43,2025-10-26,BATCH-92,2026-08-16,2025-10-26,Expiring in 0 days - flag for clearance
93,1,3752,12,58,2026-08-03,BATCH-93,2026-12-29,2026-08-03,Below reorder level - reorder placed 2026-08-07
94,1,1203,71,30,2026-02-28,BATCH-94,2028-07-07,2026-02-28,
95,2,2084,75,39,2026-04-06,BATCH-95,2029-05-29,2026-04-06,
96,8,243,92,25,2026-03-11,BATCH-96,2026-09-21,2026-03-11,Expiring in 11 days - flag for clearance
97,8,4149,82,39,2025-08-23,BATCH-97,2029-09-14,2025-08-23,
98,4,3330,103,27,2026-08-16,BATCH-98,2026-02-13,2026-08-16,Expiring in 0 days - flag for clearance
99,11,1811,68,17,2025-07-02,BATCH-99,2026-01-12,2025-07-02,Expiring in 0 days - flag for clearance
100,6,484,99,34,2026-07-18,BATCH-100,2028-04-24,2026-07-18,
101,8,1173,85,35,2026-07-03,BATCH-101,2029-09-25,2026-07-03,
102,4,2111,57,58,2025-07-11,BATCH-102,2026-02-05,2025-07-11,Expiring in 0 days - flag for clearance
103,7,2525,96,29,2025-12-24,BATCH-103,2029-07-29,2025-12-24,
104,8,1004,32,22,2026-03-08,BATCH-104,2028-03-21,2026-03-08,
105,1,648,72,53,2025-09-17,BATCH-105,2026-02-08,2025-09-17,Expiring in 0 days - flag for clearance
106,7,2490,29,44,2026-04-10,BATCH-106,2029-09-22,2026-04-10,Below reorder level - reorder placed 2026-04-20
107,3,1277,59,32,2025-11-23,BATCH-107,2027-07-11,2025-11-23,
108,5,1629,73,22,2025-06-01,BATCH-108,2029-04-05,2025-06-01,
109,10,4892,59,24,2025-12-03,BATCH-109,2028-08-10,2025-12-03,
110,11,364,24,54,2026-08-15,BATCH-110,2026-07-06,2026-08-15,Expiring in 0 days - flag for clearance; Below reorder level - reorder placed 2026-08-21
111,5,4885,84,33,2025-06-23,BATCH-111,2026-09-27,2025-06-23,Expiring in 17 days - flag for clearance
112,1,4873,22,23,2026-05-29,BATCH-112,2026-09-15,2026-05-29,Expiring in 5 days - flag for clearance; Below reorder level - reorder placed 2026-06-02
113,8,3604,97,23,2025-11-26,BATCH-113,2026-04-05,2025-11-26,Expiring in 0 days - flag for clearance
114,6,2149,18,42,2025-08-05,BATCH-114,2026-05-25,2025-08-05,Expiring in 0 days - flag for clearance; Below reorder level - reorder placed 2025-08-18
115,8,2075,73,33,2026-02-10,BATCH-115,2029-05-20,2026-02-10,
116,1,691,5,45,2025-08-20,BATCH-116,2026-04-18,2025-08-20,Expiring in 0 days - flag for clearance
117,3,2109,109,57,2026-07-07,BATCH-117,2027-03-05,2026-07-07,
118,3,134,84,40,2026-06-17,BATCH-118,2027-01-01,2026-06-17,
119,3,4600,30,42,2025-11-11,BATCH-119,2027-09-04,2025-11-11,
120,11,490,90,45,2025-10-13,BATCH-120,2029-12-09,2025-10-13,
121,9,1643,116,26,2026-06-20,BATCH-121,2027-05-16,2026-06-20,
122,4,2593,21,52,2026-06-22,BATCH-122,2026-10-08,2026-06-22,Expiring in 28 days - flag for clearance
123,11,1535,80,29,2026-01-17,BATCH-123,2028-10-07,2026-01-17,
124,6,4141,60,17,2026-05-25,BATCH-124,2028-08-16,2026-05-25,
125,2,861,59,43,2025-10-13,BATCH-125,2028-04-04,2025-10-13,
126,11,2249,68,22,2026-02-10,BATCH-126,2028-10-01,2026-02-10,
127,8,4605,18,16,2026-06-23,BATCH-127,2029-03-14,2026-06-23,
128,5,3099,20,17,2025-07-28,BATCH-128,2028-06-07,2025-07-28,
129,8,1087,64,44,2026-08-28,BATCH-129,2027-12-31,2026-08-28,
130,7,3743,78,47,2026-03-21,BATCH-130,2026-11-02,2026-03-21,Expiring in 53 days - monitor
131,3,658,116,50,2025-08-26,BATCH-131,2027-09-24,2025-08-26,
132,10,373,10,35,2025-08-25,BATCH-132,2028-08-01,2025-08-25,
133,4,4129,86,49,2026-05-05,BATCH-133,2028-12-06,2026-05-05,
134,3,2647,45,30,2025-10-20,BATCH-134,2027-01-09,2025-10-20,
135,5,2600,51,24,2026-03-27,BATCH-135,2027-07-13,2026-03-27,
136,7,3936,102,58,2026-05-17,BATCH-136,2026-12-20,2026-05-17,
137,10,33,90,15,2026-08-15,BATCH-137,2027-11-01,2026-08-15,
138,2,345,80,15,2026-07-03,BATCH-138,2027-01-09,2026-07-03,
139,8,1954,19,46,2026-08-24,BATCH-139,2029-08-31,2026-08-24,
140,4,2390,98,54,2025-08-31,BATCH-140,2026-02-21,2025-08-31,Expiring in 0 days - flag for clearance
141,1,3380,110,31,2025-09-09,BATCH-141,2027-10-05,2025-09-09,
142,2,1115,79,20,2026-04-25,BATCH-142,2025-12-27,2026-04-25,Expiring in 0 days - flag for clearance
143,9,1804,76,19,2026-06-18,BATCH-143,2027-12-28,2026-06-18,
144,9,1783,11,55,2026-06-24,BATCH-144,2027-12-07,2026-06-24,Below reorder level - reorder placed 2026-07-06
145,6,4114,76,41,2025-12-12,BATCH-145,2026-06-13,2025-12-12,Expiring in 0 days - flag for clearance
146,11,436,82,48,2026-04-20,BATCH-146,2027-12-26,2026-04-20,
147,4,4704,102,15,2025-10-12,BATCH-147,2028-03-08,2025-10-12,
148,3,1024,59,52,2026-05-05,BATCH-148,2028-09-13,2026-05-05,
149,9,14,46,46,2025-09-09,BATCH-149,2026-08-02,2025-09-09,Expiring in 0 days - flag for clearance
150,9,4046,105,47,2025-11-05,BATCH-150,2029-10-11,2025-11-05,
151,1,1633,47,55,2026-01-29,BATCH-151,2028-11-12,2026-01-29,Below reorder level - reorder placed 2026-02-03
152,8,729,42,33,2025-11-07,BATCH-152,2026-10-08,2025-11-07,Expiring in 28 days - flag for clearance
153,3,2744,30,29,2025-06-05,BATCH-153,2029-09-28,2025-06-05,
154,10,2283,42,24,2026-07-16,BATCH-154,2026-05-26,2026-07-16,Expiring in 0 days - flag for clearance
155,12,3271,28,56,2026-04-08,BATCH-155,2027-01-19,2026-04-08,Below reorder level - reorder placed 2026-04-17
156,8,3416,62,40,2026-07-19,BATCH-156,2029-05-04,2026-07-19,
157,9,477,68,33,2025-09-28,BATCH-157,2028-07-24,2025-09-28,
158,4,4109,63,51,2026-07-26,BATCH-158,2027-06-19,2026-07-26,
159,1,4464,90,16,2026-04-08,BATCH-159,2027-10-25,2026-04-08,
160,7,3695,40,22,2026-04-07,BATCH-160,2026-10-07,2026-04-07,Expiring in 27 days - flag for clearance
161,7,2956,9,55,2025-09-27,BATCH-161,2026-10-29,2025-09-27,
162,3,4132,105,25,2026-06-25,BATCH-162,2026-10-19,2026-06-25,
163,10,4310,29,56,2026-08-14,BATCH-163,2028-05-10,2026-08-14,Below reorder level - reorder placed 2026-08-20
164,3,218,22,19,2026-02-07,BATCH-164,2028-08-05,2026-02-07,
165,1,3107,38,25,2026-01-12,BATCH-165,2026-09-26,2026-01-12,Expiring in 16 days - flag for clearance
166,8,4698,41,30,2026-03-25,BATCH-166,2029-05-03,2026-03-25,
167,12,1529,94,49,2026-03-17,BATCH-167,2027-02-25,2026-03-17,
168,11,4997,25,41,2026-05-28,BATCH-168,2028-08-04,2026-05-28,Below reorder level - reorder placed 2026-06-04
169,6,3670,9,25,2025-09-21,BATCH-169,2027-01-01,2025-09-21,Below reorder level - reorder placed 2025-09-27
170,5,1246,109,50,2026-08-01,BATCH-170,2026-01-16,2026-08-01,Expiring in 0 days - flag for clearance
171,7,1710,2,44,2025-08-07,BATCH-171,2029-01-02,2025-08-07,Below reorder level - reorder placed 2025-08-17
172,6,3016,71,17,2025-10-14,BATCH-172,2027-12-26,2025-10-14,
173,1,866,0,52,2026-07-14,BATCH-173,2027-06-16,2026-07-14,Below reorder level - reorder placed 2026-07-17
174,7,1187,7,38,2026-07-29,BATCH-174,2027-12-06,2026-07-29,Below reorder level - reorder placed 2026-08-09
175,9,427,50,19,2026-06-22,BATCH-175,2028-12-21,2026-06-22,
176,8,4872,114,27,2026-03-07,BATCH-176,2026-11-09,2026-03-07,
177,8,3807,61,57,2025-08-15,BATCH-177,2027-08-30,2025-08-15,
178,9,1695,96,36,2026-05-31,BATCH-178,2026-12-26,2026-05-31,
179,11,1357,86,48,2025-06-13,BATCH-179,2026-11-30,2025-06-13,Expiring in 81 days - monitor
180,9,1192,69,37,2025-06-04,BATCH-180,2027-11-21,2025-06-04,
181,8,3898,80,58,2026-06-07,BATCH-181,2029-09-15,2026-06-07,
182,4,2294,96,28,2025-12-15,BATCH-182,2029-06-19,2025-12-15,
183,4,3304,78,30,2025-07-04,BATCH-183,2026-12-29,2025-07-04,
184,10,1901,95,53,2025-09-23,BATCH-184,2026-11-03,2025-09-23,Expiring in 54 days - monitor
185,8,278,69,56,2025-09-23,BATCH-185,2029-06-05,2025-09-23,
186,9,2143,16,30,2025-06-26,BATCH-186,2028-10-31,2025-06-26,Below reorder level - reorder placed 2025-06-30
187,10,554,27,20,2026-06-18,BATCH-187,2028-03-12,2026-06-18,
188,4,3784,38,23,2025-06-30,BATCH-188,2026-09-27,2025-06-30,Expiring in 17 days - flag for clearance
189,8,733,2,42,2025-07-01,BATCH-189,2029-04-25,2025-07-01,
190,11,1059,96,16,2026-08-18,BATCH-190,2029-03-28,2026-08-18,
191,6,656,25,57,2025-10-30,BATCH-191,2029-10-05,2025-10-30,
192,6,4375,20,33,2026-06-04,BATCH-192,2026-12-21,2026-06-04,Below reorder level - reorder placed 2026-06-08
193,3,1838,87,54,2026-04-02,BATCH-193,2026-07-17,2026-04-02,Expiring in 0 days - flag for clearance
194,10,4389,93,41,2026-03-23,BATCH-194,2028-05-15,2026-03-23,
195,1,4009,107,29,2025-09-10,BATCH-195,2028-02-21,2025-09-10,
196,11,3338,46,26,2025-08-21,BATCH-196,2026-11-16,2025-08-21,Expiring in 67 days - monitor
197,5,2452,52,55,2026-06-21,BATCH-197,2026-11-14,2026-06-21,
198,9,2374,26,35,2025-11-12,BATCH-198,2029-03-05,2025-11-12,
199,2,4535,3,15,2026-03-30,BATCH-199,2027-04-17,2026-03-30,
200,1,2075,118,31,2026-05-03,BATCH-200,2029-05-20,2026-05-03,
201,4,3993,117,59,2025-12-11,BATCH-201,2026-08-01,2025-12-11,Expiring in 0 days - flag for clearance
202,5,4396,43,27,2025-07-05,BATCH-202,2027-12-05,2025-07-05,
203,11,2936,17,41,2025-11-09,BATCH-203,2026-02-16,2025-11-09,Expiring in 0 days - flag for clearance; Below reorder level - reorder placed 2025-11-20
204,3,3736,60,47,2026-02-11,BATCH-204,2029-11-17,2026-02-11,
205,10,4531,98,17,2026-01-04,BATCH-205,2028-03-26,2026-01-04,
206,10,3859,26,48,2025-10-30,BATCH-206,2028-03-21,2025-10-30,Below reorder level - reorder placed 2025-11-05
207,8,4552,70,25,2025-11-26,BATCH-207,2028-10-27,2025-11-26,
208,8,1974,87,35,2026-07-07,BATCH-208,2028-03-02,2026-07-07,
209,9,1185,57,33,2026-07-21,BATCH-209,2026-12-20,2026-07-21,
210,8,2683,13,37,2026-02-14,BATCH-210,2026-10-01,2026-02-14,Expiring in 21 days - flag for clearance; Below reorder level - reorder placed 2026-02-23
211,5,4052,108,25,2025-06-08,BATCH-211,2030-01-10,2025-06-08,
212,10,4379,42,33,2025-11-27,BATCH-212,2026-11-28,2025-11-27,
213,6,4356,40,28,2025-09-25,BATCH-213,2026-06-15,2025-09-25,Expiring in 0 days - flag for clearance
214,2,278,91,21,2025-09-05,BATCH-214,2029-06-05,2025-09-05,
215,4,623,87,46,2025-06-21,BATCH-215,2027-06-09,2025-06-21,
216,6,3573,44,24,2025-10-09,BATCH-216,2029-01-19,2025-10-09,
217,9,2683,70,44,2025-06-14,BATCH-217,2026-10-01,2025-06-14,Expiring in 21 days - flag for clearance
218,3,4957,38,58,2026-03-17,BATCH-218,2027-01-17,2026-03-17,Below reorder level - reorder placed 2026-03-26
219,11,660,95,15,2026-01-25,BATCH-219,2028-09-26,2026-01-25,
220,1,768,106,21,2025-08-01,BATCH-220,2028-04-16,2025-08-01,
221,12,4718,73,18,2026-04-12,BATCH-221,2027-03-26,2026-04-12,
222,12,4673,46,26,2025-08-07,BATCH-222,2028-09-08,2025-08-07,
223,10,1597,54,59,2026-06-25,BATCH-223,2026-05-07,2026-06-25,Expiring in 0 days - flag for clearance
224,2,1933,76,58,2025-12-31,BATCH-224,2029-12-24,2025-12-31,
225,6,1961,85,26,2026-07-28,BATCH-225,2027-08-01,2026-07-28,
226,5,3962,102,52,2026-04-04,BATCH-226,2029-01-03,2026-04-04,
227,12,3589,106,25,2025-10-31,BATCH-227,2027-01-19,2025-10-31,
228,6,3115,97,19,2025-07-23,BATCH-228,2026-09-25,2025-07-23,Expiring in 15 days - flag for clearance
229,6,4222,37,50,2025-10-11,BATCH-229,2027-04-21,2025-10-11,Below reorder level - reorder placed 2025-10-23
230,1,4923,102,59,2025-06-23,BATCH-230,2026-11-08,2025-06-23,Expiring in 59 days - monitor
231,12,3478,36,45,2025-08-28,BATCH-231,2026-02-08,2025-08-28,Expiring in 0 days - flag for clearance; Below reorder level - reorder placed 2025-09-06
232,2,2797,23,35,2025-12-23,BATCH-232,2027-07-23,2025-12-23,
233,5,2596,99,45,2026-01-24,BATCH-233,2028-03-20,2026-01-24,
234,12,4174,102,42,2026-07-22,BATCH-234,2027-04-29,2026-07-22,
235,12,1046,13,44,2025-07-27,BATCH-235,2027-01-03,2025-07-27,
236,6,581,2,47,2025-08-28,BATCH-236,2027-08-17,2025-08-28,
237,9,2654,1,23,2025-08-19,BATCH-237,2029-05-27,2025-08-19,Below reorder level - reorder placed 2025-08-30
238,2,3142,45,44,2026-07-23,BATCH-238,2026-04-18,2026-07-23,Expiring in 0 days - flag for clearance
239,9,1394,30,47,2025-06-30,BATCH-239,2026-12-16,2025-06-30,Below reorder level - reorder placed 2025-07-05
240,4,4072,45,20,2025-06-15,BATCH-240,2028-10-08,2025-06-15,
241,3,673,72,32,2026-05-12,BATCH-241,2029-11-29,2026-05-12,
242,4,4320,71,58,2026-05-13,BATCH-242,2029-09-27,2026-05-13,
243,6,4577,35,44,2025-08-24,BATCH-243,2029-08-03,2025-08-24,
244,12,3780,77,16,2025-12-19,BATCH-244,2026-11-25,2025-12-19,
245,6,4635,50,36,2026-04-23,BATCH-245,2028-02-22,2026-04-23,
246,6,1487,39,22,2026-02-19,BATCH-246,2028-08-27,2026-02-19,
247,2,3558,41,36,2026-06-07,BATCH-247,2027-11-24,2026-06-07,
248,6,3735,78,51,2025-11-14,BATCH-248,2030-01-17,2025-11-14,
249,4,2893,70,50,2025-10-03,BATCH-249,2026-06-07,2025-10-03,Expiring in 0 days - flag for clearance
250,3,2060,95,41,2026-06-16,BATCH-250,2028-06-23,2026-06-16,
251,5,4895,117,44,2026-04-10,BATCH-251,2026-03-20,2026-04-10,Expiring in 0 days - flag for clearance
252,1,1762,64,36,2026-01-02,BATCH-252,2027-03-02,2026-01-02,
253,5,1360,99,45,2025-10-28,BATCH-253,2027-10-13,2025-10-28,
254,7,3318,3,20,2026-02-14,BATCH-254,2027-05-29,2026-02-14,Below reorder level - reorder placed 2026-02-24
255,8,3972,116,44,2026-08-08,BATCH-255,2029-03-03,2026-08-08,
256,12,3321,62,24,2026-06-08,BATCH-256,2027-04-16,2026-06-08,
257,12,4567,103,20,2025-10-26,BATCH-257,2027-09-03,2025-10-26,
258,4,4472,7,59,2026-07-21,BATCH-258,2029-05-09,2026-07-21,Below reorder level - reorder placed 2026-07-26
259,11,3281,110,16,2026-01-14,BATCH-259,2026-07-04,2026-01-14,Expiring in 0 days - flag for clearance
260,5,4515,18,57,2025-11-05,BATCH-260,2028-11-11,2025-11-05,Below reorder level - reorder placed 2025-11-10
261,11,1063,83,44,2026-01-30,BATCH-261,2029-02-13,2026-01-30,
262,1,3260,56,36,2026-02-01,BATCH-262,2028-01-20,2026-02-01,
263,8,1299,12,53,2026-06-24,BATCH-263,2027-03-28,2026-06-24,
264,7,798,38,17,2025-12-13,BATCH-264,2029-01-02,2025-12-13,
265,2,4493,13,56,2025-11-03,BATCH-265,2028-07-29,2025-11-03,Below reorder level - reorder placed 2025-11-12
266,11,1816,50,24,2025-10-15,BATCH-266,2027-06-12,2025-10-15,
267,3,927,67,41,2025-11-08,BATCH-267,2026-03-13,2025-11-08,Expiring in 0 days - flag for clearance
268,1,4890,57,18,2025-12-13,BATCH-268,2026-04-10,2025-12-13,Expiring in 0 days - flag for clearance
269,10,3684,103,59,2026-03-22,BATCH-269,2029-03-10,2026-03-22,
270,6,4466,47,46,2026-01-12,BATCH-270,2027-09-02,2026-01-12,
271,3,3555,3,50,2026-02-03,BATCH-271,2028-10-21,2026-02-03,
272,3,111,89,46,2026-04-09,BATCH-272,2028-02-16,2026-04-09,
273,5,4591,27,46,2025-10-22,BATCH-273,2028-11-30,2025-10-22,Below reorder level - reorder placed 2025-10-30
274,4,1147,44,46,2025-11-07,BATCH-274,2027-08-14,2025-11-07,Below reorder level - reorder placed 2025-11-19
275,6,197,80,58,2026-08-09,BATCH-275,2026-11-30,2026-08-09,
276,5,3844,111,53,2025-09-15,BATCH-276,2029-10-03,2025-09-15,
277,5,306,104,33,2025-07-30,BATCH-277,2029-10-12,2025-07-30,
278,2,4628,99,41,2025-06-22,BATCH-278,2028-11-29,2025-06-22,
279,2,1538,72,59,2026-02-13,BATCH-279,2026-12-02,2026-02-13,
280,2,3731,103,20,2026-06-27,BATCH-280,2027-08-17,2026-06-27,
281,4,2535,18,41,2025-08-17,BATCH-281,2029-06-13,2025-08-17,
282,2,2232,80,16,2026-07-17,BATCH-282,2027-09-13,2026-07-17,
283,3,2482,7,29,2026-04-20,BATCH-283,2026-05-04,2026-04-20,Expiring in 0 days - flag for clearance
284,12,220,53,26,2025-08-30,BATCH-284,2029-07-18,2025-08-30,
285,7,4428,95,39,2026-03-17,BATCH-285,2028-04-08,2026-03-17,
286,7,4811,63,42,2025-06-05,BATCH-286,2026-04-25,2025-06-05,Expiring in 0 days - flag for clearance
287,3,3162,9,58,2026-04-10,BATCH-287,2026-09-24,2026-04-10,Expiring in 14 days - flag for clearance
288,11,497,64,30,2026-05-25,BATCH-288,2028-04-26,2026-05-25,
289,6,168,31,30,2026-07-02,BATCH-289,2029-08-07,2026-07-02,
290,7,2147,109,40,2025-12-11,BATCH-290,2029-07-09,2025-12-11,
291,2,4191,40,51,2026-07-27,BATCH-291,2026-10-04,2026-07-27,Expiring in 24 days - flag for clearance
292,9,1343,119,46,2026-02-09,BATCH-292,2027-11-22,2026-02-09,
293,4,2715,62,59,2026-05-27,BATCH-293,2026-11-30,2026-05-27,
294,6,2289,11,54,2026-08-09,BATCH-294,2026-09-05,2026-08-09,Expiring in 0 days - flag for clearance; Below reorder level - reorder placed 2026-08-17
295,2,3452,25,40,2026-07-06,BATCH-295,2027-08-20,2026-07-06,Below reorder level - reorder placed 2026-07-19
296,11,1760,87,52,2026-05-16,BATCH-296,2029-11-27,2026-05-16,
297,3,3426,50,57,2026-02-10,BATCH-297,2026-05-10,2026-02-10,Expiring in 0 days - flag for clearance; Below reorder level - reorder placed 2026-02-16
298,3,3109,31,22,2026-04-11,BATCH-298,2027-04-17,2026-04-11,
299,3,2359,83,47,2025-09-12,BATCH-299,2027-05-03,2025-09-12,
300,4,999,90,26,2025-09-14,BATCH-300,2026-08-27,2025-09-14,Expiring in 0 days - flag for clearance
301,1,2027,67,52,2026-01-02,BATCH-301,2029-06-29,2026-01-02,
302,6,4773,36,49,2025-11-07,BATCH-302,2029-10-11,2025-11-07,Below reorder level - reorder placed 2025-11-19
303,2,2072,93,37,2025-10-08,BATCH-303,2027-02-05,2025-10-08,
304,12,4462,77,15,2026-04-01,BATCH-304,2027-03-07,2026-04-01,
305,5,3413,73,57,2025-10-20,BATCH-305,2027-03-01,2025-10-20,
306,6,1427,109,25,2026-05-15,BATCH-306,2026-02-04,2026-05-15,Expiring in 0 days - flag for clearance
307,4,3418,7,50,2026-04-23,BATCH-307,2030-01-11,2026-04-23,Below reorder level - reorder placed 2026-05-01
308,12,1824,9,17,2025-09-01,BATCH-308,2026-10-22,2025-09-01,Below reorder level - reorder placed 2025-09-11
309,5,2700,49,40,2025-07-29,BATCH-309,2029-06-29,2025-07-29,
310,4,1907,96,59,2025-10-12,BATCH-310,2026-09-18,2025-10-12,Expiring in 8 days - flag for clearance
311,3,3056,32,22,2026-03-19,BATCH-311,2029-04-23,2026-03-19,
312,6,4377,87,18,2025-07-17,BATCH-312,2029-03-20,2025-07-17,
313,4,91,5,40,2026-02-27,BATCH-313,2029-03-03,2026-02-27,
314,12,4185,7,56,2026-07-18,BATCH-314,2027-03-11,2026-07-18,Below reorder level - reorder placed 2026-07-30
315,10,3995,40,59,2026-04-11,BATCH-315,2026-07-03,2026-04-11,Expiring in 0 days - flag for clearance
316,7,3845,20,51,2025-08-31,BATCH-316,2026-02-11,2025-08-31,Expiring in 0 days - flag for clearance
317,7,1373,102,40,2026-05-01,BATCH-317,2026-06-26,2026-05-01,Expiring in 0 days - flag for clearance
318,12,1409,112,31,2026-06-26,BATCH-318,2025-12-14,2026-06-26,Expiring in 0 days - flag for clearance
319,2,277,25,59,2025-06-18,BATCH-319,2028-02-11,2025-06-18,Below reorder level - reorder placed 2025-06-29
320,1,3896,71,39,2025-06-30,BATCH-320,2028-08-11,2025-06-30,
321,1,4870,79,45,2026-08-12,BATCH-321,2027-05-16,2026-08-12,
322,3,1340,7,27,2025-10-28,BATCH-322,2027-01-02,2025-10-28,
323,3,4975,65,49,2025-10-22,BATCH-323,2026-03-24,2025-10-22,Expiring in 0 days - flag for clearance
324,5,2653,65,24,2026-03-18,BATCH-324,2028-05-26,2026-03-18,
325,6,4106,11,27,2025-08-30,BATCH-325,2027-03-31,2025-08-30,
326,3,1719,37,15,2026-02-13,BATCH-326,2029-11-30,2026-02-13,
327,12,85,112,42,2025-07-01,BATCH-327,2027-08-09,2025-07-01,
328,10,3565,116,28,2026-05-27,BATCH-328,2029-06-16,2026-05-27,
329,12,3452,87,58,2026-07-17,BATCH-329,2027-08-20,2026-07-17,
330,4,2516,7,34,2026-05-28,BATCH-330,2028-09-12,2026-05-28,
331,5,4193,24,19,2026-03-13,BATCH-331,2027-07-07,2026-03-13,
332,3,2863,39,21,2026-03-20,BATCH-332,2026-10-02,2026-03-20,Expiring in 22 days - flag for clearance
333,6,2479,105,18,2025-07-19,BATCH-333,2026-05-26,2025-07-19,Expiring in 0 days - flag for clearance
334,4,4338,58,39,2025-09-22,BATCH-334,2028-01-26,2025-09-22,
335,5,2710,39,26,2026-03-25,BATCH-335,2028-05-23,2026-03-25,
336,12,3890,3,58,2025-09-18,BATCH-336,2026-11-07,2025-09-18,Below reorder level - reorder placed 2025-09-27
337,8,3977,112,59,2026-07-17,BATCH-337,2028-06-19,2026-07-17,
338,9,2330,99,41,2025-08-30,BATCH-338,2026-12-10,2025-08-30,
339,1,484,85,38,2025-10-04,BATCH-339,2028-04-24,2025-10-04,
340,5,1633,49,39,2026-02-05,BATCH-340,2028-11-12,2026-02-05,
341,6,1858,52,30,2026-06-21,BATCH-341,2027-09-07,2026-06-21,
342,11,4053,94,41,2026-06-08,BATCH-342,2029-07-02,2026-06-08,
343,6,105,41,42,2026-01-19,BATCH-343,2027-07-06,2026-01-19,Below reorder level - reorder placed 2026-02-01
344,10,3532,45,50,2025-10-01,BATCH-344,2029-03-28,2025-10-01,Below reorder level - reorder placed 2025-10-09
345,2,1654,109,15,2025-09-27,BATCH-345,2028-05-25,2025-09-27,
346,2,2413,29,42,2025-12-16,BATCH-346,2028-11-14,2025-12-16,Below reorder level - reorder placed 2025-12-26
347,12,3989,53,29,2025-08-10,BATCH-347,2028-01-21,2025-08-10,
348,8,4836,81,45,2025-11-28,BATCH-348,2029-12-19,2025-11-28,
349,9,3766,114,32,2026-08-02,BATCH-349,2029-12-20,2026-08-02,
350,2,1566,94,28,2025-12-28,BATCH-350,2028-03-27,2025-12-28,
351,7,4580,96,49,2026-05-19,BATCH-351,2029-09-25,2026-05-19,
352,8,4548,40,35,2026-08-12,BATCH-352,2029-03-25,2026-08-12,
353,7,142,52,52,2025-09-06,BATCH-353,2027-07-19,2025-09-06,
354,10,2927,84,27,2026-06-06,BATCH-354,2026-09-19,2026-06-06,Expiring in 9 days - flag for clearance
355,10,3229,47,23,2025-09-16,BATCH-355,2026-12-28,2025-09-16,
356,10,2131,20,51,2026-01-03,BATCH-356,2028-11-02,2026-01-03,Below reorder level - reorder placed 2026-01-07
357,6,4014,75,24,2025-07-01,BATCH-357,2028-05-18,2025-07-01,
358,9,4168,62,42,2026-03-22,BATCH-358,2029-11-25,2026-03-22,
359,9,114,118,43,2025-12-06,BATCH-359,2028-05-02,2025-12-06,
360,11,4550,2,47,2026-01-18,BATCH-360,2028-06-26,2026-01-18,
361,12,3843,9,58,2025-12-18,BATCH-361,2026-05-09,2025-12-18,Expiring in 0 days - flag for clearance; Below reorder level - reorder placed 2025-12-21
362,3,706,7,43,2025-11-13,BATCH-362,2026-08-04,2025-11-13,Expiring in 0 days - flag for clearance; Below reorder level - reorder placed 2025-11-26
363,2,276,80,53,2025-08-26,BATCH-363,2029-10-26,2025-08-26,
364,2,1813,110,16,2025-07-26,BATCH-364,2026-02-18,2025-07-26,Expiring in 0 days - flag for clearance
365,1,2205,106,16,2025-10-18,BATCH-365,2026-10-29,2025-10-18,Expiring in 49 days - monitor
366,5,2267,29,25,2026-06-13,BATCH-366,2027-07-22,2026-06-13,
367,1,1233,116,59,2026-02-17,BATCH-367,2027-01-24,2026-02-17,
368,12,1247,102,58,2026-02-03,BATCH-368,2027-09-12,2026-02-03,
369,1,2137,63,34,2026-02-07,BATCH-369,2029-12-11,2026-02-07,
370,12,420,2,32,2026-03-31,BATCH-370,2026-11-26,2026-03-31,
371,3,1760,58,37,2026-07-03,BATCH-371,2029-11-27,2026-07-03,
372,4,600,13,38,2026-01-10,BATCH-372,2027-07-29,2026-01-10,Below reorder level - reorder placed 2026-01-22
373,6,3327,15,17,2025-12-14,BATCH-373,2026-01-28,2025-12-14,Expiring in 0 days - flag for clearance; Below reorder level - reorder placed 2025-12-18
374,7,1849,81,24,2025-08-14,BATCH-374,2028-03-08,2025-08-14,
375,2,4669,4,46,2025-12-17,BATCH-375,2027-06-14,2025-12-17,Below reorder level - reorder placed 2025-12-27
376,1,2624,58,48,2026-01-06,BATCH-376,2026-03-29,2026-01-06,Expiring in 0 days - flag for clearance
377,8,4653,75,40,2026-01-28,BATCH-377,2026-02-20,2026-01-28,Expiring in 0 days - flag for clearance
378,3,3097,101,50,2025-10-18,BATCH-378,2028-05-11,2025-10-18,
379,6,2784,14,30,2025-08-27,BATCH-379,2026-11-28,2025-08-27,Expiring in 79 days - monitor; Below reorder level - reorder placed 2025-08-31
380,8,2861,97,27,2026-08-22,BATCH-380,2028-06-10,2026-08-22,
381,1,261,11,56,2025-07-20,BATCH-381,2026-12-08,2025-07-20,
382,3,3839,99,31,2026-03-03,BATCH-382,2029-08-31,2026-03-03,
383,2,4463,78,46,2026-03-31,BATCH-383,2026-04-21,2026-03-31,Expiring in 0 days - flag for clearance
384,6,2740,37,45,2026-02-28,BATCH-384,2028-04-20,2026-02-28,
385,7,45,103,25,2025-10-22,BATCH-385,2027-04-21,2025-10-22,
386,8,997,54,52,2025-12-02,BATCH-386,2028-08-18,2025-12-02,
387,4,2302,2,55,2026-01-06,BATCH-387,2027-08-18,2026-01-06,Below reorder level - reorder placed 2026-01-13
388,4,4529,59,33,2026-05-28,BATCH-388,2027-02-27,2026-05-28,
389,9,3231,106,17,2025-08-13,BATCH-389,2029-03-13,2025-08-13,
390,4,1269,93,39,2025-09-03,BATCH-390,2029-02-10,2025-09-03,
391,6,278,115,52,2026-08-02,BATCH-391,2029-06-05,2026-08-02,
392,9,1847,100,55,2026-02-27,BATCH-392,2025-12-22,2026-02-27,Expiring in 0 days - flag for clearance
393,6,4598,60,49,2026-01-17,BATCH-393,2029-11-27,2026-01-17,
394,10,3226,76,59,2026-07-11,BATCH-394,2027-07-16,2026-07-11,
395,2,3054,42,52,2026-06-09,BATCH-395,2026-10-07,2026-06-09,Expiring in 27 days - flag for clearance; Below reorder level - reorder placed 2026-06-15
396,10,4126,67,31,2026-03-12,BATCH-396,2026-06-16,2026-03-12,Expiring in 0 days - flag for clearance
397,2,4144,111,25,2025-11-01,BATCH-397,2029-11-09,2025-11-01,
398,8,3183,21,50,2025-08-26,BATCH-398,2026-09-14,2025-08-26,Expiring in 4 days - flag for clearance; Below reorder level - reorder placed 2025-09-06
399,8,2082,42,30,2025-07-31,BATCH-399,2028-09-13,2025-07-31,
400,7,2530,65,56,2026-04-27,BATCH-400,2027-09-19,2026-04-27,
401,3,3637,56,56,2025-11-23,BATCH-401,2029-04-26,2025-11-23,
402,6,1881,72,36,2025-06-10,BATCH-402,2027-10-23,2025-06-10,
403,1,2745,112,49,2026-07-24,BATCH-403,2026-08-01,2026-07-24,Expiring in 0 days - flag for clearance
404,3,2702,57,36,2025-09-18,BATCH-404,2026-05-19,2025-09-18,Expiring in 0 days - flag for clearance
405,11,1592,35,30,2026-08-13,BATCH-405,2029-12-16,2026-08-13,
406,10,3990,50,50,2026-06-13,BATCH-406,2029-12-15,2026-06-13,
407,10,1160,100,22,2026-01-30,BATCH-407,2027-04-24,2026-01-30,
408,2,3874,31,47,2026-01-15,BATCH-408,2028-01-25,2026-01-15,Below reorder level - reorder placed 2026-01-22
409,9,4666,37,42,2026-04-05,BATCH-409,2029-09-08,2026-04-05,Below reorder level - reorder placed 2026-04-08
410,10,1950,22,35,2025-10-31,BATCH-410,2026-09-18,2025-10-31,Expiring in 8 days - flag for clearance; Below reorder level - reorder placed 2025-11-11
411,12,4756,17,15,2025-10-02,BATCH-411,2029-12-31,2025-10-02,
412,6,4023,101,19,2026-01-18,BATCH-412,2027-08-09,2026-01-18,
413,3,3122,2,21,2026-05-29,BATCH-413,2029-02-27,2026-05-29,
414,6,4046,102,37,2026-03-11,BATCH-414,2029-10-11,2026-03-11,
415,2,1367,27,28,2025-12-22,BATCH-415,2026-03-07,2025-12-22,Expiring in 0 days - flag for clearance; Below reorder level - reorder placed 2025-12-28
416,9,937,81,47,2026-04-03,BATCH-416,2027-12-10,2026-04-03,
417,2,4577,28,40,2025-07-09,BATCH-417,2029-08-03,2025-07-09,Below reorder level - reorder placed 2025-07-18
418,8,1335,10,28,2026-01-14,BATCH-418,2028-08-17,2026-01-14,
419,3,162,30,44,2026-02-26,BATCH-419,2027-06-08,2026-02-26,Below reorder level - reorder placed 2026-03-03
420,9,2811,49,24,2026-06-10,BATCH-420,2027-01-13,2026-06-10,
421,5,2581,41,30,2026-06-04,BATCH-421,2028-08-10,2026-06-04,
422,1,3577,117,40,2025-06-02,BATCH-422,2028-07-22,2025-06-02,
423,9,1439,18,32,2025-12-02,BATCH-423,2026-11-08,2025-12-02,Below reorder level - reorder placed 2025-12-14
424,8,4494,50,55,2026-07-20,BATCH-424,2026-10-06,2026-07-20,Expiring in 26 days - flag for clearance; Below reorder level - reorder placed 2026-08-02
425,2,583,76,33,2026-07-05,BATCH-425,2027-02-09,2026-07-05,
426,4,2701,92,59,2025-09-30,BATCH-426,2026-02-03,2025-09-30,Expiring in 0 days - flag for clearance
427,2,2559,42,39,2025-11-03,BATCH-427,2026-12-04,2025-11-03,Expiring in 85 days - monitor
428,7,385,94,27,2026-03-18,BATCH-428,2026-11-25,2026-03-18,Expiring in 76 days - monitor
429,2,3081,96,56,2025-08-12,BATCH-429,2027-04-26,2025-08-12,
430,6,4592,111,58,2026-07-20,BATCH-430,2026-02-17,2026-07-20,Expiring in 0 days - flag for clearance
431,7,308,25,55,2025-11-06,BATCH-431,2026-09-11,2025-11-06,Expiring in 1 days - flag for clearance
432,5,3764,2,36,2026-03-29,BATCH-432,2027-02-11,2026-03-29,Below reorder level - reorder placed 2026-04-11
433,7,3222,26,23,2025-07-25,BATCH-433,2026-01-30,2025-07-25,Expiring in 0 days - flag for clearance
434,8,723,55,34,2026-02-16,BATCH-434,2028-05-13,2026-02-16,
435,4,4288,80,44,2026-02-05,BATCH-435,2028-10-17,2026-02-05,
436,5,4423,33,24,2025-11-18,BATCH-436,2026-06-02,2025-11-18,Expiring in 0 days - flag for clearance
437,9,1930,73,32,2026-01-19,BATCH-437,2027-06-19,2026-01-19,
438,11,691,89,56,2025-11-27,BATCH-438,2026-04-18,2025-11-27,Expiring in 0 days - flag for clearance
439,2,396,57,53,2026-01-18,BATCH-439,2026-09-28,2026-01-18,Expiring in 18 days - flag for clearance
440,3,130,100,18,2026-01-06,BATCH-440,2028-02-15,2026-01-06,
441,4,3989,31,19,2026-08-24,BATCH-441,2028-01-21,2026-08-24,
442,2,307,5,56,2026-08-03,BATCH-442,2029-03-29,2026-08-03,Below reorder level - reorder placed 2026-08-06
443,5,2362,25,34,2025-11-30,BATCH-443,2026-05-18,2025-11-30,Expiring in 0 days - flag for clearance; Below reorder level - reorder placed 2025-12-08
444,4,1964,40,17,2026-05-01,BATCH-444,2028-08-13,2026-05-01,
445,7,4297,116,37,2025-10-15,BATCH-445,2026-09-23,2025-10-15,Expiring in 13 days - flag for clearance
446,10,1314,16,45,2026-06-27,BATCH-446,2027-12-25,2026-06-27,
447,5,542,86,16,2026-09-02,BATCH-447,2029-09-05,2026-09-02,
448,2,1139,39,30,2025-10-09,BATCH-448,2026-07-11,2025-10-09,Expiring in 0 days - flag for clearance
449,11,1667,119,18,2026-01-10,BATCH-449,2027-10-03,2026-01-10,
450,12,2348,44,39,2026-05-09,BATCH-450,2026-01-11,2026-05-09,Expiring in 0 days - flag for clearance
451,2,646,31,29,2025-08-04,BATCH-451,2028-06-15,2025-08-04,
452,1,3356,31,19,2026-05-02,BATCH-452,2027-03-16,2026-05-02,
453,8,4331,106,58,2025-11-03,BATCH-453,2029-10-12,2025-11-03,
454,5,2692,101,52,2026-02-05,BATCH-454,2026-12-04,2026-02-05,
455,7,2421,28,55,2025-08-05,BATCH-455,2028-11-27,2025-08-05,
456,7,2780,60,54,2025-12-05,BATCH-456,2028-08-31,2025-12-05,
457,1,1951,3,46,2025-11-28,BATCH-457,2027-07-31,2025-11-28,
458,12,67,74,20,2026-07-23,BATCH-458,2025-12-14,2026-07-23,Expiring in 0 days - flag for clearance
459,3,4869,50,53,2026-01-21,BATCH-459,2026-02-28,2026-01-21,Expiring in 0 days - flag for clearance; Below reorder level - reorder placed 2026-02-03
460,6,3285,23,43,2026-01-13,BATCH-460,2026-01-25,2026-01-13,Expiring in 0 days - flag for clearance
461,12,4642,24,17,2026-02-20,BATCH-461,2028-04-19,2026-02-20,
462,5,1677,8,37,2025-12-11,BATCH-462,2029-07-22,2025-12-11,Below reorder level - reorder placed 2025-12-24
463,12,4780,94,55,2025-08-04,BATCH-463,2028-10-01,2025-08-04,
464,11,4929,60,48,2025-06-29,BATCH-464,2026-07-27,2025-06-29,Expiring in 0 days - flag for clearance
465,6,1604,29,47,2025-12-27,BATCH-465,2026-08-10,2025-12-27,Expiring in 0 days - flag for clearance; Below reorder level - reorder placed 2025-12-30
466,4,4442,119,56,2025-08-19,BATCH-466,2028-02-14,2025-08-19,
467,8,663,16,45,2026-03-17,BATCH-467,2027-10-10,2026-03-17,
468,12,513,59,50,2026-01-05,BATCH-468,2029-12-04,2026-01-05,
469,5,4426,9,47,2026-06-09,BATCH-469,2027-12-31,2026-06-09,Below reorder level - reorder placed 2026-06-22
470,10,1351,18,31,2026-05-24,BATCH-470,2029-07-16,2026-05-24,
471,6,3122,37,56,2026-02-15,BATCH-471,2029-02-27,2026-02-15,Below reorder level - reorder placed 2026-02-25
472,3,3009,96,45,2026-02-20,BATCH-472,2026-10-25,2026-02-20,
473,4,1859,27,19,2026-08-28,BATCH-473,2029-12-31,2026-08-28,
474,12,3902,7,38,2026-06-13,BATCH-474,2027-06-07,2026-06-13,Below reorder level - reorder placed 2026-06-17
475,1,4961,85,57,2025-10-12,BATCH-475,2026-03-04,2025-10-12,Expiring in 0 days - flag for clearance
476,11,4461,67,48,2025-12-18,BATCH-476,2027-05-02,2025-12-18,
477,9,2745,115,38,2025-09-22,BATCH-477,2026-08-01,2025-09-22,Expiring in 0 days - flag for clearance
478,7,2389,92,37,2026-04-07,BATCH-478,2029-08-06,2026-04-07,
479,9,4909,54,16,2026-06-07,BATCH-479,2026-02-17,2026-06-07,Expiring in 0 days - flag for clearance
480,6,2901,82,29,2026-08-05,BATCH-480,2029-01-10,2026-08-05,
481,1,4570,102,53,2025-12-13,BATCH-481,2029-01-03,2025-12-13,
482,2,4282,117,39,2026-06-03,BATCH-482,2028-12-18,2026-06-03,
483,9,3767,104,59,2026-03-04,BATCH-483,2026-12-07,2026-03-04,
484,4,2437,83,29,2025-08-28,BATCH-484,2026-11-26,2025-08-28,Expiring in 77 days - monitor
485,9,1954,61,58,2025-12-28,BATCH-485,2029-08-31,2025-12-28,
486,10,4354,40,52,2025-11-08,BATCH-486,2026-07-29,2025-11-08,Expiring in 0 days - flag for clearance; Below reorder level - reorder placed 2025-11-18
487,11,406,31,55,2025-12-08,BATCH-487,2026-12-27,2025-12-08,
488,5,2070,55,37,2026-05-18,BATCH-488,2027-03-19,2026-05-18,
489,10,1266,98,42,2026-04-16,BATCH-489,2026-09-22,2026-04-16,Expiring in 12 days - flag for clearance
490,7,525,43,21,2025-07-03,BATCH-490,2029-01-07,2025-07-03,
491,4,828,64,50,2025-10-24,BATCH-491,2026-02-15,2025-10-24,Expiring in 0 days - flag for clearance
492,12,4535,8,47,2025-11-08,BATCH-492,2027-04-17,2025-11-08,Below reorder level - reorder placed 2025-11-15
493,9,4248,31,33,2026-01-02,BATCH-493,2028-08-25,2026-01-02,Below reorder level - reorder placed 2026-01-08
494,9,2395,79,28,2025-10-20,BATCH-494,2027-04-24,2025-10-20,
495,1,3139,19,42,2026-03-27,BATCH-495,2026-09-25,2026-03-27,Expiring in 15 days - flag for clearance
496,7,1206,117,27,2025-09-11,BATCH-496,2029-11-18,2025-09-11,
497,9,4778,80,45,2026-05-08,BATCH-497,2028-10-01,2026-05-08,
498,6,2105,58,17,2026-08-13,BATCH-498,2026-09-11,2026-08-13,Expiring in 1 days - flag for clearance
499,7,1934,66,32,2026-04-22,BATCH-499,2028-06-12,2026-04-22,
500,5,1985,113,25,2025-10-06,BATCH-500,2028-07-15,2025-10-06,
501,1,4891,61,29,2025-07-10,BATCH-501,2026-01-03,2025-07-10,Expiring in 0 days - flag for clearance
502,6,3288,52,26,2025-06-17,BATCH-502,2027-06-16,2025-06-17,
503,11,1592,5,45,2026-02-19,BATCH-503,2029-12-16,2026-02-19,
504,5,1468,90,53,2025-06-22,BATCH-504,2026-11-17,2025-06-22,
505,8,391,20,56,2026-05-02,BATCH-505,2027-05-16,2026-05-02,Below reorder level - reorder placed 2026-05-09
506,11,4763,34,40,2025-09-12,BATCH-506,2026-05-19,2025-09-12,Expiring in 0 days - flag for clearance
507,5,252,1,40,2025-06-23,BATCH-507,2027-04-01,2025-06-23,
508,1,3788,0,34,2026-07-02,BATCH-508,2029-06-20,2026-07-02,Below reorder level - reorder placed 2026-07-15
509,1,4932,102,24,2026-08-02,BATCH-509,2026-09-24,2026-08-02,Expiring in 14 days - flag for clearance
510,2,2155,35,54,2025-09-04,BATCH-510,2025-12-16,2025-09-04,Expiring in 0 days - flag for clearance; Below reorder level - reorder placed 2025-09-15
511,7,481,91,46,2026-07-29,BATCH-511,2026-06-10,2026-07-29,Expiring in 0 days - flag for clearance
512,10,674,54,19,2025-12-04,BATCH-512,2028-04-19,2025-12-04,
513,3,4686,65,57,2026-06-18,BATCH-513,2028-03-12,2026-06-18,
514,10,306,108,29,2025-08-30,BATCH-514,2029-10-12,2025-08-30,
515,9,2448,75,28,2025-09-29,BATCH-515,2027-02-20,2025-09-29,
516,11,3444,37,31,2025-12-30,BATCH-516,2027-07-22,2025-12-30,
517,1,1081,7,21,2026-08-15,BATCH-517,2029-01-30,2026-08-15,Below reorder level - reorder placed 2026-08-24
518,12,526,85,15,2025-08-06,BATCH-518,2029-12-20,2025-08-06,
519,12,4023,16,35,2025-08-24,BATCH-519,2027-08-09,2025-08-24,Below reorder level - reorder placed 2025-09-06
520,6,2977,67,21,2025-08-30,BATCH-520,2028-01-31,2025-08-30,
521,8,4631,14,26,2025-06-15,BATCH-521,2026-09-18,2025-06-15,Expiring in 8 days - flag for clearance
522,2,1486,79,22,2026-06-11,BATCH-522,2026-11-02,2026-06-11,
523,1,3395,56,51,2025-09-20,BATCH-523,2026-08-20,2025-09-20,Expiring in 0 days - flag for clearance
524,1,2026,93,56,2026-05-21,BATCH-524,2026-02-01,2026-05-21,Expiring in 0 days - flag for clearance
525,11,3132,31,59,2025-07-11,BATCH-525,2029-01-19,2025-07-11,
526,4,2272,86,17,2025-10-01,BATCH-526,2028-05-07,2025-10-01,
527,2,3392,15,15,2026-07-27,BATCH-527,2026-12-15,2026-07-27,
528,10,1305,93,54,2026-03-07,BATCH-528,2027-05-19,2026-03-07,
529,8,1995,12,18,2026-07-04,BATCH-529,2028-01-11,2026-07-04,Below reorder level - reorder placed 2026-07-16
530,2,3482,33,38,2026-06-13,BATCH-530,2028-08-17,2026-06-13,Below reorder level - reorder placed 2026-06-16
531,8,3438,62,58,2026-09-02,BATCH-531,2026-10-11,2026-09-02,
532,7,2790,111,52,2026-05-30,BATCH-532,2028-08-09,2026-05-30,
533,2,234,57,39,2026-01-23,BATCH-533,2025-12-21,2026-01-23,Expiring in 0 days - flag for clearance
534,9,292,44,46,2026-08-19,BATCH-534,2026-10-01,2026-08-19,Expiring in 21 days - flag for clearance; Below reorder level - reorder placed 2026-08-22
535,11,883,24,58,2025-12-07,BATCH-535,2027-07-20,2025-12-07,Below reorder level - reorder placed 2025-12-14
536,2,919,19,19,2026-03-22,BATCH-536,2029-07-22,2026-03-22,
537,11,4850,69,58,2026-01-06,BATCH-537,2028-10-10,2026-01-06,
538,12,4563,88,59,2025-12-05,BATCH-538,2028-11-18,2025-12-05,
539,7,4970,37,30,2026-02-02,BATCH-539,2029-03-04,2026-02-02,
540,10,4350,94,39,2025-08-07,BATCH-540,2029-02-21,2025-08-07,
541,2,652,31,55,2025-09-12,BATCH-541,2028-08-22,2025-09-12,
542,4,4716,70,42,2026-02-08,BATCH-542,2026-03-18,2026-02-08,Expiring in 0 days - flag for clearance
543,10,3604,59,38,2026-04-29,BATCH-543,2026-04-05,2026-04-29,Expiring in 0 days - flag for clearance
544,10,4740,80,32,2025-06-12,BATCH-544,2027-12-27,2025-06-12,
545,8,1720,34,16,2025-12-03,BATCH-545,2029-04-20,2025-12-03,
546,12,3874,35,31,2025-07-22,BATCH-546,2028-01-25,2025-07-22,
547,8,3700,106,32,2025-12-24,BATCH-547,2027-08-11,2025-12-24,
548,4,1693,102,49,2025-10-21,BATCH-548,2029-06-22,2025-10-21,
549,9,888,58,50,2026-07-20,BATCH-549,2026-02-04,2026-07-20,Expiring in 0 days - flag for clearance
550,3,4559,95,36,2026-06-23,BATCH-550,2026-02-11,2026-06-23,Expiring in 0 days - flag for clearance
551,7,3476,60,16,2025-11-13,BATCH-551,2026-11-15,2025-11-13,
552,10,1447,102,57,2026-08-08,BATCH-552,2026-06-18,2026-08-08,Expiring in 0 days - flag for clearance
553,12,3465,11,59,2025-06-23,BATCH-553,2026-02-24,2025-06-23,Expiring in 0 days - flag for clearance; Below reorder level - reorder placed 2025-07-04
554,4,1206,39,52,2025-06-27,BATCH-554,2029-11-18,2025-06-27,
555,5,15,22,46,2026-04-24,BATCH-555,2026-10-25,2026-04-24,Expiring in 45 days - monitor; Below reorder level - reorder placed 2026-04-27
556,11,3809,103,29,2026-07-31,BATCH-556,2026-06-15,2026-07-31,Expiring in 0 days - flag for clearance
557,5,321,15,32,2026-08-22,BATCH-557,2029-05-27,2026-08-22,Below reorder level - reorder placed 2026-09-03
558,2,1558,99,30,2026-01-11,BATCH-558,2027-05-26,2026-01-11,
559,8,2432,46,53,2026-05-06,BATCH-559,2028-04-29,2026-05-06,
560,4,910,94,50,2026-07-01,BATCH-560,2027-09-20,2026-07-01,
561,7,2654,34,22,2026-04-18,BATCH-561,2029-05-27,2026-04-18,
562,2,4747,114,33,2025-10-24,BATCH-562,2027-05-04,2025-10-24,
563,6,1237,80,28,2026-02-06,BATCH-563,2026-12-07,2026-02-06,Expiring in 88 days - monitor
564,1,160,109,51,2026-05-22,BATCH-564,2026-12-18,2026-05-22,
565,11,3254,4,39,2026-06-23,BATCH-565,2029-02-11,2026-06-23,Below reorder level - reorder placed 2026-07-05
566,2,2354,58,54,2025-07-16,BATCH-566,2028-05-14,2025-07-16,
567,11,220,114,16,2025-08-29,BATCH-567,2029-07-18,2025-08-29,
568,12,2770,106,37,2025-08-05,BATCH-568,2026-10-11,2025-08-05,Expiring in 31 days - monitor
569,7,295,34,30,2026-03-06,BATCH-569,2028-08-12,2026-03-06,
570,10,2061,3,34,2025-07-07,BATCH-570,2027-01-28,2025-07-07,
571,1,3652,67,46,2025-09-27,BATCH-571,2028-07-11,2025-09-27,
572,6,3552,89,34,2026-06-06,BATCH-572,2027-05-24,2026-06-06,
573,5,2901,80,49,2025-11-23,BATCH-573,2029-01-10,2025-11-23,
574,9,2780,87,26,2025-08-03,BATCH-574,2028-08-31,2025-08-03,
575,1,1888,32,47,2025-10-11,BATCH-575,2028-11-11,2025-10-11,
576,3,2693,66,25,2026-08-08,BATCH-576,2027-04-05,2026-08-08,
577,2,1251,112,38,2025-12-04,BATCH-577,2029-09-25,2025-12-04,
578,10,1431,11,35,2025-11-01,BATCH-578,2028-05-02,2025-11-01,
579,4,3697,42,50,2026-01-22,BATCH-579,2027-04-11,2026-01-22,Below reorder level - reorder placed 2026-02-04
580,6,99,15,23,2026-06-28,BATCH-580,2029-02-09,2026-06-28,Below reorder level - reorder placed 2026-07-07
581,6,4442,19,22,2026-04-04,BATCH-581,2028-02-14,2026-04-04,Below reorder level - reorder placed 2026-04-15
582,9,4111,62,46,2025-08-18,BATCH-582,2029-11-30,2025-08-18,
583,5,4929,79,42,2026-05-15,BATCH-583,2026-07-27,2026-05-15,Expiring in 0 days - flag for clearance
584,5,1561,97,32,2026-02-06,BATCH-584,2030-01-01,2026-02-06,
585,2,4640,62,22,2026-06-30,BATCH-585,2026-12-06,2026-06-30,
586,5,4652,4,29,2025-07-17,BATCH-586,2026-06-07,2025-07-17,Expiring in 0 days - flag for clearance; Below reorder level - reorder placed 2025-07-21
587,4,4060,7,50,2025-09-01,BATCH-587,2028-01-17,2025-09-01,
588,6,2461,17,18,2025-12-22,BATCH-588,2029-04-18,2025-12-22,Below reorder level - reorder placed 2026-01-03
589,6,3843,21,19,2026-07-30,BATCH-589,2026-05-09,2026-07-30,Expiring in 0 days - flag for clearance
590,8,231,30,54,2025-09-17,BATCH-590,2026-02-08,2025-09-17,Expiring in 0 days - flag for clearance; Below reorder level - reorder placed 2025-09-23
591,6,879,26,23,2025-06-29,BATCH-591,2026-10-07,2025-06-29,Expiring in 27 days - flag for clearance
592,8,3664,110,31,2025-06-19,BATCH-592,2029-08-02,2025-06-19,
593,7,758,14,40,2026-03-24,BATCH-593,2029-10-27,2026-03-24,Below reorder level - reorder placed 2026-04-06
594,1,2567,40,52,2025-09-28,BATCH-594,2029-02-27,2025-09-28,
595,4,3383,96,30,2025-06-05,BATCH-595,2026-05-25,2025-06-05,Expiring in 0 days - flag for clearance
596,11,640,39,15,2026-04-16,BATCH-596,2029-02-17,2026-04-16,
597,9,4558,115,18,2026-07-11,BATCH-597,2029-03-09,2026-07-11,
598,7,3236,59,16,2026-06-19,BATCH-598,2028-04-13,2026-06-19,
599,8,3838,82,17,2025-07-11,BATCH-599,2027-05-10,2025-07-11,
600,12,2123,4,56,2025-07-03,BATCH-600,2026-12-23,2025-07-03,Below reorder level - reorder placed 2025-07-13
601,8,3128,61,56,2025-09-14,BATCH-601,2026-10-25,2025-09-14,Expiring in 45 days - monitor
602,7,951,77,39,2026-06-03,BATCH-602,2026-11-26,2026-06-03,Expiring in 77 days - monitor
603,8,1107,29,55,2025-09-29,BATCH-603,2026-11-18,2025-09-29,
604,2,4374,101,32,2026-05-17,BATCH-604,2029-06-08,2026-05-17,
605,3,3581,3,16,2026-03-27,BATCH-605,2029-03-17,2026-03-27,Below reorder level - reorder placed 2026-04-04
606,1,2971,83,36,2026-05-22,BATCH-606,2026-12-13,2026-05-22,
607,9,1975,31,34,2026-07-13,BATCH-607,2029-11-29,2026-07-13,Below reorder level - reorder placed 2026-07-21
608,4,4224,107,40,2026-02-04,BATCH-608,2027-07-14,2026-02-04,
609,11,2707,60,59,2026-01-14,BATCH-609,2026-03-28,2026-01-14,Expiring in 0 days - flag for clearance
610,11,3773,82,23,2025-12-28,BATCH-610,2027-12-01,2025-12-28,
611,9,785,105,42,2026-05-29,BATCH-611,2026-08-08,2026-05-29,Expiring in 0 days - flag for clearance
612,5,1240,71,33,2026-07-10,BATCH-612,2028-07-23,2026-07-10,
613,2,3325,87,24,2025-12-28,BATCH-613,2029-09-23,2025-12-28,
614,11,883,78,15,2025-06-13,BATCH-614,2027-07-20,2025-06-13,
615,8,3344,87,41,2025-08-24,BATCH-615,2029-02-23,2025-08-24,
616,3,4430,31,42,2026-03-28,BATCH-616,2029-07-16,2026-03-28,Below reorder level - reorder placed 2026-04-10
617,5,2775,112,37,2026-06-26,BATCH-617,2026-08-15,2026-06-26,Expiring in 0 days - flag for clearance
618,7,4060,101,59,2026-02-02,BATCH-618,2028-01-17,2026-02-02,
619,10,4814,107,40,2026-02-19,BATCH-619,2028-12-19,2026-02-19,
620,10,3619,52,18,2026-02-09,BATCH-620,2028-04-22,2026-02-09,
621,9,4037,96,26,2025-12-09,BATCH-621,2026-10-02,2025-12-09,Expiring in 22 days - flag for clearance
622,6,2452,54,40,2025-10-15,BATCH-622,2026-11-14,2025-10-15,
623,7,69,111,52,2026-02-05,BATCH-623,2029-09-03,2026-02-05,
624,8,4563,71,54,2026-06-15,BATCH-624,2028-11-18,2026-06-15,
625,3,3757,56,23,2025-08-11,BATCH-625,2028-10-28,2025-08-11,
626,5,988,59,16,2026-04-26,BATCH-626,2027-04-06,2026-04-26,
627,6,54,85,46,2026-08-23,BATCH-627,2028-09-03,2026-08-23,
628,3,4580,109,59,2026-03-21,BATCH-628,2029-09-25,2026-03-21,
629,3,743,52,22,2025-07-11,BATCH-629,2027-03-29,2025-07-11,
630,6,3826,71,24,2025-09-03,BATCH-630,2027-03-07,2025-09-03,
631,2,3947,46,28,2025-09-02,BATCH-631,2027-01-17,2025-09-02,
632,4,2712,43,21,2025-10-21,BATCH-632,2027-03-04,2025-10-21,
633,2,4066,89,20,2026-02-22,BATCH-633,2026-11-16,2026-02-22,Expiring in 67 days - monitor
634,1,3845,79,41,2025-07-31,BATCH-634,2026-02-11,2025-07-31,Expiring in 0 days - flag for clearance
635,6,1479,64,20,2025-12-30,BATCH-635,2029-09-06,2025-12-30,
636,5,103,59,23,2026-07-05,BATCH-636,2029-08-11,2026-07-05,
637,4,2638,101,36,2026-04-04,BATCH-637,2028-06-22,2026-04-04,
638,4,480,68,44,2026-05-12,BATCH-638,2029-06-02,2026-05-12,
639,8,1581,118,41,2025-08-10,BATCH-639,2028-07-14,2025-08-10,
640,12,3535,0,16,2025-06-11,BATCH-640,2029-07-14,2025-06-11,
641,6,1431,90,46,2026-03-13,BATCH-641,2028-05-02,2026-03-13,
642,10,2027,9,37,2026-01-12,BATCH-642,2029-06-29,2026-01-12,Below reorder level - reorder placed 2026-01-25
643,1,3663,97,15,2025-07-13,BATCH-643,2027-08-25,2025-07-13,
644,5,2323,64,16,2025-11-19,BATCH-644,2027-11-22,2025-11-19,
645,5,2415,85,47,2026-03-15,BATCH-645,2026-05-06,2026-03-15,Expiring in 0 days - flag for clearance
646,12,3904,20,38,2025-06-18,BATCH-646,2027-05-23,2025-06-18,Below reorder level - reorder placed 2025-06-26
647,6,3493,33,35,2025-11-06,BATCH-647,2026-05-02,2025-11-06,Expiring in 0 days - flag for clearance; Below reorder level - reorder placed 2025-11-15
648,11,3766,16,59,2025-06-27,BATCH-648,2029-12-20,2025-06-27,Below reorder level - reorder placed 2025-06-30
649,7,474,10,26,2026-01-18,BATCH-649,2029-01-29,2026-01-18,
650,7,1766,24,53,2025-10-17,BATCH-650,2029-05-21,2025-10-17,
651,8,3832,119,27,2025-11-29,BATCH-651,2028-03-24,2025-11-29,
652,4,3755,0,57,2025-12-17,BATCH-652,2026-10-15,2025-12-17,Expiring in 35 days - monitor; Below reorder level - reorder placed 2025-12-23
653,12,2576,22,48,2025-09-26,BATCH-653,2029-02-23,2025-09-26,Below reorder level - reorder placed 2025-10-05
654,4,777,56,45,2026-05-18,BATCH-654,2027-02-22,2026-05-18,
655,9,4588,66,20,2026-05-04,BATCH-655,2029-10-31,2026-05-04,
656,10,3759,24,28,2025-07-03,BATCH-656,2028-06-13,2025-07-03,
657,1,2650,80,48,2026-01-03,BATCH-657,2027-01-08,2026-01-03,
658,2,1703,28,58,2026-05-15,BATCH-658,2026-10-15,2026-05-15,Expiring in 35 days - monitor; Below reorder level - reorder placed 2026-05-24
659,7,1420,65,25,2025-11-09,BATCH-659,2028-06-01,2025-11-09,
660,7,4174,100,30,2025-06-23,BATCH-660,2027-04-29,2025-06-23,
661,6,2744,108,33,2026-01-07,BATCH-661,2029-09-28,2026-01-07,
662,6,3844,106,25,2026-03-06,BATCH-662,2029-10-03,2026-03-06,
663,1,1435,69,23,2025-09-07,BATCH-663,2026-07-10,2025-09-07,Expiring in 0 days - flag for clearance
664,6,4562,52,39,2025-08-04,BATCH-664,2028-02-06,2025-08-04,
665,10,4715,14,20,2025-08-26,BATCH-665,2026-12-26,2025-08-26,Below reorder level - reorder placed 2025-09-08
666,11,1526,53,58,2025-09-08,BATCH-666,2029-01-23,2025-09-08,
667,2,1857,90,52,2026-06-20,BATCH-667,2029-08-02,2026-06-20,
668,7,1614,62,58,2026-04-19,BATCH-668,2026-12-29,2026-04-19,
669,2,1322,116,49,2025-12-21,BATCH-669,2026-06-16,2025-12-21,Expiring in 0 days - flag for clearance
670,11,359,118,33,2025-08-21,BATCH-670,2029-03-09,2025-08-21,
671,11,4795,96,28,2025-07-19,BATCH-671,2027-12-12,2025-07-19,
672,11,4820,7,20,2026-03-17,BATCH-672,2029-04-20,2026-03-17,
673,1,2090,46,17,2025-08-27,BATCH-673,2027-11-17,2025-08-27,
674,6,2509,65,17,2025-12-28,BATCH-674,2026-07-12,2025-12-28,Expiring in 0 days - flag for clearance
675,6,2184,116,58,2026-04-12,BATCH-675,2027-11-21,2026-04-12,
676,11,4461,78,19,2025-06-02,BATCH-676,2027-05-02,2025-06-02,
677,6,625,54,35,2025-11-27,BATCH-677,2026-06-04,2025-11-27,Expiring in 0 days - flag for clearance
678,6,352,97,27,2025-09-05,BATCH-678,2029-12-08,2025-09-05,
679,5,1642,82,54,2025-09-28,BATCH-679,2028-12-22,2025-09-28,
680,10,1601,64,19,2026-04-18,BATCH-680,2029-02-20,2026-04-18,
681,5,2978,117,50,2026-08-02,BATCH-681,2029-09-09,2026-08-02,
682,10,243,13,32,2025-10-12,BATCH-682,2026-09-21,2025-10-12,Expiring in 11 days - flag for clearance; Below reorder level - reorder placed 2025-10-19
683,8,4931,34,50,2025-11-17,BATCH-683,2029-02-20,2025-11-17,Below reorder level - reorder placed 2025-11-29
684,11,2167,87,39,2026-07-09,BATCH-684,2027-11-21,2026-07-09,
685,10,337,47,42,2025-10-30,BATCH-685,2029-09-15,2025-10-30,
686,1,2185,56,37,2026-02-27,BATCH-686,2029-01-10,2026-02-27,
687,12,4274,28,39,2026-03-15,BATCH-687,2027-02-07,2026-03-15,
688,1,1149,54,58,2025-12-11,BATCH-688,2029-04-24,2025-12-11,Below reorder level - reorder placed 2025-12-16
689,5,1685,38,46,2025-10-01,BATCH-689,2029-03-19,2025-10-01,Below reorder level - reorder placed 2025-10-05
690,3,4877,47,40,2025-06-29,BATCH-690,2027-01-14,2025-06-29,
691,4,453,36,28,2025-09-05,BATCH-691,2027-07-22,2025-09-05,
692,9,4012,103,32,2026-07-08,BATCH-692,2029-03-02,2026-07-08,
693,3,666,111,20,2026-04-26,BATCH-693,2029-01-10,2026-04-26,
694,12,3601,77,38,2026-01-06,BATCH-694,2026-01-20,2026-01-06,Expiring in 0 days - flag for clearance
695,5,944,40,19,2026-06-24,BATCH-695,2027-07-17,2026-06-24,
696,9,40,19,41,2025-10-28,BATCH-696,2028-04-08,2025-10-28,Below reorder level - reorder placed 2025-11-03
697,11,3125,45,28,2026-05-30,BATCH-697,2028-06-28,2026-05-30,
698,4,3174,63,35,2025-08-22,BATCH-698,2028-01-18,2025-08-22,
699,4,1330,58,35,2026-02-15,BATCH-699,2026-10-04,2026-02-15,Expiring in 24 days - flag for clearance
700,12,3954,59,44,2026-08-02,BATCH-700,2028-10-19,2026-08-02,
701,1,3415,75,16,2026-05-06,BATCH-701,2026-05-13,2026-05-06,Expiring in 0 days - flag for clearance
702,5,1030,47,31,2025-09-12,BATCH-702,2026-08-11,2025-09-12,Expiring in 0 days - flag for clearance
703,6,2178,117,35,2025-12-18,BATCH-703,2029-11-23,2025-12-18,
704,2,2049,33,24,2026-07-09,BATCH-704,2028-01-18,2026-07-09,
705,2,795,63,51,2026-08-18,BATCH-705,2029-01-13,2026-08-18,
706,8,90,29,44,2025-06-18,BATCH-706,2026-11-22,2025-06-18,
707,3,1582,33,20,2026-08-09,BATCH-707,2028-07-04,2026-08-09,
708,4,4781,54,28,2026-08-16,BATCH-708,2026-11-27,2026-08-16,
709,11,2886,86,39,2025-06-30,BATCH-709,2026-02-10,2025-06-30,Expiring in 0 days - flag for clearance
710,3,1828,16,20,2025-11-02,BATCH-710,2029-09-23,2025-11-02,Below reorder level - reorder placed 2025-11-11
711,11,445,85,36,2025-11-30,BATCH-711,2029-08-06,2025-11-30,
712,4,1933,72,52,2026-03-28,BATCH-712,2029-12-24,2026-03-28,
713,11,4482,82,32,2026-05-13,BATCH-713,2026-02-05,2026-05-13,Expiring in 0 days - flag for clearance
714,9,3206,20,19,2026-01-29,BATCH-714,2028-01-27,2026-01-29,
715,3,2303,48,23,2025-08-17,BATCH-715,2028-12-16,2025-08-17,
716,5,175,42,34,2025-10-31,BATCH-716,2028-04-08,2025-10-31,
717,9,1897,52,52,2026-07-12,BATCH-717,2029-08-10,2026-07-12,
718,7,137,22,32,2026-01-31,BATCH-718,2029-01-17,2026-01-31,
719,2,970,61,21,2026-01-13,BATCH-719,2026-01-23,2026-01-13,Expiring in 0 days - flag for clearance
720,3,989,111,57,2025-09-17,BATCH-720,2026-06-30,2025-09-17,Expiring in 0 days - flag for clearance
721,8,3398,61,30,2025-12-04,BATCH-721,2028-05-27,2025-12-04,
722,6,2595,1,19,2026-08-28,BATCH-722,2028-02-04,2026-08-28,Below reorder level - reorder placed 2026-09-03
723,1,1998,95,16,2026-05-27,BATCH-723,2026-10-27,2026-05-27,
724,4,450,61,57,2026-03-25,BATCH-724,2027-02-19,2026-03-25,
725,3,2857,18,29,2025-08-02,BATCH-725,2026-07-13,2025-08-02,Expiring in 0 days - flag for clearance; Below reorder level - reorder placed 2025-08-06
726,2,4235,69,45,2026-06-06,BATCH-726,2029-05-20,2026-06-06,
727,5,56,43,59,2026-06-29,BATCH-727,2026-12-08,2026-06-29,Below reorder level - reorder placed 2026-07-08
728,9,1896,86,20,2026-04-17,BATCH-728,2025-12-23,2026-04-17,Expiring in 0 days - flag for clearance
729,4,4823,70,35,2026-07-09,BATCH-729,2026-12-20,2026-07-09,
730,1,3677,115,29,2026-06-22,BATCH-730,2026-04-26,2026-06-22,Expiring in 0 days - flag for clearance
731,4,172,75,38,2026-03-22,BATCH-731,2028-11-05,2026-03-22,
732,1,2214,95,30,2025-11-22,BATCH-732,2030-01-09,2025-11-22,
733,9,2572,113,31,2025-10-26,BATCH-733,2027-09-14,2025-10-26,
734,1,4512,52,52,2026-08-07,BATCH-734,2026-09-20,2026-08-07,Expiring in 10 days - flag for clearance
735,1,3093,94,41,2026-01-24,BATCH-735,2029-12-14,2026-01-24,
736,8,4242,101,17,2025-07-02,BATCH-736,2027-10-13,2025-07-02,
737,8,722,39,45,2026-02-04,BATCH-737,2027-09-24,2026-02-04,Below reorder level - reorder placed 2026-02-14
738,8,1698,31,37,2025-12-24,BATCH-738,2026-11-08,2025-12-24,
739,9,68,74,23,2025-09-11,BATCH-739,2027-08-06,2025-09-11,
740,9,4451,54,57,2026-08-23,BATCH-740,2027-02-02,2026-08-23,Below reorder level - reorder placed 2026-08-27
741,3,1909,110,27,2026-01-27,BATCH-741,2029-01-02,2026-01-27,
742,1,3136,43,53,2025-07-09,BATCH-742,2029-11-18,2025-07-09,Below reorder level - reorder placed 2025-07-12
743,5,3702,91,29,2025-06-29,BATCH-743,2028-10-09,2025-06-29,
744,5,4023,1,37,2026-07-21,BATCH-744,2027-08-09,2026-07-21,Below reorder level - reorder placed 2026-07-27
745,1,948,28,49,2026-04-17,BATCH-745,2027-06-23,2026-04-17,Below reorder level - reorder placed 2026-04-25
746,4,1789,95,48,2025-12-17,BATCH-746,2029-10-15,2025-12-17,
747,9,4622,70,56,2025-11-09,BATCH-747,2026-10-17,2025-11-09,Expiring in 37 days - monitor
748,3,3977,28,32,2026-07-30,BATCH-748,2028-06-19,2026-07-30,
749,2,2929,54,31,2025-12-12,BATCH-749,2029-07-11,2025-12-12,
750,7,3779,4,51,2026-01-17,BATCH-750,2028-10-02,2026-01-17,Below reorder level - reorder placed 2026-01-29
751,10,226,92,45,2025-07-19,BATCH-751,2026-08-08,2025-07-19,Expiring in 0 days - flag for clearance
752,3,1567,100,54,2025-10-31,BATCH-752,2026-06-12,2025-10-31,Expiring in 0 days - flag for clearance
753,4,873,1,44,2025-12-19,BATCH-753,2029-12-11,2025-12-19,Below reorder level - reorder placed 2025-12-31
754,9,1023,117,40,2025-10-22,BATCH-754,2026-05-28,2025-10-22,Expiring in 0 days - flag for clearance
755,9,666,112,28,2026-04-12,BATCH-755,2029-01-10,2026-04-12,
756,7,2204,102,50,2025-06-13,BATCH-756,2027-07-08,2025-06-13,
757,5,3869,92,53,2026-04-26,BATCH-757,2026-01-02,2026-04-26,Expiring in 0 days - flag for clearance
758,1,1528,41,16,2026-03-29,BATCH-758,2027-09-21,2026-03-29,
759,3,1890,20,26,2026-06-15,BATCH-759,2029-06-02,2026-06-15,
760,9,2391,103,45,2025-09-24,BATCH-760,2026-07-23,2025-09-24,Expiring in 0 days - flag for clearance
761,5,2632,11,33,2026-01-11,BATCH-761,2028-11-12,2026-01-11,Below reorder level - reorder placed 2026-01-24
762,3,4121,25,26,2026-08-22,BATCH-762,2030-01-20,2026-08-22,
763,8,2993,95,24,2026-07-28,BATCH-763,2027-07-15,2026-07-28,
764,2,3912,19,53,2026-04-22,BATCH-764,2026-08-30,2026-04-22,Expiring in 0 days - flag for clearance; Below reorder level - reorder placed 2026-05-05
765,5,1150,4,33,2025-12-14,BATCH-765,2026-10-07,2025-12-14,Expiring in 27 days - flag for clearance
766,5,848,67,47,2026-08-23,BATCH-766,2027-07-15,2026-08-23,
767,1,131,40,24,2026-08-12,BATCH-767,2028-06-15,2026-08-12,
768,12,1040,73,21,2026-02-09,BATCH-768,2029-06-28,2026-02-09,
769,10,2858,11,54,2026-05-14,BATCH-769,2029-01-17,2026-05-14,
770,3,418,63,24,2025-07-31,BATCH-770,2026-12-26,2025-07-31,
771,3,4314,50,21,2025-06-04,BATCH-771,2029-10-02,2025-06-04,
772,5,3004,96,38,2026-01-12,BATCH-772,2026-11-05,2026-01-12,
773,7,654,45,24,2026-08-16,BATCH-773,2026-01-16,2026-08-16,Expiring in 0 days - flag for clearance
774,4,3535,68,47,2026-06-21,BATCH-774,2029-07-14,2026-06-21,
775,9,4657,74,26,2026-05-14,BATCH-775,2029-09-28,2026-05-14,
776,10,708,100,40,2026-06-22,BATCH-776,2029-04-09,2026-06-22,
777,11,2447,29,54,2025-08-29,BATCH-777,2029-04-30,2025-08-29,
778,10,3053,26,35,2025-11-27,BATCH-778,2027-03-22,2025-11-27,Below reorder level - reorder placed 2025-12-09
779,6,4874,112,33,2026-08-30,BATCH-779,2029-09-27,2026-08-30,
780,3,4014,93,51,2025-08-26,BATCH-780,2028-05-18,2025-08-26,
781,3,3148,106,52,2026-04-08,BATCH-781,2027-02-19,2026-04-08,
782,3,583,45,26,2025-08-22,BATCH-782,2027-02-09,2025-08-22,
783,6,2305,76,28,2026-01-18,BATCH-783,2027-04-24,2026-01-18,
784,3,1715,24,33,2026-06-17,BATCH-784,2029-02-03,2026-06-17,Below reorder level - reorder placed 2026-06-27
785,5,936,78,15,2026-04-10,BATCH-785,2027-02-09,2026-04-10,
786,8,4621,116,17,2026-04-19,BATCH-786,2026-09-26,2026-04-19,Expiring in 16 days - flag for clearance
787,2,4232,110,19,2025-08-30,BATCH-787,2029-01-31,2025-08-30,
788,9,4096,65,37,2026-03-24,BATCH-788,2026-05-07,2026-03-24,Expiring in 0 days - flag for clearance
789,8,4035,105,44,2026-04-29,BATCH-789,2029-11-19,2026-04-29,
790,11,1300,74,56,2026-08-13,BATCH-790,2028-03-03,2026-08-13,
791,5,2993,0,17,2025-07-10,BATCH-791,2027-07-15,2025-07-10,Below reorder level - reorder placed 2025-07-20
792,8,15,21,43,2026-03-19,BATCH-792,2026-10-25,2026-03-19,Below reorder level - reorder placed 2026-03-29
793,11,4494,64,42,2025-07-22,BATCH-793,2026-10-06,2025-07-22,Expiring in 26 days - flag for clearance
794,6,1004,43,26,2025-09-06,BATCH-794,2028-03-21,2025-09-06,
795,9,1192,98,26,2026-06-18,BATCH-795,2027-11-21,2026-06-18,
796,12,1249,56,26,2026-04-17,BATCH-796,2026-06-06,2026-04-17,Expiring in 0 days - flag for clearance
797,10,2856,53,19,2025-09-24,BATCH-797,2027-04-04,2025-09-24,
798,4,4190,109,16,2026-06-11,BATCH-798,2026-09-24,2026-06-11,Expiring in 14 days - flag for clearance
799,5,2254,9,42,2026-07-04,BATCH-799,2026-01-06,2026-07-04,Expiring in 0 days - flag for clearance; Below reorder level - reorder placed 2026-07-14
800,9,349,31,59,2026-07-31,BATCH-800,2026-10-05,2026-07-31,Expiring in 25 days - flag for clearance
801,3,595,57,15,2025-10-16,BATCH-801,2028-07-01,2025-10-16,
802,1,4669,76,58,2026-08-06,BATCH-802,2027-06-14,2026-08-06,
803,9,737,5,51,2026-02-05,BATCH-803,2026-11-30,2026-02-05,Below reorder level - reorder placed 2026-02-12
804,5,377,97,41,2025-12-15,BATCH-804,2028-09-14,2025-12-15,
805,1,3757,8,29,2026-04-27,BATCH-805,2028-10-28,2026-04-27,Below reorder level - reorder placed 2026-05-04
806,11,2071,83,25,2025-10-27,BATCH-806,2029-02-03,2025-10-27,
807,7,3623,8,51,2026-08-07,BATCH-807,2027-02-18,2026-08-07,Below reorder level - reorder placed 2026-08-18
808,12,3594,30,38,2026-07-22,BATCH-808,2027-06-06,2026-07-22,Below reorder level - reorder placed 2026-07-31
809,5,4906,83,37,2025-12-07,BATCH-809,2026-10-28,2025-12-07,Expiring in 48 days - monitor
810,2,2157,42,50,2025-08-16,BATCH-810,2026-10-20,2025-08-16,
811,7,3037,67,45,2026-07-28,BATCH-811,2028-10-19,2026-07-28,
812,7,4909,37,37,2025-10-16,BATCH-812,2026-02-17,2025-10-16,Expiring in 0 days - flag for clearance
813,6,767,38,57,2025-12-23,BATCH-813,2027-05-24,2025-12-23,
814,4,50,92,30,2026-08-02,BATCH-814,2026-11-07,2026-08-02,Expiring in 58 days - monitor
815,3,4046,37,17,2026-05-03,BATCH-815,2029-10-11,2026-05-03,
816,2,55,80,29,2026-02-10,BATCH-816,2028-07-26,2026-02-10,
817,5,4004,39,24,2026-02-25,BATCH-817,2026-10-23,2026-02-25,
818,10,2733,80,23,2026-08-23,BATCH-818,2026-01-13,2026-08-23,Expiring in 0 days - flag for clearance
819,11,4813,102,52,2026-05-08,BATCH-819,2028-11-07,2026-05-08,
820,5,2950,33,27,2025-10-18,BATCH-820,2028-01-15,2025-10-18,
821,12,4603,102,31,2026-07-24,BATCH-821,2029-05-04,2026-07-24,
822,3,527,98,21,2026-06-12,BATCH-822,2028-07-09,2026-06-12,
823,11,2322,43,41,2026-04-30,BATCH-823,2026-04-27,2026-04-30,Expiring in 0 days - flag for clearance
824,9,645,42,52,2025-06-27,BATCH-824,2026-11-28,2025-06-27,
825,1,1336,35,26,2026-08-11,BATCH-825,2026-02-13,2026-08-11,Expiring in 0 days - flag for clearance
826,7,2057,21,46,2026-07-26,BATCH-826,2027-03-06,2026-07-26,
827,10,890,20,51,2025-10-22,BATCH-827,2029-09-28,2025-10-22,Below reorder level - reorder placed 2025-10-26
828,8,1153,17,47,2026-01-10,BATCH-828,2027-06-09,2026-01-10,Below reorder level - reorder placed 2026-01-22
829,9,2769,46,28,2026-05-15,BATCH-829,2029-02-28,2026-05-15,
830,4,300,13,38,2025-10-04,BATCH-830,2029-03-13,2025-10-04,
831,2,3485,111,58,2025-10-10,BATCH-831,2029-04-10,2025-10-10,
832,8,2325,27,24,2025-08-14,BATCH-832,2029-05-17,2025-08-14,
833,8,3684,61,46,2025-11-05,BATCH-833,2029-03-10,2025-11-05,
834,8,2782,17,26,2025-07-21,BATCH-834,2026-11-18,2025-07-21,Expiring in 69 days - monitor
835,1,683,96,59,2026-03-09,BATCH-835,2026-10-14,2026-03-09,
836,2,61,27,31,2026-01-20,BATCH-836,2027-05-05,2026-01-20,Below reorder level - reorder placed 2026-02-01
837,9,3746,82,43,2026-01-08,BATCH-837,2026-03-05,2026-01-08,Expiring in 0 days - flag for clearance
838,6,827,33,16,2026-07-11,BATCH-838,2028-08-25,2026-07-11,
839,5,2989,78,49,2026-02-28,BATCH-839,2026-04-05,2026-02-28,Expiring in 0 days - flag for clearance
840,8,359,78,49,2025-09-01,BATCH-840,2029-03-09,2025-09-01,
841,7,314,19,27,2025-07-30,BATCH-841,2027-05-26,2025-07-30,Below reorder level - reorder placed 2025-08-08
842,7,2204,36,31,2026-07-04,BATCH-842,2027-07-08,2026-07-04,
843,5,2730,91,41,2025-06-29,BATCH-843,2027-07-11,2025-06-29,
844,11,768,35,22,2026-01-03,BATCH-844,2028-04-16,2026-01-03,
845,6,432,112,57,2025-09-26,BATCH-845,2027-08-31,2025-09-26,
846,12,3872,49,32,2025-10-16,BATCH-846,2027-12-11,2025-10-16,
847,3,820,76,15,2025-10-28,BATCH-847,2028-03-24,2025-10-28,
848,11,675,50,51,2026-03-03,BATCH-848,2027-02-12,2026-03-03,
849,3,2834,70,37,2026-02-24,BATCH-849,2029-02-07,2026-02-24,
850,12,3315,84,24,2025-12-23,BATCH-850,2027-08-26,2025-12-23,
851,4,3940,17,40,2026-07-22,BATCH-851,2028-05-10,2026-07-22,
852,8,2188,63,30,2025-06-29,BATCH-852,2026-02-16,2025-06-29,Expiring in 0 days - flag for clearance
853,3,1663,73,22,2026-04-15,BATCH-853,2027-08-09,2026-04-15,
854,5,1592,61,46,2026-07-20,BATCH-854,2029-12-16,2026-07-20,
855,6,2807,102,15,2025-09-29,BATCH-855,2027-08-31,2025-09-29,
856,10,2016,66,36,2025-10-07,BATCH-856,2027-10-26,2025-10-07,
857,5,2638,86,29,2025-09-02,BATCH-857,2028-06-22,2025-09-02,
858,10,1588,69,43,2026-05-12,BATCH-858,2028-12-15,2026-05-12,
859,12,517,58,52,2026-05-12,BATCH-859,2028-02-03,2026-05-12,
860,11,3288,101,42,2026-01-15,BATCH-860,2027-06-16,2026-01-15,
861,10,526,90,18,2025-08-12,BATCH-861,2029-12-20,2025-08-12,
862,6,365,93,39,2025-06-12,BATCH-862,2029-02-25,2025-06-12,
863,12,1472,110,41,2025-10-31,BATCH-863,2028-10-13,2025-10-31,
864,4,4028,29,33,2025-12-06,BATCH-864,2027-03-03,2025-12-06,
865,2,4692,14,20,2026-04-03,BATCH-865,2027-03-18,2026-04-03,Below reorder level - reorder placed 2026-04-13
866,6,573,1,35,2025-06-04,BATCH-866,2029-12-28,2025-06-04,
867,2,3354,2,39,2025-09-20,BATCH-867,2026-02-14,2025-09-20,Expiring in 0 days - flag for clearance; Below reorder level - reorder placed 2025-09-25
868,9,1221,9,35,2025-08-09,BATCH-868,2027-11-22,2025-08-09,Below reorder level - reorder placed 2025-08-12
869,1,4144,58,23,2026-07-19,BATCH-869,2029-11-09,2026-07-19,
870,9,4105,93,48,2026-06-13,BATCH-870,2029-10-02,2026-06-13,
871,10,3921,19,51,2026-07-13,BATCH-871,2027-08-21,2026-07-13,Below reorder level - reorder placed 2026-07-19
872,12,4433,73,46,2025-08-28,BATCH-872,2026-09-22,2025-08-28,Expiring in 12 days - flag for clearance
873,4,4528,15,49,2026-07-19,BATCH-873,2029-12-19,2026-07-19,Below reorder level - reorder placed 2026-07-22
874,10,713,99,32,2026-01-29,BATCH-874,2028-06-02,2026-01-29,
875,9,1858,101,40,2025-08-12,BATCH-875,2027-09-07,2025-08-12,
876,3,4525,3,27,2026-08-01,BATCH-876,2028-08-31,2026-08-01,Below reorder level - reorder placed 2026-08-07
877,1,3709,23,19,2026-09-03,BATCH-877,2029-07-29,2026-09-03,
878,4,4315,55,47,2026-04-13,BATCH-878,2028-10-31,2026-04-13,
879,7,162,87,33,2026-02-11,BATCH-879,2027-06-08,2026-02-11,
880,2,1161,48,25,2025-06-26,BATCH-880,2027-04-27,2025-06-26,
881,2,310,5,21,2025-07-29,BATCH-881,2027-05-13,2025-07-29,
882,12,2241,8,37,2025-06-08,BATCH-882,2027-03-04,2025-06-08,
883,11,4875,1,19,2025-10-25,BATCH-883,2026-09-06,2025-10-25,Expiring in 0 days - flag for clearance; Below reorder level - reorder placed 2025-11-05
884,11,4311,105,39,2025-11-08,BATCH-884,2029-06-21,2025-11-08,
885,7,1102,75,18,2025-12-13,BATCH-885,2027-05-05,2025-12-13,
886,3,1119,82,53,2025-06-12,BATCH-886,2026-05-17,2025-06-12,Expiring in 0 days - flag for clearance
887,1,4895,15,42,2025-12-17,BATCH-887,2026-03-20,2025-12-17,Expiring in 0 days - flag for clearance
888,11,2620,95,37,2026-04-09,BATCH-888,2027-02-21,2026-04-09,
889,3,557,9,54,2025-11-21,BATCH-889,2027-05-16,2025-11-21,Below reorder level - reorder placed 2025-12-03
890,10,2207,47,35,2025-12-14,BATCH-890,2028-03-23,2025-12-14,
891,3,4880,2,40,2026-03-15,BATCH-891,2028-03-27,2026-03-15,Below reorder level - reorder placed 2026-03-26
892,8,110,20,20,2026-06-12,BATCH-892,2028-06-15,2026-06-12,
893,1,2577,43,16,2025-12-06,BATCH-893,2026-09-14,2025-12-06,Expiring in 4 days - flag for clearance
894,4,1227,100,45,2025-12-14,BATCH-894,2027-05-04,2025-12-14,
895,7,787,95,48,2025-10-08,BATCH-895,2026-12-17,2025-10-08,
896,4,3517,74,52,2026-06-24,BATCH-896,2027-01-06,2026-06-24,
897,4,4215,106,35,2025-11-29,BATCH-897,2027-06-20,2025-11-29,
898,1,3347,112,58,2026-05-09,BATCH-898,2028-05-03,2026-05-09,
899,9,4671,74,48,2025-12-14,BATCH-899,2026-10-17,2025-12-14,Expiring in 37 days - monitor
900,5,3555,117,41,2026-04-12,BATCH-900,2028-10-21,2026-04-12,
901,5,3587,107,48,2026-07-06,BATCH-901,2026-07-30,2026-07-06,Expiring in 0 days - flag for clearance
902,2,2223,105,28,2026-01-16,BATCH-902,2026-03-25,2026-01-16,Expiring in 0 days - flag for clearance
903,9,2552,119,32,2026-06-04,BATCH-903,2028-12-09,2026-06-04,
904,10,1285,67,35,2026-02-21,BATCH-904,2026-01-05,2026-02-21,Expiring in 0 days - flag for clearance
905,4,4636,52,39,2025-06-06,BATCH-905,2028-03-04,2025-06-06,
906,4,1871,76,23,2026-02-06,BATCH-906,2029-02-18,2026-02-06,
907,4,2328,10,48,2025-12-30,BATCH-907,2027-03-25,2025-12-30,Below reorder level - reorder placed 2026-01-09
908,2,2737,33,23,2026-07-05,BATCH-908,2027-09-14,2026-07-05,
909,3,3881,0,35,2026-01-09,BATCH-909,2028-02-29,2026-01-09,Below reorder level - reorder placed 2026-01-22
910,5,3188,34,57,2025-07-10,BATCH-910,2028-10-17,2025-07-10,Below reorder level - reorder placed 2025-07-21
911,2,2149,5,30,2025-07-11,BATCH-911,2026-05-25,2025-07-11,Expiring in 0 days - flag for clearance; Below reorder level - reorder placed 2025-07-23
912,10,1267,17,32,2025-09-05,BATCH-912,2029-01-20,2025-09-05,Below reorder level - reorder placed 2025-09-16
913,3,128,72,19,2026-01-14,BATCH-913,2027-08-02,2026-01-14,
914,4,1485,22,40,2026-08-30,BATCH-914,2026-02-05,2026-08-30,Expiring in 0 days - flag for clearance; Below reorder level - reorder placed 2026-09-04
915,6,4146,24,45,2026-02-13,BATCH-915,2026-11-05,2026-02-13,Below reorder level - reorder placed 2026-02-24
916,2,2570,101,57,2026-02-03,BATCH-916,2028-10-16,2026-02-03,
917,4,1446,41,19,2026-07-15,BATCH-917,2029-10-15,2026-07-15,
918,11,4520,117,15,2026-06-25,BATCH-918,2029-01-26,2026-06-25,
919,5,3865,114,29,2026-07-08,BATCH-919,2026-01-05,2026-07-08,Expiring in 0 days - flag for clearance
920,10,2188,85,43,2025-08-25,BATCH-920,2026-02-16,2025-08-25,Expiring in 0 days - flag for clearance
921,3,2954,16,39,2026-06-06,BATCH-921,2029-11-17,2026-06-06,Below reorder level - reorder placed 2026-06-14
922,10,3664,117,52,2025-09-07,BATCH-922,2029-08-02,2025-09-07,
923,1,3625,112,59,2025-11-14,BATCH-923,2029-06-21,2025-11-14,
924,8,4379,8,45,2025-10-14,BATCH-924,2026-11-28,2025-10-14,Below reorder level - reorder placed 2025-10-22
925,9,4682,49,39,2025-07-31,BATCH-925,2027-11-19,2025-07-31,
926,5,682,112,18,2025-06-01,BATCH-926,2026-10-28,2025-06-01,
927,12,503,37,24,2026-01-05,BATCH-927,2026-07-23,2026-01-05,Expiring in 0 days - flag for clearance
928,6,4859,117,37,2025-11-23,BATCH-928,2028-12-08,2025-11-23,
929,10,3506,40,53,2025-07-22,BATCH-929,2029-12-25,2025-07-22,Below reorder level - reorder placed 2025-08-04
930,3,40,12,52,2026-04-28,BATCH-930,2028-04-08,2026-04-28,Below reorder level - reorder placed 2026-05-06
931,12,3798,56,15,2026-01-15,BATCH-931,2028-03-22,2026-01-15,
932,10,2263,17,39,2025-12-06,BATCH-932,2028-09-12,2025-12-06,
933,12,1019,114,29,2025-06-28,BATCH-933,2030-01-16,2025-06-28,
934,10,1752,9,18,2025-12-23,BATCH-934,2026-05-26,2025-12-23,Expiring in 0 days - flag for clearance
935,4,2532,78,15,2025-12-12,BATCH-935,2027-03-07,2025-12-12,
936,2,191,112,28,2026-08-14,BATCH-936,2026-11-14,2026-08-14,Expiring in 65 days - monitor
937,6,3845,100,30,2026-04-09,BATCH-937,2026-02-11,2026-04-09,Expiring in 0 days - flag for clearance
938,8,818,81,25,2026-03-02,BATCH-938,2026-12-16,2026-03-02,
939,7,953,68,20,2026-07-09,BATCH-939,2026-04-05,2026-07-09,Expiring in 0 days - flag for clearance
940,4,3836,35,35,2026-01-07,BATCH-940,2027-05-19,2026-01-07,
941,9,4994,117,46,2026-01-15,BATCH-941,2027-07-08,2026-01-15,
942,3,3049,4,53,2026-08-14,BATCH-942,2026-09-01,2026-08-14,Expiring in 0 days - flag for clearance
943,7,971,36,42,2025-07-04,BATCH-943,2027-06-06,2025-07-04,Below reorder level - reorder placed 2025-07-11
944,4,3747,108,43,2026-08-10,BATCH-944,2029-04-29,2026-08-10,
945,12,728,7,36,2025-11-26,BATCH-945,2027-03-10,2025-11-26,
946,11,4142,19,50,2026-06-02,BATCH-946,2029-06-28,2026-06-02,Below reorder level - reorder placed 2026-06-09
947,3,723,112,47,2025-12-21,BATCH-947,2028-05-13,2025-12-21,
948,7,4192,33,29,2026-01-22,BATCH-948,2026-06-18,2026-01-22,Expiring in 0 days - flag for clearance
949,8,4844,50,19,2026-08-11,BATCH-949,2029-06-09,2026-08-11,
950,2,260,89,27,2026-09-02,BATCH-950,2028-05-17,2026-09-02,
951,5,2300,103,16,2025-11-04,BATCH-951,2028-07-01,2025-11-04,
952,2,238,46,57,2026-03-30,BATCH-952,2028-10-12,2026-03-30,
953,6,2159,41,20,2025-10-12,BATCH-953,2027-05-23,2025-10-12,
954,9,1248,78,37,2026-07-02,BATCH-954,2026-02-12,2026-07-02,Expiring in 0 days - flag for clearance
955,1,53,24,29,2025-09-07,BATCH-955,2027-01-16,2025-09-07,
956,1,2988,110,20,2026-08-11,BATCH-956,2026-12-14,2026-08-11,
957,5,2855,94,36,2026-04-28,BATCH-957,2027-07-26,2026-04-28,
958,5,1690,114,27,2025-06-05,BATCH-958,2026-08-17,2025-06-05,Expiring in 0 days - flag for clearance
959,12,660,8,27,2025-07-04,BATCH-959,2028-09-26,2025-07-04,
960,11,3631,114,51,2025-11-03,BATCH-960,2028-06-18,2025-11-03,
961,9,548,36,50,2026-06-10,BATCH-961,2026-09-21,2026-06-10,Expiring in 11 days - flag for clearance; Below reorder level - reorder placed 2026-06-17
962,7,2222,34,23,2025-08-15,BATCH-962,2028-06-10,2025-08-15,
963,6,549,89,19,2026-08-11,BATCH-963,2028-07-26,2026-08-11,
964,8,2127,51,18,2025-06-22,BATCH-964,2027-12-23,2025-06-22,
965,11,1571,3,24,2025-12-30,BATCH-965,2029-12-05,2025-12-30,Below reorder level - reorder placed 2026-01-07
966,11,2165,89,45,2026-06-14,BATCH-966,2028-11-18,2026-06-14,
967,3,1878,10,22,2026-07-07,BATCH-967,2028-09-01,2026-07-07,Below reorder level - reorder placed 2026-07-15
968,1,2632,38,38,2025-08-15,BATCH-968,2028-11-12,2025-08-15,
969,10,8,4,40,2025-10-05,BATCH-969,2029-12-10,2025-10-05,Below reorder level - reorder placed 2025-10-10
970,6,3802,19,25,2026-03-09,BATCH-970,2026-11-17,2026-03-09,Below reorder level - reorder placed 2026-03-20
971,10,3739,117,20,2025-06-24,BATCH-971,2027-07-26,2025-06-24,
972,4,2179,57,59,2026-06-30,BATCH-972,2026-01-05,2026-06-30,Expiring in 0 days - flag for clearance; Below reorder level - reorder placed 2026-07-07
973,6,1018,58,47,2026-06-10,BATCH-973,2027-09-14,2026-06-10,
974,12,920,114,41,2026-02-21,BATCH-974,2026-12-19,2026-02-21,
975,2,721,22,59,2026-05-23,BATCH-975,2030-01-02,2026-05-23,
976,2,4079,36,28,2025-07-26,BATCH-976,2027-08-02,2025-07-26,
977,9,3727,114,38,2026-02-01,BATCH-977,2027-04-09,2026-02-01,
978,9,4351,66,48,2026-05-01,BATCH-978,2026-08-21,2026-05-01,Expiring in 0 days - flag for clearance
979,8,36,107,37,2025-10-16,BATCH-979,2026-07-24,2025-10-16,Expiring in 0 days - flag for clearance
980,3,4898,50,41,2025-08-13,BATCH-980,2026-10-26,2025-08-13,
981,2,3399,12,22,2026-04-11,BATCH-981,2028-01-07,2026-04-11,Below reorder level - reorder placed 2026-04-18
982,10,4477,99,28,2026-04-14,BATCH-982,2027-02-01,2026-04-14,
983,12,4348,118,22,2025-07-07,BATCH-983,2026-12-19,2025-07-07,
984,3,454,32,50,2026-08-16,BATCH-984,2029-01-04,2026-08-16,Below reorder level - reorder placed 2026-08-26
985,12,2351,84,54,2025-12-28,BATCH-985,2029-04-03,2025-12-28,
986,5,2081,118,35,2026-02-21,BATCH-986,2026-12-02,2026-02-21,
987,5,144,19,43,2026-05-03,BATCH-987,2028-04-12,2026-05-03,Below reorder level - reorder placed 2026-05-07
988,3,3403,57,36,2025-08-22,BATCH-988,2026-11-03,2025-08-22,Expiring in 54 days - monitor
989,5,1609,81,54,2026-02-06,BATCH-989,2026-02-16,2026-02-06,Expiring in 0 days - flag for clearance
990,7,866,91,27,2026-04-17,BATCH-990,2027-06-16,2026-04-17,
991,5,3620,59,38,2026-05-15,BATCH-991,2026-09-06,2026-05-15,Expiring in 0 days - flag for clearance
992,10,4229,90,35,2026-05-01,BATCH-992,2028-09-27,2026-05-01,
993,8,848,87,59,2026-05-20,BATCH-993,2027-07-15,2026-05-20,
994,10,1220,32,24,2025-06-17,BATCH-994,2028-01-25,2025-06-17,
995,10,3497,5,23,2026-05-21,BATCH-995,2029-11-11,2026-05-21,Below reorder level - reorder placed 2026-05-27
996,5,1857,117,52,2025-08-29,BATCH-996,2029-08-02,2025-08-29,
997,6,3611,99,48,2026-05-02,BATCH-997,2026-01-28,2026-05-02,Expiring in 0 days - flag for clearance
998,9,2212,99,15,2025-10-10,BATCH-998,2026-12-01,2025-10-10,Expiring in 82 days - monitor
999,8,2021,47,20,2025-12-25,BATCH-999,2028-08-05,2025-12-25,
1000,11,1555,54,47,2025-09-19,BATCH-1000,2027-03-18,2025-09-19,
1001,6,443,73,56,2025-08-14,BATCH-1001,2029-01-17,2025-08-14,
1002,4,3215,90,23,2025-08-28,BATCH-1002,2027-02-27,2025-08-28,
1003,10,2543,78,23,2025-12-21,BATCH-1003,2027-03-01,2025-12-21,
1004,6,678,34,27,2026-08-17,BATCH-1004,2029-10-13,2026-08-17,
1005,11,3147,31,24,2025-08-11,BATCH-1005,2026-06-21,2025-08-11,Expiring in 0 days - flag for clearance
1006,12,4016,92,53,2026-04-09,BATCH-1006,2028-03-03,2026-04-09,
1007,9,2345,101,35,2025-12-09,BATCH-1007,2026-08-15,2025-12-09,Expiring in 0 days - flag for clearance
1008,3,64,2,44,2026-08-18,BATCH-1008,2026-02-12,2026-08-18,Expiring in 0 days - flag for clearance
1009,8,4684,15,37,2026-02-23,BATCH-1009,2028-03-14,2026-02-23,
1010,1,4406,35,27,2025-07-16,BATCH-1010,2027-01-05,2025-07-16,
1011,7,4936,102,40,2026-01-01,BATCH-1011,2027-08-04,2026-01-01,
1012,4,4031,75,15,2026-02-23,BATCH-1012,2026-12-31,2026-02-23,
1013,3,4983,114,52,2026-08-22,BATCH-1013,2026-11-06,2026-08-22,
1014,10,1896,30,58,2026-05-28,BATCH-1014,2025-12-23,2026-05-28,Expiring in 0 days - flag for clearance; Below reorder level - reorder placed 2026-06-10
1015,5,1419,99,29,2026-01-29,BATCH-1015,2026-04-20,2026-01-29,Expiring in 0 days - flag for clearance
1016,7,1215,33,39,2025-11-03,BATCH-1016,2027-04-19,2025-11-03,
1017,5,3665,90,55,2026-07-25,BATCH-1017,2026-02-16,2026-07-25,Expiring in 0 days - flag for clearance
1018,12,3510,117,25,2026-06-26,BATCH-1018,2028-07-01,2026-06-26,
1019,9,462,4,17,2025-10-16,BATCH-1019,2026-09-26,2025-10-16,Expiring in 16 days - flag for clearance
1020,7,524,98,57,2026-03-10,BATCH-1020,2029-03-19,2026-03-10,
1021,11,987,74,19,2025-08-17,BATCH-1021,2027-02-03,2025-08-17,
1022,8,4161,18,38,2025-12-03,BATCH-1022,2026-01-04,2025-12-03,Expiring in 0 days - flag for clearance; Below reorder level - reorder placed 2025-12-09
1023,12,3963,13,31,2026-08-31,BATCH-1023,2026-05-27,2026-08-31,Expiring in 0 days - flag for clearance; Below reorder level - reorder placed 2026-09-11
1024,4,2007,111,34,2025-10-20,BATCH-1024,2028-12-21,2025-10-20,
1025,9,1226,61,35,2026-03-12,BATCH-1025,2029-06-14,2026-03-12,
1026,5,48,33,48,2025-06-06,BATCH-1026,2026-01-10,2025-06-06,Expiring in 0 days - flag for clearance
1027,5,3843,101,24,2025-06-30,BATCH-1027,2026-05-09,2025-06-30,Expiring in 0 days - flag for clearance
1028,3,957,77,58,2026-03-02,BATCH-1028,2026-09-30,2026-03-02,Expiring in 20 days - flag for clearance
1029,12,3036,13,33,2026-07-31,BATCH-1029,2028-04-02,2026-07-31,Below reorder level - reorder placed 2026-08-12
1030,7,4286,84,21,2026-08-30,BATCH-1030,2028-10-11,2026-08-30,
1031,7,747,77,30,2025-10-07,BATCH-1031,2030-01-17,2025-10-07,
1032,6,4255,67,28,2025-12-02,BATCH-1032,2029-05-13,2025-12-02,
1033,4,462,82,22,2026-06-24,BATCH-1033,2026-09-26,2026-06-24,Expiring in 16 days - flag for clearance
1034,7,2168,35,18,2026-04-10,BATCH-1034,2026-08-05,2026-04-10,Expiring in 0 days - flag for clearance
1035,3,3842,113,53,2025-08-05,BATCH-1035,2026-07-12,2025-08-05,Expiring in 0 days - flag for clearance
1036,3,3546,81,59,2026-04-14,BATCH-1036,2026-05-01,2026-04-14,Expiring in 0 days - flag for clearance
1037,5,814,86,40,2026-07-24,BATCH-1037,2027-05-06,2026-07-24,
1038,10,695,82,24,2025-07-19,BATCH-1038,2029-07-10,2025-07-19,
1039,10,3420,27,25,2026-02-18,BATCH-1039,2029-12-19,2026-02-18,
1040,9,2975,11,57,2025-08-10,BATCH-1040,2026-10-06,2025-08-10,Expiring in 26 days - flag for clearance; Below reorder level - reorder placed 2025-08-22
1041,1,1849,64,16,2026-03-28,BATCH-1041,2028-03-08,2026-03-28,
1042,3,2401,18,32,2026-01-18,BATCH-1042,2029-01-07,2026-01-18,Below reorder level - reorder placed 2026-01-21
1043,12,3225,93,38,2026-08-09,BATCH-1043,2029-05-18,2026-08-09,
1044,6,4252,52,42,2025-09-05,BATCH-1044,2027-08-21,2025-09-05,
1045,2,2081,34,53,2026-07-17,BATCH-1045,2026-12-02,2026-07-17,Expiring in 83 days - monitor; Below reorder level - reorder placed 2026-07-20
1046,3,639,100,23,2025-10-10,BATCH-1046,2027-06-09,2025-10-10,
1047,8,76,116,57,2026-06-29,BATCH-1047,2026-08-23,2026-06-29,Expiring in 0 days - flag for clearance
1048,6,4527,63,20,2026-08-15,BATCH-1048,2026-02-16,2026-08-15,Expiring in 0 days - flag for clearance
1049,5,327,70,23,2026-07-22,BATCH-1049,2026-10-12,2026-07-22,Expiring in 32 days - monitor
1050,6,3425,6,52,2026-06-20,BATCH-1050,2026-08-28,2026-06-20,Expiring in 0 days - flag for clearance; Below reorder level - reorder placed 2026-06-25
1051,10,1384,107,29,2026-05-22,BATCH-1051,2027-04-26,2026-05-22,
1052,5,1759,4,19,2026-03-01,BATCH-1052,2028-02-07,2026-03-01,Below reorder level - reorder placed 2026-03-11
1053,12,3436,70,35,2025-11-14,BATCH-1053,2027-02-09,2025-11-14,
1054,10,4389,52,30,2026-03-10,BATCH-1054,2028-05-15,2026-03-10,
1055,10,1856,53,36,2025-12-09,BATCH-1055,2026-11-06,2025-12-09,Expiring in 57 days - monitor
1056,1,561,96,45,2026-05-16,BATCH-1056,2029-09-14,2026-05-16,
1057,11,1324,110,18,2025-06-11,BATCH-1057,2028-10-05,2025-06-11,
1058,10,832,44,22,2025-10-30,BATCH-1058,2028-11-26,2025-10-30,
1059,1,3643,33,19,2025-06-19,BATCH-1059,2029-08-24,2025-06-19,
1060,6,3968,55,29,2025-12-10,BATCH-1060,2027-07-21,2025-12-10,
1061,3,3133,20,34,2025-12-06,BATCH-1061,2027-04-24,2025-12-06,Below reorder level - reorder placed 2025-12-19
1062,9,1752,71,41,2025-10-30,BATCH-1062,2026-05-26,2025-10-30,Expiring in 0 days - flag for clearance
1063,3,3420,22,54,2025-06-19,BATCH-1063,2029-12-19,2025-06-19,Below reorder level - reorder placed 2025-06-30
1064,1,52,53,59,2026-03-15,BATCH-1064,2029-08-05,2026-03-15,Below reorder level - reorder placed 2026-03-26
1065,4,4434,97,18,2026-04-06,BATCH-1065,2029-02-18,2026-04-06,
1066,12,4906,86,53,2025-10-26,BATCH-1066,2026-10-28,2025-10-26,Expiring in 48 days - monitor
1067,11,843,35,19,2026-04-12,BATCH-1067,2027-02-17,2026-04-12,
1068,10,1888,10,53,2025-07-07,BATCH-1068,2028-11-11,2025-07-07,Below reorder level - reorder placed 2025-07-14
1069,10,4112,9,36,2026-05-13,BATCH-1069,2027-05-23,2026-05-13,Below reorder level - reorder placed 2026-05-20
1070,11,2726,37,46,2025-09-03,BATCH-1070,2028-04-26,2025-09-03,
1071,7,3975,51,42,2026-08-22,BATCH-1071,2026-11-22,2026-08-22,Expiring in 73 days - monitor
1072,1,4450,100,42,2026-02-12,BATCH-1072,2028-08-01,2026-02-12,
1073,10,343,100,48,2025-12-17,BATCH-1073,2028-01-16,2025-12-17,
1074,3,2036,53,17,2026-08-27,BATCH-1074,2027-03-13,2026-08-27,
1075,10,3475,1,31,2026-02-01,BATCH-1075,2027-10-04,2026-02-01,Below reorder level - reorder placed 2026-02-10
1076,1,2970,62,36,2025-10-30,BATCH-1076,2029-08-01,2025-10-30,
1077,9,2772,66,25,2025-11-17,BATCH-1077,2029-02-28,2025-11-17,
1078,10,807,74,48,2025-11-28,BATCH-1078,2028-12-11,2025-11-28,
1079,9,2707,43,30,2026-01-16,BATCH-1079,2026-03-28,2026-01-16,Expiring in 0 days - flag for clearance
1080,4,2249,25,32,2025-12-31,BATCH-1080,2028-10-01,2025-12-31,
1081,6,4116,23,40,2026-06-26,BATCH-1081,2026-02-25,2026-06-26,Expiring in 0 days - flag for clearance
1082,5,1793,50,29,2025-08-04,BATCH-1082,2029-03-25,2025-08-04,
1083,7,430,43,48,2025-06-21,BATCH-1083,2029-05-30,2025-06-21,Below reorder level - reorder placed 2025-06-26
1084,5,263,36,56,2025-07-08,BATCH-1084,2027-09-05,2025-07-08,Below reorder level - reorder placed 2025-07-11
1085,7,3860,13,50,2026-02-26,BATCH-1085,2026-12-29,2026-02-26,Below reorder level - reorder placed 2026-03-10
1086,12,985,116,17,2026-03-18,BATCH-1086,2029-10-27,2026-03-18,
1087,6,4574,26,49,2026-08-15,BATCH-1087,2026-05-05,2026-08-15,Expiring in 0 days - flag for clearance; Below reorder level - reorder placed 2026-08-22
1088,10,4858,6,22,2026-08-13,BATCH-1088,2028-10-10,2026-08-13,Below reorder level - reorder placed 2026-08-25
1089,10,1017,1,43,2026-06-07,BATCH-1089,2029-11-10,2026-06-07,Below reorder level - reorder placed 2026-06-13
1090,11,2838,78,23,2026-08-27,BATCH-1090,2029-06-18,2026-08-27,
1091,5,4249,93,32,2026-01-10,BATCH-1091,2029-07-12,2026-01-10,
1092,6,287,69,31,2025-06-27,BATCH-1092,2028-11-01,2025-06-27,
1093,8,2792,90,43,2026-04-12,BATCH-1093,2026-01-29,2026-04-12,Expiring in 0 days - flag for clearance
1094,12,2433,85,56,2025-09-02,BATCH-1094,2028-06-24,2025-09-02,
1095,10,1473,68,52,2026-06-26,BATCH-1095,2026-10-02,2026-06-26,Expiring in 22 days - flag for clearance
1096,9,2027,53,34,2025-10-02,BATCH-1096,2029-06-29,2025-10-02,
1097,1,3590,28,26,2025-06-04,BATCH-1097,2027-08-06,2025-06-04,
1098,3,2372,50,53,2025-10-01,BATCH-1098,2026-06-07,2025-10-01,Expiring in 0 days - flag for clearance
1099,2,424,33,35,2026-06-11,BATCH-1099,2028-04-11,2026-06-11,Below reorder level - reorder placed 2026-06-17
1100,9,3937,80,58,2025-07-29,BATCH-1100,2027-01-06,2025-07-29,
1101,11,3811,71,53,2025-09-20,BATCH-1101,2026-02-25,2025-09-20,Expiring in 0 days - flag for clearance
1102,1,1307,14,32,2025-06-12,BATCH-1102,2029-08-19,2025-06-12,Below reorder level - reorder placed 2025-06-22
1103,7,4022,15,19,2026-09-03,BATCH-1103,2029-04-06,2026-09-03,Below reorder level - reorder placed 2026-09-06
1104,2,3088,25,28,2026-06-22,BATCH-1104,2027-05-21,2026-06-22,Below reorder level - reorder placed 2026-06-25
1105,1,1148,17,25,2025-06-18,BATCH-1105,2026-10-09,2025-06-18,Expiring in 29 days - flag for clearance; Below reorder level - reorder placed 2025-06-21
1106,11,1455,35,47,2026-08-15,BATCH-1106,2026-12-31,2026-08-15,
1107,1,1469,6,56,2026-03-12,BATCH-1107,2030-01-18,2026-03-12,Below reorder level - reorder placed 2026-03-18
1108,6,317,28,56,2025-08-04,BATCH-1108,2028-03-17,2025-08-04,Below reorder level - reorder placed 2025-08-09
1109,11,4695,66,48,2025-07-23,BATCH-1109,2029-07-27,2025-07-23,
1110,3,75,7,17,2025-07-15,BATCH-1110,2026-03-18,2025-07-15,Expiring in 0 days - flag for clearance; Below reorder level - reorder placed 2025-07-21
1111,8,4775,20,15,2025-07-23,BATCH-1111,2027-08-05,2025-07-23,
1112,7,944,6,40,2025-07-09,BATCH-1112,2027-07-17,2025-07-09,Below reorder level - reorder placed 2025-07-19
1113,7,2301,91,55,2025-08-06,BATCH-1113,2026-05-30,2025-08-06,Expiring in 0 days - flag for clearance
1114,4,386,31,56,2025-06-13,BATCH-1114,2029-11-21,2025-06-13,
1115,2,3728,47,57,2025-08-09,BATCH-1115,2027-09-28,2025-08-09,
1116,12,2310,33,57,2026-01-07,BATCH-1116,2026-11-09,2026-01-07,Below reorder level - reorder placed 2026-01-17
1117,3,3325,96,38,2025-06-22,BATCH-1117,2029-09-23,2025-06-22,
1118,1,4041,92,19,2025-11-01,BATCH-1118,2029-10-05,2025-11-01,
1119,3,3656,105,51,2025-11-20,BATCH-1119,2028-03-17,2025-11-20,
1120,5,985,18,59,2026-03-14,BATCH-1120,2029-10-27,2026-03-14,Below reorder level - reorder placed 2026-03-18
1121,1,2235,86,43,2025-09-11,BATCH-1121,2029-05-14,2025-09-11,
1122,10,4483,83,59,2026-06-16,BATCH-1122,2027-08-31,2026-06-16,
1123,6,4661,23,35,2026-08-05,BATCH-1123,2026-08-08,2026-08-05,Expiring in 0 days - flag for clearance; Below reorder level - reorder placed 2026-08-11
1124,2,353,63,22,2026-03-13,BATCH-1124,2027-02-15,2026-03-13,
1125,4,2763,66,17,2026-05-23,BATCH-1125,2029-11-07,2026-05-23,
1126,2,2663,77,53,2026-08-12,BATCH-1126,2028-02-22,2026-08-12,
1127,12,3510,25,59,2026-03-06,BATCH-1127,2028-07-01,2026-03-06,
1128,3,1717,0,18,2026-02-23,BATCH-1128,2027-02-25,2026-02-23,Below reorder level - reorder placed 2026-03-08
1129,7,2804,23,33,2025-07-08,BATCH-1129,2026-11-25,2025-07-08,
1130,12,3673,5,18,2025-06-03,BATCH-1130,2029-07-03,2025-06-03,Below reorder level - reorder placed 2025-06-09
1131,3,4580,3,39,2026-01-23,BATCH-1131,2029-09-25,2026-01-23,
1132,10,2848,57,35,2026-05-24,BATCH-1132,2030-01-11,2026-05-24,
1133,11,4060,28,44,2025-07-04,BATCH-1133,2028-01-17,2025-07-04,Below reorder level - reorder placed 2025-07-13
1134,7,4871,72,48,2026-05-20,BATCH-1134,2027-09-24,2026-05-20,
1135,7,1613,67,53,2025-11-29,BATCH-1135,2028-03-29,2025-11-29,
1136,12,2529,117,58,2026-05-08,BATCH-1136,2028-01-24,2026-05-08,
1137,8,1311,3,37,2026-03-01,BATCH-1137,2027-05-02,2026-03-01,
1138,6,3928,78,46,2026-04-18,BATCH-1138,2026-06-07,2026-04-18,Expiring in 0 days - flag for clearance
1139,1,4284,94,38,2026-03-11,BATCH-1139,2027-07-28,2026-03-11,
1140,11,1567,46,53,2025-10-23,BATCH-1140,2026-06-12,2025-10-23,Expiring in 0 days - flag for clearance; Below reorder level - reorder placed 2025-11-01
1141,7,2608,87,21,2026-07-12,BATCH-1141,2029-12-09,2026-07-12,
1142,4,649,21,17,2025-11-28,BATCH-1142,2029-03-31,2025-11-28,
1143,12,1423,29,42,2025-11-15,BATCH-1143,2027-04-26,2025-11-15,Below reorder level - reorder placed 2025-11-28
1144,11,1641,108,23,2026-05-22,BATCH-1144,2030-01-17,2026-05-22,
1145,8,4164,98,46,2026-02-14,BATCH-1145,2028-11-28,2026-02-14,
1146,6,3186,119,30,2025-11-13,BATCH-1146,2028-10-01,2025-11-13,
1147,1,2384,89,45,2025-06-02,BATCH-1147,2026-07-28,2025-06-02,Expiring in 0 days - flag for clearance
1148,5,2,65,17,2025-06-04,BATCH-1148,2026-08-08,2025-06-04,Expiring in 0 days - flag for clearance
1149,2,4705,78,52,2025-11-11,BATCH-1149,2027-04-19,2025-11-11,
1150,6,2584,49,42,2026-06-02,BATCH-1150,2028-09-15,2026-06-02,
1151,5,4275,27,53,2025-11-13,BATCH-1151,2029-02-05,2025-11-13,
1152,10,2723,117,26,2025-09-12,BATCH-1152,2026-07-04,2025-09-12,Expiring in 0 days - flag for clearance
1153,4,2845,92,59,2026-01-13,BATCH-1153,2029-07-13,2026-01-13,
1154,2,432,27,18,2025-09-25,BATCH-1154,2027-08-31,2025-09-25,
1155,3,3609,77,45,2025-08-19,BATCH-1155,2027-10-21,2025-08-19,
1156,11,1035,3,18,2026-02-27,BATCH-1156,2027-01-04,2026-02-27,Below reorder level - reorder placed 2026-03-08
1157,4,2705,85,25,2025-09-14,BATCH-1157,2026-07-10,2025-09-14,Expiring in 0 days - flag for clearance
1158,10,2642,100,17,2025-07-06,BATCH-1158,2026-10-11,2025-07-06,Expiring in 31 days - monitor
1159,9,4465,102,38,2025-10-24,BATCH-1159,2029-04-08,2025-10-24,
1160,11,1443,88,40,2025-06-03,BATCH-1160,2028-09-28,2025-06-03,
1161,7,4304,0,21,2025-07-28,BATCH-1161,2026-11-27,2025-07-28,Expiring in 78 days - monitor; Below reorder level - reorder placed 2025-08-09
1162,3,316,79,22,2025-06-07,BATCH-1162,2029-07-02,2025-06-07,
1163,12,1526,76,39,2026-03-07,BATCH-1163,2029-01-23,2026-03-07,
1164,2,1429,88,39,2025-06-29,BATCH-1164,2027-08-13,2025-06-29,
1165,1,339,58,18,2026-05-29,BATCH-1165,2029-08-28,2026-05-29,
1166,2,1287,95,19,2026-01-19,BATCH-1166,2026-02-01,2026-01-19,Expiring in 0 days - flag for clearance
1167,3,3613,86,20,2026-03-14,BATCH-1167,2027-12-02,2026-03-14,
1168,5,4141,47,29,2026-06-27,BATCH-1168,2028-08-16,2026-06-27,
1169,4,2284,45,19,2025-12-17,BATCH-1169,2027-10-08,2025-12-17,
1170,9,1354,86,31,2025-08-05,BATCH-1170,2026-06-05,2025-08-05,Expiring in 0 days - flag for clearance
1171,2,4868,96,56,2026-05-05,BATCH-1171,2027-08-23,2026-05-05,
1172,11,190,17,17,2025-10-15,BATCH-1172,2026-04-23,2025-10-15,Expiring in 0 days - flag for clearance
1173,5,2331,36,38,2026-01-06,BATCH-1173,2029-07-03,2026-01-06,Below reorder level - reorder placed 2026-01-19
1174,6,845,60,53,2026-08-26,BATCH-1174,2026-11-02,2026-08-26,
1175,12,3200,58,24,2026-08-15,BATCH-1175,2028-05-17,2026-08-15,
1176,9,57,5,50,2026-02-14,BATCH-1176,2029-10-05,2026-02-14,Below reorder level - reorder placed 2026-02-20
1177,10,3155,1,53,2025-06-11,BATCH-1177,2026-09-23,2025-06-11,Expiring in 13 days - flag for clearance; Below reorder level - reorder placed 2025-06-17
1178,8,1319,104,49,2026-07-02,BATCH-1178,2028-11-14,2026-07-02,
1179,1,2234,117,17,2026-07-27,BATCH-1179,2027-04-18,2026-07-27,
1180,4,3165,10,59,2026-08-18,BATCH-1180,2029-10-24,2026-08-18,
1181,2,2696,8,55,2026-04-12,BATCH-1181,2029-07-13,2026-04-12,Below reorder level - reorder placed 2026-04-20
1182,11,281,111,55,2025-08-22,BATCH-1182,2027-10-15,2025-08-22,
1183,3,919,78,40,2025-10-17,BATCH-1183,2029-07-22,2025-10-17,
1184,10,4819,74,25,2026-05-28,BATCH-1184,2026-03-20,2026-05-28,Expiring in 0 days - flag for clearance
1185,9,3500,70,58,2026-08-27,BATCH-1185,2026-12-02,2026-08-27,
1186,8,4650,21,25,2026-03-18,BATCH-1186,2026-03-08,2026-03-18,Expiring in 0 days - flag for clearance
1187,5,1455,40,17,2025-12-16,BATCH-1187,2026-12-31,2025-12-16,
1188,7,4951,54,26,2025-12-18,BATCH-1188,2026-11-09,2025-12-18,
1189,2,788,48,21,2026-03-07,BATCH-1189,2027-05-03,2026-03-07,
1190,10,3644,3,32,2026-05-31,BATCH-1190,2027-12-18,2026-05-31,Below reorder level - reorder placed 2026-06-12
1191,3,2036,69,41,2026-02-05,BATCH-1191,2027-03-13,2026-02-05,
1192,10,952,6,26,2025-12-11,BATCH-1192,2027-06-28,2025-12-11,Below reorder level - reorder placed 2025-12-16
1193,10,926,95,16,2026-02-10,BATCH-1193,2029-06-25,2026-02-10,
1194,8,3582,14,39,2025-07-07,BATCH-1194,2029-04-07,2025-07-07,Below reorder level - reorder placed 2025-07-10
1195,8,2906,67,38,2025-11-27,BATCH-1195,2027-01-09,2025-11-27,
1196,11,1579,25,39,2026-04-20,BATCH-1196,2028-05-01,2026-04-20,
1197,5,1402,102,23,2025-09-08,BATCH-1197,2026-11-23,2025-09-08,Expiring in 74 days - monitor
1198,5,2628,106,38,2025-07-24,BATCH-1198,2026-10-02,2025-07-24,Expiring in 22 days - flag for clearance
1199,8,1181,31,41,2025-09-28,BATCH-1199,2027-06-16,2025-09-28,Below reorder level - reorder placed 2025-10-07
1200,10,1815,30,46,2025-09-13,BATCH-1200,2027-07-26,2025-09-13,Below reorder level - reorder placed 2025-09-23
1201,8,4424,94,50,2026-02-06,BATCH-1201,2029-05-05,2026-02-06,
1202,12,571,27,49,2025-11-02,BATCH-1202,2029-04-02,2025-11-02,Below reorder level - reorder placed 2025-11-15
1203,11,3355,99,39,2026-05-22,BATCH-1203,2026-01-12,2026-05-22,Expiring in 0 days - flag for clearance
1204,12,3711,60,23,2026-02-17,BATCH-1204,2026-12-23,2026-02-17,
1205,3,4713,84,46,2025-09-27,BATCH-1205,2026-04-21,2025-09-27,Expiring in 0 days - flag for clearance
1206,10,862,102,20,2026-06-12,BATCH-1206,2029-03-02,2026-06-12,
1207,3,334,90,53,2026-01-14,BATCH-1207,2027-10-30,2026-01-14,
1208,4,2211,8,51,2026-04-22,BATCH-1208,2026-11-16,2026-04-22,Expiring in 67 days - monitor; Below reorder level - reorder placed 2026-04-29
1209,11,2025,47,49,2025-08-29,BATCH-1209,2029-10-28,2025-08-29,
1210,1,143,27,52,2026-08-04,BATCH-1210,2026-02-01,2026-08-04,Expiring in 0 days - flag for clearance
1211,2,2918,59,43,2026-05-28,BATCH-1211,2029-02-05,2026-05-28,
1212,6,4952,9,22,2025-12-20,BATCH-1212,2026-09-01,2025-12-20,Expiring in 0 days - flag for clearance; Below reorder level - reorder placed 2025-12-24
1213,11,4460,31,22,2025-06-24,BATCH-1213,2027-10-05,2025-06-24,
1214,12,1752,110,43,2026-04-13,BATCH-1214,2026-05-26,2026-04-13,Expiring in 0 days - flag for clearance
1215,7,817,36,50,2026-05-15,BATCH-1215,2026-08-07,2026-05-15,Expiring in 0 days - flag for clearance
1216,1,2141,58,33,2025-09-28,BATCH-1216,2028-08-29,2025-09-28,
1217,2,3343,20,49,2026-03-30,BATCH-1217,2027-11-26,2026-03-30,Below reorder level - reorder placed 2026-04-10
1218,6,577,25,20,2025-11-03,BATCH-1218,2027-10-16,2025-11-03,
1219,1,2755,56,27,2025-10-02,BATCH-1219,2029-08-17,2025-10-02,
1220,7,3324,100,56,2026-02-25,BATCH-1220,2027-05-22,2026-02-25,
1221,9,4554,91,59,2026-02-03,BATCH-1221,2026-09-15,2026-02-03,Expiring in 5 days - flag for clearance
1222,5,2212,24,18,2026-05-12,BATCH-1222,2026-12-01,2026-05-12,
1223,2,3824,76,46,2026-02-21,BATCH-1223,2026-12-05,2026-02-21,
1224,10,352,27,25,2025-08-08,BATCH-1224,2029-12-08,2025-08-08,
1225,12,3856,6,44,2025-09-14,BATCH-1225,2025-12-15,2025-09-14,Expiring in 0 days - flag for clearance; Below reorder level - reorder placed 2025-09-17
1226,11,4204,30,53,2025-10-13,BATCH-1226,2029-05-29,2025-10-13,Below reorder level - reorder placed 2025-10-19
1227,3,2674,45,56,2025-09-04,BATCH-1227,2029-01-13,2025-09-04,Below reorder level - reorder placed 2025-09-16
1228,9,2726,53,21,2026-01-17,BATCH-1228,2028-04-26,2026-01-17,
1229,6,979,16,28,2026-07-17,BATCH-1229,2029-04-09,2026-07-17,Below reorder level - reorder placed 2026-07-28
1230,7,1648,75,15,2025-08-28,BATCH-1230,2027-05-05,2025-08-28,
1231,4,1003,17,32,2026-03-11,BATCH-1231,2029-08-09,2026-03-11,Below reorder level - reorder placed 2026-03-24
1232,5,3381,106,15,2025-08-24,BATCH-1232,2026-02-24,2025-08-24,Expiring in 0 days - flag for clearance
1233,7,2357,18,20,2026-03-13,BATCH-1233,2028-07-10,2026-03-13,Below reorder level - reorder placed 2026-03-19
1234,11,4365,81,21,2025-11-25,BATCH-1234,2028-05-13,2025-11-25,
1235,8,1658,116,24,2025-11-10,BATCH-1235,2029-04-21,2025-11-10,
1236,7,3716,83,24,2025-09-17,BATCH-1236,2029-02-28,2025-09-17,
1237,10,4493,55,55,2026-07-27,BATCH-1237,2028-07-29,2026-07-27,
1238,3,673,4,42,2025-07-13,BATCH-1238,2029-11-29,2025-07-13,Below reorder level - reorder placed 2025-07-20
1239,7,938,77,40,2025-10-28,BATCH-1239,2027-04-19,2025-10-28,
1240,10,1003,13,38,2026-03-25,BATCH-1240,2029-08-09,2026-03-25,Below reorder level - reorder placed 2026-04-06
1241,2,2237,6,46,2026-08-22,BATCH-1241,2026-06-02,2026-08-22,Expiring in 0 days - flag for clearance; Below reorder level - reorder placed 2026-08-26
1242,5,807,32,36,2025-12-25,BATCH-1242,2028-12-11,2025-12-25,Below reorder level - reorder placed 2026-01-01
1243,2,1696,18,19,2026-05-18,BATCH-1243,2026-10-14,2026-05-18,Expiring in 34 days - monitor; Below reorder level - reorder placed 2026-05-21
1244,4,504,85,37,2026-01-04,BATCH-1244,2027-05-11,2026-01-04,
1245,8,2911,101,55,2026-08-06,BATCH-1245,2026-03-28,2026-08-06,Expiring in 0 days - flag for clearance
1246,7,3002,68,33,2026-01-14,BATCH-1246,2027-12-07,2026-01-14,
1247,2,3144,9,27,2026-07-27,BATCH-1247,2028-09-10,2026-07-27,Below reorder level - reorder placed 2026-08-02
1248,10,4573,94,28,2025-07-18,BATCH-1248,2026-06-10,2025-07-18,Expiring in 0 days - flag for clearance
1249,7,3532,86,25,2026-01-07,BATCH-1249,2029-03-28,2026-01-07,
1250,2,1700,101,55,2026-07-14,BATCH-1250,2029-11-22,2026-07-14,
1251,5,2764,109,45,2025-08-11,BATCH-1251,2027-05-17,2025-08-11,
1252,5,1432,55,58,2025-09-05,BATCH-1252,2027-05-24,2025-09-05,Below reorder level - reorder placed 2025-09-18
1253,6,4611,14,54,2025-09-11,BATCH-1253,2026-02-04,2025-09-11,Expiring in 0 days - flag for clearance; Below reorder level - reorder placed 2025-09-24
1254,10,3832,2,49,2026-02-04,BATCH-1254,2028-03-24,2026-02-04,Below reorder level - reorder placed 2026-02-09
1255,2,3977,96,54,2026-07-07,BATCH-1255,2028-06-19,2026-07-07,
1256,9,3184,84,56,2026-07-31,BATCH-1256,2027-10-14,2026-07-31,
1257,4,3875,72,47,2025-11-09,BATCH-1257,2026-05-02,2025-11-09,Expiring in 0 days - flag for clearance
1258,10,3145,30,49,2026-08-29,BATCH-1258,2029-01-08,2026-08-29,Below reorder level - reorder placed 2026-09-02
1259,10,2945,70,20,2025-08-04,BATCH-1259,2026-10-24,2025-08-04,
1260,9,4837,99,50,2026-08-20,BATCH-1260,2026-09-19,2026-08-20,Expiring in 9 days - flag for clearance
1261,5,2844,22,24,2026-08-16,BATCH-1261,2027-12-26,2026-08-16,Below reorder level - reorder placed 2026-08-21
1262,11,1379,47,22,2025-12-03,BATCH-1262,2028-12-06,2025-12-03,
1263,1,1311,87,30,2025-11-12,BATCH-1263,2027-05-02,2025-11-12,
1264,8,2163,114,24,2026-01-09,BATCH-1264,2027-08-21,2026-01-09,
1265,5,367,58,55,2026-08-26,BATCH-1265,2027-09-23,2026-08-26,
1266,1,3264,74,51,2025-09-05,BATCH-1266,2029-11-23,2025-09-05,
1267,12,436,54,37,2026-03-15,BATCH-1267,2027-12-26,2026-03-15,
1268,7,391,97,52,2025-10-08,BATCH-1268,2027-05-16,2025-10-08,
1269,5,1255,65,30,2025-12-01,BATCH-1269,2027-01-10,2025-12-01,
1270,7,49,79,23,2026-08-01,BATCH-1270,2026-03-05,2026-08-01,Expiring in 0 days - flag for clearance
1271,11,2040,86,48,2026-07-24,BATCH-1271,2028-11-07,2026-07-24,
1272,7,2672,106,52,2026-06-11,BATCH-1272,2027-03-02,2026-06-11,
1273,4,1400,51,27,2025-12-14,BATCH-1273,2026-11-04,2025-12-14,Expiring in 55 days - monitor
1274,1,1281,69,26,2026-05-31,BATCH-1274,2029-08-06,2026-05-31,
1275,5,1645,1,42,2026-03-04,BATCH-1275,2028-07-02,2026-03-04,Below reorder level - reorder placed 2026-03-08
1276,8,1820,21,52,2026-04-27,BATCH-1276,2026-12-07,2026-04-27,Expiring in 88 days - monitor
1277,2,3470,68,44,2025-06-19,BATCH-1277,2029-03-04,2025-06-19,
1278,4,1964,108,44,2025-10-03,BATCH-1278,2028-08-13,2025-10-03,
1279,3,1934,90,53,2025-12-21,BATCH-1279,2028-06-12,2025-12-21,
1280,5,799,87,33,2026-06-25,BATCH-1280,2029-07-19,2026-06-25,
1281,8,1992,18,23,2025-07-24,BATCH-1281,2027-11-07,2025-07-24,Below reorder level - reorder placed 2025-08-02
1282,11,2714,97,17,2026-05-10,BATCH-1282,2029-07-12,2026-05-10,
1283,3,4649,3,17,2026-03-03,BATCH-1283,2026-04-17,2026-03-03,Expiring in 0 days - flag for clearance
1284,10,986,66,50,2026-03-09,BATCH-1284,2027-02-19,2026-03-09,
1285,3,4335,33,25,2026-03-28,BATCH-1285,2027-01-31,2026-03-28,
1286,8,386,6,45,2026-08-19,BATCH-1286,2029-11-21,2026-08-19,
1287,8,202,72,35,2026-02-17,BATCH-1287,2028-06-06,2026-02-17,
1288,3,166,0,59,2025-12-22,BATCH-1288,2026-10-28,2025-12-22,
1289,10,3024,48,41,2025-08-12,BATCH-1289,2026-05-12,2025-08-12,Expiring in 0 days - flag for clearance
1290,4,2785,27,53,2026-02-25,BATCH-1290,2026-10-11,2026-02-25,
1291,4,4957,99,42,2026-08-25,BATCH-1291,2027-01-17,2026-08-25,
1292,4,2554,117,42,2025-06-16,BATCH-1292,2028-09-20,2025-06-16,
1293,9,4215,71,50,2025-06-12,BATCH-1293,2027-06-20,2025-06-12,
1294,1,3517,45,23,2026-04-03,BATCH-1294,2027-01-06,2026-04-03,
1295,7,2549,9,15,2026-03-20,BATCH-1295,2029-06-17,2026-03-20,Below reorder level - reorder placed 2026-03-28
1296,10,971,46,36,2026-05-22,BATCH-1296,2027-06-06,2026-05-22,
1297,3,2595,88,37,2026-08-12,BATCH-1297,2028-02-04,2026-08-12,
1298,9,1115,26,32,2025-08-10,BATCH-1298,2025-12-27,2025-08-10,Expiring in 0 days - flag for clearance
1299,12,1067,2,49,2026-05-13,BATCH-1299,2026-08-28,2026-05-13,Expiring in 0 days - flag for clearance; Below reorder level - reorder placed 2026-05-24
1300,8,999,35,52,2026-03-02,BATCH-1300,2026-08-27,2026-03-02,Expiring in 0 days - flag for clearance; Below reorder level - reorder placed 2026-03-12
1301,11,215,111,44,2025-10-14,BATCH-1301,2028-11-09,2025-10-14,
1302,8,2068,88,23,2025-11-23,BATCH-1302,2027-04-13,2025-11-23,
1303,5,317,108,27,2026-08-20,BATCH-1303,2028-03-17,2026-08-20,
1304,12,2407,93,48,2026-08-26,BATCH-1304,2029-05-31,2026-08-26,
1305,4,2979,15,15,2025-08-26,BATCH-1305,2026-05-11,2025-08-26,Expiring in 0 days - flag for clearance
1306,3,3694,34,28,2026-06-11,BATCH-1306,2027-12-23,2026-06-11,
1307,12,4151,20,15,2026-01-12,BATCH-1307,2027-12-18,2026-01-12,
1308,10,831,44,41,2025-12-22,BATCH-1308,2026-05-25,2025-12-22,Expiring in 0 days - flag for clearance
1309,11,4129,39,21,2025-07-27,BATCH-1309,2028-12-06,2025-07-27,
1310,11,3689,114,22,2026-06-03,BATCH-1310,2027-05-26,2026-06-03,
1311,1,4189,85,30,2026-07-15,BATCH-1311,2026-12-27,2026-07-15,
1312,5,2197,3,37,2025-08-05,BATCH-1312,2026-10-09,2025-08-05,Expiring in 29 days - flag for clearance; Below reorder level - reorder placed 2025-08-15
1313,8,2072,96,44,2026-07-29,BATCH-1313,2027-02-05,2026-07-29,
1314,11,4960,30,23,2026-08-10,BATCH-1314,2026-11-08,2026-08-10,
1315,12,1346,96,57,2026-02-25,BATCH-1315,2029-02-04,2026-02-25,
1316,12,4460,39,34,2026-04-28,BATCH-1316,2027-10-05,2026-04-28,
1317,9,2543,107,47,2025-07-08,BATCH-1317,2027-03-01,2025-07-08,
1318,11,3592,19,42,2026-06-29,BATCH-1318,2026-01-11,2026-06-29,Expiring in 0 days - flag for clearance; Below reorder level - reorder placed 2026-07-03
1319,9,4978,75,47,2026-09-03,BATCH-1319,2029-09-16,2026-09-03,
1320,9,3676,29,40,2025-08-12,BATCH-1320,2029-09-19,2025-08-12,
1321,12,2648,57,47,2026-02-07,BATCH-1321,2029-05-13,2026-02-07,
1322,10,1113,55,27,2026-06-28,BATCH-1322,2026-08-27,2026-06-28,Expiring in 0 days - flag for clearance
1323,9,914,96,52,2025-11-23,BATCH-1323,2026-12-01,2025-11-23,Expiring in 82 days - monitor
1324,6,2928,26,41,2026-07-13,BATCH-1324,2028-01-03,2026-07-13,
1325,8,1773,19,45,2026-03-05,BATCH-1325,2026-11-03,2026-03-05,Expiring in 54 days - monitor; Below reorder level - reorder placed 2026-03-11
1326,11,4201,105,34,2025-07-31,BATCH-1326,2027-02-03,2025-07-31,
1327,1,4421,84,29,2025-10-28,BATCH-1327,2029-12-23,2025-10-28,
1328,4,2183,53,19,2025-07-31,BATCH-1328,2029-03-17,2025-07-31,
1329,1,4901,3,40,2026-06-23,BATCH-1329,2028-10-16,2026-06-23,Below reorder level - reorder placed 2026-06-30
1330,5,1714,92,21,2026-03-24,BATCH-1330,2028-10-23,2026-03-24,
1331,7,96,67,32,2025-09-03,BATCH-1331,2026-11-19,2025-09-03,
1332,9,2386,55,36,2026-04-28,BATCH-1332,2026-12-25,2026-04-28,
1333,4,4769,10,45,2026-07-24,BATCH-1333,2028-01-26,2026-07-24,Below reorder level - reorder placed 2026-07-29
1334,10,4463,34,36,2026-08-23,BATCH-1334,2026-04-21,2026-08-23,Expiring in 0 days - flag for clearance; Below reorder level - reorder placed 2026-08-26
1335,1,3950,51,57,2026-07-13,BATCH-1335,2027-08-21,2026-07-13,Below reorder level - reorder placed 2026-07-26
1336,10,3289,35,27,2025-07-18,BATCH-1336,2027-03-26,2025-07-18,
1337,5,1762,24,15,2026-08-01,BATCH-1337,2027-03-02,2026-08-01,
1338,10,1064,61,28,2025-09-06,BATCH-1338,2027-12-28,2025-09-06,
1339,9,1356,42,16,2025-06-29,BATCH-1339,2026-10-19,2025-06-29,Expiring in 39 days - monitor
1340,1,2082,33,21,2025-11-13,BATCH-1340,2028-09-13,2025-11-13,
1341,9,1895,60,45,2025-10-13,BATCH-1341,2029-03-19,2025-10-13,
1342,3,3224,69,29,2025-06-15,BATCH-1342,2026-10-22,2025-06-15,
1343,12,2129,44,23,2026-02-15,BATCH-1343,2026-10-20,2026-02-15,
1344,9,2035,10,46,2026-04-20,BATCH-1344,2028-02-10,2026-04-20,
1345,2,4958,28,16,2025-09-19,BATCH-1345,2027-01-04,2025-09-19,
1346,2,3941,41,21,2025-09-01,BATCH-1346,2027-04-03,2025-09-01,
1347,5,639,27,54,2026-01-30,BATCH-1347,2027-06-09,2026-01-30,Below reorder level - reorder placed 2026-02-11
1348,2,938,65,32,2025-08-22,BATCH-1348,2027-04-19,2025-08-22,
1349,6,3874,34,41,2025-08-02,BATCH-1349,2028-01-25,2025-08-02,Below reorder level - reorder placed 2025-08-14
1350,2,996,41,32,2026-05-14,BATCH-1350,2026-12-06,2026-05-14,Expiring in 87 days - monitor
1351,2,1574,66,48,2026-04-06,BATCH-1351,2028-10-21,2026-04-06,
1352,3,1989,116,23,2026-06-26,BATCH-1352,2027-10-10,2026-06-26,
1353,9,346,91,19,2026-03-19,BATCH-1353,2026-12-18,2026-03-19,
1354,5,1190,65,27,2026-05-16,BATCH-1354,2027-09-23,2026-05-16,
1355,12,3651,108,49,2026-02-10,BATCH-1355,2028-11-28,2026-02-10,
1356,11,1617,75,18,2026-06-15,BATCH-1356,2026-09-22,2026-06-15,Expiring in 12 days - flag for clearance
1357,12,2273,111,52,2026-08-14,BATCH-1357,2027-11-28,2026-08-14,
1358,4,1845,5,34,2025-12-25,BATCH-1358,2029-10-05,2025-12-25,
1359,9,1839,113,42,2025-09-07,BATCH-1359,2029-12-23,2025-09-07,
1360,4,2740,40,52,2025-06-29,BATCH-1360,2028-04-20,2025-06-29,Below reorder level - reorder placed 2025-07-06
1361,1,1597,27,53,2026-05-03,BATCH-1361,2026-05-07,2026-05-03,Expiring in 0 days - flag for clearance
1362,9,3123,45,43,2025-09-10,BATCH-1362,2028-05-07,2025-09-10,
1363,12,3642,100,44,2025-11-25,BATCH-1363,2026-11-29,2025-11-25,Expiring in 80 days - monitor
1364,6,1900,13,21,2025-12-23,BATCH-1364,2026-09-06,2025-12-23,Expiring in 0 days - flag for clearance; Below reorder level - reorder placed 2026-01-01
1365,6,4049,22,52,2025-09-01,BATCH-1365,2025-12-19,2025-09-01,Expiring in 0 days - flag for clearance; Below reorder level - reorder placed 2025-09-12
1366,8,1117,75,27,2026-06-20,BATCH-1366,2026-09-08,2026-06-20,Expiring in 0 days - flag for clearance
1367,12,3576,103,53,2025-11-26,BATCH-1367,2028-01-22,2025-11-26,
1368,3,1491,108,38,2025-07-15,BATCH-1368,2029-05-26,2025-07-15,
1369,8,3494,27,44,2025-10-28,BATCH-1369,2028-09-04,2025-10-28,
1370,12,2186,73,48,2026-02-16,BATCH-1370,2026-07-14,2026-02-16,Expiring in 0 days - flag for clearance
1371,12,2068,70,30,2025-06-19,BATCH-1371,2027-04-13,2025-06-19,
1372,1,3578,7,55,2025-06-17,BATCH-1372,2029-06-07,2025-06-17,Below reorder level - reorder placed 2025-06-20
1373,8,469,118,37,2025-07-16,BATCH-1373,2026-05-07,2025-07-16,Expiring in 0 days - flag for clearance
1374,8,4979,80,23,2026-08-17,BATCH-1374,2026-11-20,2026-08-17,
1375,9,4091,54,57,2025-07-03,BATCH-1375,2028-07-06,2025-07-03,Below reorder level - reorder placed 2025-07-13
1376,8,1893,40,39,2026-08-07,BATCH-1376,2027-06-14,2026-08-07,
1377,12,254,93,26,2026-04-28,BATCH-1377,2026-06-04,2026-04-28,Expiring in 0 days - flag for clearance
1378,3,942,28,24,2026-01-05,BATCH-1378,2026-03-03,2026-01-05,Expiring in 0 days - flag for clearance
1379,7,4943,109,28,2025-06-18,BATCH-1379,2026-05-02,2025-06-18,Expiring in 0 days - flag for clearance
1380,8,361,18,44,2025-09-27,BATCH-1380,2028-07-20,2025-09-27,Below reorder level - reorder placed 2025-10-08
1381,9,1752,41,19,2026-03-19,BATCH-1381,2026-05-26,2026-03-19,Expiring in 0 days - flag for clearance
1382,2,3910,63,30,2025-09-28,BATCH-1382,2028-04-10,2025-09-28,
1383,10,2465,40,20,2025-06-17,BATCH-1383,2026-09-24,2025-06-17,Expiring in 14 days - flag for clearance
1384,12,4517,101,56,2026-05-21,BATCH-1384,2028-12-08,2026-05-21,
1385,2,844,66,27,2026-07-27,BATCH-1385,2028-12-09,2026-07-27,
1386,3,4057,5,44,2025-11-10,BATCH-1386,2029-10-09,2025-11-10,Below reorder level - reorder placed 2025-11-14
1387,1,1573,45,44,2026-07-28,BATCH-1387,2027-02-02,2026-07-28,
1388,11,3549,71,45,2025-09-06,BATCH-1388,2029-02-19,2025-09-06,
1389,6,768,14,40,2026-07-06,BATCH-1389,2028-04-16,2026-07-06,Below reorder level - reorder placed 2026-07-19
1390,9,4926,6,28,2025-06-02,BATCH-1390,2027-12-20,2025-06-02,Below reorder level - reorder placed 2025-06-11
1391,1,4057,11,43,2025-07-26,BATCH-1391,2029-10-09,2025-07-26,
1392,3,922,64,31,2025-06-30,BATCH-1392,2029-03-31,2025-06-30,
1393,10,2389,50,39,2026-08-19,BATCH-1393,2029-08-06,2026-08-19,
1394,12,484,108,49,2026-02-04,BATCH-1394,2028-04-24,2026-02-04,
1395,6,4904,113,56,2025-12-29,BATCH-1395,2027-04-11,2025-12-29,
1396,1,1364,15,49,2026-07-16,BATCH-1396,2027-11-12,2026-07-16,
1397,3,826,27,25,2025-11-14,BATCH-1397,2029-04-20,2025-11-14,
1398,3,2045,75,42,2026-01-12,BATCH-1398,2027-10-25,2026-01-12,
1399,2,4107,97,19,2025-06-24,BATCH-1399,2026-04-12,2025-06-24,Expiring in 0 days - flag for clearance
1400,5,2408,49,38,2026-07-22,BATCH-1400,2026-12-20,2026-07-22,
1401,8,154,96,54,2025-06-22,BATCH-1401,2028-11-29,2025-06-22,
1402,3,1685,83,15,2026-08-29,BATCH-1402,2029-03-19,2026-08-29,
1403,6,4524,116,40,2025-12-03,BATCH-1403,2026-06-13,2025-12-03,Expiring in 0 days - flag for clearance
1404,4,1765,19,42,2026-03-11,BATCH-1404,2028-09-19,2026-03-11,
1405,8,746,111,22,2025-08-17,BATCH-1405,2027-02-04,2025-08-17,
1406,4,4344,42,35,2026-06-29,BATCH-1406,2027-08-06,2026-06-29,
1407,2,3222,52,49,2025-12-27,BATCH-1407,2026-01-30,2025-12-27,Expiring in 0 days - flag for clearance
1408,10,2717,70,56,2026-06-07,BATCH-1408,2026-11-07,2026-06-07,
1409,2,1583,24,51,2026-03-16,BATCH-1409,2026-06-24,2026-03-16,Expiring in 0 days - flag for clearance; Below reorder level - reorder placed 2026-03-24
1410,12,1996,54,19,2026-06-02,BATCH-1410,2026-09-15,2026-06-02,Expiring in 5 days - flag for clearance
1411,12,4044,12,47,2025-10-04,BATCH-1411,2028-03-22,2025-10-04,
1412,12,3264,46,41,2025-06-18,BATCH-1412,2029-11-23,2025-06-18,
1413,2,4196,97,27,2025-12-31,BATCH-1413,2028-06-01,2025-12-31,
1414,9,272,17,55,2025-07-22,BATCH-1414,2029-02-01,2025-07-22,
1415,1,4017,111,35,2025-10-17,BATCH-1415,2026-07-23,2025-10-17,Expiring in 0 days - flag for clearance
1416,9,4186,109,16,2025-06-23,BATCH-1416,2028-09-21,2025-06-23,
1417,2,1428,15,21,2026-04-02,BATCH-1417,2028-09-18,2026-04-02,Below reorder level - reorder placed 2026-04-13
1418,11,3689,52,35,2025-09-28,BATCH-1418,2027-05-26,2025-09-28,
1419,7,2142,91,48,2025-06-28,BATCH-1419,2029-10-07,2025-06-28,
1420,2,4718,45,58,2026-01-22,BATCH-1420,2027-03-26,2026-01-22,Below reorder level - reorder placed 2026-01-25
1421,5,4567,35,50,2026-01-10,BATCH-1421,2027-09-03,2026-01-10,Below reorder level - reorder placed 2026-01-18
1422,11,960,103,18,2026-08-14,BATCH-1422,2026-12-07,2026-08-14,Expiring in 88 days - monitor
1423,10,2328,98,55,2026-08-23,BATCH-1423,2027-03-25,2026-08-23,
1424,10,3514,82,44,2025-09-11,BATCH-1424,2029-04-23,2025-09-11,
1425,4,4776,19,53,2026-06-16,BATCH-1425,2026-10-05,2026-06-16,Expiring in 25 days - flag for clearance; Below reorder level - reorder placed 2026-06-25
1426,5,3667,31,59,2025-06-12,BATCH-1426,2029-04-08,2025-06-12,Below reorder level - reorder placed 2025-06-18
1427,3,2955,74,38,2026-08-04,BATCH-1427,2028-05-12,2026-08-04,
1428,6,2791,29,47,2026-07-27,BATCH-1428,2028-04-28,2026-07-27,Below reorder level - reorder placed 2026-08-08
1429,10,1078,82,37,2025-10-28,BATCH-1429,2030-01-09,2025-10-28,
1430,4,1837,32,48,2026-08-31,BATCH-1430,2026-04-05,2026-08-31,Expiring in 0 days - flag for clearance; Below reorder level - reorder placed 2026-09-11
1431,9,1899,12,26,2025-08-01,BATCH-1431,2027-07-18,2025-08-01,
1432,2,4095,95,38,2025-08-28,BATCH-1432,2026-09-09,2025-08-28,Expiring in 0 days - flag for clearance
1433,5,2915,80,35,2026-07-10,BATCH-1433,2027-01-11,2026-07-10,
1434,9,3331,40,50,2025-08-01,BATCH-1434,2028-01-02,2025-08-01,
1435,10,2174,2,19,2025-07-05,BATCH-1435,2029-10-01,2025-07-05,
1436,9,875,4,57,2026-08-29,BATCH-1436,2029-09-02,2026-08-29,
1437,8,2769,25,51,2026-08-03,BATCH-1437,2029-02-28,2026-08-03,Below reorder level - reorder placed 2026-08-16
1438,5,4202,6,56,2025-10-25,BATCH-1438,2027-04-25,2025-10-25,
1439,6,4818,17,35,2025-10-11,BATCH-1439,2029-10-02,2025-10-11,
1440,5,3798,112,19,2025-11-06,BATCH-1440,2028-03-22,2025-11-06,
1441,12,269,38,17,2026-08-05,BATCH-1441,2026-11-27,2026-08-05,Expiring in 78 days - monitor
1442,2,1754,44,19,2026-04-30,BATCH-1442,2029-08-14,2026-04-30,
1443,6,1406,101,30,2025-08-04,BATCH-1443,2026-02-17,2025-08-04,Expiring in 0 days - flag for clearance
1444,12,4962,76,34,2025-08-24,BATCH-1444,2029-07-11,2025-08-24,
1445,5,175,55,36,2026-01-18,BATCH-1445,2028-04-08,2026-01-18,
1446,6,2859,64,33,2026-01-17,BATCH-1446,2026-09-18,2026-01-17,Expiring in 8 days - flag for clearance
1447,5,1694,34,17,2026-01-30,BATCH-1447,2026-12-12,2026-01-30,
1448,2,3631,22,56,2025-09-26,BATCH-1448,2028-06-18,2025-09-26,Below reorder level - reorder placed 2025-10-02
1449,1,4066,19,27,2026-07-02,BATCH-1449,2026-11-16,2026-07-02,Expiring in 67 days - monitor
1450,12,175,45,42,2025-10-05,BATCH-1450,2028-04-08,2025-10-05,
1451,3,3607,101,52,2026-01-18,BATCH-1451,2027-12-19,2026-01-18,
1452,12,2676,92,19,2026-07-25,BATCH-1452,2029-07-21,2026-07-25,
1453,4,2860,44,54,2026-04-24,BATCH-1453,2026-09-08,2026-04-24,Expiring in 0 days - flag for clearance; Below reorder level - reorder placed 2026-04-27
1454,9,736,100,54,2026-04-02,BATCH-1454,2026-09-13,2026-04-02,Expiring in 3 days - flag for clearance
1455,12,2690,5,23,2026-04-06,BATCH-1455,2029-09-03,2026-04-06,Below reorder level - reorder placed 2026-04-12
1456,10,734,12,54,2026-08-07,BATCH-1456,2028-01-23,2026-08-07,
1457,6,1561,22,51,2026-06-14,BATCH-1457,2030-01-01,2026-06-14,Below reorder level - reorder placed 2026-06-26
1458,4,138,57,25,2026-08-19,BATCH-1458,2026-09-29,2026-08-19,Expiring in 19 days - flag for clearance
1459,6,3677,3,44,2025-08-28,BATCH-1459,2026-04-26,2025-08-28,Expiring in 0 days - flag for clearance
1460,2,783,35,43,2026-03-25,BATCH-1460,2028-07-23,2026-03-25,
1461,2,4461,61,54,2025-07-29,BATCH-1461,2027-05-02,2025-07-29,
1462,6,4290,14,51,2026-07-06,BATCH-1462,2026-01-24,2026-07-06,Expiring in 0 days - flag for clearance; Below reorder level - reorder placed 2026-07-09
1463,10,385,10,49,2025-06-18,BATCH-1463,2026-11-25,2025-06-18,Expiring in 76 days - monitor
1464,5,2314,52,54,2026-05-24,BATCH-1464,2029-10-02,2026-05-24,
1465,4,81,21,37,2025-06-15,BATCH-1465,2029-01-31,2025-06-15,
1466,9,4527,29,55,2026-06-24,BATCH-1466,2026-02-16,2026-06-24,Expiring in 0 days - flag for clearance
1467,6,636,107,37,2025-12-26,BATCH-1467,2028-10-31,2025-12-26,
1468,6,3235,115,18,2026-03-01,BATCH-1468,2029-08-25,2026-03-01,
1469,10,3836,17,28,2026-01-30,BATCH-1469,2027-05-19,2026-01-30,Below reorder level - reorder placed 2026-02-03
1470,2,4139,49,15,2026-06-24,BATCH-1470,2026-12-22,2026-06-24,
1471,8,285,73,33,2025-08-01,BATCH-1471,2026-06-29,2025-08-01,Expiring in 0 days - flag for clearance
1472,3,2750,68,27,2026-08-19,BATCH-1472,2029-02-15,2026-08-19,
1473,6,757,94,42,2026-04-30,BATCH-1473,2026-07-11,2026-04-30,Expiring in 0 days - flag for clearance
1474,9,3298,32,24,2026-07-08,BATCH-1474,2026-09-19,2026-07-08,Expiring in 9 days - flag for clearance
1475,10,3781,55,41,2025-08-11,BATCH-1475,2027-03-06,2025-08-11,
1476,1,3055,17,50,2025-10-21,BATCH-1476,2029-08-21,2025-10-21,Below reorder level - reorder placed 2025-11-02
1477,11,1806,57,55,2026-08-24,BATCH-1477,2027-05-23,2026-08-24,
1478,3,2719,113,58,2026-08-26,BATCH-1478,2029-12-22,2026-08-26,
1479,8,471,53,34,2026-02-22,BATCH-1479,2028-10-09,2026-02-22,
1480,2,4682,70,38,2025-08-05,BATCH-1480,2027-11-19,2025-08-05,
1481,6,2018,88,50,2026-08-10,BATCH-1481,2027-11-13,2026-08-10,
1482,2,2705,20,37,2026-07-09,BATCH-1482,2026-07-10,2026-07-09,Expiring in 0 days - flag for clearance; Below reorder level - reorder placed 2026-07-22
1483,8,3128,97,28,2025-09-09,BATCH-1483,2026-10-25,2025-09-09,
1484,4,678,86,20,2026-01-31,BATCH-1484,2029-10-13,2026-01-31,
1485,5,3468,15,40,2026-06-10,BATCH-1485,2026-12-01,2026-06-10,Below reorder level - reorder placed 2026-06-23
1486,1,3175,90,34,2025-07-12,BATCH-1486,2026-10-03,2025-07-12,Expiring in 23 days - flag for clearance
1487,11,3476,12,41,2025-11-05,BATCH-1487,2026-11-15,2025-11-05,Below reorder level - reorder placed 2025-11-11
1488,4,4564,12,27,2025-09-21,BATCH-1488,2028-01-22,2025-09-21,
1489,9,3614,88,36,2026-06-10,BATCH-1489,2028-04-29,2026-06-10,
1490,10,1522,41,47,2026-06-07,BATCH-1490,2028-03-30,2026-06-07,Below reorder level - reorder placed 2026-06-17
1491,7,4047,96,30,2025-11-26,BATCH-1491,2028-11-09,2025-11-26,
1492,9,2968,80,27,2025-09-10,BATCH-1492,2026-03-12,2025-09-10,Expiring in 0 days - flag for clearance
1493,5,735,24,18,2026-01-03,BATCH-1493,2028-09-15,2026-01-03,
1494,12,2780,17,51,2026-04-27,BATCH-1494,2028-08-31,2026-04-27,Below reorder level - reorder placed 2026-05-08
1495,1,1155,111,50,2025-12-14,BATCH-1495,2026-10-14,2025-12-14,
1496,4,1310,114,30,2026-01-15,BATCH-1496,2026-04-29,2026-01-15,Expiring in 0 days - flag for clearance
1497,6,4517,111,41,2025-06-21,BATCH-1497,2028-12-08,2025-06-21,
1498,5,610,81,16,2025-10-25,BATCH-1498,2029-06-02,2025-10-25,
1499,12,2485,52,39,2025-12-09,BATCH-1499,2027-11-19,2025-12-09,
1500,11,4198,48,40,2025-06-14,BATCH-1500,2027-06-13,2025-06-14,
1501,8,1468,79,26,2026-07-03,BATCH-1501,2026-11-17,2026-07-03,
1502,1,3191,26,31,2026-08-03,BATCH-1502,2029-11-10,2026-08-03,
1503,1,250,73,40,2025-10-21,BATCH-1503,2029-07-14,2025-10-21,
1504,10,439,23,53,2026-07-25,BATCH-1504,2029-11-09,2026-07-25,Below reorder level - reorder placed 2026-08-02
1505,10,4101,23,32,2025-10-05,BATCH-1505,2027-10-22,2025-10-05,Below reorder level - reorder placed 2025-10-11
1506,6,1134,64,42,2026-02-09,BATCH-1506,2026-02-07,2026-02-09,Expiring in 0 days - flag for clearance
1507,2,4315,31,44,2025-11-02,BATCH-1507,2028-10-31,2025-11-02,Below reorder level - reorder placed 2025-11-13
1508,4,3307,82,33,2026-06-16,BATCH-1508,2027-08-29,2026-06-16,
1509,2,1303,72,32,2026-07-13,BATCH-1509,2028-12-31,2026-07-13,
1510,4,4034,4,52,2026-07-20,BATCH-1510,2026-06-01,2026-07-20,Expiring in 0 days - flag for clearance; Below reorder level - reorder placed 2026-07-24
1511,9,1991,21,45,2025-07-05,BATCH-1511,2027-06-25,2025-07-05,Below reorder level - reorder placed 2025-07-10
1512,1,3548,53,17,2025-08-30,BATCH-1512,2029-07-28,2025-08-30,
1513,2,770,55,24,2025-10-23,BATCH-1513,2028-06-26,2025-10-23,
1514,3,1458,23,31,2026-05-05,BATCH-1514,2028-04-12,2026-05-05,Below reorder level - reorder placed 2026-05-16
1515,4,3897,29,21,2026-02-26,BATCH-1515,2029-02-05,2026-02-26,
1516,8,3199,11,55,2026-06-10,BATCH-1516,2026-02-24,2026-06-10,Expiring in 0 days - flag for clearance
1517,9,2802,79,48,2025-07-10,BATCH-1517,2029-08-20,2025-07-10,
1518,11,3443,115,37,2025-11-22,BATCH-1518,2027-12-14,2025-11-22,
1519,2,1040,11,22,2026-07-21,BATCH-1519,2029-06-28,2026-07-21,Below reorder level - reorder placed 2026-08-03
1520,3,2907,20,35,2025-11-16,BATCH-1520,2026-01-07,2025-11-16,Expiring in 0 days - flag for clearance; Below reorder level - reorder placed 2025-11-19
1521,6,3254,10,56,2025-08-10,BATCH-1521,2029-02-11,2025-08-10,Below reorder level - reorder placed 2025-08-20
1522,2,4605,84,28,2026-06-20,BATCH-1522,2029-03-14,2026-06-20,
1523,3,728,1,55,2026-01-05,BATCH-1523,2027-03-10,2026-01-05,
1524,10,2682,90,40,2026-04-14,BATCH-1524,2026-12-06,2026-04-14,Expiring in 87 days - monitor
1525,7,2690,41,49,2025-11-05,BATCH-1525,2029-09-03,2025-11-05,Below reorder level - reorder placed 2025-11-18
1526,11,2298,24,34,2026-06-13,BATCH-1526,2026-01-21,2026-06-13,Expiring in 0 days - flag for clearance; Below reorder level - reorder placed 2026-06-16
1527,4,3050,74,35,2026-03-07,BATCH-1527,2026-09-20,2026-03-07,Expiring in 10 days - flag for clearance
1528,5,4656,104,50,2026-05-05,BATCH-1528,2027-07-20,2026-05-05,
1529,12,475,119,52,2025-11-13,BATCH-1529,2029-09-27,2025-11-13,
1530,12,4707,16,15,2025-09-23,BATCH-1530,2026-11-26,2025-09-23,Expiring in 77 days - monitor
1531,5,3066,96,20,2026-04-30,BATCH-1531,2026-10-23,2026-04-30,Expiring in 43 days - monitor
1532,4,130,98,26,2025-10-02,BATCH-1532,2028-02-15,2025-10-02,
1533,6,2568,83,39,2025-12-21,BATCH-1533,2026-06-30,2025-12-21,Expiring in 0 days - flag for clearance
1534,12,4518,89,43,2025-06-09,BATCH-1534,2026-10-02,2025-06-09,Expiring in 22 days - flag for clearance
1535,3,2828,55,29,2026-04-21,BATCH-1535,2027-11-13,2026-04-21,
1536,9,1953,119,25,2025-07-16,BATCH-1536,2029-12-10,2025-07-16,
1537,7,3734,63,29,2026-01-13,BATCH-1537,2027-06-18,2026-01-13,
1538,5,1297,111,46,2026-07-26,BATCH-1538,2027-05-30,2026-07-26,
1539,6,1552,52,49,2025-06-08,BATCH-1539,2028-11-18,2025-06-08,
1540,7,4799,14,51,2026-06-10,BATCH-1540,2026-06-16,2026-06-10,Expiring in 0 days - flag for clearance
1541,6,3501,82,15,2026-01-25,BATCH-1541,2028-08-19,2026-01-25,
1542,6,4381,0,57,2025-11-04,BATCH-1542,2027-06-18,2025-11-04,Below reorder level - reorder placed 2025-11-16
1543,1,1016,88,28,2026-04-17,BATCH-1543,2026-08-10,2026-04-17,Expiring in 0 days - flag for clearance
1544,1,620,97,20,2026-08-31,BATCH-1544,2029-10-05,2026-08-31,
1545,6,4150,113,30,2026-08-08,BATCH-1545,2028-06-18,2026-08-08,
1546,9,2881,40,47,2026-05-21,BATCH-1546,2026-05-30,2026-05-21,Expiring in 0 days - flag for clearance; Below reorder level - reorder placed 2026-05-31
1547,10,2320,55,59,2026-06-19,BATCH-1547,2027-12-27,2026-06-19,
1548,11,2868,31,35,2026-04-26,BATCH-1548,2029-03-26,2026-04-26,Below reorder level - reorder placed 2026-05-02
1549,9,4704,76,36,2025-06-18,BATCH-1549,2028-03-08,2025-06-18,
1550,2,2477,18,26,2026-04-30,BATCH-1550,2029-07-20,2026-04-30,
1551,1,133,39,16,2025-08-14,BATCH-1551,2029-07-09,2025-08-14,
1552,7,2852,49,23,2025-10-05,BATCH-1552,2028-04-15,2025-10-05,
1553,5,1109,20,57,2025-11-12,BATCH-1553,2026-03-09,2025-11-12,Expiring in 0 days - flag for clearance; Below reorder level - reorder placed 2025-11-24
1554,5,1180,81,38,2025-08-21,BATCH-1554,2029-10-20,2025-08-21,
1555,10,1255,7,52,2025-08-22,BATCH-1555,2027-01-10,2025-08-22,Below reorder level - reorder placed 2025-08-25
1556,2,781,18,56,2025-07-13,BATCH-1556,2026-01-03,2025-07-13,Expiring in 0 days - flag for clearance
1557,9,3884,57,25,2025-07-18,BATCH-1557,2026-09-27,2025-07-18,Expiring in 17 days - flag for clearance
1558,4,2599,20,48,2025-11-17,BATCH-1558,2029-10-29,2025-11-17,Below reorder level - reorder placed 2025-11-28
1559,3,4887,54,39,2025-06-19,BATCH-1559,2026-09-05,2025-06-19,Expiring in 0 days - flag for clearance
1560,11,1434,100,31,2026-05-17,BATCH-1560,2028-12-09,2026-05-17,
1561,4,4480,34,58,2026-01-29,BATCH-1561,2027-03-05,2026-01-29,Below reorder level - reorder placed 2026-02-04
1562,3,834,50,41,2026-07-23,BATCH-1562,2026-12-21,2026-07-23,
1563,7,2515,84,22,2025-09-06,BATCH-1563,2026-08-16,2025-09-06,Expiring in 0 days - flag for clearance
1564,6,966,115,20,2025-07-18,BATCH-1564,2029-08-05,2025-07-18,
1565,9,308,66,20,2025-07-03,BATCH-1565,2026-09-11,2025-07-03,Expiring in 1 days - flag for clearance
1566,5,2123,29,30,2026-06-03,BATCH-1566,2026-12-23,2026-06-03,Below reorder level - reorder placed 2026-06-08
1567,8,3290,106,48,2026-07-25,BATCH-1567,2026-11-15,2026-07-25,
1568,7,2355,94,36,2026-01-08,BATCH-1568,2027-11-28,2026-01-08,
1569,9,898,2,26,2026-08-04,BATCH-1569,2029-09-05,2026-08-04,
1570,3,531,29,35,2026-05-07,BATCH-1570,2026-05-14,2026-05-07,Expiring in 0 days - flag for clearance; Below reorder level - reorder placed 2026-05-12
1571,2,792,45,21,2025-10-05,BATCH-1571,2026-06-13,2025-10-05,Expiring in 0 days - flag for clearance
1572,5,1416,41,21,2026-08-12,BATCH-1572,2026-01-04,2026-08-12,Expiring in 0 days - flag for clearance
1573,11,4059,60,49,2026-05-25,BATCH-1573,2027-06-25,2026-05-25,
1574,7,3837,3,42,2026-08-18,BATCH-1574,2026-03-02,2026-08-18,Expiring in 0 days - flag for clearance
1575,4,901,62,37,2026-03-24,BATCH-1575,2026-10-16,2026-03-24,Expiring in 36 days - monitor
1576,5,259,119,57,2025-10-25,BATCH-1576,2027-12-10,2025-10-25,
1577,8,412,47,28,2026-06-07,BATCH-1577,2028-12-07,2026-06-07,
1578,2,1005,93,35,2026-03-31,BATCH-1578,2029-09-27,2026-03-31,
1579,9,3215,119,16,2025-07-08,BATCH-1579,2027-02-27,2025-07-08,
1580,7,776,26,39,2026-05-18,BATCH-1580,2029-04-11,2026-05-18,Below reorder level - reorder placed 2026-05-23
1581,12,2029,4,58,2025-10-26,BATCH-1581,2027-03-05,2025-10-26,
1582,5,3300,114,15,2025-07-17,BATCH-1582,2029-09-07,2025-07-17,
1583,12,2691,109,15,2025-09-29,BATCH-1583,2026-12-16,2025-09-29,
1584,1,4591,92,34,2026-03-30,BATCH-1584,2028-11-30,2026-03-30,
1585,1,2536,52,28,2026-03-25,BATCH-1585,2026-11-28,2026-03-25,
1586,10,1917,94,56,2026-07-01,BATCH-1586,2027-04-14,2026-07-01,
1587,1,2524,49,15,2026-03-08,BATCH-1587,2029-11-12,2026-03-08,
1588,1,3857,72,48,2025-07-27,BATCH-1588,2029-11-24,2025-07-27,
1589,1,337,112,56,2026-05-15,BATCH-1589,2029-09-15,2026-05-15,
1590,3,238,46,25,2026-07-14,BATCH-1590,2028-10-12,2026-07-14,
1591,3,4764,23,35,2026-07-22,BATCH-1591,2027-08-17,2026-07-22,Below reorder level - reorder placed 2026-08-02
1592,4,173,11,27,2025-09-12,BATCH-1592,2028-09-16,2025-09-12,
1593,5,1450,81,39,2026-06-11,BATCH-1593,2026-11-25,2026-06-11,Expiring in 76 days - monitor
1594,3,2908,113,41,2026-06-14,BATCH-1594,2029-04-20,2026-06-14,
1595,10,402,1,37,2026-08-01,BATCH-1595,2029-09-29,2026-08-01,
1596,7,4726,41,26,2026-04-04,BATCH-1596,2026-08-08,2026-04-04,Expiring in 0 days - flag for clearance
1597,9,4089,72,44,2026-01-14,BATCH-1597,2029-09-14,2026-01-14,
1598,6,4243,23,26,2025-07-26,BATCH-1598,2027-09-19,2025-07-26,Below reorder level - reorder placed 2025-08-06
1599,5,181,58,20,2026-04-08,BATCH-1599,2026-10-26,2026-04-08,Expiring in 46 days - monitor
1600,8,1068,5,39,2025-10-03,BATCH-1600,2026-12-09,2025-10-03,
1601,4,2616,68,39,2026-01-06,BATCH-1601,2026-01-18,2026-01-06,Expiring in 0 days - flag for clearance
1602,1,2098,117,44,2026-05-16,BATCH-1602,2028-07-29,2026-05-16,
1603,8,3,63,53,2026-08-31,BATCH-1603,2027-03-15,2026-08-31,
1604,7,3661,32,29,2026-01-14,BATCH-1604,2030-01-19,2026-01-14,
1605,9,485,40,26,2025-10-09,BATCH-1605,2028-11-05,2025-10-09,
1606,10,1858,23,25,2025-09-12,BATCH-1606,2027-09-07,2025-09-12,Below reorder level - reorder placed 2025-09-22
1607,6,1476,70,59,2025-07-30,BATCH-1607,2026-10-08,2025-07-30,Expiring in 28 days - flag for clearance
1608,5,3571,64,34,2026-08-05,BATCH-1608,2029-01-09,2026-08-05,
1609,2,2942,39,45,2025-09-11,BATCH-1609,2027-10-08,2025-09-11,
1610,4,2337,7,19,2025-06-24,BATCH-1610,2027-08-29,2025-06-24,
1611,4,1266,32,20,2026-08-13,BATCH-1611,2026-09-22,2026-08-13,Expiring in 12 days - flag for clearance
1612,6,355,34,49,2026-05-02,BATCH-1612,2027-10-26,2026-05-02,Below reorder level - reorder placed 2026-05-06
1613,1,4623,23,58,2025-11-08,BATCH-1613,2026-12-13,2025-11-08,
1614,7,1180,62,35,2026-01-18,BATCH-1614,2029-10-20,2026-01-18,
1615,4,4233,2,21,2026-06-21,BATCH-1615,2027-12-11,2026-06-21,Below reorder level - reorder placed 2026-06-30
1616,7,2292,67,30,2026-07-14,BATCH-1616,2025-12-22,2026-07-14,Expiring in 0 days - flag for clearance
1617,7,4849,91,16,2025-07-09,BATCH-1617,2026-11-12,2025-07-09,Expiring in 63 days - monitor
1618,1,3006,7,21,2026-06-22,BATCH-1618,2028-07-11,2026-06-22,
1619,8,4287,87,50,2026-04-01,BATCH-1619,2027-04-20,2026-04-01,
1620,3,3758,9,42,2025-12-13,BATCH-1620,2029-04-07,2025-12-13,Below reorder level - reorder placed 2025-12-17
1621,2,3982,58,26,2025-11-11,BATCH-1621,2029-11-19,2025-11-11,
1622,6,1837,85,46,2026-01-09,BATCH-1622,2026-04-05,2026-01-09,Expiring in 0 days - flag for clearance
1623,8,1958,6,19,2026-03-01,BATCH-1623,2026-12-10,2026-03-01,Below reorder level - reorder placed 2026-03-12
1624,5,3014,88,32,2026-08-04,BATCH-1624,2026-07-28,2026-08-04,Expiring in 0 days - flag for clearance
1625,1,2586,58,28,2026-07-24,BATCH-1625,2030-01-20,2026-07-24,
1626,5,3023,116,20,2026-01-02,BATCH-1626,2026-11-24,2026-01-02,
1627,7,2591,50,38,2026-05-20,BATCH-1627,2026-07-21,2026-05-20,Expiring in 0 days - flag for clearance
1628,12,431,27,43,2026-04-25,BATCH-1628,2026-06-12,2026-04-25,Expiring in 0 days - flag for clearance
1629,12,1684,39,52,2025-08-24,BATCH-1629,2026-07-21,2025-08-24,Expiring in 0 days - flag for clearance; Below reorder level - reorder placed 2025-09-02
1630,1,3753,92,15,2026-06-25,BATCH-1630,2027-05-08,2026-06-25,
1631,3,485,70,17,2026-03-20,BATCH-1631,2028-11-05,2026-03-20,
1632,7,416,75,47,2026-05-08,BATCH-1632,2026-04-13,2026-05-08,Expiring in 0 days - flag for clearance
1633,12,3623,37,42,2025-06-06,BATCH-1633,2027-02-18,2025-06-06,Below reorder level - reorder placed 2025-06-19
1634,2,4403,83,50,2025-12-07,BATCH-1634,2028-05-25,2025-12-07,
1635,8,1269,96,57,2025-07-06,BATCH-1635,2029-02-10,2025-07-06,
1636,6,3804,116,40,2025-06-11,BATCH-1636,2029-12-15,2025-06-11,
1637,5,3941,101,41,2026-03-21,BATCH-1637,2027-04-03,2026-03-21,
1638,5,4645,37,34,2026-08-29,BATCH-1638,2029-08-13,2026-08-29,
1639,10,3054,3,35,2025-11-18,BATCH-1639,2026-10-07,2025-11-18,Expiring in 27 days - flag for clearance
1640,9,2781,19,17,2025-10-27,BATCH-1640,2028-09-30,2025-10-27,
1641,9,1532,34,28,2025-11-26,BATCH-1641,2027-04-08,2025-11-26,
1642,5,3014,1,24,2025-12-12,BATCH-1642,2026-07-28,2025-12-12,Expiring in 0 days - flag for clearance
1643,4,2624,101,53,2026-01-29,BATCH-1643,2026-03-29,2026-01-29,Expiring in 0 days - flag for clearance
1644,4,1069,82,31,2026-04-11,BATCH-1644,2028-12-12,2026-04-11,
1645,8,3247,39,40,2025-07-05,BATCH-1645,2027-01-18,2025-07-05,Below reorder level - reorder placed 2025-07-12
1646,5,4175,79,23,2025-09-16,BATCH-1646,2028-09-05,2025-09-16,
1647,7,4577,79,46,2025-12-10,BATCH-1647,2029-08-03,2025-12-10,
1648,5,708,65,48,2026-04-07,BATCH-1648,2029-04-09,2026-04-07,
1649,5,1589,103,22,2026-01-20,BATCH-1649,2027-03-13,2026-01-20,
1650,3,2751,104,47,2026-09-02,BATCH-1650,2027-04-18,2026-09-02,
1651,9,523,115,18,2026-06-07,BATCH-1651,2026-02-12,2026-06-07,Expiring in 0 days - flag for clearance
1652,4,590,20,56,2025-12-13,BATCH-1652,2026-11-11,2025-12-13,Below reorder level - reorder placed 2025-12-21
1653,7,596,16,30,2026-04-04,BATCH-1653,2029-05-19,2026-04-04,Below reorder level - reorder placed 2026-04-09
1654,8,3111,20,37,2026-03-14,BATCH-1654,2026-09-16,2026-03-14,Expiring in 6 days - flag for clearance
1655,9,1495,39,40,2025-09-02,BATCH-1655,2028-04-20,2025-09-02,Below reorder level - reorder placed 2025-09-05
1656,5,718,31,29,2025-07-16,BATCH-1656,2028-11-08,2025-07-16,
1657,7,3771,109,26,2026-05-16,BATCH-1657,2027-08-27,2026-05-16,
1658,7,2534,71,29,2026-07-13,BATCH-1658,2028-10-23,2026-07-13,
1659,4,4709,105,57,2025-06-22,BATCH-1659,2029-05-03,2025-06-22,
1660,1,1146,75,25,2026-08-14,BATCH-1660,2028-09-20,2026-08-14,
1661,7,3212,57,29,2025-10-08,BATCH-1661,2029-10-24,2025-10-08,
1662,1,47,22,26,2026-05-16,BATCH-1662,2028-11-05,2026-05-16,Below reorder level - reorder placed 2026-05-24
1663,10,4315,116,34,2025-12-28,BATCH-1663,2028-10-31,2025-12-28,
1664,8,1097,47,25,2025-10-03,BATCH-1664,2026-10-07,2025-10-03,Expiring in 27 days - flag for clearance
1665,6,783,79,24,2026-05-30,BATCH-1665,2028-07-23,2026-05-30,
1666,12,1852,109,39,2026-01-24,BATCH-1666,2027-02-12,2026-01-24,
1667,11,4096,90,25,2025-08-26,BATCH-1667,2026-05-07,2025-08-26,Expiring in 0 days - flag for clearance
1668,6,3098,70,43,2026-04-01,BATCH-1668,2026-07-27,2026-04-01,Expiring in 0 days - flag for clearance
1669,2,305,103,44,2025-07-17,BATCH-1669,2028-09-16,2025-07-17,
1670,9,722,78,39,2025-12-02,BATCH-1670,2027-09-24,2025-12-02,
1671,4,3213,7,26,2026-06-09,BATCH-1671,2027-07-06,2026-06-09,Below reorder level - reorder placed 2026-06-14
1672,4,3921,86,46,2025-08-03,BATCH-1672,2027-08-21,2025-08-03,
1673,9,2628,49,15,2026-04-10,BATCH-1673,2026-10-02,2026-04-10,Expiring in 22 days - flag for clearance
1674,3,3000,32,37,2025-07-25,BATCH-1674,2029-02-04,2025-07-25,Below reorder level - reorder placed 2025-07-28
1675,3,221,93,26,2025-11-19,BATCH-1675,2027-09-21,2025-11-19,
1676,1,2248,54,44,2025-12-14,BATCH-1676,2028-08-13,2025-12-14,
1677,8,4731,116,41,2026-08-22,BATCH-1677,2026-09-29,2026-08-22,Expiring in 19 days - flag for clearance
1678,6,2170,22,16,2026-08-22,BATCH-1678,2025-12-27,2026-08-22,Expiring in 0 days - flag for clearance
1679,9,4193,111,40,2026-01-27,BATCH-1679,2027-07-07,2026-01-27,
1680,8,869,104,51,2026-04-21,BATCH-1680,2026-09-28,2026-04-21,Expiring in 18 days - flag for clearance
1681,6,1865,112,49,2025-10-28,BATCH-1681,2027-01-06,2025-10-28,
1682,11,4073,104,26,2025-09-27,BATCH-1682,2028-03-28,2025-09-27,
1683,10,2069,53,21,2025-07-07,BATCH-1683,2027-10-27,2025-07-07,
1684,11,1509,53,29,2026-05-28,BATCH-1684,2026-02-01,2026-05-28,Expiring in 0 days - flag for clearance
1685,2,3889,51,52,2026-04-10,BATCH-1685,2027-03-06,2026-04-10,Below reorder level - reorder placed 2026-04-23
1686,12,1323,42,25,2026-06-01,BATCH-1686,2028-02-09,2026-06-01,
1687,4,4611,87,29,2026-06-04,BATCH-1687,2026-02-04,2026-06-04,Expiring in 0 days - flag for clearance
1688,4,3927,62,52,2026-04-29,BATCH-1688,2028-11-17,2026-04-29,
1689,5,3575,66,22,2025-08-02,BATCH-1689,2029-09-17,2025-08-02,
1690,7,1146,13,37,2026-07-27,BATCH-1690,2028-09-20,2026-07-27,Below reorder level - reorder placed 2026-08-09
1691,8,1539,1,27,2025-11-10,BATCH-1691,2027-01-26,2025-11-10,
1692,3,2797,69,29,2026-06-14,BATCH-1692,2027-07-23,2026-06-14,
1693,1,2781,56,30,2026-08-28,BATCH-1693,2028-09-30,2026-08-28,
1694,2,4185,95,31,2026-05-06,BATCH-1694,2027-03-11,2026-05-06,
1695,7,115,82,34,2026-08-17,BATCH-1695,2026-12-24,2026-08-17,
1696,9,3793,73,58,2025-07-20,BATCH-1696,2028-05-17,2025-07-20,
1697,4,2082,109,57,2026-08-05,BATCH-1697,2028-09-13,2026-08-05,
1698,1,2256,33,46,2026-01-01,BATCH-1698,2028-11-01,2026-01-01,Below reorder level - reorder placed 2026-01-09
1699,6,1666,25,56,2025-12-20,BATCH-1699,2027-10-31,2025-12-20,Below reorder level - reorder placed 2026-01-01
1700,11,3109,24,51,2025-10-10,BATCH-1700,2027-04-17,2025-10-10,Below reorder level - reorder placed 2025-10-16
1701,9,261,60,24,2026-02-08,BATCH-1701,2026-12-08,2026-02-08,Expiring in 89 days - monitor
1702,4,1937,67,16,2025-07-19,BATCH-1702,2027-10-14,2025-07-19,
1703,8,3904,58,57,2025-12-23,BATCH-1703,2027-05-23,2025-12-23,
1704,5,328,18,39,2026-08-23,BATCH-1704,2026-01-16,2026-08-23,Expiring in 0 days - flag for clearance
1705,2,2807,1,23,2025-08-01,BATCH-1705,2027-08-31,2025-08-01,Below reorder level - reorder placed 2025-08-04
1706,9,513,46,44,2025-11-21,BATCH-1706,2029-12-04,2025-11-21,
1707,10,4491,49,20,2025-09-02,BATCH-1707,2030-01-04,2025-09-02,
1708,3,2482,29,21,2026-02-10,BATCH-1708,2026-05-04,2026-02-10,Expiring in 0 days - flag for clearance
1709,1,3846,53,41,2025-12-03,BATCH-1709,2028-04-16,2025-12-03,
1710,10,3886,15,19,2026-03-25,BATCH-1710,2028-11-06,2026-03-25,Below reorder level - reorder placed 2026-04-07
1711,9,931,38,30,2026-02-28,BATCH-1711,2029-01-08,2026-02-28,
1712,7,3729,72,58,2026-03-03,BATCH-1712,2029-05-07,2026-03-03,
1713,6,4547,78,39,2026-06-12,BATCH-1713,2026-07-12,2026-06-12,Expiring in 0 days - flag for clearance
1714,1,2969,77,31,2025-12-24,BATCH-1714,2027-12-22,2025-12-24,
1715,1,4494,38,58,2025-10-25,BATCH-1715,2026-10-06,2025-10-25,Expiring in 26 days - flag for clearance; Below reorder level - reorder placed 2025-11-02
1716,11,3002,50,46,2026-08-10,BATCH-1716,2027-12-07,2026-08-10,
1717,6,1179,118,27,2025-09-24,BATCH-1717,2028-06-19,2025-09-24,
1718,5,1437,31,42,2026-01-11,BATCH-1718,2026-12-12,2026-01-11,Below reorder level - reorder placed 2026-01-23
1719,10,1982,23,32,2025-08-12,BATCH-1719,2028-02-13,2025-08-12,Below reorder level - reorder placed 2025-08-18
1720,4,2184,40,44,2026-08-23,BATCH-1720,2027-11-21,2026-08-23,Below reorder level - reorder placed 2026-09-03
1721,9,2569,8,21,2025-09-07,BATCH-1721,2027-05-21,2025-09-07,Below reorder level - reorder placed 2025-09-16
1722,1,2138,87,19,2025-11-11,BATCH-1722,2029-11-11,2025-11-11,
1723,6,2193,92,50,2025-07-09,BATCH-1723,2026-06-22,2025-07-09,Expiring in 0 days - flag for clearance
1724,10,2722,107,30,2026-02-05,BATCH-1724,2027-10-02,2026-02-05,
1725,12,787,56,17,2025-08-28,BATCH-1725,2026-12-17,2025-08-28,
1726,2,1830,116,56,2025-06-22,BATCH-1726,2026-11-07,2025-06-22,Expiring in 58 days - monitor
1727,8,504,34,32,2026-07-29,BATCH-1727,2027-05-11,2026-07-29,
1728,7,2469,90,45,2026-01-27,BATCH-1728,2026-10-25,2026-01-27,
1729,8,3795,98,22,2026-06-27,BATCH-1729,2029-12-10,2026-06-27,
1730,7,4881,39,25,2025-08-09,BATCH-1730,2026-06-07,2025-08-09,Expiring in 0 days - flag for clearance
1731,9,2348,66,17,2025-12-06,BATCH-1731,2026-01-11,2025-12-06,Expiring in 0 days - flag for clearance
1732,4,4739,39,50,2026-03-29,BATCH-1732,2026-11-25,2026-03-29,Below reorder level - reorder placed 2026-04-03
1733,11,3778,15,35,2025-06-20,BATCH-1733,2029-02-11,2025-06-20,Below reorder level - reorder placed 2025-06-26
1734,2,1285,66,15,2026-06-06,BATCH-1734,2026-01-05,2026-06-06,Expiring in 0 days - flag for clearance
1735,8,4936,26,34,2025-08-13,BATCH-1735,2027-08-04,2025-08-13,Below reorder level - reorder placed 2025-08-25
1736,10,4703,15,24,2025-12-09,BATCH-1736,2029-04-05,2025-12-09,
1737,1,2656,7,20,2026-04-05,BATCH-1737,2027-08-27,2026-04-05,
1738,2,580,67,29,2026-03-05,BATCH-1738,2028-03-27,2026-03-05,
1739,5,2627,75,49,2025-08-16,BATCH-1739,2026-12-10,2025-08-16,
1740,11,4589,105,56,2026-02-20,BATCH-1740,2029-10-16,2026-02-20,
1741,11,3685,100,51,2026-04-01,BATCH-1741,2029-01-04,2026-04-01,
1742,9,1414,81,28,2026-01-14,BATCH-1742,2026-09-23,2026-01-14,Expiring in 13 days - flag for clearance
1743,6,597,116,37,2025-08-29,BATCH-1743,2028-10-27,2025-08-29,
1744,12,2329,20,51,2025-07-14,BATCH-1744,2026-11-28,2025-07-14,Expiring in 79 days - monitor; Below reorder level - reorder placed 2025-07-27
1745,5,2572,69,19,2025-11-20,BATCH-1745,2027-09-14,2025-11-20,
1746,6,486,105,59,2026-08-31,BATCH-1746,2026-10-22,2026-08-31,Expiring in 42 days - monitor
1747,8,382,6,24,2025-10-22,BATCH-1747,2026-09-21,2025-10-22,Expiring in 11 days - flag for clearance
1748,6,4377,117,26,2025-07-16,BATCH-1748,2029-03-20,2025-07-16,
1749,7,3136,12,35,2025-10-01,BATCH-1749,2029-11-18,2025-10-01,Below reorder level - reorder placed 2025-10-08
1750,6,2292,96,20,2026-05-07,BATCH-1750,2025-12-22,2026-05-07,Expiring in 0 days - flag for clearance
1751,12,2614,72,22,2025-09-01,BATCH-1751,2028-08-18,2025-09-01,
1752,3,4896,39,20,2026-07-03,BATCH-1752,2028-04-07,2026-07-03,
1753,11,2949,45,43,2026-01-28,BATCH-1753,2027-09-11,2026-01-28,
1754,7,4435,33,25,2025-12-25,BATCH-1754,2026-09-20,2025-12-25,Expiring in 10 days - flag for clearance
1755,10,3936,76,21,2026-09-02,BATCH-1755,2026-12-20,2026-09-02,
1756,10,1263,86,37,2026-07-12,BATCH-1756,2029-01-08,2026-07-12,
1757,3,528,11,40,2025-08-10,BATCH-1757,2026-12-09,2025-08-10,Below reorder level - reorder placed 2025-08-21
1758,1,3761,106,45,2026-09-03,BATCH-1758,2026-09-21,2026-09-03,Expiring in 11 days - flag for clearance
1759,5,928,119,22,2026-03-13,BATCH-1759,2027-12-03,2026-03-13,
1760,3,1094,106,34,2026-06-03,BATCH-1760,2026-05-12,2026-06-03,Expiring in 0 days - flag for clearance
1761,12,1701,35,55,2026-07-08,BATCH-1761,2026-10-14,2026-07-08,Expiring in 34 days - monitor; Below reorder level - reorder placed 2026-07-12
1762,8,3107,19,57,2026-06-26,BATCH-1762,2026-09-26,2026-06-26,Expiring in 16 days - flag for clearance; Below reorder level - reorder placed 2026-07-03
1763,6,148,107,34,2026-06-18,BATCH-1763,2026-02-10,2026-06-18,Expiring in 0 days - flag for clearance
1764,3,4972,64,27,2025-12-29,BATCH-1764,2028-07-22,2025-12-29,
1765,9,2128,17,59,2025-09-29,BATCH-1765,2029-12-05,2025-09-29,
1766,5,1739,50,18,2026-01-01,BATCH-1766,2027-02-03,2026-01-01,
1767,6,1820,44,38,2025-09-02,BATCH-1767,2026-12-07,2025-09-02,
1768,9,1016,46,19,2026-08-22,BATCH-1768,2026-08-10,2026-08-22,Expiring in 0 days - flag for clearance
1769,2,2882,115,43,2026-02-20,BATCH-1769,2027-07-03,2026-02-20,
1770,2,805,63,29,2026-03-30,BATCH-1770,2029-07-14,2026-03-30,
1771,1,828,81,36,2026-03-21,BATCH-1771,2026-02-15,2026-03-21,Expiring in 0 days - flag for clearance
1772,9,4182,2,34,2025-09-15,BATCH-1772,2027-07-29,2025-09-15,Below reorder level - reorder placed 2025-09-24
1773,9,897,98,28,2026-06-11,BATCH-1773,2027-06-09,2026-06-11,
1774,10,4123,89,29,2026-08-05,BATCH-1774,2027-08-25,2026-08-05,
1775,8,4133,40,18,2025-06-24,BATCH-1775,2028-01-24,2025-06-24,
1776,4,272,99,15,2026-03-26,BATCH-1776,2029-02-01,2026-03-26,
1777,7,2168,28,50,2025-06-04,BATCH-1777,2026-08-05,2025-06-04,Expiring in 0 days - flag for clearance; Below reorder level - reorder placed 2025-06-07
1778,3,2328,34,45,2026-02-17,BATCH-1778,2027-03-25,2026-02-17,Below reorder level - reorder placed 2026-02-23
1779,11,1356,117,48,2026-08-03,BATCH-1779,2026-10-19,2026-08-03,Expiring in 39 days - monitor
1780,4,760,52,35,2026-05-11,BATCH-1780,2027-08-15,2026-05-11,
1781,8,1776,110,31,2026-04-29,BATCH-1781,2028-08-02,2026-04-29,
1782,11,3508,73,25,2026-07-11,BATCH-1782,2026-03-14,2026-07-11,Expiring in 0 days - flag for clearance
1783,4,4617,117,58,2026-03-20,BATCH-1783,2028-09-16,2026-03-20,
1784,10,281,93,31,2025-09-14,BATCH-1784,2027-10-15,2025-09-14,
1785,10,3784,70,32,2026-06-04,BATCH-1785,2026-09-27,2026-06-04,Expiring in 17 days - flag for clearance
1786,10,709,13,22,2026-01-29,BATCH-1786,2028-03-19,2026-01-29,Below reorder level - reorder placed 2026-02-11
1787,9,2756,92,57,2025-06-09,BATCH-1787,2027-02-27,2025-06-09,
1788,2,1220,32,47,2026-07-14,BATCH-1788,2028-01-25,2026-07-14,Below reorder level - reorder placed 2026-07-20
1789,11,284,47,34,2025-11-13,BATCH-1789,2028-10-27,2025-11-13,
1790,11,963,27,25,2025-12-17,BATCH-1790,2027-04-22,2025-12-17,
1791,1,4875,52,18,2026-05-05,BATCH-1791,2026-09-06,2026-05-05,Expiring in 0 days - flag for clearance
1792,10,4615,77,40,2026-02-18,BATCH-1792,2027-01-05,2026-02-18,
1793,6,1040,91,16,2025-12-16,BATCH-1793,2029-06-28,2025-12-16,
1794,6,3248,49,54,2026-02-25,BATCH-1794,2027-07-15,2026-02-25,Below reorder level - reorder placed 2026-03-03
1795,6,1506,23,49,2025-11-28,BATCH-1795,2029-07-21,2025-11-28,Below reorder level - reorder placed 2025-12-05
1796,10,2109,52,26,2025-09-16,BATCH-1796,2027-03-05,2025-09-16,
1797,2,4215,77,22,2026-05-11,BATCH-1797,2027-06-20,2026-05-11,
1798,12,562,32,32,2025-11-30,BATCH-1798,2028-04-30,2025-11-30,
1799,1,3197,42,56,2026-06-18,BATCH-1799,2029-03-26,2026-06-18,Below reorder level - reorder placed 2026-06-24
1800,10,4867,106,54,2026-02-26,BATCH-1800,2028-06-08,2026-02-26,
1801,2,382,42,37,2026-08-13,BATCH-1801,2026-09-21,2026-08-13,Expiring in 11 days - flag for clearance
1802,12,4268,37,15,2025-08-29,BATCH-1802,2026-01-26,2025-08-29,Expiring in 0 days - flag for clearance
1803,8,1079,108,17,2025-09-13,BATCH-1803,2027-05-25,2025-09-13,
1804,4,2424,67,51,2025-11-22,BATCH-1804,2028-06-01,2025-11-22,
1805,7,1324,4,21,2025-09-06,BATCH-1805,2028-10-05,2025-09-06,Below reorder level - reorder placed 2025-09-18
1806,1,1888,5,28,2025-07-04,BATCH-1806,2028-11-11,2025-07-04,Below reorder level - reorder placed 2025-07-10
1807,4,4256,77,55,2025-07-13,BATCH-1807,2026-01-09,2025-07-13,Expiring in 0 days - flag for clearance
1808,5,3486,104,35,2026-06-27,BATCH-1808,2027-06-11,2026-06-27,
1809,7,3009,108,31,2026-04-19,BATCH-1809,2026-10-25,2026-04-19,
1810,7,1850,115,38,2025-06-03,BATCH-1810,2028-09-30,2025-06-03,
1811,5,249,36,22,2025-10-22,BATCH-1811,2029-07-05,2025-10-22,
1812,6,856,96,30,2025-11-12,BATCH-1812,2030-01-11,2025-11-12,
1813,12,4236,77,25,2025-10-15,BATCH-1813,2029-12-26,2025-10-15,
1814,3,1452,37,51,2026-02-07,BATCH-1814,2026-06-12,2026-02-07,Expiring in 0 days - flag for clearance; Below reorder level - reorder placed 2026-02-18
1815,3,275,7,47,2026-02-21,BATCH-1815,2026-01-17,2026-02-21,Expiring in 0 days - flag for clearance; Below reorder level - reorder placed 2026-03-05
1816,4,4140,0,42,2025-08-02,BATCH-1816,2026-09-26,2025-08-02,Expiring in 16 days - flag for clearance; Below reorder level - reorder placed 2025-08-08
1817,5,3641,85,21,2026-08-23,BATCH-1817,2026-09-19,2026-08-23,Expiring in 9 days - flag for clearance
1818,9,3488,29,28,2026-03-26,BATCH-1818,2026-09-30,2026-03-26,Expiring in 20 days - flag for clearance
1819,8,3143,21,55,2025-08-24,BATCH-1819,2027-06-29,2025-08-24,Below reorder level - reorder placed 2025-08-31
1820,11,1668,42,35,2025-07-11,BATCH-1820,2027-11-18,2025-07-11,
1821,1,2451,113,57,2025-09-07,BATCH-1821,2027-10-07,2025-09-07,
1822,8,2069,105,50,2025-07-24,BATCH-1822,2027-10-27,2025-07-24,
1823,12,1347,27,57,2025-11-29,BATCH-1823,2029-03-15,2025-11-29,Below reorder level - reorder placed 2025-12-09
1824,7,3575,69,37,2026-02-14,BATCH-1824,2029-09-17,2026-02-14,
1825,6,409,95,52,2026-01-03,BATCH-1825,2027-08-10,2026-01-03,
1826,11,2483,88,33,2026-02-11,BATCH-1826,2028-01-06,2026-02-11,
1827,6,3933,76,16,2025-10-13,BATCH-1827,2026-10-21,2025-10-13,
1828,12,1810,60,23,2026-06-24,BATCH-1828,2026-12-22,2026-06-24,
1829,6,2269,44,43,2025-07-23,BATCH-1829,2026-11-30,2025-07-23,Expiring in 81 days - monitor
1830,2,101,73,27,2026-02-19,BATCH-1830,2026-05-24,2026-02-19,Expiring in 0 days - flag for clearance
1831,11,1644,16,33,2025-06-23,BATCH-1831,2027-08-19,2025-06-23,Below reorder level - reorder placed 2025-06-29
1832,6,1751,77,30,2026-08-04,BATCH-1832,2029-10-22,2026-08-04,
1833,9,163,15,58,2025-09-26,BATCH-1833,2026-09-15,2025-09-26,Expiring in 5 days - flag for clearance
1834,8,1841,112,29,2025-06-30,BATCH-1834,2026-02-08,2025-06-30,Expiring in 0 days - flag for clearance
1835,7,4873,27,20,2025-07-06,BATCH-1835,2026-09-15,2025-07-06,Expiring in 5 days - flag for clearance
1836,4,1710,12,41,2026-08-31,BATCH-1836,2029-01-02,2026-08-31,Below reorder level - reorder placed 2026-09-08
1837,9,2415,26,31,2026-06-01,BATCH-1837,2026-05-06,2026-06-01,Expiring in 0 days - flag for clearance; Below reorder level - reorder placed 2026-06-10
1838,7,477,16,22,2025-12-11,BATCH-1838,2028-07-24,2025-12-11,Below reorder level - reorder placed 2025-12-14
1839,10,4054,115,49,2026-07-07,BATCH-1839,2029-06-17,2026-07-07,
1840,2,2490,109,50,2025-10-31,BATCH-1840,2029-09-22,2025-10-31,
1841,3,1834,9,53,2025-12-22,BATCH-1841,2028-04-13,2025-12-22,Below reorder level - reorder placed 2025-12-28
1842,9,2532,45,34,2025-06-22,BATCH-1842,2027-03-07,2025-06-22,
1843,9,2363,34,58,2026-02-21,BATCH-1843,2026-11-05,2026-02-21,Below reorder level - reorder placed 2026-02-25
1844,1,572,51,45,2026-03-27,BATCH-1844,2026-05-20,2026-03-27,Expiring in 0 days - flag for clearance
1845,10,908,37,26,2026-04-05,BATCH-1845,2028-10-16,2026-04-05,
1846,1,2340,73,43,2025-06-02,BATCH-1846,2028-10-29,2025-06-02,
1847,12,3087,45,38,2026-06-25,BATCH-1847,2027-06-10,2026-06-25,
1848,3,3998,41,36,2026-01-22,BATCH-1848,2028-01-27,2026-01-22,
1849,9,1590,96,25,2025-06-22,BATCH-1849,2025-12-13,2025-06-22,Expiring in 0 days - flag for clearance
1850,2,3842,36,56,2026-06-03,BATCH-1850,2026-07-12,2026-06-03,Expiring in 0 days - flag for clearance
1851,9,4487,25,47,2026-08-06,BATCH-1851,2028-02-07,2026-08-06,
1852,7,2882,48,49,2026-04-14,BATCH-1852,2027-07-03,2026-04-14,
1853,7,3760,119,21,2026-02-21,BATCH-1853,2026-11-27,2026-02-21,Expiring in 78 days - monitor
1854,3,714,62,40,2025-06-05,BATCH-1854,2028-02-02,2025-06-05,
1855,11,373,45,31,2026-09-03,BATCH-1855,2028-08-01,2026-09-03,
1856,7,4843,52,30,2026-03-05,BATCH-1856,2028-02-20,2026-03-05,
1857,7,3209,25,22,2026-01-12,BATCH-1857,2029-05-13,2026-01-12,
1858,12,3089,31,53,2025-11-05,BATCH-1858,2027-06-20,2025-11-05,
1859,8,634,103,17,2025-09-20,BATCH-1859,2028-04-12,2025-09-20,
1860,1,3857,85,35,2025-12-04,BATCH-1860,2029-11-24,2025-12-04,
1861,7,4610,93,46,2026-05-05,BATCH-1861,2026-11-14,2026-05-05,Expiring in 65 days - monitor
1862,4,2298,39,33,2026-01-23,BATCH-1862,2026-01-21,2026-01-23,Expiring in 0 days - flag for clearance
1863,11,2998,60,52,2025-07-15,BATCH-1863,2026-10-25,2025-07-15,
1864,10,950,69,44,2026-05-09,BATCH-1864,2026-11-20,2026-05-09,
1865,10,2978,87,30,2026-03-27,BATCH-1865,2029-09-09,2026-03-27,
1866,7,3291,41,42,2025-12-24,BATCH-1866,2028-05-03,2025-12-24,
1867,11,2712,78,53,2026-07-06,BATCH-1867,2027-03-04,2026-07-06,
1868,11,3232,63,23,2025-12-19,BATCH-1868,2027-03-23,2025-12-19,
1869,7,1288,112,18,2025-07-11,BATCH-1869,2028-04-29,2025-07-11,
1870,3,3798,109,16,2025-06-19,BATCH-1870,2028-03-22,2025-06-19,
1871,11,1912,46,54,2025-07-02,BATCH-1871,2026-02-26,2025-07-02,Expiring in 0 days - flag for clearance; Below reorder level - reorder placed 2025-07-09
1872,7,774,60,35,2026-05-20,BATCH-1872,2026-01-22,2026-05-20,Expiring in 0 days - flag for clearance
1873,12,2738,37,25,2026-01-22,BATCH-1873,2027-06-24,2026-01-22,
1874,10,2428,10,50,2026-06-28,BATCH-1874,2029-11-24,2026-06-28,Below reorder level - reorder placed 2026-07-02
1875,5,3719,32,36,2025-06-05,BATCH-1875,2027-09-30,2025-06-05,Below reorder level - reorder placed 2025-06-17
1876,3,3291,90,44,2025-12-29,BATCH-1876,2028-05-03,2025-12-29,
1877,2,3590,7,32,2025-08-13,BATCH-1877,2027-08-06,2025-08-13,Below reorder level - reorder placed 2025-08-26
1878,7,2412,52,20,2025-10-22,BATCH-1878,2027-03-06,2025-10-22,
1879,3,4584,108,22,2026-01-13,BATCH-1879,2027-06-23,2026-01-13,
1880,3,3586,115,45,2025-06-25,BATCH-1880,2027-07-08,2025-06-25,
1881,5,4065,114,27,2026-07-14,BATCH-1881,2029-01-04,2026-07-14,
1882,5,1044,37,56,2026-04-14,BATCH-1882,2027-08-27,2026-04-14,
1883,10,4408,109,59,2026-05-21,BATCH-1883,2028-11-13,2026-05-21,
1884,12,146,71,28,2026-06-15,BATCH-1884,2027-04-28,2026-06-15,
1885,12,4849,10,33,2025-09-16,BATCH-1885,2026-11-12,2025-09-16,Below reorder level - reorder placed 2025-09-19
1886,2,2281,82,19,2026-08-11,BATCH-1886,2029-01-09,2026-08-11,
1887,7,3616,32,52,2025-11-06,BATCH-1887,2028-08-25,2025-11-06,Below reorder level - reorder placed 2025-11-11
1888,10,3805,109,49,2026-03-23,BATCH-1888,2029-05-16,2026-03-23,
1889,8,12,78,26,2025-09-29,BATCH-1889,2027-11-03,2025-09-29,
1890,2,1805,6,33,2025-11-30,BATCH-1890,2026-10-15,2025-11-30,Below reorder level - reorder placed 2025-12-06
1891,4,2331,8,31,2026-08-06,BATCH-1891,2029-07-03,2026-08-06,Below reorder level - reorder placed 2026-08-19
1892,6,3490,9,53,2026-06-10,BATCH-1892,2028-04-12,2026-06-10,Below reorder level - reorder placed 2026-06-14
1893,1,4264,75,32,2025-09-14,BATCH-1893,2027-12-22,2025-09-14,
1894,2,1123,77,51,2025-08-06,BATCH-1894,2026-03-14,2025-08-06,Expiring in 0 days - flag for clearance
1895,7,3426,2,43,2026-02-16,BATCH-1895,2026-05-10,2026-02-16,Expiring in 0 days - flag for clearance; Below reorder level - reorder placed 2026-02-27
1896,9,4064,22,35,2026-07-26,BATCH-1896,2027-11-14,2026-07-26,
1897,5,3328,104,17,2025-11-20,BATCH-1897,2029-06-07,2025-11-20,
1898,4,2470,27,55,2026-02-19,BATCH-1898,2029-06-30,2026-02-19,
1899,10,1086,100,45,2025-09-04,BATCH-1899,2027-12-14,2025-09-04,
1900,1,2102,51,52,2025-07-25,BATCH-1900,2028-03-25,2025-07-25,
1901,3,2711,42,50,2026-01-28,BATCH-1901,2026-06-21,2026-01-28,Expiring in 0 days - flag for clearance; Below reorder level - reorder placed 2026-02-04
1902,2,2192,112,54,2026-03-30,BATCH-1902,2026-09-25,2026-03-30,Expiring in 15 days - flag for clearance
1903,12,1577,7,34,2026-02-21,BATCH-1903,2030-01-16,2026-02-21,
1904,5,3664,96,18,2025-09-02,BATCH-1904,2029-08-02,2025-09-02,
1905,7,469,75,34,2026-02-25,BATCH-1905,2026-05-07,2026-02-25,Expiring in 0 days - flag for clearance
1906,6,2911,55,42,2025-12-30,BATCH-1906,2026-03-28,2025-12-30,Expiring in 0 days - flag for clearance
1907,8,3174,84,55,2026-03-19,BATCH-1907,2028-01-18,2026-03-19,
1908,10,1941,85,42,2025-09-15,BATCH-1908,2026-12-22,2025-09-15,
1909,9,259,82,49,2025-11-13,BATCH-1909,2027-12-10,2025-11-13,
1910,10,4383,40,24,2026-06-14,BATCH-1910,2029-01-05,2026-06-14,
1911,4,1689,55,23,2026-06-25,BATCH-1911,2028-10-01,2026-06-25,
1912,12,2470,100,42,2025-06-02,BATCH-1912,2029-06-30,2025-06-02,
1913,5,2591,25,59,2026-03-24,BATCH-1913,2026-07-21,2026-03-24,Expiring in 0 days - flag for clearance
1914,3,4623,2,40,2025-09-21,BATCH-1914,2026-12-13,2025-09-21,Below reorder level - reorder placed 2025-10-01
1915,5,3993,25,33,2026-06-24,BATCH-1915,2026-08-01,2026-06-24,Expiring in 0 days - flag for clearance; Below reorder level - reorder placed 2026-07-05
1916,7,1331,22,52,2025-08-16,BATCH-1916,2027-03-08,2025-08-16,Below reorder level - reorder placed 2025-08-20
1917,10,344,32,22,2026-04-30,BATCH-1917,2029-12-18,2026-04-30,
1918,12,2527,119,17,2025-08-30,BATCH-1918,2027-10-12,2025-08-30,
1919,10,3394,11,28,2025-09-18,BATCH-1919,2026-09-23,2025-09-18,Expiring in 13 days - flag for clearance
1920,8,4748,80,18,2026-05-25,BATCH-1920,2029-07-08,2026-05-25,
1921,6,3702,86,36,2025-07-11,BATCH-1921,2028-10-09,2025-07-11,
1922,4,2827,115,44,2025-12-06,BATCH-1922,2028-07-29,2025-12-06,
1923,8,804,5,25,2026-08-09,BATCH-1923,2028-07-16,2026-08-09,
1924,11,3119,45,21,2026-08-23,BATCH-1924,2027-10-19,2026-08-23,
1925,8,4297,67,26,2025-12-09,BATCH-1925,2026-09-23,2025-12-09,Expiring in 13 days - flag for clearance
1926,1,1312,95,42,2025-08-26,BATCH-1926,2028-07-07,2025-08-26,
1927,6,4652,76,49,2025-10-09,BATCH-1927,2026-06-07,2025-10-09,Expiring in 0 days - flag for clearance
1928,9,904,111,39,2025-08-14,BATCH-1928,2028-12-05,2025-08-14,
1929,3,2573,91,18,2026-05-29,BATCH-1929,2029-10-13,2026-05-29,
1930,2,3650,102,54,2025-10-25,BATCH-1930,2028-12-14,2025-10-25,
1931,6,2722,105,29,2025-10-26,BATCH-1931,2027-10-02,2025-10-26,
1932,2,2845,35,31,2026-05-29,BATCH-1932,2029-07-13,2026-05-29,
1933,7,2233,110,29,2025-10-25,BATCH-1933,2026-07-31,2025-10-25,Expiring in 0 days - flag for clearance
1934,8,4817,84,53,2026-02-11,BATCH-1934,2029-06-23,2026-02-11,
1935,12,4336,74,49,2026-05-21,BATCH-1935,2026-12-11,2026-05-21,
1936,5,1289,0,40,2025-12-05,BATCH-1936,2026-10-26,2025-12-05,Below reorder level - reorder placed 2025-12-18
1937,11,1340,31,16,2025-09-11,BATCH-1937,2027-01-02,2025-09-11,
1938,7,691,35,59,2025-10-29,BATCH-1938,2026-04-18,2025-10-29,Expiring in 0 days - flag for clearance; Below reorder level - reorder placed 2025-11-07
1939,5,2859,76,40,2026-03-11,BATCH-1939,2026-09-18,2026-03-11,Expiring in 8 days - flag for clearance
1940,9,422,32,56,2025-09-27,BATCH-1940,2026-11-26,2025-09-27,Expiring in 77 days - monitor; Below reorder level - reorder placed 2025-10-04
1941,7,1592,98,39,2026-03-14,BATCH-1941,2029-12-16,2026-03-14,
1942,1,1900,51,37,2026-05-25,BATCH-1942,2026-09-06,2026-05-25,Expiring in 0 days - flag for clearance
1943,12,4675,42,27,2026-03-27,BATCH-1943,2028-03-10,2026-03-27,
1944,12,2735,4,40,2026-08-28,BATCH-1944,2026-08-23,2026-08-28,Expiring in 0 days - flag for clearance; Below reorder level - reorder placed 2026-09-04
1945,5,1771,16,19,2026-08-21,BATCH-1945,2026-06-05,2026-08-21,Expiring in 0 days - flag for clearance; Below reorder level - reorder placed 2026-08-30
1946,11,2875,107,28,2026-01-12,BATCH-1946,2028-03-12,2026-01-12,
1947,11,384,63,19,2026-06-04,BATCH-1947,2029-09-10,2026-06-04,
1948,6,1450,85,30,2026-05-31,BATCH-1948,2026-11-25,2026-05-31,
1949,11,765,13,46,2025-10-19,BATCH-1949,2027-07-07,2025-10-19,Below reorder level - reorder placed 2025-10-27
1950,10,508,9,22,2026-08-30,BATCH-1950,2029-11-15,2026-08-30,Below reorder level - reorder placed 2026-09-09
1951,8,4750,53,44,2025-08-10,BATCH-1951,2028-03-10,2025-08-10,
1952,7,1775,34,59,2026-04-12,BATCH-1952,2026-10-21,2026-04-12,
1953,5,2347,108,55,2026-01-29,BATCH-1953,2027-08-09,2026-01-29,
1954,8,1665,57,42,2026-04-04,BATCH-1954,2026-10-21,2026-04-04,Expiring in 41 days - monitor
1955,9,2757,99,33,2026-03-02,BATCH-1955,2027-01-12,2026-03-02,
1956,2,3490,22,23,2025-06-07,BATCH-1956,2028-04-12,2025-06-07,Below reorder level - reorder placed 2025-06-14
1957,1,1580,43,51,2025-10-22,BATCH-1957,2027-10-09,2025-10-22,Below reorder level - reorder placed 2025-11-03
1958,9,3555,39,36,2026-07-01,BATCH-1958,2028-10-21,2026-07-01,
1959,1,2764,40,57,2025-06-22,BATCH-1959,2027-05-17,2025-06-22,
1960,12,4784,18,20,2026-01-02,BATCH-1960,2026-09-21,2026-01-02,Expiring in 11 days - flag for clearance; Below reorder level - reorder placed 2026-01-15
1961,9,433,35,20,2025-12-17,BATCH-1961,2028-05-20,2025-12-17,
1962,8,745,26,15,2026-01-25,BATCH-1962,2028-09-28,2026-01-25,
1963,2,4354,2,50,2026-05-26,BATCH-1963,2026-07-29,2026-05-26,Expiring in 0 days - flag for clearance; Below reorder level - reorder placed 2026-06-03
1964,6,489,4,44,2025-11-18,BATCH-1964,2027-05-04,2025-11-18,Below reorder level - reorder placed 2025-11-24
1965,8,3222,88,22,2026-07-01,BATCH-1965,2026-01-30,2026-07-01,Expiring in 0 days - flag for clearance
1966,4,4365,4,37,2026-02-25,BATCH-1966,2028-05-13,2026-02-25,Below reorder level - reorder placed 2026-03-06
1967,11,1666,108,37,2025-06-29,BATCH-1967,2027-10-31,2025-06-29,
1968,1,1894,113,17,2026-08-07,BATCH-1968,2029-04-01,2026-08-07,
1969,3,4584,113,39,2026-05-13,BATCH-1969,2027-06-23,2026-05-13,
1970,8,596,118,56,2026-01-24,BATCH-1970,2029-05-19,2026-01-24,
1971,8,2786,69,47,2026-07-14,BATCH-1971,2026-11-12,2026-07-14,
1972,6,4665,64,18,2026-05-02,BATCH-1972,2029-09-18,2026-05-02,
1973,4,2431,30,38,2025-08-19,BATCH-1973,2029-01-08,2025-08-19,Below reorder level - reorder placed 2025-08-27
1974,4,907,42,15,2026-04-26,BATCH-1974,2029-08-07,2026-04-26,
1975,6,1184,99,23,2025-12-18,BATCH-1975,2028-09-13,2025-12-18,
1976,2,793,42,44,2026-04-05,BATCH-1976,2026-03-13,2026-04-05,Expiring in 0 days - flag for clearance; Below reorder level - reorder placed 2026-04-12
1977,5,3569,58,52,2026-01-24,BATCH-1977,2027-03-26,2026-01-24,
1978,10,4948,31,20,2025-11-30,BATCH-1978,2028-04-09,2025-11-30,
1979,5,1220,6,57,2026-07-21,BATCH-1979,2028-01-25,2026-07-21,Below reorder level - reorder placed 2026-07-31
1980,9,1900,31,33,2025-06-13,BATCH-1980,2026-09-06,2025-06-13,Expiring in 0 days - flag for clearance
1981,7,1553,4,29,2026-03-26,BATCH-1981,2027-06-14,2026-03-26,
1982,11,3100,71,48,2026-02-27,BATCH-1982,2029-08-22,2026-02-27,
1983,6,1975,77,43,2025-06-23,BATCH-1983,2029-11-29,2025-06-23,
1984,3,3288,9,17,2026-04-06,BATCH-1984,2027-06-16,2026-04-06,Below reorder level - reorder placed 2026-04-17
1985,10,1696,27,17,2026-01-23,BATCH-1985,2026-10-14,2026-01-23,Expiring in 34 days - monitor
1986,11,13,53,46,2026-04-16,BATCH-1986,2028-12-07,2026-04-16,
1987,8,3930,27,59,2026-03-06,BATCH-1987,2029-08-01,2026-03-06,
1988,5,458,24,45,2026-06-12,BATCH-1988,2026-12-10,2026-06-12,
1989,11,1597,119,43,2025-07-04,BATCH-1989,2026-05-07,2025-07-04,Expiring in 0 days - flag for clearance
1990,11,1481,52,19,2026-05-04,BATCH-1990,2027-01-07,2026-05-04,
1991,3,1612,33,16,2026-08-01,BATCH-1991,2026-03-08,2026-08-01,Expiring in 0 days - flag for clearance
1992,6,1330,69,30,2026-08-06,BATCH-1992,2026-10-04,2026-08-06,Expiring in 24 days - flag for clearance
1993,3,3721,87,45,2026-05-21,BATCH-1993,2030-01-13,2026-05-21,
1994,10,1338,97,31,2026-01-14,BATCH-1994,2026-02-13,2026-01-14,Expiring in 0 days - flag for clearance
1995,7,2556,57,23,2025-11-09,BATCH-1995,2026-12-27,2025-11-09,
1996,8,4983,76,20,2026-03-10,BATCH-1996,2026-11-06,2026-03-10,Expiring in 57 days - monitor
1997,3,4107,0,30,2026-06-22,BATCH-1997,2026-04-12,2026-06-22,Expiring in 0 days - flag for clearance; Below reorder level - reorder placed 2026-07-01
1998,8,700,104,18,2026-04-14,BATCH-1998,2028-02-18,2026-04-14,
1999,8,349,117,51,2026-06-21,BATCH-1999,2026-10-05,2026-06-21,Expiring in 25 days - flag for clearance
2000,6,4781,111,17,2026-08-18,BATCH-2000,2026-11-27,2026-08-18,
2001,5,2721,82,17,2026-05-24,BATCH-2001,2029-04-09,2026-05-24,
2002,10,2349,103,38,2025-09-16,BATCH-2002,2026-12-17,2025-09-16,
2003,12,3633,43,19,2026-01-09,BATCH-2003,2028-06-14,2026-01-09,
2004,3,4301,20,53,2026-03-11,BATCH-2004,2026-12-02,2026-03-11,Expiring in 83 days - monitor; Below reorder level - reorder placed 2026-03-22
2005,11,3905,8,28,2026-08-05,BATCH-2005,2028-12-07,2026-08-05,
2006,5,3272,105,42,2026-05-10,BATCH-2006,2026-11-05,2026-05-10,
2007,5,2161,99,22,2025-08-22,BATCH-2007,2026-05-30,2025-08-22,Expiring in 0 days - flag for clearance
2008,12,1551,72,51,2026-08-15,BATCH-2008,2026-08-21,2026-08-15,Expiring in 0 days - flag for clearance
2009,8,714,48,47,2026-06-16,BATCH-2009,2028-02-02,2026-06-16,
2010,7,689,3,33,2026-02-02,BATCH-2010,2026-07-06,2026-02-02,Expiring in 0 days - flag for clearance; Below reorder level - reorder placed 2026-02-08
2011,10,4391,110,32,2026-03-20,BATCH-2011,2028-08-28,2026-03-20,
2012,11,2680,33,57,2026-03-17,BATCH-2012,2027-06-20,2026-03-17,Below reorder level - reorder placed 2026-03-23
2013,10,3099,64,33,2025-10-24,BATCH-2013,2028-06-07,2025-10-24,
2014,11,766,99,49,2026-01-03,BATCH-2014,2026-10-26,2026-01-03,
2015,6,3782,55,27,2025-08-15,BATCH-2015,2029-06-09,2025-08-15,
2016,4,394,41,49,2026-07-15,BATCH-2016,2026-06-05,2026-07-15,Expiring in 0 days - flag for clearance; Below reorder level - reorder placed 2026-07-20
2017,1,4014,5,59,2025-10-01,BATCH-2017,2028-05-18,2025-10-01,
2018,7,2623,104,31,2025-11-28,BATCH-2018,2029-12-28,2025-11-28,
2019,12,3235,67,53,2025-12-23,BATCH-2019,2029-08-25,2025-12-23,
2020,3,601,113,58,2026-04-16,BATCH-2020,2028-09-07,2026-04-16,
2021,10,4107,12,38,2026-08-02,BATCH-2021,2026-04-12,2026-08-02,Expiring in 0 days - flag for clearance; Below reorder level - reorder placed 2026-08-12
2022,9,1431,64,44,2026-08-06,BATCH-2022,2028-05-02,2026-08-06,
2023,9,2077,51,34,2026-05-30,BATCH-2023,2027-07-13,2026-05-30,
2024,12,339,119,55,2026-02-06,BATCH-2024,2029-08-28,2026-02-06,
2025,4,2981,87,41,2025-10-02,BATCH-2025,2029-03-06,2025-10-02,
2026,10,1658,117,56,2026-05-20,BATCH-2026,2029-04-21,2026-05-20,
2027,8,3364,90,24,2025-10-31,BATCH-2027,2026-11-05,2025-10-31,Expiring in 56 days - monitor
2028,9,3790,9,41,2026-07-09,BATCH-2028,2028-07-09,2026-07-09,Below reorder level - reorder placed 2026-07-18
2029,9,524,58,55,2025-10-15,BATCH-2029,2029-03-19,2025-10-15,
2030,1,4160,105,25,2026-01-22,BATCH-2030,2028-08-02,2026-01-22,
2031,1,4387,5,57,2025-10-16,BATCH-2031,2026-11-14,2025-10-16,Below reorder level - reorder placed 2025-10-26
2032,7,2072,108,45,2026-02-16,BATCH-2032,2027-02-05,2026-02-16,
2033,12,2244,105,51,2025-12-04,BATCH-2033,2026-11-10,2025-12-04,
2034,9,4438,49,31,2026-04-04,BATCH-2034,2027-02-11,2026-04-04,
2035,12,4264,12,18,2025-11-06,BATCH-2035,2027-12-22,2025-11-06,Below reorder level - reorder placed 2025-11-10
2036,9,3925,116,28,2026-08-26,BATCH-2036,2026-10-28,2026-08-26,Expiring in 48 days - monitor
2037,11,867,79,58,2026-07-23,BATCH-2037,2029-10-28,2026-07-23,
2038,2,2512,68,48,2025-09-09,BATCH-2038,2028-01-16,2025-09-09,
2039,5,3131,92,27,2025-11-02,BATCH-2039,2026-11-20,2025-11-02,
2040,2,2266,99,23,2026-02-27,BATCH-2040,2029-09-24,2026-02-27,
2041,4,1870,89,39,2025-10-24,BATCH-2041,2026-01-01,2025-10-24,Expiring in 0 days - flag for clearance
2042,8,170,25,18,2025-12-20,BATCH-2042,2027-10-12,2025-12-20,
2043,4,3645,46,36,2025-09-14,BATCH-2043,2026-03-29,2025-09-14,Expiring in 0 days - flag for clearance
2044,5,2444,50,26,2025-11-22,BATCH-2044,2026-01-22,2025-11-22,Expiring in 0 days - flag for clearance
2045,6,360,6,45,2026-03-27,BATCH-2045,2026-11-04,2026-03-27,
2046,9,2474,65,15,2026-07-13,BATCH-2046,2028-08-11,2026-07-13,
2047,10,4163,40,38,2026-03-27,BATCH-2047,2027-03-09,2026-03-27,
2048,4,3836,62,16,2025-08-09,BATCH-2048,2027-05-19,2025-08-09,
2049,1,599,40,30,2025-08-27,BATCH-2049,2026-07-03,2025-08-27,Expiring in 0 days - flag for clearance
2050,10,107,8,52,2025-12-02,BATCH-2050,2028-10-03,2025-12-02,
2051,7,4843,8,31,2026-02-12,BATCH-2051,2028-02-20,2026-02-12,Below reorder level - reorder placed 2026-02-22
2052,2,1150,101,29,2025-10-21,BATCH-2052,2026-10-07,2025-10-21,Expiring in 27 days - flag for clearance
2053,4,577,65,26,2026-03-12,BATCH-2053,2027-10-16,2026-03-12,
2054,11,859,62,53,2025-06-01,BATCH-2054,2026-11-27,2025-06-01,Expiring in 78 days - monitor
2055,12,2605,76,37,2025-07-16,BATCH-2055,2029-07-15,2025-07-16,
2056,4,2899,34,47,2025-11-24,BATCH-2056,2027-09-19,2025-11-24,Below reorder level - reorder placed 2025-12-01
2057,10,4178,69,45,2025-07-19,BATCH-2057,2027-06-17,2025-07-19,
2058,2,3754,86,43,2026-07-15,BATCH-2058,2028-08-03,2026-07-15,
2059,4,2880,6,47,2026-05-19,BATCH-2059,2026-07-08,2026-05-19,Expiring in 0 days - flag for clearance
2060,10,3890,100,46,2025-09-24,BATCH-2060,2026-11-07,2025-09-24,
2061,4,1284,93,59,2025-12-11,BATCH-2061,2026-05-31,2025-12-11,Expiring in 0 days - flag for clearance
2062,6,4201,110,37,2025-10-06,BATCH-2062,2027-02-03,2025-10-06,
2063,7,2921,102,18,2026-05-24,BATCH-2063,2029-09-01,2026-05-24,
2064,5,1368,65,46,2025-06-01,BATCH-2064,2026-11-01,2025-06-01,
2065,10,4321,5,52,2025-11-06,BATCH-2065,2026-10-17,2025-11-06,Expiring in 37 days - monitor; Below reorder level - reorder placed 2025-11-12
2066,9,1798,66,19,2025-08-02,BATCH-2066,2026-03-29,2025-08-02,Expiring in 0 days - flag for clearance
2067,11,3356,63,59,2026-06-16,BATCH-2067,2027-03-16,2026-06-16,
2068,3,938,61,54,2026-05-02,BATCH-2068,2027-04-19,2026-05-02,
2069,1,2686,102,20,2025-09-07,BATCH-2069,2028-07-03,2025-09-07,
2070,5,834,77,32,2026-03-10,BATCH-2070,2026-12-21,2026-03-10,
2071,5,2603,77,34,2026-09-03,BATCH-2071,2026-08-07,2026-09-03,Expiring in 0 days - flag for clearance
2072,1,1008,78,18,2026-05-20,BATCH-2072,2029-11-18,2026-05-20,
2073,4,1839,110,36,2026-04-01,BATCH-2073,2029-12-23,2026-04-01,
2074,2,4373,109,54,2026-07-14,BATCH-2074,2028-05-05,2026-07-14,
2075,10,1706,88,16,2026-08-18,BATCH-2075,2029-08-17,2026-08-18,
2076,11,3321,37,19,2026-05-03,BATCH-2076,2027-04-16,2026-05-03,
2077,3,3687,101,24,2025-11-29,BATCH-2077,2027-09-06,2025-11-29,
2078,9,3010,46,28,2025-08-12,BATCH-2078,2030-01-17,2025-08-12,
2079,4,483,81,45,2026-01-04,BATCH-2079,2026-09-15,2026-01-04,Expiring in 5 days - flag for clearance
2080,3,2773,108,29,2025-07-09,BATCH-2080,2028-07-08,2025-07-09,
2081,9,2040,26,38,2026-05-08,BATCH-2081,2028-11-07,2026-05-08,Below reorder level - reorder placed 2026-05-21
2082,9,2678,45,22,2026-02-16,BATCH-2082,2029-01-20,2026-02-16,
2083,5,1550,81,17,2025-08-20,BATCH-2083,2026-12-05,2025-08-20,
2084,9,2535,70,49,2026-07-01,BATCH-2084,2029-06-13,2026-07-01,
2085,2,4800,109,51,2025-09-16,BATCH-2085,2029-06-22,2025-09-16,
2086,5,1769,71,59,2025-09-19,BATCH-2086,2029-06-04,2025-09-19,
2087,1,1382,17,35,2026-02-13,BATCH-2087,2028-08-07,2026-02-13,Below reorder level - reorder placed 2026-02-26
2088,3,3753,43,35,2026-05-05,BATCH-2088,2027-05-08,2026-05-05,
2089,1,2974,70,18,2026-04-19,BATCH-2089,2026-05-22,2026-04-19,Expiring in 0 days - flag for clearance
2090,12,1520,41,42,2025-07-22,BATCH-2090,2029-12-28,2025-07-22,Below reorder level - reorder placed 2025-07-26
2091,8,1918,69,42,2026-04-08,BATCH-2091,2027-10-02,2026-04-08,
2092,1,298,45,34,2026-08-27,BATCH-2092,2027-01-02,2026-08-27,
2093,8,1633,51,52,2025-12-14,BATCH-2093,2028-11-12,2025-12-14,Below reorder level - reorder placed 2025-12-19
2094,11,4143,77,16,2025-09-25,BATCH-2094,2028-01-28,2025-09-25,
2095,6,276,15,31,2025-07-18,BATCH-2095,2029-10-26,2025-07-18,Below reorder level - reorder placed 2025-07-28
2096,6,807,118,38,2025-08-31,BATCH-2096,2028-12-11,2025-08-31,
2097,4,3028,17,36,2025-12-04,BATCH-2097,2029-03-28,2025-12-04,Below reorder level - reorder placed 2025-12-07
2098,9,2615,111,38,2025-08-29,BATCH-2098,2029-05-07,2025-08-29,
2099,5,1272,102,40,2026-07-07,BATCH-2099,2026-09-17,2026-07-07,Expiring in 7 days - flag for clearance
2100,2,290,42,56,2026-08-03,BATCH-2100,2026-12-17,2026-08-03,Below reorder level - reorder placed 2026-08-06
2101,7,1515,73,19,2025-07-31,BATCH-2101,2026-01-04,2025-07-31,Expiring in 0 days - flag for clearance
2102,12,606,62,20,2025-06-06,BATCH-2102,2027-03-13,2025-06-06,
2103,11,4890,80,43,2026-01-28,BATCH-2103,2026-04-10,2026-01-28,Expiring in 0 days - flag for clearance
2104,1,3270,54,16,2026-04-26,BATCH-2104,2026-12-18,2026-04-26,
2105,8,379,73,43,2026-02-13,BATCH-2105,2028-03-20,2026-02-13,
2106,1,640,23,59,2025-12-02,BATCH-2106,2029-02-17,2025-12-02,
2107,12,395,24,18,2025-09-22,BATCH-2107,2026-11-10,2025-09-22,
2108,6,1388,74,32,2026-08-05,BATCH-2108,2028-01-09,2026-08-05,
2109,1,3837,65,46,2026-05-16,BATCH-2109,2026-03-02,2026-05-16,Expiring in 0 days - flag for clearance
2110,10,803,5,40,2025-08-03,BATCH-2110,2025-12-15,2025-08-03,Expiring in 0 days - flag for clearance; Below reorder level - reorder placed 2025-08-06
2111,6,2028,38,34,2025-07-15,BATCH-2111,2026-01-17,2025-07-15,Expiring in 0 days - flag for clearance
2112,10,1762,10,42,2026-07-04,BATCH-2112,2027-03-02,2026-07-04,
2113,10,2951,13,16,2025-11-13,BATCH-2113,2026-05-25,2025-11-13,Expiring in 0 days - flag for clearance
2114,3,4651,97,51,2026-03-01,BATCH-2114,2026-09-26,2026-03-01,Expiring in 16 days - flag for clearance
2115,8,3370,33,32,2026-03-17,BATCH-2115,2029-08-28,2026-03-17,
2116,5,4852,115,53,2026-05-12,BATCH-2116,2029-04-21,2026-05-12,
2117,1,2066,114,36,2026-02-10,BATCH-2117,2026-01-18,2026-02-10,Expiring in 0 days - flag for clearance
2118,5,2795,100,39,2026-02-20,BATCH-2118,2027-05-07,2026-02-20,
2119,6,3796,103,50,2025-06-22,BATCH-2119,2028-08-23,2025-06-22,
2120,7,1436,78,17,2025-07-07,BATCH-2120,2027-02-21,2025-07-07,
2121,3,2579,29,57,2025-09-22,BATCH-2121,2029-07-30,2025-09-22,Below reorder level - reorder placed 2025-09-29
2122,6,647,56,22,2026-04-09,BATCH-2122,2027-05-02,2026-04-09,
2123,9,4203,46,17,2025-12-20,BATCH-2123,2027-11-16,2025-12-20,
2124,7,664,74,41,2026-01-07,BATCH-2124,2026-05-17,2026-01-07,Expiring in 0 days - flag for clearance
2125,1,47,19,51,2026-07-02,BATCH-2125,2028-11-05,2026-07-02,Below reorder level - reorder placed 2026-07-09
2126,9,41,24,45,2026-01-14,BATCH-2126,2029-05-04,2026-01-14,Below reorder level - reorder placed 2026-01-20
2127,11,4216,27,16,2025-06-16,BATCH-2127,2026-12-26,2025-06-16,
2128,5,375,12,38,2026-03-24,BATCH-2128,2029-11-23,2026-03-24,
2129,1,4800,55,53,2025-07-28,BATCH-2129,2029-06-22,2025-07-28,
2130,10,3724,48,32,2025-09-29,BATCH-2130,2026-11-23,2025-09-29,Expiring in 74 days - monitor
2131,7,1636,22,44,2026-02-26,BATCH-2131,2027-09-21,2026-02-26,
2132,5,3295,74,31,2025-06-10,BATCH-2132,2030-01-18,2025-06-10,
2133,3,4342,63,19,2026-04-24,BATCH-2133,2027-07-29,2026-04-24,
2134,10,228,14,18,2026-02-05,BATCH-2134,2028-11-15,2026-02-05,Below reorder level - reorder placed 2026-02-18
2135,12,4601,60,15,2025-10-06,BATCH-2135,2026-09-10,2025-10-06,Expiring in 0 days - flag for clearance
2136,3,4401,47,57,2025-11-06,BATCH-2136,2027-09-21,2025-11-06,Below reorder level - reorder placed 2025-11-19
2137,5,4498,53,30,2025-07-20,BATCH-2137,2028-11-28,2025-07-20,
2138,7,1814,50,42,2025-09-08,BATCH-2138,2026-09-26,2025-09-08,Expiring in 16 days - flag for clearance
2139,10,4710,26,50,2025-11-04,BATCH-2139,2028-11-18,2025-11-04,
2140,6,4527,49,57,2026-05-21,BATCH-2140,2026-02-16,2026-05-21,Expiring in 0 days - flag for clearance; Below reorder level - reorder placed 2026-06-02
2141,5,4497,72,18,2025-12-21,BATCH-2141,2027-04-19,2025-12-21,
2142,3,4077,85,18,2026-04-30,BATCH-2142,2029-07-25,2026-04-30,
2143,4,1956,92,34,2026-02-02,BATCH-2143,2027-06-27,2026-02-02,
2144,11,907,64,59,2025-08-29,BATCH-2144,2029-08-07,2025-08-29,
2145,10,4766,82,43,2026-01-05,BATCH-2145,2029-11-18,2026-01-05,
2146,12,876,102,45,2026-02-10,BATCH-2146,2026-10-29,2026-02-10,Expiring in 49 days - monitor
2147,7,416,34,20,2025-08-07,BATCH-2147,2026-04-13,2025-08-07,Expiring in 0 days - flag for clearance
2148,2,679,95,19,2025-09-10,BATCH-2148,2028-10-22,2025-09-10,
2149,9,354,14,16,2025-07-04,BATCH-2149,2029-02-18,2025-07-04,Below reorder level - reorder placed 2025-07-12
2150,2,3241,71,52,2025-11-08,BATCH-2150,2027-03-03,2025-11-08,
2151,11,1108,77,55,2026-03-02,BATCH-2151,2027-11-13,2026-03-02,
2152,9,617,40,48,2025-08-03,BATCH-2152,2027-12-05,2025-08-03,Below reorder level - reorder placed 2025-08-09
2153,4,4462,70,43,2026-04-26,BATCH-2153,2027-03-07,2026-04-26,
2154,10,1668,61,58,2025-07-28,BATCH-2154,2027-11-18,2025-07-28,
2155,5,773,42,28,2026-04-23,BATCH-2155,2026-12-18,2026-04-23,
2156,6,4161,6,32,2025-09-27,BATCH-2156,2026-01-04,2025-09-27,Expiring in 0 days - flag for clearance
2157,11,1909,57,34,2026-05-25,BATCH-2157,2029-01-02,2026-05-25,
2158,9,824,95,35,2026-04-27,BATCH-2158,2029-08-01,2026-04-27,
2159,1,330,103,55,2026-04-20,BATCH-2159,2026-10-12,2026-04-20,
2160,12,1044,83,54,2025-12-05,BATCH-2160,2027-08-27,2025-12-05,
2161,12,202,97,39,2026-03-14,BATCH-2161,2028-06-06,2026-03-14,
2162,5,3485,5,25,2026-06-17,BATCH-2162,2029-04-10,2026-06-17,Below reorder level - reorder placed 2026-06-30
2163,5,3194,20,46,2026-03-05,BATCH-2163,2028-10-31,2026-03-05,Below reorder level - reorder placed 2026-03-13
2164,12,1834,90,31,2026-03-16,BATCH-2164,2028-04-13,2026-03-16,
2165,4,488,77,22,2025-12-28,BATCH-2165,2026-11-11,2025-12-28,Expiring in 62 days - monitor
2166,7,1222,91,39,2026-08-02,BATCH-2166,2029-02-24,2026-08-02,
2167,8,4709,70,19,2026-07-19,BATCH-2167,2029-05-03,2026-07-19,
2168,6,1953,24,23,2026-01-06,BATCH-2168,2029-12-10,2026-01-06,
2169,10,4146,111,37,2026-02-08,BATCH-2169,2026-11-05,2026-02-08,
2170,8,1077,107,30,2025-07-04,BATCH-2170,2027-05-20,2025-07-04,
2171,6,3830,10,27,2026-01-23,BATCH-2171,2026-12-01,2026-01-23,
2172,5,148,58,25,2025-10-03,BATCH-2172,2026-02-10,2025-10-03,Expiring in 0 days - flag for clearance
2173,3,356,39,24,2025-08-05,BATCH-2173,2028-01-31,2025-08-05,
2174,12,3260,44,54,2025-09-07,BATCH-2174,2028-01-20,2025-09-07,Below reorder level - reorder placed 2025-09-20
2175,11,4650,68,49,2025-09-04,BATCH-2175,2026-03-08,2025-09-04,Expiring in 0 days - flag for clearance
2176,7,1134,40,27,2025-12-27,BATCH-2176,2026-02-07,2025-12-27,Expiring in 0 days - flag for clearance
2177,8,4258,61,58,2026-04-12,BATCH-2177,2028-07-14,2026-04-12,
2178,6,4232,115,21,2025-08-11,BATCH-2178,2029-01-31,2025-08-11,
2179,8,3209,101,53,2025-08-17,BATCH-2179,2029-05-13,2025-08-17,
2180,3,4172,67,50,2026-04-30,BATCH-2180,2029-03-27,2026-04-30,
2181,9,2045,65,29,2025-12-30,BATCH-2181,2027-10-25,2025-12-30,
2182,6,505,118,41,2026-01-04,BATCH-2182,2027-06-28,2026-01-04,
2183,1,2564,91,35,2026-05-03,BATCH-2183,2026-07-02,2026-05-03,Expiring in 0 days - flag for clearance
2184,1,320,112,57,2026-08-16,BATCH-2184,2029-11-08,2026-08-16,
2185,5,3971,117,45,2025-10-16,BATCH-2185,2027-07-05,2025-10-16,
2186,10,1431,67,58,2025-09-30,BATCH-2186,2028-05-02,2025-09-30,
2187,3,2973,96,22,2025-09-05,BATCH-2187,2027-12-19,2025-09-05,
2188,7,3556,25,56,2026-01-15,BATCH-2188,2029-09-21,2026-01-15,Below reorder level - reorder placed 2026-01-19
2189,5,3329,18,37,2026-07-14,BATCH-2189,2029-02-22,2026-07-14,
2190,8,861,92,40,2025-07-08,BATCH-2190,2028-04-04,2025-07-08,
2191,1,2648,74,21,2026-07-26,BATCH-2191,2029-05-13,2026-07-26,
2192,8,2619,40,56,2026-06-18,BATCH-2192,2026-01-05,2026-06-18,Expiring in 0 days - flag for clearance; Below reorder level - reorder placed 2026-06-29
2193,3,194,44,50,2026-01-20,BATCH-2193,2026-02-17,2026-01-20,Expiring in 0 days - flag for clearance; Below reorder level - reorder placed 2026-01-28
2194,8,2648,14,24,2026-01-21,BATCH-2194,2029-05-13,2026-01-21,
2195,5,2755,16,38,2026-07-29,BATCH-2195,2029-08-17,2026-07-29,Below reorder level - reorder placed 2026-08-08
2196,10,3121,49,51,2025-08-01,BATCH-2196,2029-05-23,2025-08-01,Below reorder level - reorder placed 2025-08-08
2197,11,3681,108,19,2025-07-22,BATCH-2197,2027-04-05,2025-07-22,
2198,4,4920,90,32,2025-07-18,BATCH-2198,2028-01-10,2025-07-18,
2199,3,3188,67,55,2025-07-17,BATCH-2199,2028-10-17,2025-07-17,
2200,2,349,119,16,2025-07-21,BATCH-2200,2026-10-05,2025-07-21,Expiring in 25 days - flag for clearance
2201,5,4745,75,46,2025-06-09,BATCH-2201,2029-06-26,2025-06-09,
2202,8,4442,38,27,2026-01-29,BATCH-2202,2028-02-14,2026-01-29,
2203,3,1176,68,44,2025-09-13,BATCH-2203,2029-11-27,2025-09-13,
2204,10,1672,65,15,2026-04-12,BATCH-2204,2028-12-04,2026-04-12,
2205,8,1221,71,52,2025-06-20,BATCH-2205,2027-11-22,2025-06-20,
2206,9,4956,102,52,2026-05-28,BATCH-2206,2026-01-06,2026-05-28,Expiring in 0 days - flag for clearance
2207,9,1640,94,40,2026-04-27,BATCH-2207,2029-02-05,2026-04-27,
2208,9,4172,91,27,2025-06-29,BATCH-2208,2029-03-27,2025-06-29,
2209,8,3731,31,50,2025-06-07,BATCH-2209,2027-08-17,2025-06-07,Below reorder level - reorder placed 2025-06-14
2210,6,312,55,56,2025-06-19,BATCH-2210,2026-08-26,2025-06-19,Expiring in 0 days - flag for clearance; Below reorder level - reorder placed 2025-06-25
2211,12,370,113,51,2025-11-09,BATCH-2211,2028-08-06,2025-11-09,
2212,6,3350,24,51,2026-08-08,BATCH-2212,2026-01-17,2026-08-08,Expiring in 0 days - flag for clearance; Below reorder level - reorder placed 2026-08-13
2213,6,2193,53,51,2026-05-06,BATCH-2213,2026-06-22,2026-05-06,Expiring in 0 days - flag for clearance
2214,6,3822,12,37,2026-01-30,BATCH-2214,2029-10-25,2026-01-30,
2215,2,832,45,25,2025-09-02,BATCH-2215,2028-11-26,2025-09-02,
2216,5,1801,41,33,2025-12-10,BATCH-2216,2028-06-17,2025-12-10,
2217,9,4689,116,18,2025-07-17,BATCH-2217,2027-09-25,2025-07-17,
2218,12,2688,54,34,2025-06-11,BATCH-2218,2028-03-07,2025-06-11,
2219,5,3952,85,25,2025-09-08,BATCH-2219,2026-02-06,2025-09-08,Expiring in 0 days - flag for clearance
2220,1,2704,108,31,2026-01-20,BATCH-2220,2029-09-08,2026-01-20,
2221,9,4702,119,33,2026-04-16,BATCH-2221,2027-03-31,2026-04-16,
2222,3,336,79,51,2026-06-04,BATCH-2222,2027-01-07,2026-06-04,
2223,3,4860,23,54,2026-06-06,BATCH-2223,2027-06-16,2026-06-06,Below reorder level - reorder placed 2026-06-10
2224,5,4860,58,27,2026-07-05,BATCH-2224,2027-06-16,2026-07-05,
2225,5,2979,93,15,2025-12-09,BATCH-2225,2026-05-11,2025-12-09,Expiring in 0 days - flag for clearance
2226,2,3409,26,22,2026-06-19,BATCH-2226,2026-08-01,2026-06-19,Expiring in 0 days - flag for clearance
2227,6,1590,44,53,2025-06-30,BATCH-2227,2025-12-13,2025-06-30,Expiring in 0 days - flag for clearance; Below reorder level - reorder placed 2025-07-04
2228,9,2792,81,51,2025-12-06,BATCH-2228,2026-01-29,2025-12-06,Expiring in 0 days - flag for clearance
2229,3,1781,110,26,2026-07-21,BATCH-2229,2026-07-22,2026-07-21,Expiring in 0 days - flag for clearance
2230,5,3843,63,34,2025-07-24,BATCH-2230,2026-05-09,2025-07-24,Expiring in 0 days - flag for clearance
2231,2,2799,7,55,2025-07-18,BATCH-2231,2029-09-16,2025-07-18,Below reorder level - reorder placed 2025-07-28
2232,6,430,2,52,2026-05-21,BATCH-2232,2029-05-30,2026-05-21,Below reorder level - reorder placed 2026-06-03
2233,12,3411,14,23,2025-06-22,BATCH-2233,2029-08-01,2025-06-22,Below reorder level - reorder placed 2025-07-03
2234,3,2058,72,32,2026-08-09,BATCH-2234,2029-10-04,2026-08-09,
2235,12,4814,32,42,2025-10-07,BATCH-2235,2028-12-19,2025-10-07,Below reorder level - reorder placed 2025-10-19
2236,6,4146,49,56,2025-08-20,BATCH-2236,2026-11-05,2025-08-20,
2237,3,441,47,55,2025-06-15,BATCH-2237,2028-11-27,2025-06-15,Below reorder level - reorder placed 2025-06-22
2238,5,3494,103,46,2026-04-16,BATCH-2238,2028-09-04,2026-04-16,
2239,10,1886,88,16,2026-06-22,BATCH-2239,2028-11-01,2026-06-22,
2240,10,3619,63,45,2026-02-27,BATCH-2240,2028-04-22,2026-02-27,
2241,5,3767,52,43,2026-07-05,BATCH-2241,2026-12-07,2026-07-05,
2242,7,4380,48,26,2025-07-20,BATCH-2242,2028-08-31,2025-07-20,
2243,12,4320,70,35,2026-03-31,BATCH-2243,2029-09-27,2026-03-31,
2244,4,107,61,29,2026-03-05,BATCH-2244,2028-10-03,2026-03-05,
2245,4,1518,18,29,2026-04-19,BATCH-2245,2030-01-15,2026-04-19,Below reorder level - reorder placed 2026-04-25
2246,5,2549,16,24,2025-12-10,BATCH-2246,2029-06-17,2025-12-10,Below reorder level - reorder placed 2025-12-22
2247,9,4141,56,59,2025-06-17,BATCH-2247,2028-08-16,2025-06-17,Below reorder level - reorder placed 2025-06-30
2248,9,3277,56,51,2025-11-04,BATCH-2248,2026-08-07,2025-11-04,Expiring in 0 days - flag for clearance
2249,10,1480,116,40,2026-05-18,BATCH-2249,2026-11-29,2026-05-18,
2250,4,3285,73,52,2026-05-09,BATCH-2250,2026-01-25,2026-05-09,Expiring in 0 days - flag for clearance
2251,12,2951,70,26,2025-09-14,BATCH-2251,2026-05-25,2025-09-14,Expiring in 0 days - flag for clearance
2252,5,4014,105,49,2026-01-03,BATCH-2252,2028-05-18,2026-01-03,
2253,7,4640,69,33,2026-03-29,BATCH-2253,2026-12-06,2026-03-29,Expiring in 87 days - monitor
2254,12,2235,70,23,2025-12-28,BATCH-2254,2029-05-14,2025-12-28,
2255,7,283,22,38,2026-08-13,BATCH-2255,2028-01-02,2026-08-13,Below reorder level - reorder placed 2026-08-20
2256,1,888,87,58,2025-11-01,BATCH-2256,2026-02-04,2025-11-01,Expiring in 0 days - flag for clearance
2257,3,891,3,40,2026-05-20,BATCH-2257,2029-07-03,2026-05-20,
2258,6,1631,117,46,2026-01-01,BATCH-2258,2027-04-19,2026-01-01,
2259,11,3986,69,33,2026-04-28,BATCH-2259,2025-12-22,2026-04-28,Expiring in 0 days - flag for clearance
2260,1,2762,50,35,2026-05-28,BATCH-2260,2026-12-01,2026-05-28,
2261,10,3841,65,18,2026-03-18,BATCH-2261,2029-03-12,2026-03-18,
2262,1,2115,7,28,2026-01-06,BATCH-2262,2027-10-12,2026-01-06,Below reorder level - reorder placed 2026-01-09
2263,9,4513,3,28,2026-04-13,BATCH-2263,2027-11-20,2026-04-13,Below reorder level - reorder placed 2026-04-21
2264,11,2933,119,53,2026-03-03,BATCH-2264,2028-07-30,2026-03-03,
2265,4,3300,85,15,2025-08-08,BATCH-2265,2029-09-07,2025-08-08,
2266,1,4233,112,58,2025-11-11,BATCH-2266,2027-12-11,2025-11-11,
2267,8,1041,77,28,2026-02-12,BATCH-2267,2029-10-12,2026-02-12,
2268,8,1330,44,51,2026-06-25,BATCH-2268,2026-10-04,2026-06-25,Expiring in 24 days - flag for clearance; Below reorder level - reorder placed 2026-07-03
2269,11,4268,8,15,2025-07-31,BATCH-2269,2026-01-26,2025-07-31,Expiring in 0 days - flag for clearance; Below reorder level - reorder placed 2025-08-05
2270,3,2947,45,49,2025-11-08,BATCH-2270,2028-05-05,2025-11-08,
2271,9,447,52,36,2025-12-31,BATCH-2271,2029-06-19,2025-12-31,
2272,5,2977,30,31,2025-07-04,BATCH-2272,2028-01-31,2025-07-04,Below reorder level - reorder placed 2025-07-08
2273,10,574,2,46,2025-12-12,BATCH-2273,2029-08-17,2025-12-12,Below reorder level - reorder placed 2025-12-20
2274,6,1346,109,48,2026-07-28,BATCH-2274,2029-02-04,2026-07-28,
2275,4,2112,25,52,2026-01-16,BATCH-2275,2027-12-26,2026-01-16,
2276,7,1577,2,51,2026-05-16,BATCH-2276,2030-01-16,2026-05-16,Below reorder level - reorder placed 2026-05-28
2277,3,3754,30,25,2026-04-06,BATCH-2277,2028-08-03,2026-04-06,
2278,7,1716,89,45,2025-08-01,BATCH-2278,2029-02-20,2025-08-01,
2279,3,4379,1,40,2026-08-12,BATCH-2279,2026-11-28,2026-08-12,
2280,9,1297,53,56,2026-05-12,BATCH-2280,2027-05-30,2026-05-12,Below reorder level - reorder placed 2026-05-19
2281,2,2201,56,15,2026-03-07,BATCH-2281,2026-12-17,2026-03-07,
2282,2,4229,28,47,2026-02-23,BATCH-2282,2028-09-27,2026-02-23,Below reorder level - reorder placed 2026-02-26
2283,10,83,96,51,2025-06-18,BATCH-2283,2027-06-08,2025-06-18,
2284,12,3466,111,54,2026-02-21,BATCH-2284,2029-12-02,2026-02-21,
2285,7,2063,95,48,2025-06-26,BATCH-2285,2028-02-13,2025-06-26,
2286,7,1995,19,20,2026-02-12,BATCH-2286,2028-01-11,2026-02-12,
2287,6,74,60,51,2026-04-19,BATCH-2287,2029-07-02,2026-04-19,
2288,3,3846,2,21,2026-08-23,BATCH-2288,2028-04-16,2026-08-23,Below reorder level - reorder placed 2026-08-28
2289,7,4396,111,15,2026-01-23,BATCH-2289,2027-12-05,2026-01-23,
2290,4,1386,103,34,2026-06-23,BATCH-2290,2027-06-28,2026-06-23,
2291,8,84,82,51,2025-09-19,BATCH-2291,2027-06-19,2025-09-19,
2292,12,657,102,25,2025-10-08,BATCH-2292,2029-04-06,2025-10-08,
2293,11,973,112,19,2025-06-14,BATCH-2293,2028-07-19,2025-06-14,
2294,12,4488,35,37,2026-01-08,BATCH-2294,2027-10-18,2026-01-08,Below reorder level - reorder placed 2026-01-15
2295,2,503,14,43,2026-04-21,BATCH-2295,2026-07-23,2026-04-21,Expiring in 0 days - flag for clearance; Below reorder level - reorder placed 2026-05-02
2296,5,3286,33,42,2026-07-22,BATCH-2296,2026-12-24,2026-07-22,Below reorder level - reorder placed 2026-07-30
2297,1,2799,75,20,2025-08-10,BATCH-2297,2029-09-16,2025-08-10,
2298,11,773,54,49,2025-10-15,BATCH-2298,2026-12-18,2025-10-15,
2299,9,2283,60,32,2025-07-28,BATCH-2299,2026-05-26,2025-07-28,Expiring in 0 days - flag for clearance
2300,4,2067,39,16,2026-06-08,BATCH-2300,2027-06-10,2026-06-08,
2301,10,2352,86,31,2026-06-20,BATCH-2301,2026-12-16,2026-06-20,
2302,9,4107,105,43,2026-03-23,BATCH-2302,2026-04-12,2026-03-23,Expiring in 0 days - flag for clearance
2303,1,4965,12,16,2025-11-30,BATCH-2303,2026-05-30,2025-11-30,Expiring in 0 days - flag for clearance
2304,8,1779,97,46,2025-10-26,BATCH-2304,2029-08-14,2025-10-26,
2305,10,1904,114,47,2025-10-29,BATCH-2305,2027-01-17,2025-10-29,
2306,10,1985,1,31,2025-06-16,BATCH-2306,2028-07-15,2025-06-16,Below reorder level - reorder placed 2025-06-29
2307,7,2230,105,19,2026-04-27,BATCH-2307,2026-11-19,2026-04-27,Expiring in 70 days - monitor
2308,6,2235,110,55,2026-04-12,BATCH-2308,2029-05-14,2026-04-12,
2309,11,1318,58,45,2026-04-28,BATCH-2309,2026-11-20,2026-04-28,
2310,5,1720,94,24,2025-09-27,BATCH-2310,2029-04-20,2025-09-27,
2311,10,3121,57,27,2025-07-21,BATCH-2311,2029-05-23,2025-07-21,
2312,5,876,88,18,2026-03-30,BATCH-2312,2026-10-29,2026-03-30,
2313,2,3336,16,40,2025-08-08,BATCH-2313,2029-10-16,2025-08-08,Below reorder level - reorder placed 2025-08-12
2314,3,559,67,18,2026-02-04,BATCH-2314,2029-10-02,2026-02-04,
2315,1,80,53,35,2025-11-07,BATCH-2315,2027-09-14,2025-11-07,
2316,1,1489,25,39,2026-03-18,BATCH-2316,2029-08-25,2026-03-18,Below reorder level - reorder placed 2026-03-22
2317,4,4434,113,31,2026-04-24,BATCH-2317,2029-02-18,2026-04-24,
2318,11,192,87,53,2026-04-17,BATCH-2318,2029-04-14,2026-04-17,
2319,2,4971,43,58,2025-10-28,BATCH-2319,2027-09-25,2025-10-28,Below reorder level - reorder placed 2025-11-03
2320,2,3644,71,51,2026-02-10,BATCH-2320,2027-12-18,2026-02-10,
2321,3,1157,24,46,2025-11-29,BATCH-2321,2026-03-11,2025-11-29,Expiring in 0 days - flag for clearance; Below reorder level - reorder placed 2025-12-07
2322,7,1563,9,29,2026-08-06,BATCH-2322,2026-12-07,2026-08-06,Expiring in 88 days - monitor
2323,3,1786,110,47,2026-03-08,BATCH-2323,2026-12-24,2026-03-08,
2324,11,191,112,59,2025-07-16,BATCH-2324,2026-11-14,2025-07-16,
2325,5,1780,62,16,2026-04-15,BATCH-2325,2028-10-15,2026-04-15,
2326,11,2391,89,44,2026-02-02,BATCH-2326,2026-07-23,2026-02-02,Expiring in 0 days - flag for clearance
2327,8,132,63,20,2025-12-12,BATCH-2327,2028-04-19,2025-12-12,
2328,3,4309,18,48,2025-09-06,BATCH-2328,2026-10-06,2025-09-06,Expiring in 26 days - flag for clearance
2329,3,1412,23,30,2025-12-30,BATCH-2329,2029-09-26,2025-12-30,
2330,1,3616,87,35,2026-02-23,BATCH-2330,2028-08-25,2026-02-23,
2331,11,2282,47,56,2026-03-10,BATCH-2331,2027-01-30,2026-03-10,Below reorder level - reorder placed 2026-03-18
2332,7,1321,72,57,2025-08-02,BATCH-2332,2027-02-13,2025-08-02,
2333,4,1001,90,17,2026-07-06,BATCH-2333,2028-11-16,2026-07-06,
2334,4,4971,27,53,2026-03-29,BATCH-2334,2027-09-25,2026-03-29,
2335,1,134,116,53,2025-07-18,BATCH-2335,2027-01-01,2025-07-18,
2336,3,2443,37,19,2026-02-27,BATCH-2336,2027-08-11,2026-02-27,
2337,6,2223,2,24,2025-12-01,BATCH-2337,2026-03-25,2025-12-01,Expiring in 0 days - flag for clearance; Below reorder level - reorder placed 2025-12-07
2338,8,4939,102,42,2025-10-07,BATCH-2338,2029-09-20,2025-10-07,
2339,5,4459,114,27,2026-08-02,BATCH-2339,2028-09-07,2026-08-02,
2340,7,4683,40,37,2026-02-12,BATCH-2340,2027-03-29,2026-02-12,
2341,5,4042,5,16,2026-01-05,BATCH-2341,2026-05-20,2026-01-05,Expiring in 0 days - flag for clearance; Below reorder level - reorder placed 2026-01-09
2342,6,57,35,45,2025-10-15,BATCH-2342,2029-10-05,2025-10-15,Below reorder level - reorder placed 2025-10-22
2343,12,3204,40,30,2026-05-18,BATCH-2343,2027-01-22,2026-05-18,
2344,12,1059,116,15,2025-06-24,BATCH-2344,2029-03-28,2025-06-24,
2345,1,138,1,33,2025-09-27,BATCH-2345,2026-09-29,2025-09-27,Expiring in 19 days - flag for clearance; Below reorder level - reorder placed 2025-10-04
2346,3,1005,110,35,2025-07-13,BATCH-2346,2029-09-27,2025-07-13,
2347,6,770,3,23,2026-02-06,BATCH-2347,2028-06-26,2026-02-06,Below reorder level - reorder placed 2026-02-15
2348,9,754,28,41,2026-04-24,BATCH-2348,2028-02-21,2026-04-24,Below reorder level - reorder placed 2026-05-06
2349,4,1306,15,41,2025-10-07,BATCH-2349,2029-10-01,2025-10-07,Below reorder level - reorder placed 2025-10-11
2350,2,444,106,24,2025-12-21,BATCH-2350,2026-04-15,2025-12-21,Expiring in 0 days - flag for clearance
2351,4,1194,63,24,2026-06-07,BATCH-2351,2026-10-19,2026-06-07,Expiring in 39 days - monitor
2352,5,2755,92,48,2026-03-27,BATCH-2352,2029-08-17,2026-03-27,
2353,6,17,72,17,2026-05-30,BATCH-2353,2027-12-08,2026-05-30,
2354,9,3378,105,40,2025-09-09,BATCH-2354,2027-05-08,2025-09-09,
2355,9,4522,15,31,2025-10-22,BATCH-2355,2026-04-22,2025-10-22,Expiring in 0 days - flag for clearance; Below reorder level - reorder placed 2025-10-25
2356,1,3924,65,30,2025-10-22,BATCH-2356,2026-05-14,2025-10-22,Expiring in 0 days - flag for clearance
2357,5,3457,7,18,2026-03-16,BATCH-2357,2026-09-22,2026-03-16,Expiring in 12 days - flag for clearance; Below reorder level - reorder placed 2026-03-21
2358,10,4262,82,51,2025-12-10,BATCH-2358,2026-02-02,2025-12-10,Expiring in 0 days - flag for clearance
2359,1,4636,6,46,2025-08-01,BATCH-2359,2028-03-04,2025-08-01,Below reorder level - reorder placed 2025-08-09
2360,2,2990,110,46,2025-06-24,BATCH-2360,2027-05-10,2025-06-24,
2361,2,4311,67,32,2026-03-11,BATCH-2361,2029-06-21,2026-03-11,
2362,3,2868,93,15,2026-03-23,BATCH-2362,2029-03-26,2026-03-23,
2363,12,3104,94,42,2025-08-08,BATCH-2363,2027-02-18,2025-08-08,
2364,8,2193,41,47,2026-07-01,BATCH-2364,2026-06-22,2026-07-01,Expiring in 0 days - flag for clearance; Below reorder level - reorder placed 2026-07-12
2365,8,341,47,36,2026-04-05,BATCH-2365,2028-02-13,2026-04-05,
2366,1,1552,109,29,2026-02-02,BATCH-2366,2028-11-18,2026-02-02,
2367,11,4749,110,56,2026-04-21,BATCH-2367,2027-06-20,2026-04-21,
2368,10,413,66,44,2026-08-07,BATCH-2368,2025-12-28,2026-08-07,Expiring in 0 days - flag for clearance
2369,5,1896,27,53,2025-11-25,BATCH-2369,2025-12-23,2025-11-25,Expiring in 0 days - flag for clearance
2370,6,4061,31,22,2025-12-18,BATCH-2370,2026-05-29,2025-12-18,Expiring in 0 days - flag for clearance
2371,10,2389,43,55,2026-02-19,BATCH-2371,2029-08-06,2026-02-19,Below reorder level - reorder placed 2026-02-27
2372,1,3068,51,24,2026-04-08,BATCH-2372,2028-03-27,2026-04-08,
2373,5,3653,60,55,2026-03-22,BATCH-2373,2028-06-19,2026-03-22,
2374,12,951,105,44,2026-04-30,BATCH-2374,2026-11-26,2026-04-30,
2375,3,2192,55,19,2026-01-27,BATCH-2375,2026-09-25,2026-01-27,Expiring in 15 days - flag for clearance
2376,2,1608,91,58,2025-09-04,BATCH-2376,2027-10-19,2025-09-04,
2377,11,2508,107,32,2025-07-05,BATCH-2377,2028-08-23,2025-07-05,
2378,5,2451,79,26,2026-04-05,BATCH-2378,2027-10-07,2026-04-05,
2379,9,981,81,16,2026-04-18,BATCH-2379,2026-06-08,2026-04-18,Expiring in 0 days - flag for clearance
2380,7,411,35,55,2026-01-07,BATCH-2380,2026-12-08,2026-01-07,
2381,5,4770,68,20,2025-09-05,BATCH-2381,2027-06-13,2025-09-05,
2382,11,4621,106,27,2026-07-23,BATCH-2382,2026-09-26,2026-07-23,Expiring in 16 days - flag for clearance
2383,4,458,100,23,2026-04-04,BATCH-2383,2026-12-10,2026-04-04,
2384,5,3479,69,36,2026-08-02,BATCH-2384,2028-12-20,2026-08-02,
2385,3,3015,118,23,2026-07-01,BATCH-2385,2026-12-04,2026-07-01,
2386,3,157,2,26,2026-09-01,BATCH-2386,2026-09-25,2026-09-01,Expiring in 15 days - flag for clearance; Below reorder level - reorder placed 2026-09-12
2387,9,3742,95,22,2025-06-29,BATCH-2387,2029-03-08,2025-06-29,
2388,10,2731,25,59,2025-10-04,BATCH-2388,2029-04-21,2025-10-04,Below reorder level - reorder placed 2025-10-07
2389,6,3796,61,22,2026-06-08,BATCH-2389,2028-08-23,2026-06-08,
2390,7,1178,33,38,2025-10-28,BATCH-2390,2028-09-16,2025-10-28,Below reorder level - reorder placed 2025-11-01
2391,7,2565,2,18,2026-07-03,BATCH-2391,2027-01-12,2026-07-03,Below reorder level - reorder placed 2026-07-11
2392,7,4689,103,29,2025-11-09,BATCH-2392,2027-09-25,2025-11-09,
2393,4,302,93,57,2025-10-01,BATCH-2393,2028-07-01,2025-10-01,
2394,8,2942,1,21,2026-07-03,BATCH-2394,2027-10-08,2026-07-03,
2395,3,4533,44,45,2026-04-24,BATCH-2395,2029-09-08,2026-04-24,Below reorder level - reorder placed 2026-05-02
2396,10,268,104,33,2026-01-29,BATCH-2396,2028-09-19,2026-01-29,
2397,3,3325,0,47,2025-07-10,BATCH-2397,2029-09-23,2025-07-10,Below reorder level - reorder placed 2025-07-22
2398,12,3971,84,38,2025-07-19,BATCH-2398,2027-07-05,2025-07-19,
2399,4,3114,105,51,2025-09-11,BATCH-2399,2028-03-24,2025-09-11,
2400,6,1858,70,35,2025-06-15,BATCH-2400,2027-09-07,2025-06-15,
2401,2,4550,54,29,2025-12-26,BATCH-2401,2028-06-26,2025-12-26,
2402,9,2747,56,17,2025-06-26,BATCH-2402,2027-07-27,2025-06-26,
2403,12,4458,61,42,2026-04-03,BATCH-2403,2029-02-05,2026-04-03,
2404,4,1018,18,51,2026-03-25,BATCH-2404,2027-09-14,2026-03-25,Below reorder level - reorder placed 2026-04-04
2405,10,4569,97,34,2025-09-23,BATCH-2405,2026-02-08,2025-09-23,Expiring in 0 days - flag for clearance
2406,12,417,26,26,2026-02-28,BATCH-2406,2029-02-25,2026-02-28,
2407,1,2921,81,46,2026-04-27,BATCH-2407,2029-09-01,2026-04-27,
2408,7,429,8,40,2026-01-11,BATCH-2408,2027-10-27,2026-01-11,
2409,2,156,13,18,2026-02-03,BATCH-2409,2026-05-15,2026-02-03,Expiring in 0 days - flag for clearance
2410,4,33,41,25,2025-11-11,BATCH-2410,2027-11-01,2025-11-11,
2411,11,2357,60,49,2025-10-14,BATCH-2411,2028-07-10,2025-10-14,
2412,9,3184,23,47,2025-07-22,BATCH-2412,2027-10-14,2025-07-22,Below reorder level - reorder placed 2025-08-02
2413,3,4523,117,57,2025-07-28,BATCH-2413,2026-05-20,2025-07-28,Expiring in 0 days - flag for clearance
2414,1,4102,70,59,2026-06-08,BATCH-2414,2027-06-04,2026-06-08,
2415,4,1516,29,54,2026-01-05,BATCH-2415,2027-01-08,2026-01-05,Below reorder level - reorder placed 2026-01-13
2416,8,2313,103,51,2026-05-17,BATCH-2416,2026-12-25,2026-05-17,
2417,10,3545,4,17,2026-03-05,BATCH-2417,2026-11-18,2026-03-05,
2418,4,2130,9,24,2025-08-03,BATCH-2418,2026-09-13,2025-08-03,Expiring in 3 days - flag for clearance; Below reorder level - reorder placed 2025-08-15
2419,6,4033,10,23,2025-11-19,BATCH-2419,2026-07-23,2025-11-19,Expiring in 0 days - flag for clearance
2420,10,670,111,31,2026-04-17,BATCH-2420,2027-01-10,2026-04-17,
2421,6,66,67,23,2026-04-28,BATCH-2421,2026-12-01,2026-04-28,Expiring in 82 days - monitor
2422,1,4701,115,26,2025-06-16,BATCH-2422,2026-03-05,2025-06-16,Expiring in 0 days - flag for clearance
2423,7,3331,65,57,2026-02-13,BATCH-2423,2028-01-02,2026-02-13,
2424,5,2629,108,42,2025-08-24,BATCH-2424,2025-12-13,2025-08-24,Expiring in 0 days - flag for clearance
2425,11,1759,117,50,2025-09-08,BATCH-2425,2028-02-07,2025-09-08,
2426,5,2729,112,34,2025-10-18,BATCH-2426,2026-04-28,2025-10-18,Expiring in 0 days - flag for clearance
2427,7,4332,39,16,2025-12-11,BATCH-2427,2026-01-07,2025-12-11,Expiring in 0 days - flag for clearance
2428,9,3308,39,54,2025-11-28,BATCH-2428,2026-12-31,2025-11-28,Below reorder level - reorder placed 2025-12-11
2429,10,1911,20,45,2025-06-27,BATCH-2429,2026-10-08,2025-06-27,Expiring in 28 days - flag for clearance
2430,11,1942,73,45,2026-07-12,BATCH-2430,2029-04-15,2026-07-12,
2431,9,2095,54,33,2026-08-19,BATCH-2431,2027-07-02,2026-08-19,
2432,7,2400,29,57,2025-06-02,BATCH-2432,2025-12-28,2025-06-02,Expiring in 0 days - flag for clearance; Below reorder level - reorder placed 2025-06-07
2433,3,3097,72,28,2026-05-21,BATCH-2433,2028-05-11,2026-05-21,
2434,5,4161,70,16,2026-04-11,BATCH-2434,2026-01-04,2026-04-11,Expiring in 0 days - flag for clearance
2435,9,3957,111,29,2026-03-08,BATCH-2435,2027-05-20,2026-03-08,
2436,2,665,18,56,2026-06-23,BATCH-2436,2027-06-16,2026-06-23,Below reorder level - reorder placed 2026-06-30
2437,7,4081,15,47,2026-01-24,BATCH-2437,2026-10-21,2026-01-24,
2438,12,4276,105,18,2026-01-10,BATCH-2438,2028-05-28,2026-01-10,
2439,7,1142,28,32,2025-10-06,BATCH-2439,2029-07-29,2025-10-06,Below reorder level - reorder placed 2025-10-18
2440,1,4831,119,16,2025-09-30,BATCH-2440,2029-04-05,2025-09-30,
2441,5,3797,17,17,2025-06-19,BATCH-2441,2026-12-17,2025-06-19,
2442,12,4942,13,27,2025-12-27,BATCH-2442,2029-06-06,2025-12-27,
2443,10,1995,62,27,2025-10-29,BATCH-2443,2028-01-11,2025-10-29,
2444,8,2165,61,20,2025-06-02,BATCH-2444,2028-11-18,2025-06-02,
2445,1,3880,60,15,2025-12-19,BATCH-2445,2028-05-13,2025-12-19,
2446,2,3368,113,44,2026-04-14,BATCH-2446,2026-12-10,2026-04-14,
2447,11,2888,73,56,2025-11-04,BATCH-2447,2028-06-09,2025-11-04,
2448,4,1829,11,26,2026-08-03,BATCH-2448,2026-09-22,2026-08-03,Expiring in 12 days - flag for clearance; Below reorder level - reorder placed 2026-08-08
2449,2,3430,43,16,2026-07-02,BATCH-2449,2029-03-19,2026-07-02,
2450,12,3676,34,49,2025-12-23,BATCH-2450,2029-09-19,2025-12-23,
2451,1,2968,20,42,2026-04-27,BATCH-2451,2026-03-12,2026-04-27,Expiring in 0 days - flag for clearance; Below reorder level - reorder placed 2026-05-05
2452,1,1792,45,18,2026-01-05,BATCH-2452,2029-06-11,2026-01-05,
2453,2,3573,85,51,2025-10-22,BATCH-2453,2029-01-19,2025-10-22,
2454,10,2058,32,18,2025-09-11,BATCH-2454,2029-10-04,2025-09-11,
2455,3,1180,9,43,2026-02-11,BATCH-2455,2029-10-20,2026-02-11,Below reorder level - reorder placed 2026-02-22
2456,11,1865,79,18,2026-05-19,BATCH-2456,2027-01-06,2026-05-19,
2457,2,2977,81,48,2026-05-24,BATCH-2457,2028-01-31,2026-05-24,
2458,9,290,42,55,2025-08-05,BATCH-2458,2026-12-17,2025-08-05,Below reorder level - reorder placed 2025-08-14
2459,9,1633,21,58,2025-10-09,BATCH-2459,2028-11-12,2025-10-09,
2460,5,2178,69,30,2026-06-18,BATCH-2460,2029-11-23,2026-06-18,
2461,12,4810,58,19,2025-09-08,BATCH-2461,2027-11-28,2025-09-08,
2462,4,4919,61,37,2026-02-06,BATCH-2462,2027-07-13,2026-02-06,
2463,12,4911,98,46,2026-01-18,BATCH-2463,2025-12-20,2026-01-18,Expiring in 0 days - flag for clearance
2464,7,3930,109,54,2025-11-14,BATCH-2464,2029-08-01,2025-11-14,
2465,2,2553,114,38,2025-06-09,BATCH-2465,2026-10-22,2025-06-09,Expiring in 42 days - monitor
2466,11,701,106,39,2026-06-13,BATCH-2466,2028-07-01,2026-06-13,
2467,8,1937,70,34,2025-06-22,BATCH-2467,2027-10-14,2025-06-22,
2468,10,3216,25,31,2026-02-22,BATCH-2468,2028-10-16,2026-02-22,Below reorder level - reorder placed 2026-02-28
2469,4,1142,101,21,2026-07-05,BATCH-2469,2029-07-29,2026-07-05,
2470,12,2994,73,33,2026-05-08,BATCH-2470,2028-09-02,2026-05-08,
2471,9,2114,104,34,2026-06-27,BATCH-2471,2026-01-06,2026-06-27,Expiring in 0 days - flag for clearance
2472,10,3813,44,57,2026-08-29,BATCH-2472,2027-08-24,2026-08-29,Below reorder level - reorder placed 2026-09-02
2473,10,2399,35,59,2025-10-07,BATCH-2473,2029-03-08,2025-10-07,Below reorder level - reorder placed 2025-10-20
2474,10,4758,108,46,2025-07-05,BATCH-2474,2028-11-08,2025-07-05,
2475,12,295,58,57,2026-03-29,BATCH-2475,2028-08-12,2026-03-29,
2476,3,2215,9,40,2025-10-17,BATCH-2476,2027-07-29,2025-10-17,
2477,9,4556,119,26,2025-12-14,BATCH-2477,2027-05-08,2025-12-14,
2478,3,2030,15,44,2025-10-16,BATCH-2478,2027-07-07,2025-10-16,Below reorder level - reorder placed 2025-10-24
2479,12,3801,36,56,2026-03-12,BATCH-2479,2028-06-20,2026-03-12,Below reorder level - reorder placed 2026-03-24
2480,3,889,5,52,2025-09-10,BATCH-2480,2029-03-14,2025-09-10,Below reorder level - reorder placed 2025-09-13
2481,7,1337,114,23,2026-05-02,BATCH-2481,2028-04-08,2026-05-02,
2482,5,2195,87,28,2026-05-30,BATCH-2482,2027-06-25,2026-05-30,
2483,5,541,41,51,2026-03-22,BATCH-2483,2029-11-10,2026-03-22,Below reorder level - reorder placed 2026-04-04
2484,3,736,81,25,2025-09-17,BATCH-2484,2026-09-13,2025-09-17,Expiring in 3 days - flag for clearance
2485,5,2359,75,26,2026-01-01,BATCH-2485,2027-05-03,2026-01-01,
2486,7,1655,110,32,2026-04-21,BATCH-2486,2028-03-05,2026-04-21,
2487,11,412,22,49,2025-07-18,BATCH-2487,2028-12-07,2025-07-18,Below reorder level - reorder placed 2025-07-23
2488,7,2554,56,47,2025-10-04,BATCH-2488,2028-09-20,2025-10-04,
2489,2,3652,53,47,2026-09-02,BATCH-2489,2028-07-11,2026-09-02,
2490,11,342,49,47,2026-06-12,BATCH-2490,2027-01-11,2026-06-12,
2491,2,3938,107,19,2026-08-11,BATCH-2491,2026-03-01,2026-08-11,Expiring in 0 days - flag for clearance
2492,3,2714,117,39,2025-08-26,BATCH-2492,2029-07-12,2025-08-26,
2493,10,861,18,20,2026-06-12,BATCH-2493,2028-04-04,2026-06-12,
2494,3,4185,89,42,2026-08-13,BATCH-2494,2027-03-11,2026-08-13,
2495,6,4627,24,59,2026-02-07,BATCH-2495,2029-06-08,2026-02-07,Below reorder level - reorder placed 2026-02-10
2496,2,4989,27,49,2026-01-15,BATCH-2496,2029-05-26,2026-01-15,Below reorder level - reorder placed 2026-01-20
2497,7,4934,26,25,2026-04-26,BATCH-2497,2026-03-27,2026-04-26,Expiring in 0 days - flag for clearance
2498,7,4271,37,29,2026-01-28,BATCH-2498,2029-08-04,2026-01-28,
2499,5,2998,110,28,2026-04-08,BATCH-2499,2026-10-25,2026-04-08,Expiring in 45 days - monitor
2500,2,1653,2,47,2025-12-15,BATCH-2500,2026-02-03,2025-12-15,Expiring in 0 days - flag for clearance; Below reorder level - reorder placed 2025-12-21
2501,9,2461,59,44,2026-02-08,BATCH-2501,2029-04-18,2026-02-08,
2502,7,2643,38,32,2026-03-12,BATCH-2502,2028-02-17,2026-03-12,
2503,6,1731,54,58,2025-07-05,BATCH-2503,2026-12-14,2025-07-05,
2504,1,4163,45,46,2025-11-11,BATCH-2504,2027-03-09,2025-11-11,Below reorder level - reorder placed 2025-11-21
2505,1,857,58,20,2025-06-29,BATCH-2505,2027-11-18,2025-06-29,
2506,2,1223,44,55,2026-02-10,BATCH-2506,2027-12-29,2026-02-10,Below reorder level - reorder placed 2026-02-23
2507,12,2521,114,20,2025-06-27,BATCH-2507,2027-07-17,2025-06-27,
2508,6,1569,99,22,2026-04-03,BATCH-2508,2029-05-16,2026-04-03,
2509,7,2197,58,21,2026-04-07,BATCH-2509,2026-10-09,2026-04-07,Expiring in 29 days - flag for clearance
2510,12,4393,23,55,2026-01-17,BATCH-2510,2028-12-31,2026-01-17,Below reorder level - reorder placed 2026-01-24
2511,11,2616,38,31,2026-02-08,BATCH-2511,2026-01-18,2026-02-08,Expiring in 0 days - flag for clearance
2512,7,3999,2,36,2025-09-01,BATCH-2512,2026-12-23,2025-09-01,Below reorder level - reorder placed 2025-09-06
2513,12,3001,3,47,2026-03-05,BATCH-2513,2026-03-29,2026-03-05,Expiring in 0 days - flag for clearance; Below reorder level - reorder placed 2026-03-08
2514,12,2234,4,22,2026-05-18,BATCH-2514,2027-04-18,2026-05-18,Below reorder level - reorder placed 2026-05-23
2515,8,1265,110,53,2025-11-05,BATCH-2515,2026-08-18,2025-11-05,Expiring in 0 days - flag for clearance
2516,3,3803,106,20,2026-01-24,BATCH-2516,2026-01-23,2026-01-24,Expiring in 0 days - flag for clearance
2517,3,2427,80,17,2025-09-06,BATCH-2517,2029-01-02,2025-09-06,
2518,12,111,52,37,2026-03-31,BATCH-2518,2028-02-16,2026-03-31,
2519,2,3992,7,51,2026-03-30,BATCH-2519,2026-11-09,2026-03-30,Expiring in 60 days - monitor; Below reorder level - reorder placed 2026-04-05
2520,4,4599,112,15,2025-12-17,BATCH-2520,2027-05-01,2025-12-17,
2521,11,1904,58,43,2025-10-13,BATCH-2521,2027-01-17,2025-10-13,
2522,3,2172,72,29,2025-06-13,BATCH-2522,2028-08-22,2025-06-13,
2523,8,3593,9,42,2025-12-20,BATCH-2523,2028-07-20,2025-12-20,Below reorder level - reorder placed 2025-12-27
2524,6,1588,100,51,2025-10-01,BATCH-2524,2028-12-15,2025-10-01,
2525,6,400,9,21,2025-09-18,BATCH-2525,2027-01-19,2025-09-18,Below reorder level - reorder placed 2025-09-21
2526,11,64,91,57,2026-01-16,BATCH-2526,2026-02-12,2026-01-16,Expiring in 0 days - flag for clearance
2527,4,4648,38,59,2026-05-07,BATCH-2527,2027-02-20,2026-05-07,Below reorder level - reorder placed 2026-05-12
2528,7,634,73,25,2026-04-22,BATCH-2528,2028-04-12,2026-04-22,
2529,4,2192,36,55,2026-05-30,BATCH-2529,2026-09-25,2026-05-30,Expiring in 15 days - flag for clearance
2530,2,2468,53,57,2026-07-13,BATCH-2530,2027-05-14,2026-07-13,Below reorder level - reorder placed 2026-07-22
2531,1,1041,87,24,2025-12-10,BATCH-2531,2029-10-12,2025-12-10,
2532,4,1781,57,19,2025-11-23,BATCH-2532,2026-07-22,2025-11-23,Expiring in 0 days - flag for clearance
2533,10,4353,87,23,2025-11-14,BATCH-2533,2028-09-24,2025-11-14,
2534,12,4610,111,44,2025-12-08,BATCH-2534,2026-11-14,2025-12-08,
2535,12,2599,40,49,2026-08-24,BATCH-2535,2029-10-29,2026-08-24,
2536,12,4210,51,28,2026-03-10,BATCH-2536,2026-01-05,2026-03-10,Expiring in 0 days - flag for clearance
2537,1,4349,106,35,2026-03-12,BATCH-2537,2028-03-13,2026-03-12,
2538,8,1199,76,39,2025-06-23,BATCH-2538,2028-07-30,2025-06-23,
2539,7,3114,95,35,2025-08-01,BATCH-2539,2028-03-24,2025-08-01,
2540,1,2597,102,58,2025-12-05,BATCH-2540,2026-12-21,2025-12-05,
2541,7,3775,41,42,2026-08-07,BATCH-2541,2027-07-18,2026-08-07,Below reorder level - reorder placed 2026-08-20
2542,8,2113,14,43,2025-12-08,BATCH-2542,2029-02-18,2025-12-08,Below reorder level - reorder placed 2025-12-15
2543,5,4543,56,27,2025-07-25,BATCH-2543,2028-12-18,2025-07-25,
2544,7,2278,97,34,2025-10-20,BATCH-2544,2026-02-08,2025-10-20,Expiring in 0 days - flag for clearance
2545,4,2966,60,32,2026-04-23,BATCH-2545,2029-05-11,2026-04-23,
2546,12,691,118,35,2025-12-22,BATCH-2546,2026-04-18,2025-12-22,Expiring in 0 days - flag for clearance
2547,5,2540,71,36,2026-02-03,BATCH-2547,2027-11-08,2026-02-03,
2548,3,3249,38,54,2026-02-06,BATCH-2548,2026-09-18,2026-02-06,Expiring in 8 days - flag for clearance; Below reorder level - reorder placed 2026-02-19
2549,8,4309,115,20,2025-12-01,BATCH-2549,2026-10-06,2025-12-01,Expiring in 26 days - flag for clearance
2550,4,4681,65,25,2025-10-20,BATCH-2550,2027-09-19,2025-10-20,
2551,11,3291,82,35,2025-10-23,BATCH-2551,2028-05-03,2025-10-23,
2552,9,4931,78,18,2025-11-08,BATCH-2552,2029-02-20,2025-11-08,
2553,9,2363,4,51,2026-07-17,BATCH-2553,2026-11-05,2026-07-17,Below reorder level - reorder placed 2026-07-21
2554,11,3095,10,34,2025-09-10,BATCH-2554,2026-12-18,2025-09-10,
2555,1,2445,39,35,2025-09-05,BATCH-2555,2029-10-04,2025-09-05,
2556,3,3182,20,29,2026-06-20,BATCH-2556,2029-01-26,2026-06-20,Below reorder level - reorder placed 2026-06-23
2557,9,118,70,58,2026-03-16,BATCH-2557,2028-08-15,2026-03-16,
2558,6,816,93,23,2026-06-01,BATCH-2558,2025-12-29,2026-06-01,Expiring in 0 days - flag for clearance
2559,7,1655,28,48,2025-06-24,BATCH-2559,2028-03-05,2025-06-24,Below reorder level - reorder placed 2025-06-27
2560,2,2154,38,55,2026-02-05,BATCH-2560,2029-01-11,2026-02-05,
2561,3,300,9,52,2025-10-04,BATCH-2561,2029-03-13,2025-10-04,Below reorder level - reorder placed 2025-10-08
2562,1,450,32,19,2026-04-06,BATCH-2562,2027-02-19,2026-04-06,
2563,3,477,17,36,2026-02-26,BATCH-2563,2028-07-24,2026-02-26,Below reorder level - reorder placed 2026-03-11
2564,2,1259,110,32,2026-05-01,BATCH-2564,2028-09-17,2026-05-01,
2565,7,498,103,59,2025-06-05,BATCH-2565,2029-12-12,2025-06-05,
2566,4,2983,87,37,2025-09-09,BATCH-2566,2026-01-08,2025-09-09,Expiring in 0 days - flag for clearance
2567,2,4871,30,48,2026-02-26,BATCH-2567,2027-09-24,2026-02-26,Below reorder level - reorder placed 2026-03-07
2568,1,1280,49,41,2025-09-14,BATCH-2568,2029-10-10,2025-09-14,
2569,1,2906,109,15,2025-09-25,BATCH-2569,2027-01-09,2025-09-25,
2570,5,104,69,25,2026-01-06,BATCH-2570,2026-05-11,2026-01-06,Expiring in 0 days - flag for clearance
2571,3,1997,84,39,2025-09-23,BATCH-2571,2026-07-21,2025-09-23,Expiring in 0 days - flag for clearance
2572,7,4444,35,27,2025-08-04,BATCH-2572,2026-03-06,2025-08-04,Expiring in 0 days - flag for clearance
2573,12,1050,6,55,2026-08-06,BATCH-2573,2027-04-06,2026-08-06,Below reorder level - reorder placed 2026-08-14
2574,1,2337,56,27,2026-07-20,BATCH-2574,2027-08-29,2026-07-20,
2575,11,3817,4,51,2025-08-09,BATCH-2575,2026-04-27,2025-08-09,Expiring in 0 days - flag for clearance; Below reorder level - reorder placed 2025-08-22
2576,11,441,33,35,2025-11-09,BATCH-2576,2028-11-27,2025-11-09,Below reorder level - reorder placed 2025-11-19
2577,1,3529,23,27,2025-12-08,BATCH-2577,2030-01-02,2025-12-08,Below reorder level - reorder placed 2025-12-16
2578,6,3473,13,53,2025-08-09,BATCH-2578,2027-09-07,2025-08-09,
2579,7,4014,60,33,2026-08-15,BATCH-2579,2028-05-18,2026-08-15,
2580,11,2111,46,43,2026-03-28,BATCH-2580,2026-02-05,2026-03-28,Expiring in 0 days - flag for clearance
2581,7,3024,28,31,2026-01-21,BATCH-2581,2026-05-12,2026-01-21,Expiring in 0 days - flag for clearance; Below reorder level - reorder placed 2026-01-28
2582,6,609,12,43,2026-05-27,BATCH-2582,2026-06-28,2026-05-27,Expiring in 0 days - flag for clearance
2583,5,996,101,29,2025-08-02,BATCH-2583,2026-12-06,2025-08-02,
2584,10,238,77,51,2025-08-22,BATCH-2584,2028-10-12,2025-08-22,
2585,12,3559,78,38,2025-12-20,BATCH-2585,2026-10-08,2025-12-20,Expiring in 28 days - flag for clearance
2586,4,1041,46,55,2025-09-15,BATCH-2586,2029-10-12,2025-09-15,Below reorder level - reorder placed 2025-09-20
2587,8,311,73,42,2026-06-17,BATCH-2587,2028-04-04,2026-06-17,
2588,11,502,10,38,2026-02-06,BATCH-2588,2026-10-09,2026-02-06,Expiring in 29 days - flag for clearance; Below reorder level - reorder placed 2026-02-16
2589,4,4,112,27,2025-06-25,BATCH-2589,2029-09-28,2025-06-25,
2590,2,1955,119,20,2026-03-21,BATCH-2590,2028-12-30,2026-03-21,
2591,6,4820,117,24,2026-05-23,BATCH-2591,2029-04-20,2026-05-23,
2592,9,1335,110,30,2026-03-13,BATCH-2592,2028-08-17,2026-03-13,
2593,7,4864,82,44,2026-01-18,BATCH-2593,2028-03-06,2026-01-18,
2594,9,2341,16,51,2025-06-08,BATCH-2594,2026-04-30,2025-06-08,Expiring in 0 days - flag for clearance; Below reorder level - reorder placed 2025-06-12
2595,7,1799,47,29,2025-09-22,BATCH-2595,2026-12-16,2025-09-22,
2596,5,4436,113,24,2025-06-04,BATCH-2596,2029-08-17,2025-06-04,
2597,4,2649,68,25,2025-08-06,BATCH-2597,2029-08-10,2025-08-06,
2598,12,2736,16,51,2026-05-14,BATCH-2598,2028-11-22,2026-05-14,Below reorder level - reorder placed 2026-05-21
2599,5,253,116,58,2025-10-08,BATCH-2599,2026-09-21,2025-10-08,Expiring in 11 days - flag for clearance
2600,6,3063,30,24,2025-11-23,BATCH-2600,2028-11-06,2025-11-23,
2601,9,79,36,37,2026-01-15,BATCH-2601,2026-11-26,2026-01-15,Below reorder level - reorder placed 2026-01-24
2602,9,2576,10,28,2026-01-04,BATCH-2602,2029-02-23,2026-01-04,Below reorder level - reorder placed 2026-01-09
2603,12,4435,73,24,2026-07-28,BATCH-2603,2026-09-20,2026-07-28,Expiring in 10 days - flag for clearance
2604,6,3180,97,50,2026-08-16,BATCH-2604,2026-10-23,2026-08-16,
2605,6,2759,23,22,2025-10-01,BATCH-2605,2030-01-07,2025-10-01,
2606,12,2654,52,40,2025-06-03,BATCH-2606,2029-05-27,2025-06-03,
2607,1,4778,12,16,2025-07-08,BATCH-2607,2028-10-01,2025-07-08,Below reorder level - reorder placed 2025-07-17
2608,11,1381,97,46,2026-04-06,BATCH-2608,2027-09-20,2026-04-06,
2609,4,2422,14,53,2026-05-17,BATCH-2609,2028-02-12,2026-05-17,
2610,10,783,98,37,2025-12-23,BATCH-2610,2028-07-23,2025-12-23,
2611,12,86,15,45,2026-04-21,BATCH-2611,2027-08-02,2026-04-21,Below reorder level - reorder placed 2026-05-04
2612,8,2390,33,53,2025-12-08,BATCH-2612,2026-02-21,2025-12-08,Expiring in 0 days - flag for clearance
2613,7,3441,58,42,2026-01-12,BATCH-2613,2029-01-31,2026-01-12,
2614,4,2030,42,38,2026-02-11,BATCH-2614,2027-07-07,2026-02-11,
2615,5,342,22,49,2025-06-15,BATCH-2615,2027-01-11,2025-06-15,Below reorder level - reorder placed 2025-06-27
2616,1,2465,46,17,2026-02-14,BATCH-2616,2026-09-24,2026-02-14,Expiring in 14 days - flag for clearance
2617,4,893,96,40,2025-12-15,BATCH-2617,2026-10-22,2025-12-15,Expiring in 42 days - monitor
2618,7,2995,93,55,2025-12-31,BATCH-2618,2027-07-15,2025-12-31,
2619,12,1858,65,28,2025-12-30,BATCH-2619,2027-09-07,2025-12-30,
2620,4,125,74,18,2026-06-21,BATCH-2620,2026-05-29,2026-06-21,Expiring in 0 days - flag for clearance
2621,2,1224,86,33,2025-09-30,BATCH-2621,2027-06-09,2025-09-30,
2622,2,4416,46,58,2026-04-21,BATCH-2622,2027-10-11,2026-04-21,Below reorder level - reorder placed 2026-04-26
2623,8,2991,92,31,2026-07-01,BATCH-2623,2029-10-11,2026-07-01,
2624,3,3577,81,23,2026-06-07,BATCH-2624,2028-07-22,2026-06-07,
2625,11,1927,17,51,2025-09-03,BATCH-2625,2028-07-24,2025-09-03,
2626,8,2506,39,19,2025-07-23,BATCH-2626,2029-07-15,2025-07-23,
2627,7,1661,90,44,2026-02-26,BATCH-2627,2026-10-24,2026-02-26,
2628,11,1910,19,42,2026-04-17,BATCH-2628,2026-12-15,2026-04-17,Below reorder level - reorder placed 2026-04-25
2629,12,682,24,47,2026-03-05,BATCH-2629,2026-10-28,2026-03-05,Expiring in 48 days - monitor; Below reorder level - reorder placed 2026-03-16
2630,11,4315,2,40,2025-08-31,BATCH-2630,2028-10-31,2025-08-31,Below reorder level - reorder placed 2025-09-05
2631,7,913,30,16,2026-03-08,BATCH-2631,2028-05-06,2026-03-08,
2632,9,4192,80,34,2025-12-05,BATCH-2632,2026-06-18,2025-12-05,Expiring in 0 days - flag for clearance
2633,9,1164,46,30,2025-07-30,BATCH-2633,2025-12-28,2025-07-30,Expiring in 0 days - flag for clearance
2634,12,3565,69,50,2026-07-04,BATCH-2634,2029-06-16,2026-07-04,
2635,3,4188,30,32,2026-03-26,BATCH-2635,2028-02-24,2026-03-26,Below reorder level - reorder placed 2026-04-05
2636,6,595,27,57,2026-08-07,BATCH-2636,2028-07-01,2026-08-07,Below reorder level - reorder placed 2026-08-11
2637,9,3042,56,17,2025-08-31,BATCH-2637,2028-10-21,2025-08-31,
2638,9,3216,85,53,2025-12-13,BATCH-2638,2028-10-16,2025-12-13,
2639,1,3508,88,23,2026-05-30,BATCH-2639,2026-03-14,2026-05-30,Expiring in 0 days - flag for clearance
2640,5,3834,46,31,2025-11-23,BATCH-2640,2029-11-10,2025-11-23,
2641,2,1609,59,57,2026-05-03,BATCH-2641,2026-02-16,2026-05-03,Expiring in 0 days - flag for clearance
2642,4,3594,27,29,2026-03-13,BATCH-2642,2027-06-06,2026-03-13,
2643,2,2180,20,28,2026-08-08,BATCH-2643,2026-12-25,2026-08-08,
2644,10,4022,48,39,2025-08-26,BATCH-2644,2029-04-06,2025-08-26,
2645,12,1779,91,53,2025-08-13,BATCH-2645,2029-08-14,2025-08-13,
2646,3,4939,111,54,2026-05-01,BATCH-2646,2029-09-20,2026-05-01,
2647,6,4368,103,50,2026-05-31,BATCH-2647,2026-10-11,2026-05-31,Expiring in 31 days - monitor
2648,12,1708,60,25,2025-12-02,BATCH-2648,2026-04-29,2025-12-02,Expiring in 0 days - flag for clearance
2649,12,4058,3,38,2025-12-07,BATCH-2649,2026-01-03,2025-12-07,Expiring in 0 days - flag for clearance
2650,9,2931,113,51,2026-06-25,BATCH-2650,2026-07-18,2026-06-25,Expiring in 0 days - flag for clearance
2651,9,2781,1,33,2026-04-12,BATCH-2651,2028-09-30,2026-04-12,Below reorder level - reorder placed 2026-04-23
2652,7,2062,55,48,2026-05-17,BATCH-2652,2026-03-31,2026-05-17,Expiring in 0 days - flag for clearance
2653,7,824,30,31,2025-10-15,BATCH-2653,2029-08-01,2025-10-15,Below reorder level - reorder placed 2025-10-22
2654,9,848,102,21,2026-04-04,BATCH-2654,2027-07-15,2026-04-04,
2655,1,3532,21,16,2025-12-05,BATCH-2655,2029-03-28,2025-12-05,
2656,7,2150,54,24,2026-08-11,BATCH-2656,2028-12-17,2026-08-11,
2657,9,1369,22,43,2025-12-13,BATCH-2657,2029-08-19,2025-12-13,Below reorder level - reorder placed 2025-12-20
2658,10,3432,51,15,2026-07-28,BATCH-2658,2026-04-27,2026-07-28,Expiring in 0 days - flag for clearance
2659,12,5000,10,33,2026-08-27,BATCH-2659,2026-07-05,2026-08-27,Expiring in 0 days - flag for clearance; Below reorder level - reorder placed 2026-09-02
2660,8,1875,59,33,2025-10-21,BATCH-2660,2025-12-27,2025-10-21,Expiring in 0 days - flag for clearance
2661,4,3004,59,43,2025-11-06,BATCH-2661,2026-11-05,2025-11-06,
2662,8,1642,68,28,2025-09-08,BATCH-2662,2028-12-22,2025-09-08,
2663,1,3272,26,46,2025-10-06,BATCH-2663,2026-11-05,2025-10-06,Expiring in 56 days - monitor; Below reorder level - reorder placed 2025-10-17
2664,12,125,90,16,2025-11-21,BATCH-2664,2026-05-29,2025-11-21,Expiring in 0 days - flag for clearance
2665,5,1957,97,55,2025-07-18,BATCH-2665,2026-06-12,2025-07-18,Expiring in 0 days - flag for clearance
2666,10,613,2,29,2026-01-12,BATCH-2666,2029-04-17,2026-01-12,Below reorder level - reorder placed 2026-01-20
2667,7,3590,21,37,2026-04-11,BATCH-2667,2027-08-06,2026-04-11,Below reorder level - reorder placed 2026-04-15
2668,2,1930,34,20,2026-05-05,BATCH-2668,2027-06-19,2026-05-05,
2669,8,484,91,50,2025-07-16,BATCH-2669,2028-04-24,2025-07-16,
2670,8,137,79,51,2025-09-10,BATCH-2670,2029-01-17,2025-09-10,
2671,12,2514,42,16,2025-10-09,BATCH-2671,2028-01-19,2025-10-09,
2672,2,1689,70,34,2025-11-28,BATCH-2672,2028-10-01,2025-11-28,
2673,4,2912,66,55,2026-01-30,BATCH-2673,2027-10-19,2026-01-30,
2674,11,3657,44,52,2025-06-26,BATCH-2674,2029-01-10,2025-06-26,Below reorder level - reorder placed 2025-07-03
2675,9,1027,95,39,2025-11-09,BATCH-2675,2026-09-09,2025-11-09,Expiring in 0 days - flag for clearance
2676,3,2459,56,35,2025-11-13,BATCH-2676,2028-02-26,2025-11-13,
2677,1,3153,76,30,2025-09-22,BATCH-2677,2026-12-14,2025-09-22,
2678,7,1606,29,41,2025-07-23,BATCH-2678,2029-03-26,2025-07-23,
2679,3,3034,84,53,2025-06-13,BATCH-2679,2027-12-18,2025-06-13,
2680,12,2415,11,55,2026-04-18,BATCH-2680,2026-05-06,2026-04-18,Expiring in 0 days - flag for clearance; Below reorder level - reorder placed 2026-04-24
2681,11,3751,62,44,2025-12-02,BATCH-2681,2027-02-10,2025-12-02,
2682,9,3244,47,22,2026-05-22,BATCH-2682,2029-08-05,2026-05-22,
2683,3,4717,112,22,2026-04-03,BATCH-2683,2026-08-18,2026-04-03,Expiring in 0 days - flag for clearance
2684,11,1493,83,15,2025-09-20,BATCH-2684,2028-04-14,2025-09-20,
2685,1,3487,33,58,2026-07-03,BATCH-2685,2026-02-04,2026-07-03,Expiring in 0 days - flag for clearance; Below reorder level - reorder placed 2026-07-07
2686,12,3754,73,37,2025-09-14,BATCH-2686,2028-08-03,2025-09-14,
2687,2,2385,50,47,2026-06-22,BATCH-2687,2028-01-08,2026-06-22,
2688,6,2046,26,21,2026-07-28,BATCH-2688,2026-12-05,2026-07-28,Expiring in 86 days - monitor
2689,2,1351,111,42,2026-02-18,BATCH-2689,2029-07-16,2026-02-18,
2690,5,4429,68,27,2026-03-18,BATCH-2690,2025-12-20,2026-03-18,Expiring in 0 days - flag for clearance
2691,3,4800,10,55,2025-11-13,BATCH-2691,2029-06-22,2025-11-13,Below reorder level - reorder placed 2025-11-21
2692,5,6,110,32,2025-10-01,BATCH-2692,2027-01-07,2025-10-01,
2693,12,1363,49,43,2026-01-29,BATCH-2693,2026-03-22,2026-01-29,Expiring in 0 days - flag for clearance
2694,12,4603,79,51,2025-06-06,BATCH-2694,2029-05-04,2025-06-06,
2695,8,1575,9,44,2025-11-13,BATCH-2695,2028-02-24,2025-11-13,Below reorder level - reorder placed 2025-11-21
2696,4,4267,24,37,2026-05-07,BATCH-2696,2029-08-15,2026-05-07,
2697,1,219,5,30,2026-02-02,BATCH-2697,2026-03-12,2026-02-02,Expiring in 0 days - flag for clearance
2698,10,4140,104,34,2025-10-15,BATCH-2698,2026-09-26,2025-10-15,Expiring in 16 days - flag for clearance
2699,2,4263,74,33,2025-09-01,BATCH-2699,2029-10-30,2025-09-01,
2700,2,4007,19,47,2026-08-04,BATCH-2700,2025-12-16,2026-08-04,Expiring in 0 days - flag for clearance; Below reorder level - reorder placed 2026-08-13
2701,7,321,14,17,2025-10-01,BATCH-2701,2029-05-27,2025-10-01,Below reorder level - reorder placed 2025-10-04
2702,8,2978,3,31,2026-05-05,BATCH-2702,2029-09-09,2026-05-05,Below reorder level - reorder placed 2026-05-08
2703,6,560,67,24,2026-03-18,BATCH-2703,2029-04-05,2026-03-18,
2704,5,4482,83,31,2026-02-26,BATCH-2704,2026-02-05,2026-02-26,Expiring in 0 days - flag for clearance
2705,4,3898,43,45,2026-05-10,BATCH-2705,2029-09-15,2026-05-10,Below reorder level - reorder placed 2026-05-15
2706,8,1850,106,17,2026-07-08,BATCH-2706,2028-09-30,2026-07-08,
2707,4,172,113,49,2026-03-27,BATCH-2707,2028-11-05,2026-03-27,
2708,8,1975,4,47,2026-01-06,BATCH-2708,2029-11-29,2026-01-06,Below reorder level - reorder placed 2026-01-19
2709,4,976,96,54,2025-08-15,BATCH-2709,2026-03-19,2025-08-15,Expiring in 0 days - flag for clearance
2710,7,2328,17,49,2025-12-30,BATCH-2710,2027-03-25,2025-12-30,
2711,1,1956,116,50,2026-06-09,BATCH-2711,2027-06-27,2026-06-09,
2712,4,3469,24,40,2026-08-17,BATCH-2712,2028-03-17,2026-08-17,Below reorder level - reorder placed 2026-08-25
2713,2,2492,2,38,2025-09-06,BATCH-2713,2026-05-03,2025-09-06,Expiring in 0 days - flag for clearance; Below reorder level - reorder placed 2025-09-09
2714,4,45,118,44,2025-08-30,BATCH-2714,2027-04-21,2025-08-30,
2715,3,4328,12,56,2025-08-20,BATCH-2715,2028-08-27,2025-08-20,Below reorder level - reorder placed 2025-08-31
2716,9,483,75,28,2026-05-06,BATCH-2716,2026-09-15,2026-05-06,Expiring in 5 days - flag for clearance
2717,3,4582,111,57,2025-06-21,BATCH-2717,2028-06-14,2025-06-21,
2718,5,3243,8,57,2025-09-05,BATCH-2718,2026-11-27,2025-09-05,Below reorder level - reorder placed 2025-09-17
2719,12,4972,27,58,2026-04-22,BATCH-2719,2028-07-22,2026-04-22,Below reorder level - reorder placed 2026-04-27
2720,7,4880,110,35,2026-02-04,BATCH-2720,2028-03-27,2026-02-04,
2721,6,1884,7,33,2025-06-26,BATCH-2721,2027-12-27,2025-06-26,Below reorder level - reorder placed 2025-07-04
2722,1,4788,9,33,2026-08-07,BATCH-2722,2027-03-05,2026-08-07,
2723,1,3966,82,17,2026-07-22,BATCH-2723,2026-11-28,2026-07-22,Expiring in 79 days - monitor
2724,4,3318,30,51,2025-10-27,BATCH-2724,2027-05-29,2025-10-27,Below reorder level - reorder placed 2025-10-31
2725,12,865,62,25,2025-09-13,BATCH-2725,2027-02-13,2025-09-13,
2726,1,321,43,57,2026-05-26,BATCH-2726,2029-05-27,2026-05-26,Below reorder level - reorder placed 2026-05-30
2727,5,2620,67,57,2025-07-17,BATCH-2727,2027-02-21,2025-07-17,
2728,4,1326,15,53,2026-07-12,BATCH-2728,2029-10-20,2026-07-12,
2729,9,4711,0,42,2025-11-24,BATCH-2729,2028-09-20,2025-11-24,Below reorder level - reorder placed 2025-11-30
2730,9,4845,67,33,2026-07-16,BATCH-2730,2027-12-19,2026-07-16,
2731,6,2635,49,20,2025-07-25,BATCH-2731,2027-10-13,2025-07-25,
2732,5,4727,29,29,2025-06-23,BATCH-2732,2027-01-01,2025-06-23,
2733,9,818,27,37,2025-10-25,BATCH-2733,2026-12-16,2025-10-25,Below reorder level - reorder placed 2025-11-04
2734,5,4823,62,35,2025-10-09,BATCH-2734,2026-12-20,2025-10-09,
2735,5,4324,13,36,2026-04-02,BATCH-2735,2026-10-31,2026-04-02,Expiring in 51 days - monitor
2736,10,4602,81,55,2026-03-25,BATCH-2736,2026-10-06,2026-03-25,Expiring in 26 days - flag for clearance
2737,5,4393,114,39,2026-08-10,BATCH-2737,2028-12-31,2026-08-10,
2738,3,2212,45,58,2025-10-12,BATCH-2738,2026-12-01,2025-10-12,Below reorder level - reorder placed 2025-10-17
2739,4,2764,50,28,2025-11-10,BATCH-2739,2027-05-17,2025-11-10,
2740,12,3128,3,59,2025-06-27,BATCH-2740,2026-10-25,2025-06-27,Expiring in 45 days - monitor; Below reorder level - reorder placed 2025-07-03
2741,8,1211,64,45,2025-10-17,BATCH-2741,2029-07-27,2025-10-17,
2742,10,1360,58,34,2026-01-24,BATCH-2742,2027-10-13,2026-01-24,
2743,12,816,119,51,2025-08-17,BATCH-2743,2025-12-29,2025-08-17,Expiring in 0 days - flag for clearance
2744,6,1106,115,47,2026-01-19,BATCH-2744,2026-08-03,2026-01-19,Expiring in 0 days - flag for clearance
2745,11,339,21,28,2026-01-08,BATCH-2745,2029-08-28,2026-01-08,Below reorder level - reorder placed 2026-01-17
2746,5,4585,10,46,2026-08-20,BATCH-2746,2027-10-08,2026-08-20,Below reorder level - reorder placed 2026-08-27
2747,5,950,82,32,2026-07-27,BATCH-2747,2026-11-20,2026-07-27,
2748,11,177,70,18,2026-01-18,BATCH-2748,2027-05-25,2026-01-18,
2749,12,1540,26,26,2026-03-17,BATCH-2749,2027-03-31,2026-03-17,
2750,6,710,60,33,2025-06-30,BATCH-2750,2026-09-19,2025-06-30,Expiring in 9 days - flag for clearance
2751,11,4052,27,54,2026-01-13,BATCH-2751,2030-01-10,2026-01-13,Below reorder level - reorder placed 2026-01-26
2752,9,2386,97,50,2025-07-29,BATCH-2752,2026-12-25,2025-07-29,
2753,6,4556,2,31,2026-02-16,BATCH-2753,2027-05-08,2026-02-16,Below reorder level - reorder placed 2026-02-21
2754,6,884,42,58,2026-03-15,BATCH-2754,2027-06-26,2026-03-15,Below reorder level - reorder placed 2026-03-21
2755,5,2993,115,58,2026-02-15,BATCH-2755,2027-07-15,2026-02-15,
2756,5,2323,76,28,2025-11-08,BATCH-2756,2027-11-22,2025-11-08,
2757,6,3757,34,32,2025-09-21,BATCH-2757,2028-10-28,2025-09-21,
2758,6,4721,96,36,2026-07-31,BATCH-2758,2029-01-17,2026-07-31,
2759,7,1194,85,39,2026-08-15,BATCH-2759,2026-10-19,2026-08-15,
2760,4,495,50,56,2026-04-17,BATCH-2760,2026-12-02,2026-04-17,Below reorder level - reorder placed 2026-04-21
2761,7,2462,32,23,2025-10-18,BATCH-2761,2026-11-25,2025-10-18,
2762,12,2465,39,34,2025-09-26,BATCH-2762,2026-09-24,2025-09-26,Expiring in 14 days - flag for clearance
2763,6,1688,47,29,2025-12-07,BATCH-2763,2026-07-31,2025-12-07,Expiring in 0 days - flag for clearance
2764,5,109,67,50,2026-01-19,BATCH-2764,2028-09-09,2026-01-19,
2765,12,3047,84,18,2026-06-29,BATCH-2765,2028-10-09,2026-06-29,
2766,11,622,47,18,2026-04-01,BATCH-2766,2029-11-02,2026-04-01,
2767,3,759,100,22,2025-10-06,BATCH-2767,2026-12-19,2025-10-06,
2768,3,4979,88,48,2026-06-04,BATCH-2768,2026-11-20,2026-06-04,Expiring in 71 days - monitor
2769,5,307,66,47,2026-01-24,BATCH-2769,2029-03-29,2026-01-24,
2770,2,2253,50,59,2025-08-21,BATCH-2770,2026-01-13,2025-08-21,Expiring in 0 days - flag for clearance
2771,1,4005,52,45,2025-11-01,BATCH-2771,2026-07-31,2025-11-01,Expiring in 0 days - flag for clearance
2772,3,4811,72,51,2025-07-06,BATCH-2772,2026-04-25,2025-07-06,Expiring in 0 days - flag for clearance
2773,8,4671,68,22,2026-08-14,BATCH-2773,2026-10-17,2026-08-14,Expiring in 37 days - monitor
2774,6,1738,18,26,2025-07-09,BATCH-2774,2026-02-20,2025-07-09,Expiring in 0 days - flag for clearance; Below reorder level - reorder placed 2025-07-12
2775,2,1591,62,51,2026-04-20,BATCH-2775,2028-08-04,2026-04-20,
2776,11,4731,39,24,2025-12-29,BATCH-2776,2026-09-29,2025-12-29,Expiring in 19 days - flag for clearance
2777,8,4921,40,27,2025-06-23,BATCH-2777,2027-07-07,2025-06-23,
2778,9,730,62,19,2026-03-11,BATCH-2778,2029-04-24,2026-03-11,
2779,12,328,23,15,2025-10-07,BATCH-2779,2026-01-16,2025-10-07,Expiring in 0 days - flag for clearance
2780,12,869,40,39,2026-02-21,BATCH-2780,2026-09-28,2026-02-21,Expiring in 18 days - flag for clearance
2781,2,4026,83,23,2026-05-03,BATCH-2781,2029-03-01,2026-05-03,
2782,2,494,69,27,2026-07-30,BATCH-2782,2026-11-09,2026-07-30,
2783,9,3962,55,25,2026-07-28,BATCH-2783,2029-01-03,2026-07-28,
2784,7,2646,64,51,2026-08-09,BATCH-2784,2026-10-09,2026-08-09,Expiring in 29 days - flag for clearance
2785,4,2641,95,43,2025-10-28,BATCH-2785,2026-03-05,2025-10-28,Expiring in 0 days - flag for clearance
2786,12,3258,105,43,2026-08-26,BATCH-2786,2028-03-05,2026-08-26,
2787,4,2628,84,22,2025-10-09,BATCH-2787,2026-10-02,2025-10-09,Expiring in 22 days - flag for clearance
2788,12,1155,28,23,2025-06-23,BATCH-2788,2026-10-14,2025-06-23,
2789,1,1098,71,53,2026-03-23,BATCH-2789,2026-09-14,2026-03-23,Expiring in 4 days - flag for clearance
2790,8,2249,66,49,2026-01-07,BATCH-2790,2028-10-01,2026-01-07,
2791,11,3981,14,55,2026-05-24,BATCH-2791,2028-09-25,2026-05-24,
2792,8,2280,7,54,2025-12-03,BATCH-2792,2027-12-12,2025-12-03,Below reorder level - reorder placed 2025-12-08
2793,9,2237,89,39,2025-07-25,BATCH-2793,2026-06-02,2025-07-25,Expiring in 0 days - flag for clearance
2794,3,590,78,47,2025-12-24,BATCH-2794,2026-11-11,2025-12-24,
2795,9,4790,16,42,2026-08-09,BATCH-2795,2027-05-24,2026-08-09,Below reorder level - reorder placed 2026-08-16
2796,10,4285,103,33,2025-12-25,BATCH-2796,2027-02-22,2025-12-25,
2797,11,757,64,15,2026-08-16,BATCH-2797,2026-07-11,2026-08-16,Expiring in 0 days - flag for clearance
2798,3,1653,25,46,2026-04-07,BATCH-2798,2026-02-03,2026-04-07,Expiring in 0 days - flag for clearance; Below reorder level - reorder placed 2026-04-14
2799,10,4273,47,30,2026-07-07,BATCH-2799,2026-06-16,2026-07-07,Expiring in 0 days - flag for clearance
2800,9,1233,82,39,2026-06-08,BATCH-2800,2027-01-24,2026-06-08,
2801,2,1986,90,28,2025-10-25,BATCH-2801,2027-09-25,2025-10-25,
2802,10,2554,101,51,2026-02-06,BATCH-2802,2028-09-20,2026-02-06,
2803,2,4496,77,52,2026-03-31,BATCH-2803,2026-07-11,2026-03-31,Expiring in 0 days - flag for clearance
2804,9,3653,55,18,2026-05-02,BATCH-2804,2028-06-19,2026-05-02,
2805,8,1708,62,16,2026-07-06,BATCH-2805,2026-04-29,2026-07-06,Expiring in 0 days - flag for clearance
2806,3,2078,13,23,2026-08-02,BATCH-2806,2027-06-13,2026-08-02,
2807,8,2563,106,24,2025-07-16,BATCH-2807,2029-12-26,2025-07-16,
2808,4,4794,72,26,2026-03-22,BATCH-2808,2026-12-30,2026-03-22,
2809,8,3258,106,59,2026-05-04,BATCH-2809,2028-03-05,2026-05-04,
2810,5,4470,63,44,2026-01-18,BATCH-2810,2026-07-21,2026-01-18,Expiring in 0 days - flag for clearance
2811,2,1151,98,19,2025-12-16,BATCH-2811,2029-12-10,2025-12-16,
2812,10,3304,26,56,2025-06-08,BATCH-2812,2026-12-29,2025-06-08,Below reorder level - reorder placed 2025-06-21
2813,9,4147,87,45,2026-03-23,BATCH-2813,2026-11-30,2026-03-23,Expiring in 81 days - monitor
2814,1,3087,30,16,2025-07-14,BATCH-2814,2027-06-10,2025-07-14,
2815,8,690,40,35,2025-06-29,BATCH-2815,2026-12-12,2025-06-29,
2816,1,2415,48,17,2025-09-20,BATCH-2816,2026-05-06,2025-09-20,Expiring in 0 days - flag for clearance
2817,9,3458,6,15,2026-03-14,BATCH-2817,2028-05-28,2026-03-14,Below reorder level - reorder placed 2026-03-26
2818,8,2343,55,33,2025-07-19,BATCH-2818,2027-09-27,2025-07-19,
2819,11,4728,105,58,2025-07-17,BATCH-2819,2028-02-17,2025-07-17,
2820,3,1302,27,24,2025-10-22,BATCH-2820,2029-09-05,2025-10-22,
2821,5,1854,103,31,2025-07-21,BATCH-2821,2027-07-11,2025-07-21,
2822,4,4861,77,54,2025-09-17,BATCH-2822,2027-04-30,2025-09-17,
2823,8,462,106,16,2026-02-21,BATCH-2823,2026-09-26,2026-02-21,Expiring in 16 days - flag for clearance
2824,6,3876,115,47,2025-06-06,BATCH-2824,2027-08-31,2025-06-06,
2825,8,1484,77,58,2025-06-30,BATCH-2825,2026-12-11,2025-06-30,
2826,10,1558,29,32,2026-05-26,BATCH-2826,2027-05-26,2026-05-26,
2827,9,4901,31,32,2026-02-28,BATCH-2827,2028-10-16,2026-02-28,Below reorder level - reorder placed 2026-03-13
2828,10,2537,74,57,2026-01-30,BATCH-2828,2026-11-05,2026-01-30,Expiring in 56 days - monitor
2829,10,3966,41,15,2025-09-27,BATCH-2829,2026-11-28,2025-09-27,
2830,2,1790,119,19,2025-08-30,BATCH-2830,2028-03-20,2025-08-30,
2831,12,2288,19,19,2026-06-09,BATCH-2831,2026-08-15,2026-06-09,Expiring in 0 days - flag for clearance
2832,12,1171,105,25,2026-06-07,BATCH-2832,2029-03-25,2026-06-07,
2833,12,2839,16,47,2026-08-30,BATCH-2833,2029-11-24,2026-08-30,Below reorder level - reorder placed 2026-09-02
2834,11,1859,109,51,2025-06-02,BATCH-2834,2029-12-31,2025-06-02,
2835,2,4774,17,22,2025-10-17,BATCH-2835,2025-12-14,2025-10-17,Expiring in 0 days - flag for clearance; Below reorder level - reorder placed 2025-10-22
2836,7,4360,0,16,2025-06-10,BATCH-2836,2026-11-10,2025-06-10,Expiring in 61 days - monitor
2837,8,209,53,31,2025-09-25,BATCH-2837,2026-12-15,2025-09-25,
2838,6,4570,59,37,2026-02-28,BATCH-2838,2029-01-03,2026-02-28,
2839,1,3415,96,33,2026-05-26,BATCH-2839,2026-05-13,2026-05-26,Expiring in 0 days - flag for clearance
2840,9,4682,63,33,2026-05-03,BATCH-2840,2027-11-19,2026-05-03,
2841,3,3475,8,49,2026-07-19,BATCH-2841,2027-10-04,2026-07-19,Below reorder level - reorder placed 2026-07-28
2842,11,3632,74,19,2026-03-29,BATCH-2842,2030-01-19,2026-03-29,
2843,8,2945,37,58,2026-02-06,BATCH-2843,2026-10-24,2026-02-06,Below reorder level - reorder placed 2026-02-10
2844,7,989,109,53,2025-07-03,BATCH-2844,2026-06-30,2025-07-03,Expiring in 0 days - flag for clearance
2845,7,942,66,36,2026-07-11,BATCH-2845,2026-03-03,2026-07-11,Expiring in 0 days - flag for clearance
2846,12,620,112,23,2025-09-08,BATCH-2846,2029-10-05,2025-09-08,
2847,3,4227,39,26,2026-07-02,BATCH-2847,2028-11-12,2026-07-02,
2848,11,65,77,57,2026-08-17,BATCH-2848,2026-03-09,2026-08-17,Expiring in 0 days - flag for clearance
2849,4,2940,3,28,2026-01-26,BATCH-2849,2026-11-29,2026-01-26,Expiring in 80 days - monitor; Below reorder level - reorder placed 2026-02-05
2850,7,1979,86,57,2026-02-18,BATCH-2850,2026-12-01,2026-02-18,
2851,10,1702,11,57,2026-04-25,BATCH-2851,2027-09-28,2026-04-25,
2852,9,183,37,59,2026-03-22,BATCH-2852,2026-04-16,2026-03-22,Expiring in 0 days - flag for clearance
2853,2,4426,54,27,2026-07-12,BATCH-2853,2027-12-31,2026-07-12,
2854,7,61,94,50,2026-06-02,BATCH-2854,2027-05-05,2026-06-02,
2855,8,1749,89,23,2026-07-30,BATCH-2855,2028-02-07,2026-07-30,
2856,11,4316,29,39,2025-12-14,BATCH-2856,2026-10-01,2025-12-14,Expiring in 21 days - flag for clearance; Below reorder level - reorder placed 2025-12-27
2857,6,4511,31,54,2025-09-25,BATCH-2857,2027-04-15,2025-09-25,Below reorder level - reorder placed 2025-09-28
2858,8,3281,36,59,2026-07-23,BATCH-2858,2026-07-04,2026-07-23,Expiring in 0 days - flag for clearance
2859,2,3200,80,57,2026-08-17,BATCH-2859,2028-05-17,2026-08-17,
2860,5,3344,18,31,2025-12-25,BATCH-2860,2029-02-23,2025-12-25,
2861,8,1196,13,29,2026-04-15,BATCH-2861,2029-04-08,2026-04-15,Below reorder level - reorder placed 2026-04-27
2862,10,3719,67,22,2025-08-17,BATCH-2862,2027-09-30,2025-08-17,
2863,6,1717,75,16,2025-11-04,BATCH-2863,2027-02-25,2025-11-04,
2864,10,2107,6,19,2026-03-22,BATCH-2864,2027-09-16,2026-03-22,Below reorder level - reorder placed 2026-04-04
2865,5,3230,3,16,2025-11-11,BATCH-2865,2026-03-15,2025-11-11,Expiring in 0 days - flag for clearance; Below reorder level - reorder placed 2025-11-17
2866,12,3688,35,15,2026-04-15,BATCH-2866,2026-10-19,2026-04-15,Expiring in 39 days - monitor
2867,4,2677,103,33,2026-05-26,BATCH-2867,2028-01-22,2026-05-26,
2868,11,4362,3,25,2026-02-23,BATCH-2868,2025-12-29,2026-02-23,Expiring in 0 days - flag for clearance; Below reorder level - reorder placed 2026-02-28
2869,1,634,119,27,2026-06-01,BATCH-2869,2028-04-12,2026-06-01,
2870,2,1667,105,57,2026-03-27,BATCH-2870,2027-10-03,2026-03-27,
2871,9,3121,52,26,2025-08-24,BATCH-2871,2029-05-23,2025-08-24,
2872,3,2501,0,56,2025-06-11,BATCH-2872,2029-03-05,2025-06-11,Below reorder level - reorder placed 2025-06-19
2873,3,1474,84,28,2026-01-07,BATCH-2873,2029-12-31,2026-01-07,
2874,9,3530,32,46,2025-12-27,BATCH-2874,2027-09-12,2025-12-27,Below reorder level - reorder placed 2026-01-08
2875,5,1815,35,49,2025-09-10,BATCH-2875,2027-07-26,2025-09-10,
2876,11,888,1,42,2025-11-04,BATCH-2876,2026-02-04,2025-11-04,Expiring in 0 days - flag for clearance
2877,6,1201,42,27,2025-11-06,BATCH-2877,2028-05-23,2025-11-06,
2878,12,3597,3,57,2026-01-07,BATCH-2878,2026-12-11,2026-01-07,
2879,10,2260,36,41,2026-09-03,BATCH-2879,2028-12-27,2026-09-03,
2880,9,4684,8,58,2026-08-25,BATCH-2880,2028-03-14,2026-08-25,Below reorder level - reorder placed 2026-09-03
2881,9,1896,27,47,2026-04-30,BATCH-2881,2025-12-23,2026-04-30,Expiring in 0 days - flag for clearance; Below reorder level - reorder placed 2026-05-04
2882,8,1376,10,47,2026-05-25,BATCH-2882,2029-03-26,2026-05-25,
2883,12,1110,45,55,2026-04-09,BATCH-2883,2027-03-17,2026-04-09,Below reorder level - reorder placed 2026-04-19
2884,7,759,83,52,2025-11-12,BATCH-2884,2026-12-19,2025-11-12,
2885,7,3759,76,23,2025-12-16,BATCH-2885,2028-06-13,2025-12-16,
2886,8,3306,65,40,2025-08-19,BATCH-2886,2026-11-06,2025-08-19,
2887,3,2088,12,19,2026-03-30,BATCH-2887,2029-09-13,2026-03-30,Below reorder level - reorder placed 2026-04-06
2888,3,1452,2,48,2026-05-27,BATCH-2888,2026-06-12,2026-05-27,Expiring in 0 days - flag for clearance; Below reorder level - reorder placed 2026-06-07
2889,3,2034,0,17,2025-12-16,BATCH-2889,2029-04-22,2025-12-16,Below reorder level - reorder placed 2025-12-26
2890,1,3407,104,43,2025-07-20,BATCH-2890,2026-11-27,2025-07-20,Expiring in 78 days - monitor
2891,2,333,82,32,2026-06-10,BATCH-2891,2026-02-16,2026-06-10,Expiring in 0 days - flag for clearance
2892,9,3399,86,44,2026-01-09,BATCH-2892,2028-01-07,2026-01-09,
2893,8,4487,105,29,2026-04-11,BATCH-2893,2028-02-07,2026-04-11,
2894,9,2637,53,28,2026-04-17,BATCH-2894,2027-10-12,2026-04-17,
2895,12,3420,53,57,2025-08-23,BATCH-2895,2029-12-19,2025-08-23,Below reorder level - reorder placed 2025-09-02
2896,6,3057,64,54,2026-04-27,BATCH-2896,2028-09-30,2026-04-27,
2897,4,4319,43,18,2026-08-20,BATCH-2897,2027-12-30,2026-08-20,
2898,12,2447,29,39,2026-04-16,BATCH-2898,2029-04-30,2026-04-16,Below reorder level - reorder placed 2026-04-24
2899,2,1707,115,34,2026-07-27,BATCH-2899,2028-06-20,2026-07-27,
2900,5,4402,94,38,2025-07-12,BATCH-2900,2027-10-05,2025-07-12,
2901,4,1435,64,37,2026-03-18,BATCH-2901,2026-07-10,2026-03-18,Expiring in 0 days - flag for clearance
2902,3,2142,42,59,2025-09-14,BATCH-2902,2029-10-07,2025-09-14,Below reorder level - reorder placed 2025-09-18
2903,1,2360,69,39,2026-06-04,BATCH-2903,2028-03-25,2026-06-04,
2904,12,1053,74,34,2025-10-18,BATCH-2904,2028-08-10,2025-10-18,
2905,5,1496,68,28,2026-04-01,BATCH-2905,2028-10-24,2026-04-01,
2906,4,3945,83,48,2026-05-22,BATCH-2906,2026-10-20,2026-05-22,
2907,1,98,24,47,2025-10-01,BATCH-2907,2028-12-28,2025-10-01,
2908,7,2526,87,31,2026-07-23,BATCH-2908,2029-11-12,2026-07-23,
2909,1,3792,99,37,2025-07-06,BATCH-2909,2029-05-19,2025-07-06,
2910,11,1738,41,30,2026-04-01,BATCH-2910,2026-02-20,2026-04-01,Expiring in 0 days - flag for clearance
2911,10,3836,106,44,2026-01-05,BATCH-2911,2027-05-19,2026-01-05,
2912,11,2094,89,22,2025-07-06,BATCH-2912,2028-09-23,2025-07-06,
2913,10,4275,15,51,2025-11-02,BATCH-2913,2029-02-05,2025-11-02,Below reorder level - reorder placed 2025-11-10
2914,6,4186,45,16,2026-04-18,BATCH-2914,2028-09-21,2026-04-18,
2915,4,3957,21,18,2025-07-08,BATCH-2915,2027-05-20,2025-07-08,
2916,6,4986,58,36,2026-06-05,BATCH-2916,2028-02-01,2026-06-05,
2917,10,2703,58,17,2026-05-01,BATCH-2917,2028-11-26,2026-05-01,
2918,7,1842,73,42,2026-08-26,BATCH-2918,2028-12-02,2026-08-26,
2919,9,4342,11,26,2025-07-05,BATCH-2919,2027-07-29,2025-07-05,Below reorder level - reorder placed 2025-07-11
2920,6,4689,107,29,2026-01-30,BATCH-2920,2027-09-25,2026-01-30,
2921,10,787,28,42,2025-06-27,BATCH-2921,2026-12-17,2025-06-27,
2922,8,28,29,43,2026-03-09,BATCH-2922,2029-02-20,2026-03-09,
2923,10,1002,48,47,2025-10-02,BATCH-2923,2026-03-17,2025-10-02,Expiring in 0 days - flag for clearance
2924,3,2566,49,51,2025-12-30,BATCH-2924,2027-05-28,2025-12-30,Below reorder level - reorder placed 2026-01-10
2925,4,4772,75,51,2025-07-07,BATCH-2925,2026-12-15,2025-07-07,
2926,2,4193,88,15,2026-02-18,BATCH-2926,2027-07-07,2026-02-18,
2927,8,4780,13,36,2026-07-16,BATCH-2927,2028-10-01,2026-07-16,Below reorder level - reorder placed 2026-07-26
2928,12,180,87,24,2026-07-19,BATCH-2928,2026-10-10,2026-07-19,
2929,12,4173,103,38,2025-09-05,BATCH-2929,2027-01-08,2025-09-05,
2930,7,1848,109,36,2025-06-22,BATCH-2930,2027-03-16,2025-06-22,
2931,10,3438,62,45,2026-04-30,BATCH-2931,2026-10-11,2026-04-30,
2932,4,1691,53,32,2026-03-23,BATCH-2932,2029-08-14,2026-03-23,
2933,1,3291,3,27,2025-10-10,BATCH-2933,2028-05-03,2025-10-10,
2934,3,1370,40,45,2026-01-28,BATCH-2934,2027-02-22,2026-01-28,Below reorder level - reorder placed 2026-02-08
2935,9,614,47,50,2026-08-26,BATCH-2935,2026-07-10,2026-08-26,Expiring in 0 days - flag for clearance; Below reorder level - reorder placed 2026-09-07
2936,11,4274,78,19,2026-05-24,BATCH-2936,2027-02-07,2026-05-24,
2937,7,4363,35,56,2026-07-18,BATCH-2937,2026-06-09,2026-07-18,Expiring in 0 days - flag for clearance; Below reorder level - reorder placed 2026-07-31
2938,10,4659,109,34,2025-12-24,BATCH-2938,2029-09-09,2025-12-24,
2939,4,3452,63,53,2026-06-14,BATCH-2939,2027-08-20,2026-06-14,
2940,3,4034,10,21,2026-05-10,BATCH-2940,2026-06-01,2026-05-10,Expiring in 0 days - flag for clearance
2941,10,3325,68,22,2025-06-23,BATCH-2941,2029-09-23,2025-06-23,
2942,10,4211,70,22,2026-09-02,BATCH-2942,2029-11-30,2026-09-02,
2943,3,4648,43,50,2026-02-04,BATCH-2943,2027-02-20,2026-02-04,Below reorder level - reorder placed 2026-02-12
2944,10,3039,76,37,2026-07-09,BATCH-2944,2028-12-06,2026-07-09,
2945,11,2934,90,29,2026-09-03,BATCH-2945,2026-03-25,2026-09-03,Expiring in 0 days - flag for clearance
2946,4,4754,115,46,2025-09-28,BATCH-2946,2026-11-27,2025-09-28,Expiring in 78 days - monitor
2947,12,3461,17,31,2025-09-01,BATCH-2947,2027-01-08,2025-09-01,Below reorder level - reorder placed 2025-09-05
2948,9,754,92,27,2026-03-23,BATCH-2948,2028-02-21,2026-03-23,
2949,6,805,38,51,2026-04-25,BATCH-2949,2029-07-14,2026-04-25,Below reorder level - reorder placed 2026-04-30
2950,2,4461,59,55,2026-01-08,BATCH-2950,2027-05-02,2026-01-08,
2951,11,3127,48,53,2025-08-17,BATCH-2951,2028-04-01,2025-08-17,Below reorder level - reorder placed 2025-08-27
2952,9,1342,41,41,2026-07-27,BATCH-2952,2027-03-21,2026-07-27,
2953,2,3379,111,41,2025-10-09,BATCH-2953,2027-08-04,2025-10-09,
2954,4,3907,38,31,2025-10-12,BATCH-2954,2026-03-02,2025-10-12,Expiring in 0 days - flag for clearance
2955,5,2817,103,37,2026-06-12,BATCH-2955,2027-03-16,2026-06-12,
2956,4,594,14,46,2025-09-08,BATCH-2956,2027-01-18,2025-09-08,Below reorder level - reorder placed 2025-09-14
2957,2,695,53,48,2025-09-18,BATCH-2957,2029-07-10,2025-09-18,
2958,10,818,65,59,2026-04-25,BATCH-2958,2026-12-16,2026-04-25,
2959,2,1899,80,44,2025-07-28,BATCH-2959,2027-07-18,2025-07-28,
2960,9,198,116,31,2025-12-13,BATCH-2960,2027-02-23,2025-12-13,
2961,9,2545,73,36,2025-06-18,BATCH-2961,2026-08-08,2025-06-18,Expiring in 0 days - flag for clearance
2962,7,3137,119,33,2025-10-09,BATCH-2962,2026-04-17,2025-10-09,Expiring in 0 days - flag for clearance
2963,6,3251,103,55,2025-07-29,BATCH-2963,2028-05-08,2025-07-29,
2964,11,2191,73,57,2025-09-30,BATCH-2964,2028-04-10,2025-09-30,
2965,3,271,44,49,2026-05-16,BATCH-2965,2026-06-11,2026-05-16,Expiring in 0 days - flag for clearance; Below reorder level - reorder placed 2026-05-29
2966,5,711,115,18,2025-10-17,BATCH-2966,2028-09-13,2025-10-17,
2967,2,3778,66,58,2026-02-27,BATCH-2967,2029-02-11,2026-02-27,
2968,4,1814,24,46,2026-05-12,BATCH-2968,2026-09-26,2026-05-12,Expiring in 16 days - flag for clearance
2969,10,1940,118,26,2026-05-09,BATCH-2969,2027-10-14,2026-05-09,
2970,1,1210,29,59,2025-08-06,BATCH-2970,2027-10-06,2025-08-06,Below reorder level - reorder placed 2025-08-11
2971,2,3588,9,38,2026-05-14,BATCH-2971,2026-12-10,2026-05-14,
2972,10,3200,116,38,2025-11-17,BATCH-2972,2028-05-17,2025-11-17,
2973,2,990,11,15,2026-05-23,BATCH-2973,2029-04-08,2026-05-23,
2974,2,2504,19,52,2026-08-22,BATCH-2974,2029-05-06,2026-08-22,Below reorder level - reorder placed 2026-08-30
2975,11,2004,24,25,2026-05-27,BATCH-2975,2028-08-20,2026-05-27,
2976,3,2889,15,28,2025-12-28,BATCH-2976,2029-08-18,2025-12-28,Below reorder level - reorder placed 2026-01-08
2977,6,467,103,18,2026-08-05,BATCH-2977,2027-07-18,2026-08-05,
2978,5,4885,75,21,2026-05-12,BATCH-2978,2026-09-27,2026-05-12,Expiring in 17 days - flag for clearance
2979,11,2809,39,43,2025-08-05,BATCH-2979,2029-12-01,2025-08-05,Below reorder level - reorder placed 2025-08-13
2980,1,4964,74,37,2026-04-20,BATCH-2980,2026-09-25,2026-04-20,Expiring in 15 days - flag for clearance
2981,5,3694,45,31,2025-07-16,BATCH-2981,2027-12-23,2025-07-16,
2982,7,2552,110,51,2026-06-24,BATCH-2982,2028-12-09,2026-06-24,
2983,1,3685,35,23,2026-02-03,BATCH-2983,2029-01-04,2026-02-03,
2984,7,1512,29,15,2026-04-07,BATCH-2984,2029-02-11,2026-04-07,
2985,2,2036,83,45,2025-10-24,BATCH-2985,2027-03-13,2025-10-24,
2986,2,1139,64,36,2025-06-25,BATCH-2986,2026-07-11,2025-06-25,Expiring in 0 days - flag for clearance
2987,3,4223,55,17,2026-03-27,BATCH-2987,2028-02-22,2026-03-27,
2988,7,3296,49,44,2026-06-15,BATCH-2988,2026-04-18,2026-06-15,Expiring in 0 days - flag for clearance
2989,2,3146,112,22,2025-08-05,BATCH-2989,2026-10-31,2025-08-05,
2990,3,547,8,55,2026-04-06,BATCH-2990,2026-11-01,2026-04-06,
2991,10,4331,11,30,2025-07-21,BATCH-2991,2029-10-12,2025-07-21,Below reorder level - reorder placed 2025-07-28
2992,12,1616,24,24,2025-07-26,BATCH-2992,2028-01-21,2025-07-26,
2993,8,733,66,32,2026-04-28,BATCH-2993,2029-04-25,2026-04-28,
2994,1,1670,61,30,2025-07-25,BATCH-2994,2028-05-21,2025-07-25,
2995,6,1849,18,57,2025-12-12,BATCH-2995,2028-03-08,2025-12-12,Below reorder level - reorder placed 2025-12-23
2996,4,4307,75,19,2026-03-06,BATCH-2996,2028-07-18,2026-03-06,
2997,12,3966,63,18,2026-06-29,BATCH-2997,2026-11-28,2026-06-29,
2998,3,1440,18,24,2026-08-19,BATCH-2998,2027-03-16,2026-08-19,
2999,3,887,85,49,2026-01-05,BATCH-2999,2029-05-28,2026-01-05,
3000,1,3977,55,39,2026-05-29,BATCH-3000,2028-06-19,2026-05-29,
3001,1,3539,2,26,2025-07-14,BATCH-3001,2026-07-17,2025-07-14,Expiring in 0 days - flag for clearance; Below reorder level - reorder placed 2025-07-19
3002,5,2271,82,22,2025-08-06,BATCH-3002,2026-03-27,2025-08-06,Expiring in 0 days - flag for clearance
3003,3,1011,61,48,2026-01-23,BATCH-3003,2027-08-09,2026-01-23,
3004,8,1975,97,15,2025-11-12,BATCH-3004,2029-11-29,2025-11-12,
3005,3,4100,19,31,2025-07-27,BATCH-3005,2029-02-19,2025-07-27,Below reorder level - reorder placed 2025-08-09
3006,2,4459,114,31,2026-01-21,BATCH-3006,2028-09-07,2026-01-21,
3007,7,2564,28,58,2025-07-06,BATCH-3007,2026-07-02,2025-07-06,Expiring in 0 days - flag for clearance; Below reorder level - reorder placed 2025-07-18
3008,11,1475,88,51,2026-03-23,BATCH-3008,2028-12-07,2026-03-23,
3009,3,4535,34,18,2026-07-31,BATCH-3009,2027-04-17,2026-07-31,
3010,9,4111,42,22,2026-05-29,BATCH-3010,2029-11-30,2026-05-29,
3011,5,3781,75,24,2025-10-24,BATCH-3011,2027-03-06,2025-10-24,
3012,12,1658,2,39,2026-05-23,BATCH-3012,2029-04-21,2026-05-23,Below reorder level - reorder placed 2026-06-02
3013,9,1085,104,40,2025-09-25,BATCH-3013,2029-10-20,2025-09-25,
3014,10,2945,93,51,2025-10-07,BATCH-3014,2026-10-24,2025-10-07,Expiring in 44 days - monitor
3015,8,2240,4,30,2026-06-03,BATCH-3015,2028-08-13,2026-06-03,Below reorder level - reorder placed 2026-06-14
3016,12,2474,58,26,2026-07-03,BATCH-3016,2028-08-11,2026-07-03,
3017,9,1267,40,49,2025-10-26,BATCH-3017,2029-01-20,2025-10-26,Below reorder level - reorder placed 2025-11-04
3018,8,1291,1,51,2026-04-10,BATCH-3018,2027-07-26,2026-04-10,
3019,11,4155,29,26,2026-04-21,BATCH-3019,2026-11-10,2026-04-21,
3020,7,3813,73,49,2026-06-03,BATCH-3020,2027-08-24,2026-06-03,
3021,3,2179,29,19,2026-07-22,BATCH-3021,2026-01-05,2026-07-22,Expiring in 0 days - flag for clearance
3022,1,1238,96,31,2025-10-14,BATCH-3022,2027-08-31,2025-10-14,
3023,9,3926,36,40,2026-03-26,BATCH-3023,2029-04-14,2026-03-26,Below reorder level - reorder placed 2026-03-29
3024,9,1053,71,41,2026-04-18,BATCH-3024,2028-08-10,2026-04-18,
3025,5,2777,68,23,2026-03-21,BATCH-3025,2027-06-27,2026-03-21,
3026,5,4127,31,18,2026-01-11,BATCH-3026,2029-03-29,2026-01-11,
3027,3,3665,46,40,2026-04-01,BATCH-3027,2026-02-16,2026-04-01,Expiring in 0 days - flag for clearance
3028,9,1422,89,48,2026-02-27,BATCH-3028,2027-03-09,2026-02-27,
3029,5,2052,72,48,2026-09-02,BATCH-3029,2027-10-14,2026-09-02,
3030,4,2581,16,45,2025-07-23,BATCH-3030,2028-08-10,2025-07-23,Below reorder level - reorder placed 2025-07-28
3031,7,430,27,29,2026-06-22,BATCH-3031,2029-05-30,2026-06-22,
3032,5,3872,103,30,2026-06-12,BATCH-3032,2027-12-11,2026-06-12,
3033,7,1004,9,45,2026-04-10,BATCH-3033,2028-03-21,2026-04-10,Below reorder level - reorder placed 2026-04-22
3034,8,651,25,58,2026-02-06,BATCH-3034,2026-12-07,2026-02-06,Expiring in 88 days - monitor; Below reorder level - reorder placed 2026-02-09
3035,6,4632,59,47,2025-12-08,BATCH-3035,2026-09-25,2025-12-08,Expiring in 15 days - flag for clearance
3036,4,3088,55,46,2026-08-24,BATCH-3036,2027-05-21,2026-08-24,
3037,10,630,22,59,2026-05-16,BATCH-3037,2028-08-25,2026-05-16,Below reorder level - reorder placed 2026-05-24
3038,12,4570,108,24,2025-10-13,BATCH-3038,2029-01-03,2025-10-13,
3039,10,2133,13,43,2026-07-15,BATCH-3039,2028-10-14,2026-07-15,Below reorder level - reorder placed 2026-07-18
3040,1,931,61,16,2025-09-27,BATCH-3040,2029-01-08,2025-09-27,
3041,3,3580,66,38,2026-02-15,BATCH-3041,2029-12-15,2026-02-15,
3042,1,512,29,38,2026-04-19,BATCH-3042,2026-01-08,2026-04-19,Expiring in 0 days - flag for clearance; Below reorder level - reorder placed 2026-04-26
3043,5,3374,39,23,2025-08-08,BATCH-3043,2029-12-03,2025-08-08,
3044,6,3544,85,52,2026-07-30,BATCH-3044,2028-06-21,2026-07-30,
3045,2,694,66,47,2026-04-10,BATCH-3045,2028-03-19,2026-04-10,
3046,2,357,107,19,2026-06-10,BATCH-3046,2028-12-25,2026-06-10,
3047,7,721,18,25,2026-05-13,BATCH-3047,2030-01-02,2026-05-13,Below reorder level - reorder placed 2026-05-19
3048,10,2755,97,25,2025-11-29,BATCH-3048,2029-08-17,2025-11-29,
3049,3,245,12,59,2026-04-09,BATCH-3049,2026-06-15,2026-04-09,Expiring in 0 days - flag for clearance; Below reorder level - reorder placed 2026-04-21
3050,7,2272,109,52,2025-10-13,BATCH-3050,2028-05-07,2025-10-13,
3051,7,4774,66,59,2026-04-01,BATCH-3051,2025-12-14,2026-04-01,Expiring in 0 days - flag for clearance
3052,2,3659,71,55,2026-08-15,BATCH-3052,2027-07-05,2026-08-15,
3053,1,2225,99,27,2026-02-23,BATCH-3053,2028-10-10,2026-02-23,
3054,1,2213,50,47,2025-09-16,BATCH-3054,2026-11-04,2025-09-16,Expiring in 55 days - monitor
3055,2,4318,46,18,2026-06-15,BATCH-3055,2029-03-31,2026-06-15,
3056,6,4493,6,49,2026-01-09,BATCH-3056,2028-07-29,2026-01-09,Below reorder level - reorder placed 2026-01-14
3057,3,169,117,20,2025-08-01,BATCH-3057,2027-07-05,2025-08-01,
3058,2,355,70,16,2025-06-05,BATCH-3058,2027-10-26,2025-06-05,
3059,6,2540,67,55,2025-06-13,BATCH-3059,2027-11-08,2025-06-13,
3060,8,2239,67,17,2026-08-13,BATCH-3060,2026-09-26,2026-08-13,Expiring in 16 days - flag for clearance
3061,6,2053,114,26,2026-05-09,BATCH-3061,2029-09-16,2026-05-09,
3062,10,1409,40,59,2025-12-18,BATCH-3062,2025-12-14,2025-12-18,Expiring in 0 days - flag for clearance; Below reorder level - reorder placed 2025-12-29
3063,3,1938,47,16,2025-12-19,BATCH-3063,2029-02-25,2025-12-19,
3064,12,299,17,42,2025-10-18,BATCH-3064,2026-02-16,2025-10-18,Expiring in 0 days - flag for clearance; Below reorder level - reorder placed 2025-10-25
3065,1,4871,42,58,2025-10-29,BATCH-3065,2027-09-24,2025-10-29,Below reorder level - reorder placed 2025-11-02
3066,7,2882,35,19,2025-06-06,BATCH-3066,2027-07-03,2025-06-06,
3067,5,1132,114,23,2026-06-02,BATCH-3067,2025-12-25,2026-06-02,Expiring in 0 days - flag for clearance
3068,6,3771,67,36,2026-06-24,BATCH-3068,2027-08-27,2026-06-24,
3069,9,2096,86,26,2026-01-28,BATCH-3069,2026-06-30,2026-01-28,Expiring in 0 days - flag for clearance
3070,11,151,94,17,2025-11-30,BATCH-3070,2026-11-21,2025-11-30,Expiring in 72 days - monitor
3071,3,2449,95,19,2025-08-08,BATCH-3071,2029-02-24,2025-08-08,
3072,12,3588,27,27,2026-04-03,BATCH-3072,2026-12-10,2026-04-03,
3073,12,2907,95,45,2026-08-15,BATCH-3073,2026-01-07,2026-08-15,Expiring in 0 days - flag for clearance
3074,4,364,50,17,2025-12-15,BATCH-3074,2026-07-06,2025-12-15,Expiring in 0 days - flag for clearance
3075,8,1963,100,32,2026-03-30,BATCH-3075,2027-09-25,2026-03-30,
3076,12,4461,3,30,2025-11-05,BATCH-3076,2027-05-02,2025-11-05,
3077,7,3150,79,16,2025-10-15,BATCH-3077,2027-09-06,2025-10-15,
3078,11,33,8,25,2025-07-30,BATCH-3078,2027-11-01,2025-07-30,
3079,9,3418,85,38,2025-07-09,BATCH-3079,2030-01-11,2025-07-09,
3080,8,3915,89,43,2026-03-08,BATCH-3080,2027-08-23,2026-03-08,
3081,2,2632,65,56,2026-06-26,BATCH-3081,2028-11-12,2026-06-26,
3082,8,1590,114,56,2025-07-16,BATCH-3082,2025-12-13,2025-07-16,Expiring in 0 days - flag for clearance
3083,12,1486,51,21,2026-08-07,BATCH-3083,2026-11-02,2026-08-07,
3084,12,2197,40,33,2025-07-18,BATCH-3084,2026-10-09,2025-07-18,Expiring in 29 days - flag for clearance
3085,4,2629,74,31,2026-05-09,BATCH-3085,2025-12-13,2026-05-09,Expiring in 0 days - flag for clearance
3086,12,2204,14,21,2025-06-29,BATCH-3086,2027-07-08,2025-06-29,
3087,3,294,100,17,2026-05-17,BATCH-3087,2026-03-22,2026-05-17,Expiring in 0 days - flag for clearance
3088,8,4552,91,48,2026-05-22,BATCH-3088,2028-10-27,2026-05-22,
3089,10,2000,83,48,2025-12-17,BATCH-3089,2026-04-25,2025-12-17,Expiring in 0 days - flag for clearance
3090,11,348,66,47,2026-01-29,BATCH-3090,2027-07-12,2026-01-29,
3091,11,3501,68,46,2026-03-17,BATCH-3091,2028-08-19,2026-03-17,
3092,8,4176,24,38,2026-05-25,BATCH-3092,2029-09-13,2026-05-25,Below reorder level - reorder placed 2026-06-01
3093,3,991,114,35,2026-03-05,BATCH-3093,2026-10-16,2026-03-05,
3094,8,2025,36,46,2025-09-01,BATCH-3094,2029-10-28,2025-09-01,Below reorder level - reorder placed 2025-09-14
3095,12,554,3,41,2025-07-22,BATCH-3095,2028-03-12,2025-07-22,Below reorder level - reorder placed 2025-08-03
3096,12,3946,75,36,2025-09-23,BATCH-3096,2029-01-11,2025-09-23,
3097,2,2318,91,28,2026-01-02,BATCH-3097,2029-06-14,2026-01-02,
3098,11,1557,68,28,2025-10-30,BATCH-3098,2029-03-14,2025-10-30,
3099,2,3738,102,59,2025-12-01,BATCH-3099,2028-09-07,2025-12-01,
3100,10,3102,107,57,2026-01-01,BATCH-3100,2029-12-31,2026-01-01,
3101,2,3912,85,25,2025-11-28,BATCH-3101,2026-08-30,2025-11-28,Expiring in 0 days - flag for clearance
3102,12,2648,14,40,2025-08-16,BATCH-3102,2029-05-13,2025-08-16,
3103,11,182,52,41,2025-09-02,BATCH-3103,2028-05-22,2025-09-02,
3104,12,2452,83,34,2025-12-14,BATCH-3104,2026-11-14,2025-12-14,
3105,11,2574,9,17,2025-12-27,BATCH-3105,2029-07-18,2025-12-27,
3106,11,4217,111,44,2026-07-30,BATCH-3106,2029-09-27,2026-07-30,
3107,8,1619,99,31,2025-06-06,BATCH-3107,2026-09-16,2025-06-06,Expiring in 6 days - flag for clearance
3108,11,3863,47,25,2026-05-25,BATCH-3108,2027-07-15,2026-05-25,
3109,7,1294,85,20,2025-08-24,BATCH-3109,2028-10-12,2025-08-24,
3110,9,1923,50,15,2026-04-23,BATCH-3110,2027-01-12,2026-04-23,
3111,1,3953,70,26,2026-09-03,BATCH-3111,2028-10-06,2026-09-03,
3112,10,2501,36,46,2025-06-18,BATCH-3112,2029-03-05,2025-06-18,
3113,4,4729,39,25,2025-06-26,BATCH-3113,2026-09-08,2025-06-26,Expiring in 0 days - flag for clearance
3114,4,3625,69,19,2026-06-22,BATCH-3114,2029-06-21,2026-06-22,
3115,2,2499,115,52,2026-01-26,BATCH-3115,2029-11-22,2026-01-26,
3116,2,3412,87,22,2025-12-09,BATCH-3116,2029-06-07,2025-12-09,
3117,10,4668,97,33,2025-08-19,BATCH-3117,2028-09-21,2025-08-19,
3118,12,1536,84,36,2026-01-06,BATCH-3118,2029-05-18,2026-01-06,
3119,7,1332,100,59,2026-06-15,BATCH-3119,2028-03-18,2026-06-15,
3120,10,428,33,49,2026-06-03,BATCH-3120,2029-11-14,2026-06-03,Below reorder level - reorder placed 2026-06-12
3121,7,2589,105,47,2025-11-22,BATCH-3121,2028-04-17,2025-11-22,
3122,3,436,1,39,2025-10-24,BATCH-3122,2027-12-26,2025-10-24,Below reorder level - reorder placed 2025-10-29
3123,10,3457,12,34,2025-12-03,BATCH-3123,2026-09-22,2025-12-03,Expiring in 12 days - flag for clearance; Below reorder level - reorder placed 2025-12-11
3124,4,615,21,51,2026-03-15,BATCH-3124,2026-07-27,2026-03-15,Expiring in 0 days - flag for clearance
3125,3,4316,46,34,2026-08-03,BATCH-3125,2026-10-01,2026-08-03,Expiring in 21 days - flag for clearance
3126,4,2744,107,18,2026-01-14,BATCH-3126,2029-09-28,2026-01-14,
3127,2,4280,45,23,2026-06-20,BATCH-3127,2028-12-01,2026-06-20,
3128,3,140,44,36,2025-06-16,BATCH-3128,2028-11-06,2025-06-16,
3129,6,1203,95,26,2025-10-24,BATCH-3129,2028-07-07,2025-10-24,
3130,8,1964,39,33,2025-06-06,BATCH-3130,2028-08-13,2025-06-06,
3131,11,852,98,42,2026-02-07,BATCH-3131,2029-04-24,2026-02-07,
3132,8,1217,9,38,2026-02-28,BATCH-3132,2027-12-16,2026-02-28,Below reorder level - reorder placed 2026-03-04
3133,3,4758,81,50,2025-06-09,BATCH-3133,2028-11-08,2025-06-09,
3134,11,2514,85,37,2026-05-09,BATCH-3134,2028-01-19,2026-05-09,
3135,12,4158,100,46,2026-07-02,BATCH-3135,2027-02-23,2026-07-02,
3136,11,1900,27,59,2026-04-20,BATCH-3136,2026-09-06,2026-04-20,Expiring in 0 days - flag for clearance; Below reorder level - reorder placed 2026-04-30
3137,5,786,75,51,2026-06-05,BATCH-3137,2027-08-25,2026-06-05,
3138,1,947,79,26,2025-08-04,BATCH-3138,2025-12-29,2025-08-04,Expiring in 0 days - flag for clearance
3139,7,364,37,33,2025-12-18,BATCH-3139,2026-07-06,2025-12-18,Expiring in 0 days - flag for clearance
3140,11,458,94,37,2026-04-17,BATCH-3140,2026-12-10,2026-04-17,
3141,11,3751,39,35,2025-07-24,BATCH-3141,2027-02-10,2025-07-24,
3142,2,3904,37,58,2026-05-30,BATCH-3142,2027-05-23,2026-05-30,Below reorder level - reorder placed 2026-06-06
3143,1,3665,10,17,2025-08-20,BATCH-3143,2026-02-16,2025-08-20,Expiring in 0 days - flag for clearance; Below reorder level - reorder placed 2025-09-02
3144,11,3091,3,53,2026-05-06,BATCH-3144,2028-06-29,2026-05-06,Below reorder level - reorder placed 2026-05-18
3145,11,4131,117,16,2025-06-11,BATCH-3145,2028-07-04,2025-06-11,
3146,7,3932,70,28,2026-06-10,BATCH-3146,2030-01-08,2026-06-10,
3147,12,1944,40,34,2026-07-13,BATCH-3147,2029-05-11,2026-07-13,
3148,12,4000,6,36,2025-12-10,BATCH-3148,2026-06-01,2025-12-10,Expiring in 0 days - flag for clearance; Below reorder level - reorder placed 2025-12-22
3149,5,3864,87,48,2026-04-26,BATCH-3149,2028-12-03,2026-04-26,
3150,3,4954,76,22,2025-07-12,BATCH-3150,2026-03-21,2025-07-12,Expiring in 0 days - flag for clearance
3151,12,445,119,42,2025-11-16,BATCH-3151,2029-08-06,2025-11-16,
3152,10,1924,16,29,2026-02-02,BATCH-3152,2026-11-05,2026-02-02,Expiring in 56 days - monitor; Below reorder level - reorder placed 2026-02-15
3153,8,3665,97,20,2025-11-24,BATCH-3153,2026-02-16,2025-11-24,Expiring in 0 days - flag for clearance
3154,2,122,84,41,2025-08-17,BATCH-3154,2029-02-04,2025-08-17,
3155,1,3388,40,57,2026-07-28,BATCH-3155,2026-04-24,2026-07-28,Expiring in 0 days - flag for clearance
3156,2,2342,33,39,2025-08-22,BATCH-3156,2026-12-22,2025-08-22,
3157,1,1255,8,23,2026-05-09,BATCH-3157,2027-01-10,2026-05-09,Below reorder level - reorder placed 2026-05-15
3158,8,500,19,43,2026-03-16,BATCH-3158,2026-03-28,2026-03-16,Expiring in 0 days - flag for clearance; Below reorder level - reorder placed 2026-03-28
3159,12,4847,81,40,2026-05-27,BATCH-3159,2026-02-14,2026-05-27,Expiring in 0 days - flag for clearance
3160,6,2716,9,51,2026-06-05,BATCH-3160,2026-07-21,2026-06-05,Expiring in 0 days - flag for clearance; Below reorder level - reorder placed 2026-06-15
3161,3,2779,22,51,2025-08-14,BATCH-3161,2027-06-30,2025-08-14,
3162,12,755,116,50,2025-11-27,BATCH-3162,2029-02-06,2025-11-27,
3163,9,3852,93,22,2026-02-26,BATCH-3163,2029-01-23,2026-02-26,
3164,9,3338,2,54,2026-04-18,BATCH-3164,2026-11-16,2026-04-18,Expiring in 67 days - monitor; Below reorder level - reorder placed 2026-04-28
3165,4,4556,45,37,2025-08-03,BATCH-3165,2027-05-08,2025-08-03,
3166,6,1714,37,56,2026-03-27,BATCH-3166,2028-10-23,2026-03-27,Below reorder level - reorder placed 2026-04-02
3167,7,3047,80,49,2026-05-04,BATCH-3167,2028-10-09,2026-05-04,
3168,11,3434,82,15,2026-03-11,BATCH-3168,2026-10-22,2026-03-11,
3169,10,3615,43,38,2026-04-17,BATCH-3169,2027-10-17,2026-04-17,
3170,10,755,84,43,2025-09-06,BATCH-3170,2029-02-06,2025-09-06,
3171,9,1036,52,30,2026-01-10,BATCH-3171,2029-01-08,2026-01-10,
3172,6,1944,21,19,2026-08-08,BATCH-3172,2029-05-11,2026-08-08,
3173,6,790,119,15,2026-05-19,BATCH-3173,2029-03-31,2026-05-19,
3174,3,4233,17,47,2025-09-29,BATCH-3174,2027-12-11,2025-09-29,Below reorder level - reorder placed 2025-10-12
3175,12,608,78,16,2025-08-03,BATCH-3175,2027-03-25,2025-08-03,
3176,2,1533,3,49,2026-04-27,BATCH-3176,2026-06-19,2026-04-27,Expiring in 0 days - flag for clearance; Below reorder level - reorder placed 2026-05-10
3177,6,8,94,31,2026-03-31,BATCH-3177,2029-12-10,2026-03-31,
3178,11,1559,53,15,2026-01-31,BATCH-3178,2027-07-23,2026-01-31,
3179,3,1528,4,54,2026-07-17,BATCH-3179,2027-09-21,2026-07-17,
3180,2,2008,108,27,2025-09-15,BATCH-3180,2027-07-05,2025-09-15,
3181,5,4762,60,22,2025-12-11,BATCH-3181,2026-02-02,2025-12-11,Expiring in 0 days - flag for clearance
3182,6,2672,25,26,2026-06-08,BATCH-3182,2027-03-02,2026-06-08,Below reorder level - reorder placed 2026-06-12
3183,4,458,56,30,2025-07-10,BATCH-3183,2026-12-10,2025-07-10,
3184,11,2821,40,25,2025-06-17,BATCH-3184,2026-12-22,2025-06-17,
3185,11,628,23,52,2025-10-16,BATCH-3185,2029-11-14,2025-10-16,Below reorder level - reorder placed 2025-10-21
3186,11,634,73,19,2025-09-16,BATCH-3186,2028-04-12,2025-09-16,
3187,9,4327,114,47,2025-08-24,BATCH-3187,2028-06-22,2025-08-24,
3188,6,4706,32,47,2025-06-20,BATCH-3188,2027-08-15,2025-06-20,
3189,7,2119,70,24,2026-03-07,BATCH-3189,2029-08-30,2026-03-07,
3190,12,4740,43,41,2026-04-12,BATCH-3190,2027-12-27,2026-04-12,
3191,12,2103,93,34,2025-12-15,BATCH-3191,2026-10-20,2025-12-15,
3192,7,1215,65,27,2026-08-27,BATCH-3192,2027-04-19,2026-08-27,
3193,11,4720,110,28,2025-07-22,BATCH-3193,2028-02-03,2025-07-22,
3194,3,4047,91,28,2026-02-22,BATCH-3194,2028-11-09,2026-02-22,
3195,1,298,23,50,2025-08-13,BATCH-3195,2027-01-02,2025-08-13,Below reorder level - reorder placed 2025-08-17
3196,9,2664,46,55,2026-07-19,BATCH-3196,2027-06-28,2026-07-19,Below reorder level - reorder placed 2026-07-30
3197,6,186,91,23,2025-07-15,BATCH-3197,2026-03-11,2025-07-15,Expiring in 0 days - flag for clearance
3198,5,3380,26,39,2025-07-17,BATCH-3198,2027-10-05,2025-07-17,Below reorder level - reorder placed 2025-07-29
3199,6,2169,94,16,2025-06-25,BATCH-3199,2027-04-30,2025-06-25,
3200,10,4482,13,17,2025-06-21,BATCH-3200,2026-02-05,2025-06-21,Expiring in 0 days - flag for clearance
3201,11,3631,29,15,2025-07-14,BATCH-3201,2028-06-18,2025-07-14,
3202,6,4196,31,36,2025-07-21,BATCH-3202,2028-06-01,2025-07-21,
3203,1,2369,119,36,2025-11-03,BATCH-3203,2026-02-03,2025-11-03,Expiring in 0 days - flag for clearance
3204,2,4500,112,54,2025-12-10,BATCH-3204,2026-10-05,2025-12-10,Expiring in 25 days - flag for clearance
3205,12,46,33,46,2026-01-12,BATCH-3205,2028-03-12,2026-01-12,
3206,9,2611,73,55,2026-08-15,BATCH-3206,2027-01-06,2026-08-15,
3207,11,1529,46,59,2025-12-10,BATCH-3207,2027-02-25,2025-12-10,Below reorder level - reorder placed 2025-12-23
3208,5,3162,45,55,2026-04-29,BATCH-3208,2026-09-24,2026-04-29,Expiring in 14 days - flag for clearance; Below reorder level - reorder placed 2026-05-12
3209,6,2193,34,33,2026-02-18,BATCH-3209,2026-06-22,2026-02-18,Expiring in 0 days - flag for clearance
3210,2,481,102,45,2025-08-29,BATCH-3210,2026-06-10,2025-08-29,Expiring in 0 days - flag for clearance
3211,3,3215,36,45,2025-10-17,BATCH-3211,2027-02-27,2025-10-17,Below reorder level - reorder placed 2025-10-24
3212,11,829,28,24,2025-12-21,BATCH-3212,2027-04-05,2025-12-21,
3213,8,3396,73,46,2025-11-23,BATCH-3213,2026-12-26,2025-11-23,
3214,3,3503,79,28,2026-02-24,BATCH-3214,2029-12-16,2026-02-24,
3215,12,878,117,50,2026-02-08,BATCH-3215,2026-07-11,2026-02-08,Expiring in 0 days - flag for clearance
3216,5,278,56,19,2026-03-15,BATCH-3216,2029-06-05,2026-03-15,
3217,11,1108,57,31,2026-03-24,BATCH-3217,2027-11-13,2026-03-24,
3218,10,4546,10,17,2025-11-09,BATCH-3218,2026-11-23,2025-11-09,Below reorder level - reorder placed 2025-11-14
3219,6,1535,95,56,2026-06-14,BATCH-3219,2028-10-07,2026-06-14,
3220,1,3716,48,32,2026-04-15,BATCH-3220,2029-02-28,2026-04-15,
3221,2,3320,41,20,2026-01-20,BATCH-3221,2028-01-24,2026-01-20,
3222,12,3715,96,19,2025-12-17,BATCH-3222,2028-09-08,2025-12-17,
3223,6,4192,53,40,2026-05-16,BATCH-3223,2026-06-18,2026-05-16,Expiring in 0 days - flag for clearance
3224,5,4017,105,57,2026-06-09,BATCH-3224,2026-07-23,2026-06-09,Expiring in 0 days - flag for clearance
3225,1,4075,48,15,2025-08-30,BATCH-3225,2026-02-11,2025-08-30,Expiring in 0 days - flag for clearance
3226,5,1428,110,34,2025-09-21,BATCH-3226,2028-09-18,2025-09-21,
3227,2,3002,113,42,2026-05-29,BATCH-3227,2027-12-07,2026-05-29,
3228,6,816,105,22,2025-12-06,BATCH-3228,2025-12-29,2025-12-06,Expiring in 0 days - flag for clearance
3229,12,1636,74,47,2026-05-30,BATCH-3229,2027-09-21,2026-05-30,
3230,7,2559,35,43,2025-10-17,BATCH-3230,2026-12-04,2025-10-17,Expiring in 85 days - monitor; Below reorder level - reorder placed 2025-10-20
3231,5,2487,113,48,2026-05-05,BATCH-3231,2027-02-21,2026-05-05,
3232,9,3110,57,33,2025-10-20,BATCH-3232,2029-07-10,2025-10-20,
3233,9,2095,115,42,2025-08-01,BATCH-3233,2027-07-02,2025-08-01,
3234,3,92,0,58,2025-06-11,BATCH-3234,2026-11-27,2025-06-11,Expiring in 78 days - monitor; Below reorder level - reorder placed 2025-06-24
3235,1,4266,115,23,2026-02-12,BATCH-3235,2026-08-10,2026-02-12,Expiring in 0 days - flag for clearance
3236,12,1262,8,44,2026-01-30,BATCH-3236,2028-07-21,2026-01-30,Below reorder level - reorder placed 2026-02-07
3237,6,3481,0,42,2025-10-11,BATCH-3237,2026-06-27,2025-10-11,Expiring in 0 days - flag for clearance; Below reorder level - reorder placed 2025-10-21
3238,2,938,119,15,2026-09-01,BATCH-3238,2027-04-19,2026-09-01,
3239,11,3732,35,46,2026-02-23,BATCH-3239,2026-12-10,2026-02-23,Below reorder level - reorder placed 2026-02-28
3240,5,746,90,49,2026-01-15,BATCH-3240,2027-02-04,2026-01-15,
3241,10,3363,8,54,2025-12-12,BATCH-3241,2026-01-23,2025-12-12,Expiring in 0 days - flag for clearance
3242,3,1324,89,20,2025-12-01,BATCH-3242,2028-10-05,2025-12-01,
3243,12,1203,52,59,2026-04-03,BATCH-3243,2028-07-07,2026-04-03,Below reorder level - reorder placed 2026-04-10
3244,4,654,56,31,2026-01-29,BATCH-3244,2026-01-16,2026-01-29,Expiring in 0 days - flag for clearance
3245,12,3138,60,21,2025-06-28,BATCH-3245,2027-06-09,2025-06-28,
3246,2,2264,91,53,2025-12-12,BATCH-3246,2026-11-04,2025-12-12,Expiring in 55 days - monitor
3247,8,3025,101,56,2025-11-30,BATCH-3247,2026-11-10,2025-11-30,
3248,10,3469,72,55,2025-09-03,BATCH-3248,2028-03-17,2025-09-03,
3249,12,288,13,59,2026-04-22,BATCH-3249,2026-08-15,2026-04-22,Expiring in 0 days - flag for clearance; Below reorder level - reorder placed 2026-04-29
3250,10,2134,50,22,2025-07-20,BATCH-3250,2028-01-11,2025-07-20,
3251,6,463,53,57,2025-06-20,BATCH-3251,2028-02-01,2025-06-20,Below reorder level - reorder placed 2025-06-24
3252,11,3573,108,21,2025-12-05,BATCH-3252,2029-01-19,2025-12-05,
3253,4,312,28,38,2026-07-27,BATCH-3253,2026-08-26,2026-07-27,Expiring in 0 days - flag for clearance; Below reorder level - reorder placed 2026-08-07
3254,4,2016,60,32,2026-04-23,BATCH-3254,2027-10-26,2026-04-23,
3255,7,1290,68,39,2026-02-17,BATCH-3255,2027-05-29,2026-02-17,
3256,10,1026,4,26,2026-04-20,BATCH-3256,2028-06-20,2026-04-20,Below reorder level - reorder placed 2026-04-25
3257,8,3743,89,27,2026-03-10,BATCH-3257,2026-11-02,2026-03-10,
3258,6,66,12,34,2025-11-09,BATCH-3258,2026-12-01,2025-11-09,
3259,10,4410,60,34,2026-01-15,BATCH-3259,2026-12-05,2026-01-15,
3260,2,3965,47,53,2026-03-16,BATCH-3260,2028-09-24,2026-03-16,Below reorder level - reorder placed 2026-03-27
3261,4,2904,115,27,2026-01-03,BATCH-3261,2027-11-24,2026-01-03,
3262,11,3825,94,47,2026-01-31,BATCH-3262,2026-05-14,2026-01-31,Expiring in 0 days - flag for clearance
3263,10,3520,97,56,2025-10-23,BATCH-3263,2028-02-27,2025-10-23,
3264,4,3554,57,37,2025-08-23,BATCH-3264,2026-01-29,2025-08-23,Expiring in 0 days - flag for clearance
3265,4,654,33,39,2025-10-01,BATCH-3265,2026-01-16,2025-10-01,Expiring in 0 days - flag for clearance; Below reorder level - reorder placed 2025-10-14
3266,6,2471,82,29,2025-07-20,BATCH-3266,2028-02-09,2025-07-20,
3267,11,920,86,28,2026-01-22,BATCH-3267,2026-12-19,2026-01-22,
3268,12,1535,116,48,2026-04-17,BATCH-3268,2028-10-07,2026-04-17,
3269,1,2818,103,33,2026-04-10,BATCH-3269,2026-11-07,2026-04-10,Expiring in 58 days - monitor
3270,12,3903,115,47,2026-04-24,BATCH-3270,2027-12-29,2026-04-24,
3271,9,1818,22,30,2025-07-20,BATCH-3271,2029-12-26,2025-07-20,Below reorder level - reorder placed 2025-07-28
3272,1,3819,1,36,2026-04-10,BATCH-3272,2027-10-18,2026-04-10,
3273,5,3396,35,29,2026-04-19,BATCH-3273,2026-12-26,2026-04-19,
3274,10,4327,107,24,2026-03-26,BATCH-3274,2028-06-22,2026-03-26,
3275,7,4697,2,20,2026-05-26,BATCH-3275,2028-02-14,2026-05-26,Below reorder level - reorder placed 2026-06-05
3276,1,2002,40,15,2026-07-23,BATCH-3276,2027-11-22,2026-07-23,
3277,4,3904,82,28,2025-10-21,BATCH-3277,2027-05-23,2025-10-21,
3278,11,971,93,52,2025-12-12,BATCH-3278,2027-06-06,2025-12-12,
3279,7,872,40,18,2026-03-19,BATCH-3279,2028-06-28,2026-03-19,
3280,12,1895,103,21,2026-04-08,BATCH-3280,2029-03-19,2026-04-08,
3281,6,2046,38,25,2026-07-30,BATCH-3281,2026-12-05,2026-07-30,Expiring in 86 days - monitor
3282,6,417,72,15,2025-10-20,BATCH-3282,2029-02-25,2025-10-20,
3283,5,3844,114,53,2025-08-01,BATCH-3283,2029-10-03,2025-08-01,
3284,7,1084,39,50,2026-08-16,BATCH-3284,2026-07-10,2026-08-16,Expiring in 0 days - flag for clearance; Below reorder level - reorder placed 2026-08-22
3285,3,1212,31,51,2025-11-19,BATCH-3285,2030-01-07,2025-11-19,Below reorder level - reorder placed 2025-11-27
3286,5,3485,106,56,2026-04-22,BATCH-3286,2029-04-10,2026-04-22,
3287,8,2046,39,32,2026-08-14,BATCH-3287,2026-12-05,2026-08-14,
3288,1,2831,17,19,2025-07-23,BATCH-3288,2028-03-14,2025-07-23,Below reorder level - reorder placed 2025-08-04
3289,10,1294,117,54,2026-08-23,BATCH-3289,2028-10-12,2026-08-23,
3290,1,3749,101,54,2025-08-24,BATCH-3290,2028-12-15,2025-08-24,
3291,11,3022,116,22,2026-06-04,BATCH-3291,2026-09-10,2026-06-04,Expiring in 0 days - flag for clearance
3292,2,3106,23,28,2026-02-27,BATCH-3292,2027-09-15,2026-02-27,Below reorder level - reorder placed 2026-03-11
3293,10,1940,17,57,2026-07-24,BATCH-3293,2027-10-14,2026-07-24,
3294,4,4980,106,16,2026-01-10,BATCH-3294,2026-02-01,2026-01-10,Expiring in 0 days - flag for clearance
3295,7,2074,3,51,2025-12-19,BATCH-3295,2026-09-01,2025-12-19,Expiring in 0 days - flag for clearance; Below reorder level - reorder placed 2025-12-31
3296,11,2394,110,16,2026-06-23,BATCH-3296,2027-08-16,2026-06-23,
3297,11,3932,5,33,2026-08-14,BATCH-3297,2030-01-08,2026-08-14,Below reorder level - reorder placed 2026-08-21
3298,11,4219,99,37,2026-01-11,BATCH-3298,2027-06-24,2026-01-11,
3299,12,3912,49,32,2025-08-24,BATCH-3299,2026-08-30,2025-08-24,Expiring in 0 days - flag for clearance
3300,8,3562,25,56,2026-08-10,BATCH-3300,2028-03-16,2026-08-10,Below reorder level - reorder placed 2026-08-18
3301,11,3185,72,58,2026-04-04,BATCH-3301,2027-06-21,2026-04-04,
3302,7,3125,53,43,2026-05-08,BATCH-3302,2028-06-28,2026-05-08,
3303,1,2169,56,37,2025-09-11,BATCH-3303,2027-04-30,2025-09-11,
3304,9,2221,101,27,2026-07-20,BATCH-3304,2026-06-14,2026-07-20,Expiring in 0 days - flag for clearance
3305,11,1669,0,44,2025-08-05,BATCH-3305,2029-02-23,2025-08-05,Below reorder level - reorder placed 2025-08-17
3306,4,2267,86,20,2025-09-05,BATCH-3306,2027-07-22,2025-09-05,
3307,11,3955,72,57,2026-01-19,BATCH-3307,2028-06-26,2026-01-19,
3308,6,3274,91,51,2025-07-23,BATCH-3308,2027-02-09,2025-07-23,
3309,3,2264,13,56,2025-07-30,BATCH-3309,2026-11-04,2025-07-30,Expiring in 55 days - monitor
3310,9,3749,21,40,2026-01-20,BATCH-3310,2028-12-15,2026-01-20,Below reorder level - reorder placed 2026-01-24
3311,4,2420,68,38,2026-01-30,BATCH-3311,2025-12-19,2026-01-30,Expiring in 0 days - flag for clearance
3312,2,4808,78,51,2025-08-01,BATCH-3312,2026-07-05,2025-08-01,Expiring in 0 days - flag for clearance
3313,2,1245,14,56,2026-05-12,BATCH-3313,2029-03-06,2026-05-12,Below reorder level - reorder placed 2026-05-21
3314,6,4036,34,51,2026-05-30,BATCH-3314,2029-08-11,2026-05-30,Below reorder level - reorder placed 2026-06-02
3315,12,1726,30,29,2026-03-29,BATCH-3315,2028-09-30,2026-03-29,
3316,4,3292,88,26,2025-07-18,BATCH-3316,2030-01-01,2025-07-18,
3317,2,889,73,26,2025-10-16,BATCH-3317,2029-03-14,2025-10-16,
3318,11,554,37,39,2025-09-23,BATCH-3318,2028-03-12,2025-09-23,Below reorder level - reorder placed 2025-09-27
3319,9,1326,50,24,2025-06-20,BATCH-3319,2029-10-20,2025-06-20,
3320,9,4499,34,19,2025-08-18,BATCH-3320,2028-12-30,2025-08-18,
3321,2,847,98,47,2026-01-19,BATCH-3321,2029-12-31,2026-01-19,
3322,7,2156,119,49,2026-06-11,BATCH-3322,2028-06-16,2026-06-11,
3323,6,3040,118,42,2026-03-08,BATCH-3323,2026-12-18,2026-03-08,
3324,3,495,57,21,2026-03-13,BATCH-3324,2026-12-02,2026-03-13,
3325,10,2951,53,28,2026-06-22,BATCH-3325,2026-05-25,2026-06-22,Expiring in 0 days - flag for clearance
3326,10,1043,5,58,2026-06-05,BATCH-3326,2028-07-06,2026-06-05,Below reorder level - reorder placed 2026-06-14
3327,5,1383,45,56,2025-06-23,BATCH-3327,2029-07-19,2025-06-23,Below reorder level - reorder placed 2025-07-04
3328,11,4841,110,33,2025-12-18,BATCH-3328,2026-03-28,2025-12-18,Expiring in 0 days - flag for clearance
3329,5,4882,80,49,2026-07-31,BATCH-3329,2026-04-02,2026-07-31,Expiring in 0 days - flag for clearance
3330,5,4862,62,34,2025-08-23,BATCH-3330,2029-01-05,2025-08-23,
3331,9,3793,71,33,2026-03-10,BATCH-3331,2028-05-17,2026-03-10,
3332,10,4495,36,33,2025-07-04,BATCH-3332,2029-11-24,2025-07-04,
3333,11,1638,61,46,2026-02-08,BATCH-3333,2027-07-03,2026-02-08,
3334,3,856,30,58,2025-10-20,BATCH-3334,2030-01-11,2025-10-20,Below reorder level - reorder placed 2025-10-31
3335,2,4223,70,22,2026-05-26,BATCH-3335,2028-02-22,2026-05-26,
3336,9,632,53,41,2025-08-21,BATCH-3336,2026-10-26,2025-08-21,
3337,2,1548,63,47,2026-02-03,BATCH-3337,2029-07-09,2026-02-03,
3338,11,4543,33,48,2026-07-17,BATCH-3338,2028-12-18,2026-07-17,Below reorder level - reorder placed 2026-07-22
3339,3,3,119,37,2025-11-15,BATCH-3339,2027-03-15,2025-11-15,
3340,9,2047,16,44,2026-07-25,BATCH-3340,2028-05-16,2026-07-25,Below reorder level - reorder placed 2026-08-05
3341,8,613,61,57,2026-07-16,BATCH-3341,2029-04-17,2026-07-16,
3342,7,4356,100,58,2026-04-23,BATCH-3342,2026-06-15,2026-04-23,Expiring in 0 days - flag for clearance
3343,2,1192,63,44,2025-07-05,BATCH-3343,2027-11-21,2025-07-05,
3344,7,3471,69,21,2026-01-15,BATCH-3344,2026-05-07,2026-01-15,Expiring in 0 days - flag for clearance
3345,1,2936,12,16,2026-01-27,BATCH-3345,2026-02-16,2026-01-27,Expiring in 0 days - flag for clearance
3346,5,1431,77,24,2026-07-05,BATCH-3346,2028-05-02,2026-07-05,
3347,2,3156,21,36,2026-01-22,BATCH-3347,2027-04-06,2026-01-22,Below reorder level - reorder placed 2026-01-27
3348,12,4825,89,19,2025-10-18,BATCH-3348,2029-04-29,2025-10-18,
3349,1,3307,71,47,2025-06-17,BATCH-3349,2027-08-29,2025-06-17,
3350,7,4694,100,56,2026-02-06,BATCH-3350,2028-06-13,2026-02-06,
3351,12,4622,59,25,2026-08-21,BATCH-3351,2026-10-17,2026-08-21,Expiring in 37 days - monitor
3352,7,359,109,16,2025-11-24,BATCH-3352,2029-03-09,2025-11-24,
3353,1,598,75,38,2025-09-06,BATCH-3353,2028-09-06,2025-09-06,
3354,11,2776,10,38,2025-06-04,BATCH-3354,2026-12-31,2025-06-04,
3355,12,4729,113,37,2026-04-22,BATCH-3355,2026-09-08,2026-04-22,Expiring in 0 days - flag for clearance
3356,11,1700,72,49,2025-12-26,BATCH-3356,2029-11-22,2025-12-26,
3357,7,1725,52,16,2025-10-27,BATCH-3357,2029-01-30,2025-10-27,
3358,3,166,50,54,2026-03-17,BATCH-3358,2026-10-28,2026-03-17,
3359,3,4572,50,55,2025-07-25,BATCH-3359,2026-10-06,2025-07-25,Expiring in 26 days - flag for clearance; Below reorder level - reorder placed 2025-07-30
3360,3,2019,96,28,2025-06-02,BATCH-3360,2026-11-14,2025-06-02,Expiring in 65 days - monitor
3361,2,4701,82,44,2026-03-14,BATCH-3361,2026-03-05,2026-03-14,Expiring in 0 days - flag for clearance
3362,2,420,9,36,2025-12-29,BATCH-3362,2026-11-26,2025-12-29,Below reorder level - reorder placed 2026-01-08
3363,3,659,101,18,2026-06-11,BATCH-3363,2026-08-06,2026-06-11,Expiring in 0 days - flag for clearance
3364,5,4467,66,28,2025-09-30,BATCH-3364,2026-08-23,2025-09-30,Expiring in 0 days - flag for clearance
3365,12,1598,97,29,2026-07-18,BATCH-3365,2030-01-05,2026-07-18,
3366,1,3379,60,40,2025-12-18,BATCH-3366,2027-08-04,2025-12-18,
3367,7,2232,109,20,2025-08-18,BATCH-3367,2027-09-13,2025-08-18,
3368,3,3200,31,29,2026-06-06,BATCH-3368,2028-05-17,2026-06-06,
3369,2,3048,55,43,2026-05-09,BATCH-3369,2028-11-08,2026-05-09,
3370,4,3731,52,43,2026-08-16,BATCH-3370,2027-08-17,2026-08-16,
3371,7,4156,109,31,2025-09-15,BATCH-3371,2028-10-10,2025-09-15,
3372,7,3605,107,44,2026-01-13,BATCH-3372,2026-12-06,2026-01-13,
3373,6,1048,30,20,2026-07-14,BATCH-3373,2026-12-12,2026-07-14,
3374,10,2680,45,16,2025-11-07,BATCH-3374,2027-06-20,2025-11-07,
3375,1,4826,106,57,2026-08-05,BATCH-3375,2028-08-07,2026-08-05,
3376,5,2780,24,58,2025-12-04,BATCH-3376,2028-08-31,2025-12-04,Below reorder level - reorder placed 2025-12-11
3377,1,2636,94,40,2025-12-28,BATCH-3377,2028-06-15,2025-12-28,
3378,11,1016,90,39,2026-01-14,BATCH-3378,2026-08-10,2026-01-14,Expiring in 0 days - flag for clearance
3379,5,3837,32,39,2026-04-07,BATCH-3379,2026-03-02,2026-04-07,Expiring in 0 days - flag for clearance; Below reorder level - reorder placed 2026-04-14
3380,11,4824,51,31,2026-02-16,BATCH-3380,2030-01-03,2026-02-16,
3381,4,2339,78,45,2025-11-15,BATCH-3381,2027-09-04,2025-11-15,
3382,3,2504,35,50,2026-03-06,BATCH-3382,2029-05-06,2026-03-06,
3383,12,889,41,29,2026-08-28,BATCH-3383,2029-03-14,2026-08-28,
3384,1,4200,59,56,2025-06-14,BATCH-3384,2027-01-23,2025-06-14,
3385,5,4210,102,57,2026-07-06,BATCH-3385,2026-01-05,2026-07-06,Expiring in 0 days - flag for clearance
3386,5,1757,84,54,2026-03-07,BATCH-3386,2026-10-08,2026-03-07,Expiring in 28 days - flag for clearance
3387,7,3953,33,18,2026-02-22,BATCH-3387,2028-10-06,2026-02-22,
3388,5,384,18,56,2025-12-14,BATCH-3388,2029-09-10,2025-12-14,Below reorder level - reorder placed 2025-12-20
3389,12,3562,71,24,2025-11-12,BATCH-3389,2028-03-16,2025-11-12,
3390,8,28,81,36,2026-03-06,BATCH-3390,2029-02-20,2026-03-06,
3391,1,776,75,37,2025-12-08,BATCH-3391,2029-04-11,2025-12-08,
3392,1,3409,85,50,2026-04-01,BATCH-3392,2026-08-01,2026-04-01,Expiring in 0 days - flag for clearance
3393,8,649,76,56,2025-12-03,BATCH-3393,2029-03-31,2025-12-03,
3394,5,4849,11,21,2025-06-29,BATCH-3394,2026-11-12,2025-06-29,Below reorder level - reorder placed 2025-07-07
3395,7,3214,66,20,2026-05-18,BATCH-3395,2029-01-08,2026-05-18,
3396,6,150,85,33,2026-04-08,BATCH-3396,2026-01-23,2026-04-08,Expiring in 0 days - flag for clearance
3397,10,3878,37,57,2025-10-09,BATCH-3397,2028-10-19,2025-10-09,Below reorder level - reorder placed 2025-10-14
3398,1,4862,13,54,2025-07-23,BATCH-3398,2029-01-05,2025-07-23,Below reorder level - reorder placed 2025-08-02
3399,12,2656,53,31,2025-11-27,BATCH-3399,2027-08-27,2025-11-27,
3400,6,547,116,52,2025-09-13,BATCH-3400,2026-11-01,2025-09-13,Expiring in 52 days - monitor
3401,6,3904,57,56,2025-10-01,BATCH-3401,2027-05-23,2025-10-01,
3402,1,4239,61,40,2026-06-12,BATCH-3402,2027-09-22,2026-06-12,
3403,10,3717,99,35,2026-08-24,BATCH-3403,2027-11-17,2026-08-24,
3404,5,2366,112,33,2025-10-11,BATCH-3404,2026-10-29,2025-10-11,
3405,6,1006,111,57,2025-06-01,BATCH-3405,2029-05-03,2025-06-01,
3406,9,2343,44,16,2025-10-18,BATCH-3406,2027-09-27,2025-10-18,
3407,2,62,8,46,2025-12-24,BATCH-3407,2029-01-19,2025-12-24,
3408,11,1262,67,53,2025-11-20,BATCH-3408,2028-07-21,2025-11-20,
3409,12,328,64,34,2025-08-31,BATCH-3409,2026-01-16,2025-08-31,Expiring in 0 days - flag for clearance
3410,4,3882,58,37,2026-07-15,BATCH-3410,2026-10-22,2026-07-15,Expiring in 42 days - monitor
3411,5,1063,3,35,2025-11-24,BATCH-3411,2029-02-13,2025-11-24,
3412,5,2527,79,32,2025-06-20,BATCH-3412,2027-10-12,2025-06-20,
3413,1,1386,26,58,2026-02-20,BATCH-3413,2027-06-28,2026-02-20,
3414,5,3608,56,19,2025-11-25,BATCH-3414,2026-06-18,2025-11-25,Expiring in 0 days - flag for clearance
3415,10,1448,58,20,2025-09-08,BATCH-3415,2029-10-15,2025-09-08,
3416,7,3274,43,43,2025-10-31,BATCH-3416,2027-02-09,2025-10-31,
3417,9,4466,85,56,2026-06-03,BATCH-3417,2027-09-02,2026-06-03,
3418,12,2375,107,29,2025-10-18,BATCH-3418,2026-11-26,2025-10-18,Expiring in 77 days - monitor
3419,6,1658,1,19,2025-06-22,BATCH-3419,2029-04-21,2025-06-22,Below reorder level - reorder placed 2025-07-04
3420,4,4556,24,49,2025-12-04,BATCH-3420,2027-05-08,2025-12-04,Below reorder level - reorder placed 2025-12-16
3421,7,437,79,40,2025-06-09,BATCH-3421,2027-06-12,2025-06-09,
3422,3,701,53,57,2025-09-24,BATCH-3422,2028-07-01,2025-09-24,Below reorder level - reorder placed 2025-10-07
3423,12,4496,33,25,2025-08-05,BATCH-3423,2026-07-11,2025-08-05,Expiring in 0 days - flag for clearance
3424,12,1399,91,44,2025-10-12,BATCH-3424,2029-12-02,2025-10-12,
3425,3,3295,21,31,2025-11-28,BATCH-3425,2030-01-18,2025-11-28,Below reorder level - reorder placed 2025-12-01
3426,7,4561,9,41,2026-04-05,BATCH-3426,2027-12-02,2026-04-05,
3427,2,1800,3,50,2026-02-02,BATCH-3427,2029-08-01,2026-02-02,Below reorder level - reorder placed 2026-02-15
3428,3,3218,11,22,2025-08-06,BATCH-3428,2026-07-01,2025-08-06,Expiring in 0 days - flag for clearance; Below reorder level - reorder placed 2025-08-19
3429,5,2834,99,33,2025-08-18,BATCH-3429,2029-02-07,2025-08-18,
3430,8,3722,112,18,2026-03-08,BATCH-3430,2026-12-05,2026-03-08,
3431,6,4789,85,20,2025-10-01,BATCH-3431,2026-11-25,2025-10-01,Expiring in 76 days - monitor
3432,8,4104,53,19,2026-06-02,BATCH-3432,2026-08-24,2026-06-02,Expiring in 0 days - flag for clearance
3433,11,3503,25,20,2026-06-14,BATCH-3433,2029-12-16,2026-06-14,
3434,5,509,18,36,2025-12-10,BATCH-3434,2028-05-25,2025-12-10,Below reorder level - reorder placed 2025-12-19
3435,7,279,49,27,2026-07-19,BATCH-3435,2026-09-26,2026-07-19,Expiring in 16 days - flag for clearance
3436,9,3379,94,56,2025-11-30,BATCH-3436,2027-08-04,2025-11-30,
3437,7,2758,40,48,2025-07-25,BATCH-3437,2027-06-19,2025-07-25,Below reorder level - reorder placed 2025-08-04
3438,12,1817,80,27,2026-05-18,BATCH-3438,2029-01-19,2026-05-18,
3439,11,1406,116,56,2026-05-05,BATCH-3439,2026-02-17,2026-05-05,Expiring in 0 days - flag for clearance
3440,2,4318,98,34,2025-10-06,BATCH-3440,2029-03-31,2025-10-06,
3441,1,4449,34,49,2025-09-17,BATCH-3441,2028-07-01,2025-09-17,
3442,8,3677,108,59,2025-09-17,BATCH-3442,2026-04-26,2025-09-17,Expiring in 0 days - flag for clearance
3443,1,3722,101,15,2025-09-02,BATCH-3443,2026-12-05,2025-09-02,
3444,1,1751,12,40,2026-07-28,BATCH-3444,2029-10-22,2026-07-28,
3445,1,260,47,52,2025-08-07,BATCH-3445,2028-05-17,2025-08-07,Below reorder level - reorder placed 2025-08-19
3446,4,4244,95,55,2026-08-23,BATCH-3446,2028-01-14,2026-08-23,
3447,3,3995,65,44,2025-09-17,BATCH-3447,2026-07-03,2025-09-17,Expiring in 0 days - flag for clearance
3448,2,902,17,32,2026-01-11,BATCH-3448,2029-06-13,2026-01-11,Below reorder level - reorder placed 2026-01-18
3449,10,1044,105,46,2026-03-22,BATCH-3449,2027-08-27,2026-03-22,
3450,10,2291,95,39,2025-10-06,BATCH-3450,2029-11-08,2025-10-06,
3451,3,736,0,53,2026-01-05,BATCH-3451,2026-09-13,2026-01-05,Expiring in 3 days - flag for clearance; Below reorder level - reorder placed 2026-01-08
3452,6,1692,94,50,2025-10-05,BATCH-3452,2029-11-24,2025-10-05,
3453,3,4525,110,24,2026-01-19,BATCH-3453,2028-08-31,2026-01-19,
3454,2,349,35,18,2025-11-06,BATCH-3454,2026-10-05,2025-11-06,Expiring in 25 days - flag for clearance
3455,5,4617,81,21,2026-07-20,BATCH-3455,2028-09-16,2026-07-20,
3456,5,2924,50,50,2025-10-06,BATCH-3456,2026-11-19,2025-10-06,
3457,1,4170,33,24,2025-07-27,BATCH-3457,2029-08-16,2025-07-27,
3458,2,402,43,51,2026-06-23,BATCH-3458,2029-09-29,2026-06-23,Below reorder level - reorder placed 2026-07-04
3459,9,621,33,18,2026-08-26,BATCH-3459,2027-05-19,2026-08-26,
3460,10,2736,63,20,2026-08-24,BATCH-3460,2028-11-22,2026-08-24,
3461,4,3939,64,34,2025-09-29,BATCH-3461,2030-01-09,2025-09-29,
3462,12,1331,111,22,2026-08-16,BATCH-3462,2027-03-08,2026-08-16,
3463,5,1490,35,43,2026-03-17,BATCH-3463,2029-01-09,2026-03-17,
3464,12,1113,32,49,2025-07-25,BATCH-3464,2026-08-27,2025-07-25,Expiring in 0 days - flag for clearance; Below reorder level - reorder placed 2025-07-31
3465,9,2475,56,31,2025-10-28,BATCH-3465,2028-07-03,2025-10-28,
3466,8,299,112,32,2025-12-02,BATCH-3466,2026-02-16,2025-12-02,Expiring in 0 days - flag for clearance
3467,5,4954,10,31,2025-12-17,BATCH-3467,2026-03-21,2025-12-17,Expiring in 0 days - flag for clearance
3468,12,4166,31,55,2026-03-14,BATCH-3468,2027-08-19,2026-03-14,Below reorder level - reorder placed 2026-03-25
3469,2,3693,84,27,2026-04-08,BATCH-3469,2027-02-10,2026-04-08,
3470,6,3826,36,34,2025-06-23,BATCH-3470,2027-03-07,2025-06-23,
3471,4,2759,114,35,2025-10-13,BATCH-3471,2030-01-07,2025-10-13,
3472,4,2507,82,29,2025-06-30,BATCH-3472,2029-03-15,2025-06-30,
3473,12,3116,44,51,2025-12-30,BATCH-3473,2027-04-30,2025-12-30,Below reorder level - reorder placed 2026-01-11
3474,8,64,86,19,2025-06-23,BATCH-3474,2026-02-12,2025-06-23,Expiring in 0 days - flag for clearance
3475,8,1836,44,23,2026-02-12,BATCH-3475,2027-03-30,2026-02-12,
3476,10,3966,15,36,2025-10-08,BATCH-3476,2026-11-28,2025-10-08,Expiring in 79 days - monitor; Below reorder level - reorder placed 2025-10-17
3477,10,3777,93,29,2025-11-24,BATCH-3477,2027-09-20,2025-11-24,
3478,4,1767,94,55,2026-06-07,BATCH-3478,2028-12-30,2026-06-07,
3479,9,1043,1,35,2026-06-22,BATCH-3479,2028-07-06,2026-06-22,Below reorder level - reorder placed 2026-07-05
3480,4,1696,81,55,2026-02-02,BATCH-3480,2026-10-14,2026-02-02,Expiring in 34 days - monitor
3481,1,2963,108,44,2026-02-18,BATCH-3481,2027-04-10,2026-02-18,
3482,6,1517,72,45,2026-03-18,BATCH-3482,2027-10-14,2026-03-18,
3483,8,4776,77,45,2026-07-05,BATCH-3483,2026-10-05,2026-07-05,Expiring in 25 days - flag for clearance
3484,8,4639,63,27,2025-08-13,BATCH-3484,2026-05-21,2025-08-13,Expiring in 0 days - flag for clearance
3485,8,3350,6,20,2025-11-21,BATCH-3485,2026-01-17,2025-11-21,Expiring in 0 days - flag for clearance; Below reorder level - reorder placed 2025-11-25
3486,4,965,24,31,2025-09-11,BATCH-3486,2026-11-14,2025-09-11,Expiring in 65 days - monitor; Below reorder level - reorder placed 2025-09-22
3487,4,1313,9,39,2025-09-08,BATCH-3487,2027-04-27,2025-09-08,Below reorder level - reorder placed 2025-09-12
3488,6,325,54,27,2026-01-06,BATCH-3488,2026-10-11,2026-01-06,Expiring in 31 days - monitor
3489,7,1414,3,27,2026-03-16,BATCH-3489,2026-09-23,2026-03-16,Expiring in 13 days - flag for clearance; Below reorder level - reorder placed 2026-03-19
3490,9,1087,98,44,2026-02-10,BATCH-3490,2027-12-31,2026-02-10,
3491,2,1974,116,21,2026-07-16,BATCH-3491,2028-03-02,2026-07-16,
3492,7,1309,92,19,2025-10-13,BATCH-3492,2028-08-17,2025-10-13,
3493,1,1678,12,57,2025-07-24,BATCH-3493,2028-08-11,2025-07-24,Below reorder level - reorder placed 2025-07-28
3494,4,205,117,33,2026-03-10,BATCH-3494,2026-12-05,2026-03-10,
3495,6,1091,61,27,2026-08-21,BATCH-3495,2029-11-05,2026-08-21,
3496,2,1757,58,42,2025-07-19,BATCH-3496,2026-10-08,2025-07-19,Expiring in 28 days - flag for clearance
3497,8,2387,14,57,2025-10-21,BATCH-3497,2026-11-25,2025-10-21,Below reorder level - reorder placed 2025-11-03
3498,4,2350,77,28,2025-06-10,BATCH-3498,2027-07-07,2025-06-10,
3499,11,142,85,21,2026-02-19,BATCH-3499,2027-07-19,2026-02-19,
3500,12,912,72,45,2026-01-02,BATCH-3500,2026-07-21,2026-01-02,Expiring in 0 days - flag for clearance
3501,11,3945,107,25,2025-08-24,BATCH-3501,2026-10-20,2025-08-24,
3502,9,4322,24,32,2025-10-05,BATCH-3502,2027-06-11,2025-10-05,Below reorder level - reorder placed 2025-10-15
3503,9,4232,61,45,2025-07-26,BATCH-3503,2029-01-31,2025-07-26,
3504,4,3640,66,35,2025-08-06,BATCH-3504,2026-03-18,2025-08-06,Expiring in 0 days - flag for clearance
3505,10,4037,40,15,2026-03-28,BATCH-3505,2026-10-02,2026-03-28,Expiring in 22 days - flag for clearance
3506,9,1717,72,39,2026-06-05,BATCH-3506,2027-02-25,2026-06-05,
3507,3,1043,105,23,2025-11-08,BATCH-3507,2028-07-06,2025-11-08,
3508,8,4668,119,57,2025-12-13,BATCH-3508,2028-09-21,2025-12-13,
3509,2,2461,90,32,2026-07-20,BATCH-3509,2029-04-18,2026-07-20,
3510,7,825,81,28,2026-03-22,BATCH-3510,2027-05-18,2026-03-22,
3511,4,4954,82,51,2025-09-23,BATCH-3511,2026-03-21,2025-09-23,Expiring in 0 days - flag for clearance
3512,8,29,60,36,2025-09-19,BATCH-3512,2027-07-28,2025-09-19,
3513,3,1488,49,29,2025-12-14,BATCH-3513,2028-03-12,2025-12-14,
3514,12,2251,2,39,2025-12-19,BATCH-3514,2026-10-14,2025-12-19,
3515,2,932,92,38,2026-05-03,BATCH-3515,2029-02-10,2026-05-03,
3516,10,216,14,43,2026-05-03,BATCH-3516,2027-01-02,2026-05-03,Below reorder level - reorder placed 2026-05-12
3517,10,1914,99,32,2025-08-01,BATCH-3517,2025-12-19,2025-08-01,Expiring in 0 days - flag for clearance
3518,9,3283,102,49,2025-10-23,BATCH-3518,2026-10-14,2025-10-23,
3519,1,4504,100,27,2025-10-04,BATCH-3519,2029-08-24,2025-10-04,
3520,10,577,3,44,2026-07-24,BATCH-3520,2027-10-16,2026-07-24,
3521,8,3955,109,21,2026-04-26,BATCH-3521,2028-06-26,2026-04-26,
3522,4,1555,69,37,2026-07-30,BATCH-3522,2027-03-18,2026-07-30,
3523,11,3550,100,23,2025-10-30,BATCH-3523,2029-07-03,2025-10-30,
3524,6,2607,51,17,2026-05-17,BATCH-3524,2027-10-15,2026-05-17,
3525,3,3745,72,49,2026-01-17,BATCH-3525,2026-11-16,2026-01-17,Expiring in 67 days - monitor
3526,11,1811,80,30,2026-06-10,BATCH-3526,2026-01-12,2026-06-10,Expiring in 0 days - flag for clearance
3527,6,3574,105,24,2025-12-25,BATCH-3527,2026-11-03,2025-12-25,
3528,7,3191,94,36,2026-03-26,BATCH-3528,2029-11-10,2026-03-26,
3529,9,3495,19,22,2025-10-04,BATCH-3529,2027-01-09,2025-10-04,Below reorder level - reorder placed 2025-10-13
3530,7,1875,49,59,2026-07-12,BATCH-3530,2025-12-27,2026-07-12,Expiring in 0 days - flag for clearance; Below reorder level - reorder placed 2026-07-22
3531,12,1617,115,27,2026-03-02,BATCH-3531,2026-09-22,2026-03-02,Expiring in 12 days - flag for clearance
3532,11,1972,91,38,2025-12-16,BATCH-3532,2029-05-06,2025-12-16,
3533,9,5,114,59,2026-01-11,BATCH-3533,2027-01-05,2026-01-11,
3534,1,3999,2,29,2026-02-10,BATCH-3534,2026-12-23,2026-02-10,Below reorder level - reorder placed 2026-02-16
3535,6,1883,49,41,2026-06-28,BATCH-3535,2029-04-15,2026-06-28,
3536,1,2103,108,31,2025-07-30,BATCH-3536,2026-10-20,2025-07-30,
3537,5,3587,118,16,2026-02-20,BATCH-3537,2026-07-30,2026-02-20,Expiring in 0 days - flag for clearance
3538,6,244,84,51,2025-12-26,BATCH-3538,2027-04-02,2025-12-26,
3539,8,2744,68,42,2025-08-11,BATCH-3539,2029-09-28,2025-08-11,
3540,4,1862,4,39,2026-03-10,BATCH-3540,2026-09-20,2026-03-10,Expiring in 10 days - flag for clearance
3541,1,4854,86,52,2025-06-29,BATCH-3541,2028-05-01,2025-06-29,
3542,11,2183,53,44,2026-01-01,BATCH-3542,2029-03-17,2026-01-01,
3543,3,2668,56,24,2025-09-25,BATCH-3543,2028-07-30,2025-09-25,
3544,12,3952,11,20,2025-11-24,BATCH-3544,2026-02-06,2025-11-24,Expiring in 0 days - flag for clearance; Below reorder level - reorder placed 2025-11-28
3545,9,3059,89,56,2026-07-10,BATCH-3545,2028-05-21,2026-07-10,
3546,11,4345,19,46,2026-06-06,BATCH-3546,2027-05-29,2026-06-06,Below reorder level - reorder placed 2026-06-15
3547,12,4215,1,56,2025-09-17,BATCH-3547,2027-06-20,2025-09-17,Below reorder level - reorder placed 2025-09-27
3548,6,357,18,24,2026-01-02,BATCH-3548,2028-12-25,2026-01-02,
3549,1,3316,4,23,2025-10-09,BATCH-3549,2026-11-01,2025-10-09,
3550,8,626,81,45,2026-04-29,BATCH-3550,2026-11-10,2026-04-29,Expiring in 61 days - monitor
3551,5,4411,84,31,2025-12-11,BATCH-3551,2027-02-24,2025-12-11,
3552,12,2061,114,57,2025-10-24,BATCH-3552,2027-01-28,2025-10-24,
3553,10,3703,5,24,2026-05-24,BATCH-3553,2026-06-03,2026-05-24,Expiring in 0 days - flag for clearance
3554,5,20,113,56,2026-04-02,BATCH-3554,2026-12-05,2026-04-02,Expiring in 86 days - monitor
3555,6,3414,112,52,2025-11-11,BATCH-3555,2028-05-18,2025-11-11,
3556,6,3023,12,57,2026-06-19,BATCH-3556,2026-11-24,2026-06-19,Below reorder level - reorder placed 2026-06-29
3557,2,471,27,20,2026-06-28,BATCH-3557,2028-10-09,2026-06-28,
3558,1,909,7,41,2026-05-05,BATCH-3558,2029-08-14,2026-05-05,
3559,2,1417,90,52,2025-12-22,BATCH-3559,2028-08-31,2025-12-22,
3560,1,1369,113,57,2026-05-23,BATCH-3560,2029-08-19,2026-05-23,
3561,11,155,76,20,2025-07-13,BATCH-3561,2030-01-06,2025-07-13,
3562,9,2508,27,36,2025-08-10,BATCH-3562,2028-08-23,2025-08-10,Below reorder level - reorder placed 2025-08-18
3563,1,4398,105,43,2025-09-12,BATCH-3563,2027-01-06,2025-09-12,
3564,9,4194,92,29,2025-08-14,BATCH-3564,2026-03-29,2025-08-14,Expiring in 0 days - flag for clearance
3565,4,4007,0,16,2026-01-05,BATCH-3565,2025-12-16,2026-01-05,Expiring in 0 days - flag for clearance; Below reorder level - reorder placed 2026-01-18
3566,3,249,77,32,2026-01-27,BATCH-3566,2029-07-05,2026-01-27,
3567,12,2075,73,24,2026-04-23,BATCH-3567,2029-05-20,2026-04-23,
3568,9,1470,84,15,2025-12-06,BATCH-3568,2026-12-15,2025-12-06,
3569,6,4380,44,27,2025-12-23,BATCH-3569,2028-08-31,2025-12-23,
3570,7,192,41,27,2026-06-10,BATCH-3570,2029-04-14,2026-06-10,
3571,2,725,26,47,2026-06-22,BATCH-3571,2026-04-02,2026-06-22,Expiring in 0 days - flag for clearance; Below reorder level - reorder placed 2026-07-03
3572,3,4813,102,37,2025-11-13,BATCH-3572,2028-11-07,2025-11-13,
3573,12,417,119,47,2026-04-10,BATCH-3573,2029-02-25,2026-04-10,
3574,5,871,84,49,2025-09-09,BATCH-3574,2027-06-17,2025-09-09,
3575,3,2763,61,51,2025-10-28,BATCH-3575,2029-11-07,2025-10-28,
3576,3,2111,51,32,2026-02-23,BATCH-3576,2026-02-05,2026-02-23,Expiring in 0 days - flag for clearance
3577,9,4491,16,54,2026-02-24,BATCH-3577,2030-01-04,2026-02-24,Below reorder level - reorder placed 2026-03-01
3578,12,4873,63,52,2025-11-14,BATCH-3578,2026-09-15,2025-11-14,Expiring in 5 days - flag for clearance
3579,1,2835,91,38,2026-05-15,BATCH-3579,2028-03-28,2026-05-15,
3580,1,3647,51,30,2025-10-17,BATCH-3580,2028-12-27,2025-10-17,
3581,6,3638,45,19,2025-12-19,BATCH-3581,2026-11-30,2025-12-19,Expiring in 81 days - monitor
3582,2,4831,29,26,2026-06-24,BATCH-3582,2029-04-05,2026-06-24,
3583,7,265,90,38,2025-12-05,BATCH-3583,2026-02-21,2025-12-05,Expiring in 0 days - flag for clearance
3584,1,4538,83,58,2026-07-04,BATCH-3584,2026-10-15,2026-07-04,
3585,5,1513,35,19,2025-07-05,BATCH-3585,2029-09-13,2025-07-05,
3586,8,867,102,20,2025-12-23,BATCH-3586,2029-10-28,2025-12-23,
3587,9,325,95,44,2026-04-19,BATCH-3587,2026-10-11,2026-04-19,
3588,3,3832,56,35,2026-05-12,BATCH-3588,2028-03-24,2026-05-12,
3589,2,173,42,21,2025-08-09,BATCH-3589,2028-09-16,2025-08-09,
3590,12,4978,4,29,2025-07-18,BATCH-3590,2029-09-16,2025-07-18,Below reorder level - reorder placed 2025-07-31
3591,7,2154,111,35,2026-06-22,BATCH-3591,2029-01-11,2026-06-22,
3592,3,3765,104,35,2026-07-31,BATCH-3592,2028-05-06,2026-07-31,
3593,3,957,34,24,2025-10-26,BATCH-3593,2026-09-30,2025-10-26,Expiring in 20 days - flag for clearance
3594,2,234,50,41,2025-07-18,BATCH-3594,2025-12-21,2025-07-18,Expiring in 0 days - flag for clearance
3595,11,4364,112,58,2026-04-20,BATCH-3595,2026-09-07,2026-04-20,Expiring in 0 days - flag for clearance
3596,7,2414,38,55,2026-02-23,BATCH-3596,2026-04-26,2026-02-23,Expiring in 0 days - flag for clearance; Below reorder level - reorder placed 2026-03-04
3597,9,4756,54,15,2026-03-13,BATCH-3597,2029-12-31,2026-03-13,
3598,12,1851,21,45,2026-07-22,BATCH-3598,2028-07-29,2026-07-22,
3599,2,1418,8,53,2025-08-12,BATCH-3599,2028-05-27,2025-08-12,Below reorder level - reorder placed 2025-08-17
3600,2,1470,41,48,2025-06-09,BATCH-3600,2026-12-15,2025-06-09,Below reorder level - reorder placed 2025-06-21
3601,2,836,115,24,2025-12-23,BATCH-3601,2028-06-27,2025-12-23,
3602,4,2111,11,37,2025-06-18,BATCH-3602,2026-02-05,2025-06-18,Expiring in 0 days - flag for clearance
3603,1,571,79,45,2025-06-22,BATCH-3603,2029-04-02,2025-06-22,
3604,6,577,8,34,2026-08-15,BATCH-3604,2027-10-16,2026-08-15,Below reorder level - reorder placed 2026-08-25
3605,9,3834,81,20,2026-05-25,BATCH-3605,2029-11-10,2026-05-25,
3606,1,4574,53,57,2025-08-31,BATCH-3606,2026-05-05,2025-08-31,Expiring in 0 days - flag for clearance; Below reorder level - reorder placed 2025-09-06
3607,3,1333,113,54,2026-04-15,BATCH-3607,2026-11-20,2026-04-15,Expiring in 71 days - monitor
3608,4,4894,93,39,2026-02-22,BATCH-3608,2027-08-21,2026-02-22,
3609,3,628,2,59,2026-06-12,BATCH-3609,2029-11-14,2026-06-12,
3610,1,2997,119,17,2026-05-02,BATCH-3610,2028-10-30,2026-05-02,
3611,10,1748,96,28,2026-01-11,BATCH-3611,2029-09-06,2026-01-11,
3612,10,3256,27,32,2025-08-01,BATCH-3612,2029-03-11,2025-08-01,Below reorder level - reorder placed 2025-08-11
3613,12,279,79,43,2026-08-18,BATCH-3613,2026-09-26,2026-08-18,Expiring in 16 days - flag for clearance
3614,2,2145,27,25,2026-03-24,BATCH-3614,2029-11-23,2026-03-24,
3615,11,1331,88,31,2026-06-02,BATCH-3615,2027-03-08,2026-06-02,
3616,4,724,102,28,2025-10-08,BATCH-3616,2026-11-08,2025-10-08,Expiring in 59 days - monitor
3617,2,240,40,24,2026-08-17,BATCH-3617,2029-07-09,2026-08-17,
3618,2,2644,29,52,2025-11-07,BATCH-3618,2027-03-19,2025-11-07,Below reorder level - reorder placed 2025-11-12
3619,12,1596,98,33,2025-08-09,BATCH-3619,2027-01-04,2025-08-09,
3620,9,4506,89,37,2026-05-27,BATCH-3620,2029-09-22,2026-05-27,
3621,2,537,41,23,2026-07-19,BATCH-3621,2029-02-14,2026-07-19,
3622,2,4706,107,30,2026-02-21,BATCH-3622,2027-08-15,2026-02-21,
3623,1,4166,68,52,2025-12-17,BATCH-3623,2027-08-19,2025-12-17,
3624,5,1851,115,44,2025-08-15,BATCH-3624,2028-07-29,2025-08-15,
3625,2,4662,34,47,2025-06-18,BATCH-3625,2029-01-13,2025-06-18,Below reorder level - reorder placed 2025-06-27
3626,1,3312,28,39,2025-12-03,BATCH-3626,2027-09-03,2025-12-03,
3627,2,4493,76,37,2026-03-21,BATCH-3627,2028-07-29,2026-03-21,
3628,3,2403,109,39,2025-07-19,BATCH-3628,2027-01-03,2025-07-19,
3629,1,3023,25,28,2025-07-17,BATCH-3629,2026-11-24,2025-07-17,Expiring in 75 days - monitor
3630,11,802,72,43,2026-04-24,BATCH-3630,2028-02-22,2026-04-24,
3631,7,4516,97,55,2026-07-25,BATCH-3631,2027-05-18,2026-07-25,
3632,4,2092,83,25,2025-09-02,BATCH-3632,2027-11-11,2025-09-02,
3633,4,4734,55,40,2025-12-07,BATCH-3633,2029-06-16,2025-12-07,
3634,3,626,23,34,2026-07-16,BATCH-3634,2026-11-10,2026-07-16,
3635,12,72,45,27,2025-08-23,BATCH-3635,2029-03-06,2025-08-23,
3636,4,2057,113,35,2025-09-23,BATCH-3636,2027-03-06,2025-09-23,
3637,10,4743,113,42,2025-10-12,BATCH-3637,2026-12-07,2025-10-12,Expiring in 88 days - monitor
3638,3,1422,96,33,2026-08-17,BATCH-3638,2027-03-09,2026-08-17,
3639,6,3982,37,43,2025-08-31,BATCH-3639,2029-11-19,2025-08-31,Below reorder level - reorder placed 2025-09-09
3640,12,1794,46,37,2025-09-20,BATCH-3640,2028-07-11,2025-09-20,
3641,3,3041,17,29,2025-07-03,BATCH-3641,2028-05-04,2025-07-03,
3642,12,2912,9,55,2026-06-13,BATCH-3642,2027-10-19,2026-06-13,Below reorder level - reorder placed 2026-06-22
3643,11,4415,95,45,2025-07-08,BATCH-3643,2027-12-12,2025-07-08,
3644,8,3062,96,31,2026-05-15,BATCH-3644,2028-04-24,2026-05-15,
3645,3,3884,99,40,2025-07-12,BATCH-3645,2026-09-27,2025-07-12,Expiring in 17 days - flag for clearance
3646,2,1924,41,58,2026-02-13,BATCH-3646,2026-11-05,2026-02-13,Below reorder level - reorder placed 2026-02-22
3647,9,1195,60,58,2026-01-17,BATCH-3647,2027-08-18,2026-01-17,
3648,2,2654,80,22,2026-01-22,BATCH-3648,2029-05-27,2026-01-22,
3649,1,1452,77,34,2026-07-15,BATCH-3649,2026-06-12,2026-07-15,Expiring in 0 days - flag for clearance
3650,7,4592,39,56,2026-06-02,BATCH-3650,2026-02-17,2026-06-02,Expiring in 0 days - flag for clearance
3651,8,2362,20,20,2025-06-03,BATCH-3651,2026-05-18,2025-06-03,Expiring in 0 days - flag for clearance
3652,7,3245,2,40,2026-04-12,BATCH-3652,2026-02-11,2026-04-12,Expiring in 0 days - flag for clearance; Below reorder level - reorder placed 2026-04-21
3653,11,4053,86,21,2025-08-21,BATCH-3653,2029-07-02,2025-08-21,
3654,2,1855,91,41,2025-12-18,BATCH-3654,2026-11-03,2025-12-18,
3655,2,3145,105,31,2026-08-10,BATCH-3655,2029-01-08,2026-08-10,
3656,4,1337,8,19,2025-11-14,BATCH-3656,2028-04-08,2025-11-14,Below reorder level - reorder placed 2025-11-23
3657,2,450,52,43,2025-08-22,BATCH-3657,2027-02-19,2025-08-22,
3658,3,1115,100,41,2026-03-14,BATCH-3658,2025-12-27,2026-03-14,Expiring in 0 days - flag for clearance
3659,8,170,42,30,2026-07-22,BATCH-3659,2027-10-12,2026-07-22,
3660,2,1980,63,54,2025-08-10,BATCH-3660,2028-09-20,2025-08-10,
3661,12,441,110,39,2025-06-01,BATCH-3661,2028-11-27,2025-06-01,
3662,12,4596,61,26,2026-05-12,BATCH-3662,2026-02-28,2026-05-12,Expiring in 0 days - flag for clearance
3663,11,4489,20,25,2026-04-07,BATCH-3663,2028-07-30,2026-04-07,
3664,4,4455,109,26,2026-01-06,BATCH-3664,2026-07-18,2026-01-06,Expiring in 0 days - flag for clearance
3665,11,3469,63,37,2026-09-02,BATCH-3665,2028-03-17,2026-09-02,
3666,7,2671,4,32,2025-06-04,BATCH-3666,2029-10-04,2025-06-04,Below reorder level - reorder placed 2025-06-15
3667,10,884,54,44,2025-11-08,BATCH-3667,2027-06-26,2025-11-08,
3668,2,3205,56,44,2025-07-28,BATCH-3668,2029-05-29,2025-07-28,
3669,3,2139,43,19,2025-08-06,BATCH-3669,2026-10-24,2025-08-06,Expiring in 44 days - monitor
3670,5,3663,10,42,2026-01-09,BATCH-3670,2027-08-25,2026-01-09,
3671,5,4942,101,19,2025-11-11,BATCH-3671,2029-06-06,2025-11-11,
3672,7,3216,97,19,2025-10-05,BATCH-3672,2028-10-16,2025-10-05,
3673,3,2162,101,33,2025-09-26,BATCH-3673,2026-10-14,2025-09-26,Expiring in 34 days - monitor
3674,4,2191,104,16,2026-02-26,BATCH-3674,2028-04-10,2026-02-26,
3675,8,3992,116,48,2025-11-22,BATCH-3675,2026-11-09,2025-11-22,
3676,2,1884,73,18,2026-04-27,BATCH-3676,2027-12-27,2026-04-27,
3677,2,2441,10,56,2026-02-01,BATCH-3677,2029-01-16,2026-02-01,
3678,7,366,72,37,2025-11-02,BATCH-3678,2027-05-01,2025-11-02,
3679,2,585,105,48,2025-12-30,BATCH-3679,2026-09-22,2025-12-30,Expiring in 12 days - flag for clearance
3680,3,2532,1,32,2026-08-30,BATCH-3680,2027-03-07,2026-08-30,
3681,1,4032,84,26,2025-08-03,BATCH-3681,2026-03-01,2025-08-03,Expiring in 0 days - flag for clearance
3682,3,4088,102,57,2025-07-20,BATCH-3682,2026-05-30,2025-07-20,Expiring in 0 days - flag for clearance
3683,3,2186,74,25,2026-03-22,BATCH-3683,2026-07-14,2026-03-22,Expiring in 0 days - flag for clearance
3684,3,4307,70,54,2026-07-08,BATCH-3684,2028-07-18,2026-07-08,
3685,1,515,73,48,2026-07-14,BATCH-3685,2026-10-23,2026-07-14,Expiring in 43 days - monitor
3686,9,3021,32,40,2026-06-12,BATCH-3686,2026-06-22,2026-06-12,Expiring in 0 days - flag for clearance
3687,7,3738,97,21,2025-08-20,BATCH-3687,2028-09-07,2025-08-20,
3688,5,2767,53,59,2025-11-17,BATCH-3688,2026-12-04,2025-11-17,Below reorder level - reorder placed 2025-11-27
3689,2,1806,108,15,2025-12-26,BATCH-3689,2027-05-23,2025-12-26,
3690,12,460,77,44,2025-06-24,BATCH-3690,2026-03-10,2025-06-24,Expiring in 0 days - flag for clearance
3691,12,1963,79,51,2026-02-07,BATCH-3691,2027-09-25,2026-02-07,
3692,9,2418,14,33,2025-07-12,BATCH-3692,2027-11-28,2025-07-12,
3693,10,2768,6,44,2026-06-22,BATCH-3693,2029-04-08,2026-06-22,Below reorder level - reorder placed 2026-07-01
3694,8,3898,26,52,2026-02-10,BATCH-3694,2029-09-15,2026-02-10,Below reorder level - reorder placed 2026-02-19
3695,2,3812,74,27,2025-12-16,BATCH-3695,2027-01-25,2025-12-16,
3696,10,4645,97,37,2025-12-03,BATCH-3696,2029-08-13,2025-12-03,
3697,8,2046,38,58,2026-03-28,BATCH-3697,2026-12-05,2026-03-28,Expiring in 86 days - monitor
3698,2,3887,22,40,2026-05-19,BATCH-3698,2028-04-23,2026-05-19,Below reorder level - reorder placed 2026-05-26
3699,8,3909,60,36,2026-08-07,BATCH-3699,2029-12-25,2026-08-07,
3700,3,3696,118,33,2025-08-05,BATCH-3700,2026-11-18,2025-08-05,Expiring in 69 days - monitor
3701,11,2523,3,57,2026-04-12,BATCH-3701,2027-10-26,2026-04-12,Below reorder level - reorder placed 2026-04-18
3702,2,2939,51,18,2026-04-03,BATCH-3702,2029-02-18,2026-04-03,
3703,5,4480,20,24,2025-11-04,BATCH-3703,2027-03-05,2025-11-04,
3704,10,3701,115,35,2025-08-09,BATCH-3704,2027-07-21,2025-08-09,
3705,9,553,34,40,2025-11-16,BATCH-3705,2030-01-06,2025-11-16,
3706,3,2441,36,29,2025-06-08,BATCH-3706,2029-01-16,2025-06-08,
3707,2,527,87,18,2026-01-08,BATCH-3707,2028-07-09,2026-01-08,
3708,11,4351,53,56,2026-05-30,BATCH-3708,2026-08-21,2026-05-30,Expiring in 0 days - flag for clearance; Below reorder level - reorder placed 2026-06-10
3709,7,2211,43,31,2026-07-18,BATCH-3709,2026-11-16,2026-07-18,
3710,6,4727,118,31,2026-06-13,BATCH-3710,2027-01-01,2026-06-13,
3711,2,2434,79,26,2026-08-16,BATCH-3711,2029-04-14,2026-08-16,
3712,12,796,74,16,2025-10-20,BATCH-3712,2026-12-28,2025-10-20,
3713,4,2498,51,55,2026-08-19,BATCH-3713,2027-02-27,2026-08-19,
3714,1,1604,31,16,2025-10-27,BATCH-3714,2026-08-10,2025-10-27,Expiring in 0 days - flag for clearance
3715,6,2491,53,52,2025-06-22,BATCH-3715,2027-10-12,2025-06-22,
3716,1,4268,0,22,2026-01-31,BATCH-3716,2026-01-26,2026-01-31,Expiring in 0 days - flag for clearance; Below reorder level - reorder placed 2026-02-04
3717,9,324,83,26,2026-03-30,BATCH-3717,2027-08-24,2026-03-30,
3718,11,3315,38,23,2025-10-27,BATCH-3718,2027-08-26,2025-10-27,
3719,7,2594,61,38,2025-06-30,BATCH-3719,2028-08-30,2025-06-30,
3720,12,3803,28,43,2025-07-26,BATCH-3720,2026-01-23,2025-07-26,Expiring in 0 days - flag for clearance; Below reorder level - reorder placed 2025-07-29
3721,1,3442,72,21,2026-04-17,BATCH-3721,2026-12-28,2026-04-17,
3722,8,1927,61,27,2026-05-26,BATCH-3722,2028-07-24,2026-05-26,
3723,4,4907,34,51,2025-10-21,BATCH-3723,2026-10-19,2025-10-21,
3724,11,1853,37,40,2026-07-19,BATCH-3724,2028-05-01,2026-07-19,
3725,10,4171,69,27,2025-07-11,BATCH-3725,2029-08-16,2025-07-11,
3726,1,4257,76,38,2026-06-01,BATCH-3726,2027-09-16,2026-06-01,
3727,2,4665,74,28,2025-10-30,BATCH-3727,2029-09-18,2025-10-30,
3728,3,3058,90,19,2025-09-10,BATCH-3728,2027-10-10,2025-09-10,
3729,11,2023,48,20,2025-10-28,BATCH-3729,2029-06-05,2025-10-28,
3730,10,3729,5,43,2026-04-19,BATCH-3730,2029-05-07,2026-04-19,
3731,10,3406,106,22,2026-03-05,BATCH-3731,2026-07-30,2026-03-05,Expiring in 0 days - flag for clearance
3732,7,189,26,50,2026-01-04,BATCH-3732,2028-10-05,2026-01-04,Below reorder level - reorder placed 2026-01-07
3733,10,77,55,51,2025-11-05,BATCH-3733,2027-08-27,2025-11-05,
3734,12,4718,74,52,2025-12-28,BATCH-3734,2027-03-26,2025-12-28,
3735,4,1986,113,56,2026-07-31,BATCH-3735,2027-09-25,2026-07-31,
3736,5,1789,78,57,2026-05-16,BATCH-3736,2029-10-15,2026-05-16,
3737,4,365,25,54,2025-12-28,BATCH-3737,2029-02-25,2025-12-28,Below reorder level - reorder placed 2026-01-07
3738,10,4606,87,38,2026-03-29,BATCH-3738,2026-07-20,2026-03-29,Expiring in 0 days - flag for clearance
3739,5,1799,89,50,2025-09-28,BATCH-3739,2026-12-16,2025-09-28,
3740,6,3467,43,30,2025-06-18,BATCH-3740,2027-01-30,2025-06-18,
3741,4,1486,66,55,2026-05-07,BATCH-3741,2026-11-02,2026-05-07,Expiring in 53 days - monitor
3742,8,3916,108,25,2025-12-02,BATCH-3742,2028-07-28,2025-12-02,
3743,1,219,110,17,2026-01-08,BATCH-3743,2026-03-12,2026-01-08,Expiring in 0 days - flag for clearance
3744,10,3431,91,49,2025-07-05,BATCH-3744,2029-05-14,2025-07-05,
3745,1,1812,63,46,2026-05-17,BATCH-3745,2029-08-16,2026-05-17,
3746,12,3204,117,50,2026-03-12,BATCH-3746,2027-01-22,2026-03-12,
3747,10,2389,117,39,2026-03-10,BATCH-3747,2029-08-06,2026-03-10,
3748,5,2017,20,16,2026-08-16,BATCH-3748,2028-09-16,2026-08-16,
3749,2,4777,25,39,2025-08-05,BATCH-3749,2030-01-06,2025-08-05,
3750,1,867,95,50,2026-02-01,BATCH-3750,2029-10-28,2026-02-01,
3751,5,3486,26,47,2025-09-29,BATCH-3751,2027-06-11,2025-09-29,Below reorder level - reorder placed 2025-10-03
3752,9,3061,19,54,2025-08-06,BATCH-3752,2028-01-24,2025-08-06,
3753,8,4927,93,19,2026-02-14,BATCH-3753,2026-09-21,2026-02-14,Expiring in 11 days - flag for clearance
3754,6,1328,113,47,2026-02-21,BATCH-3754,2028-02-17,2026-02-21,
3755,6,2856,112,40,2025-08-11,BATCH-3755,2027-04-04,2025-08-11,
3756,8,4885,24,29,2026-05-22,BATCH-3756,2026-09-27,2026-05-22,Expiring in 17 days - flag for clearance
3757,2,3279,41,49,2026-05-23,BATCH-3757,2028-08-29,2026-05-23,
3758,5,1888,10,51,2025-12-08,BATCH-3758,2028-11-11,2025-12-08,Below reorder level - reorder placed 2025-12-17
3759,12,1468,86,43,2025-10-30,BATCH-3759,2026-11-17,2025-10-30,Expiring in 68 days - monitor
3760,5,1158,91,44,2025-07-31,BATCH-3760,2028-07-03,2025-07-31,
3761,1,544,104,43,2025-06-27,BATCH-3761,2027-12-15,2025-06-27,
3762,7,1263,70,47,2026-04-28,BATCH-3762,2029-01-08,2026-04-28,
3763,6,983,40,16,2025-09-27,BATCH-3763,2029-08-28,2025-09-27,
3764,10,4209,67,20,2026-02-25,BATCH-3764,2026-12-12,2026-02-25,
3765,9,175,116,53,2026-09-03,BATCH-3765,2028-04-08,2026-09-03,
3766,7,2213,56,19,2026-01-31,BATCH-3766,2026-11-04,2026-01-31,Expiring in 55 days - monitor
3767,5,1016,42,25,2026-05-03,BATCH-3767,2026-08-10,2026-05-03,Expiring in 0 days - flag for clearance
3768,3,1071,113,21,2025-12-29,BATCH-3768,2027-11-04,2025-12-29,
3769,3,43,109,16,2025-08-22,BATCH-3769,2029-06-02,2025-08-22,
3770,11,3979,107,45,2026-04-19,BATCH-3770,2027-10-30,2026-04-19,
3771,8,349,65,39,2026-06-03,BATCH-3771,2026-10-05,2026-06-03,Expiring in 25 days - flag for clearance
3772,2,1831,13,31,2026-08-16,BATCH-3772,2027-07-19,2026-08-16,Below reorder level - reorder placed 2026-08-21
3773,11,1027,66,53,2026-07-24,BATCH-3773,2026-09-09,2026-07-24,Expiring in 0 days - flag for clearance
3774,5,117,26,22,2026-03-30,BATCH-3774,2026-04-14,2026-03-30,Expiring in 0 days - flag for clearance
3775,7,2829,65,36,2026-02-18,BATCH-3775,2026-02-16,2026-02-18,Expiring in 0 days - flag for clearance
3776,4,1214,103,56,2025-12-22,BATCH-3776,2026-11-20,2025-12-22,Expiring in 71 days - monitor
3777,10,4308,79,33,2026-08-11,BATCH-3777,2026-09-07,2026-08-11,Expiring in 0 days - flag for clearance
3778,1,4055,70,15,2025-11-30,BATCH-3778,2029-09-25,2025-11-30,
3779,10,4891,49,35,2026-02-07,BATCH-3779,2026-01-03,2026-02-07,Expiring in 0 days - flag for clearance
3780,8,1714,99,48,2025-08-08,BATCH-3780,2028-10-23,2025-08-08,
3781,1,4758,51,42,2025-06-20,BATCH-3781,2028-11-08,2025-06-20,
3782,9,4902,48,49,2025-06-03,BATCH-3782,2028-11-19,2025-06-03,Below reorder level - reorder placed 2025-06-10
3783,9,1465,53,15,2025-12-16,BATCH-3783,2029-11-27,2025-12-16,
3784,11,4452,75,52,2025-10-07,BATCH-3784,2025-12-23,2025-10-07,Expiring in 0 days - flag for clearance
3785,5,4601,29,31,2025-06-22,BATCH-3785,2026-09-10,2025-06-22,Expiring in 0 days - flag for clearance
3786,2,3346,49,44,2026-05-15,BATCH-3786,2029-04-23,2026-05-15,
3787,3,604,68,17,2026-05-03,BATCH-3787,2026-10-19,2026-05-03,Expiring in 39 days - monitor
3788,2,1450,91,43,2025-11-11,BATCH-3788,2026-11-25,2025-11-11,
3789,11,3841,42,34,2026-02-02,BATCH-3789,2029-03-12,2026-02-02,
3790,6,489,89,40,2025-10-21,BATCH-3790,2027-05-04,2025-10-21,
3791,5,918,34,41,2026-04-30,BATCH-3791,2029-01-26,2026-04-30,
3792,5,2750,20,55,2026-03-29,BATCH-3792,2029-02-15,2026-03-29,Below reorder level - reorder placed 2026-04-06
3793,1,965,39,23,2025-06-25,BATCH-3793,2026-11-14,2025-06-25,
3794,8,4186,67,30,2025-08-13,BATCH-3794,2028-09-21,2025-08-13,
3795,11,3549,108,24,2026-07-25,BATCH-3795,2029-02-19,2026-07-25,
3796,12,4877,85,46,2026-01-20,BATCH-3796,2027-01-14,2026-01-20,
3797,11,1105,25,24,2025-10-25,BATCH-3797,2027-12-21,2025-10-25,
3798,7,1658,43,24,2026-04-01,BATCH-3798,2029-04-21,2026-04-01,
3799,7,3436,58,21,2025-12-27,BATCH-3799,2027-02-09,2025-12-27,
3800,6,4532,116,51,2026-06-14,BATCH-3800,2026-04-03,2026-06-14,Expiring in 0 days - flag for clearance
3801,8,236,61,35,2025-12-23,BATCH-3801,2029-06-23,2025-12-23,
3802,1,1500,6,32,2025-07-13,BATCH-3802,2028-11-18,2025-07-13,Below reorder level - reorder placed 2025-07-25
3803,10,1822,40,18,2025-07-04,BATCH-3803,2027-01-20,2025-07-04,
3804,7,3944,109,19,2025-07-25,BATCH-3804,2026-09-27,2025-07-25,Expiring in 17 days - flag for clearance
3805,10,185,1,31,2025-08-17,BATCH-3805,2027-09-07,2025-08-17,Below reorder level - reorder placed 2025-08-28
3806,11,2802,54,42,2026-03-01,BATCH-3806,2029-08-20,2026-03-01,
3807,7,174,59,43,2025-09-14,BATCH-3807,2028-11-25,2025-09-14,
3808,6,3303,5,17,2025-07-15,BATCH-3808,2028-06-18,2025-07-15,
3809,11,3120,69,46,2026-08-26,BATCH-3809,2028-05-31,2026-08-26,
3810,12,3430,116,28,2025-08-27,BATCH-3810,2029-03-19,2025-08-27,
3811,9,2610,62,45,2025-10-16,BATCH-3811,2026-07-03,2025-10-16,Expiring in 0 days - flag for clearance
3812,12,2831,57,56,2025-08-28,BATCH-3812,2028-03-14,2025-08-28,
3813,12,1099,29,46,2026-08-26,BATCH-3813,2028-08-06,2026-08-26,Below reorder level - reorder placed 2026-08-31
3814,11,1209,114,33,2026-03-03,BATCH-3814,2028-10-11,2026-03-03,
3815,5,1670,112,30,2026-06-18,BATCH-3815,2028-05-21,2026-06-18,
3816,12,1036,74,53,2025-12-21,BATCH-3816,2029-01-08,2025-12-21,
3817,5,3357,92,20,2025-08-27,BATCH-3817,2026-11-18,2025-08-27,Expiring in 69 days - monitor
3818,9,1243,59,44,2025-09-21,BATCH-3818,2026-05-07,2025-09-21,Expiring in 0 days - flag for clearance
3819,10,2311,61,55,2026-04-07,BATCH-3819,2029-05-14,2026-04-07,
3820,5,345,5,30,2025-10-29,BATCH-3820,2027-01-09,2025-10-29,Below reorder level - reorder placed 2025-11-03
3821,12,1327,94,17,2025-07-29,BATCH-3821,2030-01-05,2025-07-29,
3822,6,2540,71,59,2025-07-05,BATCH-3822,2027-11-08,2025-07-05,
3823,3,1714,112,52,2025-10-18,BATCH-3823,2028-10-23,2025-10-18,
3824,6,790,87,45,2025-06-05,BATCH-3824,2029-03-31,2025-06-05,
3825,4,3648,15,49,2025-12-01,BATCH-3825,2029-12-11,2025-12-01,Below reorder level - reorder placed 2025-12-06
3826,8,4985,113,46,2025-07-26,BATCH-3826,2028-08-15,2025-07-26,
3827,1,3532,81,48,2025-10-18,BATCH-3827,2029-03-28,2025-10-18,
3828,11,335,6,46,2025-11-22,BATCH-3828,2030-01-05,2025-11-22,
3829,3,2951,48,56,2026-05-07,BATCH-3829,2026-05-25,2026-05-07,Expiring in 0 days - flag for clearance; Below reorder level - reorder placed 2026-05-11
3830,3,1996,7,40,2026-04-13,BATCH-3830,2026-09-15,2026-04-13,Expiring in 5 days - flag for clearance; Below reorder level - reorder placed 2026-04-22
3831,3,2229,99,23,2025-12-02,BATCH-3831,2026-02-16,2025-12-02,Expiring in 0 days - flag for clearance
3832,9,1970,114,20,2025-07-16,BATCH-3832,2027-03-31,2025-07-16,
3833,7,2083,94,52,2025-10-20,BATCH-3833,2028-03-06,2025-10-20,
3834,10,771,83,16,2025-10-22,BATCH-3834,2029-05-21,2025-10-22,
3835,5,3408,8,45,2026-06-08,BATCH-3835,2029-11-28,2026-06-08,Below reorder level - reorder placed 2026-06-20
3836,7,953,52,53,2026-01-17,BATCH-3836,2026-04-05,2026-01-17,Expiring in 0 days - flag for clearance; Below reorder level - reorder placed 2026-01-22
3837,10,4504,67,27,2025-07-26,BATCH-3837,2029-08-24,2025-07-26,
3838,1,155,22,44,2025-09-22,BATCH-3838,2030-01-06,2025-09-22,
3839,12,1893,38,28,2025-08-18,BATCH-3839,2027-06-14,2025-08-18,
3840,11,2138,102,33,2025-07-06,BATCH-3840,2029-11-11,2025-07-06,
3841,1,3823,89,25,2025-11-17,BATCH-3841,2029-02-17,2025-11-17,
3842,3,470,87,46,2026-05-16,BATCH-3842,2026-01-14,2026-05-16,Expiring in 0 days - flag for clearance
3843,11,2474,58,20,2025-12-26,BATCH-3843,2028-08-11,2025-12-26,
3844,4,1644,98,43,2026-03-09,BATCH-3844,2027-08-19,2026-03-09,
3845,1,4076,76,16,2026-03-07,BATCH-3845,2029-10-26,2026-03-07,
3846,9,3177,42,51,2026-06-10,BATCH-3846,2029-11-28,2026-06-10,
3847,6,1294,8,51,2025-10-15,BATCH-3847,2028-10-12,2025-10-15,Below reorder level - reorder placed 2025-10-28
3848,8,294,111,44,2025-06-09,BATCH-3848,2026-03-22,2025-06-09,Expiring in 0 days - flag for clearance
3849,8,2569,97,39,2026-05-07,BATCH-3849,2027-05-21,2026-05-07,
3850,1,1315,22,55,2026-07-25,BATCH-3850,2029-01-14,2026-07-25,Below reorder level - reorder placed 2026-08-03
3851,6,4960,57,26,2026-01-06,BATCH-3851,2026-11-08,2026-01-06,
3852,5,2615,97,56,2026-07-01,BATCH-3852,2029-05-07,2026-07-01,
3853,10,3068,73,46,2025-07-16,BATCH-3853,2028-03-27,2025-07-16,
3854,8,1282,41,59,2025-08-22,BATCH-3854,2027-12-02,2025-08-22,
3855,6,4277,110,16,2026-01-30,BATCH-3855,2027-02-02,2026-01-30,
3856,5,4715,94,54,2026-04-16,BATCH-3856,2026-12-26,2026-04-16,
3857,3,1970,41,38,2026-01-14,BATCH-3857,2027-03-31,2026-01-14,
3858,8,2746,18,31,2025-11-12,BATCH-3858,2028-10-31,2025-11-12,Below reorder level - reorder placed 2025-11-15
3859,6,777,86,22,2026-06-13,BATCH-3859,2027-02-22,2026-06-13,
3860,11,2028,91,17,2025-11-22,BATCH-3860,2026-01-17,2025-11-22,Expiring in 0 days - flag for clearance
3861,12,582,44,53,2025-10-15,BATCH-3861,2028-06-15,2025-10-15,Below reorder level - reorder placed 2025-10-25
3862,12,2382,9,31,2025-12-18,BATCH-3862,2029-12-10,2025-12-18,Below reorder level - reorder placed 2025-12-24
3863,5,4204,101,30,2026-06-12,BATCH-3863,2029-05-29,2026-06-12,
3864,7,2707,63,47,2026-08-16,BATCH-3864,2026-03-28,2026-08-16,Expiring in 0 days - flag for clearance
3865,10,6,33,18,2025-12-15,BATCH-3865,2027-01-07,2025-12-15,
3866,4,4930,0,40,2025-09-15,BATCH-3866,2028-09-16,2025-09-15,Below reorder level - reorder placed 2025-09-18
3867,1,1990,42,20,2025-08-17,BATCH-3867,2026-09-28,2025-08-17,Expiring in 18 days - flag for clearance
3868,11,3965,84,27,2026-08-13,BATCH-3868,2028-09-24,2026-08-13,
3869,3,1609,49,33,2026-06-01,BATCH-3869,2026-02-16,2026-06-01,Expiring in 0 days - flag for clearance
3870,1,960,95,36,2026-01-21,BATCH-3870,2026-12-07,2026-01-21,
3871,5,3173,44,34,2026-06-16,BATCH-3871,2028-02-10,2026-06-16,
3872,1,929,50,44,2026-03-25,BATCH-3872,2028-03-24,2026-03-25,
3873,12,4827,8,57,2026-02-27,BATCH-3873,2026-07-22,2026-02-27,Expiring in 0 days - flag for clearance
3874,6,2497,10,57,2026-07-28,BATCH-3874,2028-02-14,2026-07-28,Below reorder level - reorder placed 2026-08-06
3875,11,842,76,41,2026-06-16,BATCH-3875,2026-11-04,2026-06-16,
3876,8,1122,90,38,2026-01-31,BATCH-3876,2026-12-24,2026-01-31,
3877,4,1469,52,56,2025-10-04,BATCH-3877,2030-01-18,2025-10-04,Below reorder level - reorder placed 2025-10-11
3878,2,4001,36,47,2026-01-06,BATCH-3878,2026-11-11,2026-01-06,Below reorder level - reorder placed 2026-01-17
3879,10,443,81,25,2025-09-20,BATCH-3879,2029-01-17,2025-09-20,
3880,6,786,81,55,2025-10-30,BATCH-3880,2027-08-25,2025-10-30,
3881,11,2267,10,55,2025-06-02,BATCH-3881,2027-07-22,2025-06-02,Below reorder level - reorder placed 2025-06-07
3882,8,638,102,15,2026-08-07,BATCH-3882,2029-01-01,2026-08-07,
3883,3,3546,28,19,2026-05-18,BATCH-3883,2026-05-01,2026-05-18,Expiring in 0 days - flag for clearance
3884,1,4907,46,19,2026-05-06,BATCH-3884,2026-10-19,2026-05-06,
3885,12,4482,85,30,2025-08-16,BATCH-3885,2026-02-05,2025-08-16,Expiring in 0 days - flag for clearance
3886,7,637,94,56,2026-07-17,BATCH-3886,2026-10-23,2026-07-17,
3887,1,3803,9,31,2025-06-07,BATCH-3887,2026-01-23,2025-06-07,Expiring in 0 days - flag for clearance
3888,2,1305,43,48,2026-07-22,BATCH-3888,2027-05-19,2026-07-22,
3889,7,1732,113,20,2025-06-02,BATCH-3889,2026-10-15,2025-06-02,
3890,9,4615,1,54,2025-07-20,BATCH-3890,2027-01-05,2025-07-20,Below reorder level - reorder placed 2025-07-31
3891,11,377,6,54,2026-04-14,BATCH-3891,2028-09-14,2026-04-14,Below reorder level - reorder placed 2026-04-27
3892,3,891,116,30,2026-08-09,BATCH-3892,2029-07-03,2026-08-09,
3893,6,3269,59,57,2026-02-06,BATCH-3893,2026-05-12,2026-02-06,Expiring in 0 days - flag for clearance
3894,4,2789,54,40,2026-07-26,BATCH-3894,2027-03-25,2026-07-26,
3895,7,3951,101,44,2025-11-09,BATCH-3895,2027-11-30,2025-11-09,
3896,12,4422,63,22,2025-08-02,BATCH-3896,2026-08-23,2025-08-02,Expiring in 0 days - flag for clearance
3897,1,1791,107,54,2025-06-08,BATCH-3897,2028-07-06,2025-06-08,
3898,9,599,3,33,2026-03-19,BATCH-3898,2026-07-03,2026-03-19,Expiring in 0 days - flag for clearance
3899,5,303,39,18,2025-10-11,BATCH-3899,2026-05-20,2025-10-11,Expiring in 0 days - flag for clearance
3900,5,4219,69,27,2025-06-02,BATCH-3900,2027-06-24,2025-06-02,
3901,7,4572,53,24,2025-11-25,BATCH-3901,2026-10-06,2025-11-25,Expiring in 26 days - flag for clearance
3902,10,3874,78,31,2025-07-24,BATCH-3902,2028-01-25,2025-07-24,
3903,7,2225,27,42,2025-06-12,BATCH-3903,2028-10-10,2025-06-12,
3904,8,3974,1,48,2025-07-21,BATCH-3904,2026-09-27,2025-07-21,Expiring in 17 days - flag for clearance; Below reorder level - reorder placed 2025-08-03
3905,12,629,42,35,2026-01-18,BATCH-3905,2027-11-06,2026-01-18,
3906,11,383,18,52,2026-07-28,BATCH-3906,2027-06-08,2026-07-28,Below reorder level - reorder placed 2026-08-08
3907,3,2483,89,25,2026-02-07,BATCH-3907,2028-01-06,2026-02-07,
3908,12,4920,45,57,2026-01-08,BATCH-3908,2028-01-10,2026-01-08,Below reorder level - reorder placed 2026-01-11
3909,2,3478,15,55,2026-06-12,BATCH-3909,2026-02-08,2026-06-12,Expiring in 0 days - flag for clearance; Below reorder level - reorder placed 2026-06-19
3910,8,4836,88,33,2026-02-17,BATCH-3910,2029-12-19,2026-02-17,
3911,4,2461,32,37,2025-12-16,BATCH-3911,2029-04-18,2025-12-16,
3912,10,800,115,59,2025-09-11,BATCH-3912,2027-10-17,2025-09-11,
3913,1,2275,114,54,2026-05-27,BATCH-3913,2029-09-10,2026-05-27,
3914,2,2026,27,55,2026-06-15,BATCH-3914,2026-02-01,2026-06-15,Expiring in 0 days - flag for clearance
3915,2,806,87,42,2025-12-27,BATCH-3915,2028-10-09,2025-12-27,
3916,6,563,91,33,2026-02-13,BATCH-3916,2027-06-13,2026-02-13,
3917,7,1646,87,49,2026-07-29,BATCH-3917,2029-08-06,2026-07-29,
3918,9,3424,87,41,2025-12-13,BATCH-3918,2028-12-28,2025-12-13,
3919,3,2348,30,41,2025-06-03,BATCH-3919,2026-01-11,2025-06-03,Expiring in 0 days - flag for clearance; Below reorder level - reorder placed 2025-06-11
3920,11,1152,60,34,2025-08-14,BATCH-3920,2026-11-27,2025-08-14,Expiring in 78 days - monitor
3921,11,2455,75,35,2026-05-16,BATCH-3921,2028-07-01,2026-05-16,
3922,5,726,41,26,2025-08-11,BATCH-3922,2028-01-23,2025-08-11,
3923,9,2786,70,38,2026-04-26,BATCH-3923,2026-11-12,2026-04-26,
3924,7,1909,117,26,2025-06-19,BATCH-3924,2029-01-02,2025-06-19,
3925,6,4155,117,37,2025-08-24,BATCH-3925,2026-11-10,2025-08-24,Expiring in 61 days - monitor
3926,8,1924,27,53,2026-08-16,BATCH-3926,2026-11-05,2026-08-16,Below reorder level - reorder placed 2026-08-21
3927,6,2642,118,23,2025-11-22,BATCH-3927,2026-10-11,2025-11-22,Expiring in 31 days - monitor
3928,7,4776,26,25,2026-06-27,BATCH-3928,2026-10-05,2026-06-27,Expiring in 25 days - flag for clearance
3929,1,346,25,39,2025-06-07,BATCH-3929,2026-12-18,2025-06-07,
3930,5,4454,57,54,2026-01-15,BATCH-3930,2026-09-16,2026-01-15,Expiring in 6 days - flag for clearance
3931,8,707,111,37,2026-06-21,BATCH-3931,2028-02-26,2026-06-21,
3932,8,1660,60,31,2025-08-30,BATCH-3932,2027-06-26,2025-08-30,
3933,6,2450,9,28,2025-09-21,BATCH-3933,2027-11-10,2025-09-21,Below reorder level - reorder placed 2025-10-02
3934,5,257,96,48,2026-05-12,BATCH-3934,2029-05-18,2026-05-12,
3935,8,2205,25,16,2025-09-29,BATCH-3935,2026-10-29,2025-09-29,
3936,3,4251,70,28,2026-07-11,BATCH-3936,2026-09-26,2026-07-11,Expiring in 16 days - flag for clearance
3937,9,2988,87,35,2025-12-21,BATCH-3937,2026-12-14,2025-12-21,
3938,11,2559,71,28,2026-08-08,BATCH-3938,2026-12-04,2026-08-08,
3939,10,2502,36,59,2026-06-04,BATCH-3939,2028-09-12,2026-06-04,
3940,6,4545,108,18,2025-09-24,BATCH-3940,2028-09-07,2025-09-24,
3941,12,751,3,17,2025-09-20,BATCH-3941,2026-12-20,2025-09-20,Below reorder level - reorder placed 2025-09-26
3942,12,4605,72,38,2026-03-10,BATCH-3942,2029-03-14,2026-03-10,
3943,11,38,56,52,2025-09-15,BATCH-3943,2029-11-11,2025-09-15,
3944,4,3794,21,42,2025-11-25,BATCH-3944,2029-12-16,2025-11-25,Below reorder level - reorder placed 2025-11-28
3945,10,4319,44,54,2025-09-17,BATCH-3945,2027-12-30,2025-09-17,
3946,4,3461,55,36,2025-11-22,BATCH-3946,2027-01-08,2025-11-22,
3947,9,81,10,23,2026-07-30,BATCH-3947,2029-01-31,2026-07-30,Below reorder level - reorder placed 2026-08-07
3948,9,2356,78,20,2026-08-12,BATCH-3948,2026-01-20,2026-08-12,Expiring in 0 days - flag for clearance
3949,5,1111,99,36,2026-06-21,BATCH-3949,2029-05-17,2026-06-21,
3950,2,3693,18,59,2026-03-31,BATCH-3950,2027-02-10,2026-03-31,Below reorder level - reorder placed 2026-04-11
3951,5,3665,17,57,2026-01-20,BATCH-3951,2026-02-16,2026-01-20,Expiring in 0 days - flag for clearance
3952,10,3336,11,43,2025-11-14,BATCH-3952,2029-10-16,2025-11-14,Below reorder level - reorder placed 2025-11-20
3953,2,2539,22,26,2026-06-30,BATCH-3953,2026-10-12,2026-06-30,
3954,9,3099,59,40,2026-07-20,BATCH-3954,2028-06-07,2026-07-20,
3955,2,3028,96,27,2025-09-30,BATCH-3955,2029-03-28,2025-09-30,
3956,1,3565,81,39,2026-07-23,BATCH-3956,2029-06-16,2026-07-23,
3957,5,2623,81,55,2025-08-03,BATCH-3957,2029-12-28,2025-08-03,
3958,12,4567,39,24,2026-04-25,BATCH-3958,2027-09-03,2026-04-25,
3959,2,67,76,45,2026-01-18,BATCH-3959,2025-12-14,2026-01-18,Expiring in 0 days - flag for clearance
3960,6,3328,59,24,2025-12-02,BATCH-3960,2029-06-07,2025-12-02,
3961,11,4061,93,43,2026-08-20,BATCH-3961,2026-05-29,2026-08-20,Expiring in 0 days - flag for clearance
3962,4,2701,43,39,2025-07-19,BATCH-3962,2026-02-03,2025-07-19,Expiring in 0 days - flag for clearance
3963,11,3146,106,21,2026-01-19,BATCH-3963,2026-10-31,2026-01-19,Expiring in 51 days - monitor
3964,10,2377,53,44,2025-06-25,BATCH-3964,2029-06-22,2025-06-25,
3965,5,289,53,58,2025-07-15,BATCH-3965,2029-09-11,2025-07-15,Below reorder level - reorder placed 2025-07-19
3966,10,2584,86,31,2026-04-13,BATCH-3966,2028-09-15,2026-04-13,
3967,8,1733,84,20,2026-05-04,BATCH-3967,2027-01-03,2026-05-04,
3968,11,3376,66,31,2026-01-12,BATCH-3968,2026-12-05,2026-01-12,Expiring in 86 days - monitor
3969,7,3907,50,42,2025-11-04,BATCH-3969,2026-03-02,2025-11-04,Expiring in 0 days - flag for clearance
3970,7,4706,17,17,2025-10-25,BATCH-3970,2027-08-15,2025-10-25,
3971,4,3368,92,16,2026-06-24,BATCH-3971,2026-12-10,2026-06-24,
3972,9,4356,83,54,2025-08-13,BATCH-3972,2026-06-15,2025-08-13,Expiring in 0 days - flag for clearance
3973,9,3181,112,53,2026-01-03,BATCH-3973,2025-12-17,2026-01-03,Expiring in 0 days - flag for clearance
3974,12,3589,5,40,2025-11-13,BATCH-3974,2027-01-19,2025-11-13,Below reorder level - reorder placed 2025-11-25
3975,2,3305,50,35,2026-03-30,BATCH-3975,2026-05-16,2026-03-30,Expiring in 0 days - flag for clearance
3976,5,1139,73,54,2026-04-02,BATCH-3976,2026-07-11,2026-04-02,Expiring in 0 days - flag for clearance
3977,4,4745,73,48,2025-10-17,BATCH-3977,2029-06-26,2025-10-17,
3978,12,4686,36,42,2025-10-19,BATCH-3978,2028-03-12,2025-10-19,Below reorder level - reorder placed 2025-10-30
3979,7,1551,78,28,2026-03-24,BATCH-3979,2026-08-21,2026-03-24,Expiring in 0 days - flag for clearance
3980,3,1526,7,37,2026-06-08,BATCH-3980,2029-01-23,2026-06-08,Below reorder level - reorder placed 2026-06-18
3981,2,4831,111,33,2026-06-16,BATCH-3981,2029-04-05,2026-06-16,
3982,11,684,112,42,2025-08-27,BATCH-3982,2029-06-15,2025-08-27,
3983,10,1149,70,48,2025-10-08,BATCH-3983,2029-04-24,2025-10-08,
3984,9,2779,49,48,2026-02-04,BATCH-3984,2027-06-30,2026-02-04,
3985,3,866,60,51,2026-08-07,BATCH-3985,2027-06-16,2026-08-07,
3986,11,3294,99,58,2025-12-20,BATCH-3986,2028-01-07,2025-12-20,
3987,5,3246,46,45,2026-04-18,BATCH-3987,2029-04-05,2026-04-18,
3988,2,3673,19,47,2026-05-25,BATCH-3988,2029-07-03,2026-05-25,Below reorder level - reorder placed 2026-06-06
3989,12,4779,91,38,2025-09-26,BATCH-3989,2029-03-03,2025-09-26,
3990,3,4432,101,58,2025-12-19,BATCH-3990,2029-07-07,2025-12-19,
3991,4,4256,70,45,2026-03-03,BATCH-3991,2026-01-09,2026-03-03,Expiring in 0 days - flag for clearance
3992,7,1154,89,40,2025-08-10,BATCH-3992,2028-01-01,2025-08-10,
3993,1,3025,0,40,2025-11-09,BATCH-3993,2026-11-10,2025-11-09,Below reorder level - reorder placed 2025-11-12
3994,8,2785,23,57,2025-12-16,BATCH-3994,2026-10-11,2025-12-16,Expiring in 31 days - monitor; Below reorder level - reorder placed 2025-12-25
3995,9,920,53,20,2025-12-06,BATCH-3995,2026-12-19,2025-12-06,
3996,3,3028,52,19,2025-06-06,BATCH-3996,2029-03-28,2025-06-06,
3997,7,1150,52,48,2025-07-01,BATCH-3997,2026-10-07,2025-07-01,Expiring in 27 days - flag for clearance
3998,6,3759,72,53,2026-07-23,BATCH-3998,2028-06-13,2026-07-23,
3999,3,1231,73,54,2025-12-30,BATCH-3999,2026-10-20,2025-12-30,Expiring in 40 days - monitor
4000,3,2178,63,46,2025-08-02,BATCH-4000,2029-11-23,2025-08-02,
4001,3,3850,119,19,2026-08-20,BATCH-4001,2026-11-11,2026-08-20,Expiring in 62 days - monitor
4002,9,3849,66,24,2025-11-19,BATCH-4002,2026-04-23,2025-11-19,Expiring in 0 days - flag for clearance
4003,10,3627,85,40,2025-08-28,BATCH-4003,2027-08-05,2025-08-28,
4004,9,4372,41,15,2026-08-08,BATCH-4004,2026-12-28,2026-08-08,
4005,10,1998,44,35,2026-02-26,BATCH-4005,2026-10-27,2026-02-26,
4006,10,1249,7,41,2026-02-16,BATCH-4006,2026-06-06,2026-02-16,Expiring in 0 days - flag for clearance
4007,10,3432,82,46,2025-12-16,BATCH-4007,2026-04-27,2025-12-16,Expiring in 0 days - flag for clearance
4008,6,2355,46,59,2026-01-02,BATCH-4008,2027-11-28,2026-01-02,
4009,2,1321,20,34,2026-03-07,BATCH-4009,2027-02-13,2026-03-07,Below reorder level - reorder placed 2026-03-18
4010,4,3068,118,32,2026-04-05,BATCH-4010,2028-03-27,2026-04-05,
4011,10,3040,54,28,2025-11-18,BATCH-4011,2026-12-18,2025-11-18,
4012,7,1149,58,43,2025-12-28,BATCH-4012,2029-04-24,2025-12-28,
4013,6,4397,110,25,2026-02-09,BATCH-4013,2028-03-16,2026-02-09,
4014,6,4012,86,20,2025-06-26,BATCH-4014,2029-03-02,2025-06-26,
4015,8,3126,45,45,2025-08-17,BATCH-4015,2027-04-01,2025-08-17,
4016,10,4143,118,57,2026-08-18,BATCH-4016,2028-01-28,2026-08-18,
4017,6,4985,10,55,2026-03-16,BATCH-4017,2028-08-15,2026-03-16,Below reorder level - reorder placed 2026-03-27
4018,7,1003,36,57,2025-08-30,BATCH-4018,2029-08-09,2025-08-30,Below reorder level - reorder placed 2025-09-05
4019,7,2820,57,46,2026-04-12,BATCH-4019,2028-02-20,2026-04-12,
4020,7,1814,53,50,2025-09-11,BATCH-4020,2026-09-26,2025-09-11,Expiring in 16 days - flag for clearance
4021,1,1731,19,15,2025-11-13,BATCH-4021,2026-12-14,2025-11-13,
4022,10,4411,86,50,2026-06-18,BATCH-4022,2027-02-24,2026-06-18,
4023,11,398,85,51,2026-03-30,BATCH-4023,2029-10-21,2026-03-30,
4024,8,3587,18,18,2026-03-16,BATCH-4024,2026-07-30,2026-03-16,Expiring in 0 days - flag for clearance
4025,7,1355,67,23,2025-12-16,BATCH-4025,2026-10-29,2025-12-16,Expiring in 49 days - monitor
4026,1,2341,105,41,2025-12-28,BATCH-4026,2026-04-30,2025-12-28,Expiring in 0 days - flag for clearance
4027,10,2168,2,45,2025-12-12,BATCH-4027,2026-08-05,2025-12-12,Expiring in 0 days - flag for clearance; Below reorder level - reorder placed 2025-12-20
4028,12,3671,48,29,2026-08-03,BATCH-4028,2028-04-19,2026-08-03,
4029,5,3400,55,59,2025-12-22,BATCH-4029,2027-03-05,2025-12-22,Below reorder level - reorder placed 2025-12-25
4030,12,2461,12,44,2025-12-06,BATCH-4030,2029-04-18,2025-12-06,Below reorder level - reorder placed 2025-12-15
4031,7,2426,90,22,2025-06-26,BATCH-4031,2030-01-01,2025-06-26,
4032,7,3983,70,26,2025-11-15,BATCH-4032,2026-01-27,2025-11-15,Expiring in 0 days - flag for clearance
4033,2,2063,90,38,2025-08-14,BATCH-4033,2028-02-13,2025-08-14,
4034,8,3133,6,44,2026-08-02,BATCH-4034,2027-04-24,2026-08-02,Below reorder level - reorder placed 2026-08-11
4035,1,3457,62,33,2026-03-29,BATCH-4035,2026-09-22,2026-03-29,Expiring in 12 days - flag for clearance
4036,3,87,63,37,2026-08-29,BATCH-4036,2026-12-16,2026-08-29,
4037,3,4613,78,29,2025-11-16,BATCH-4037,2026-12-31,2025-11-16,
4038,12,1753,61,58,2026-03-21,BATCH-4038,2029-08-30,2026-03-21,
4039,8,4284,1,29,2026-04-22,BATCH-4039,2027-07-28,2026-04-22,
4040,3,1940,51,16,2026-04-27,BATCH-4040,2027-10-14,2026-04-27,
4041,1,4040,46,44,2025-10-22,BATCH-4041,2026-10-14,2025-10-22,Expiring in 34 days - monitor
4042,9,699,76,47,2026-02-25,BATCH-4042,2028-10-07,2026-02-25,
4043,2,3638,116,59,2026-04-26,BATCH-4043,2026-11-30,2026-04-26,Expiring in 81 days - monitor
4044,1,4265,43,40,2025-06-07,BATCH-4044,2029-02-20,2025-06-07,
4045,8,2660,54,23,2026-08-27,BATCH-4045,2028-02-25,2026-08-27,
4046,12,4649,20,17,2026-06-22,BATCH-4046,2026-04-17,2026-06-22,Expiring in 0 days - flag for clearance
4047,6,2086,47,16,2026-01-18,BATCH-4047,2026-01-16,2026-01-18,Expiring in 0 days - flag for clearance
4048,6,1767,102,55,2025-08-17,BATCH-4048,2028-12-30,2025-08-17,
4049,11,609,91,26,2025-10-22,BATCH-4049,2026-06-28,2025-10-22,Expiring in 0 days - flag for clearance
4050,9,4390,71,39,2026-07-21,BATCH-4050,2027-12-17,2026-07-21,
4051,3,3489,99,57,2026-06-24,BATCH-4051,2028-02-27,2026-06-24,
4052,3,818,88,21,2026-03-19,BATCH-4052,2026-12-16,2026-03-19,
4053,10,1357,97,36,2026-04-20,BATCH-4053,2026-11-30,2026-04-20,Expiring in 81 days - monitor
4054,3,3486,85,27,2026-03-22,BATCH-4054,2027-06-11,2026-03-22,
4055,8,4941,80,29,2025-11-12,BATCH-4055,2027-04-25,2025-11-12,
4056,11,3907,104,17,2026-07-12,BATCH-4056,2026-03-02,2026-07-12,Expiring in 0 days - flag for clearance
4057,7,4030,48,44,2026-03-08,BATCH-4057,2029-01-06,2026-03-08,
4058,6,952,104,44,2025-10-06,BATCH-4058,2027-06-28,2025-10-06,
4059,8,723,113,48,2026-07-11,BATCH-4059,2028-05-13,2026-07-11,
4060,7,465,13,40,2026-07-08,BATCH-4060,2026-11-11,2026-07-08,Expiring in 62 days - monitor; Below reorder level - reorder placed 2026-07-21
4061,1,1180,67,18,2026-08-21,BATCH-4061,2029-10-20,2026-08-21,
4062,9,2125,98,42,2026-07-29,BATCH-4062,2029-02-14,2026-07-29,
4063,10,1742,95,15,2026-06-29,BATCH-4063,2026-04-17,2026-06-29,Expiring in 0 days - flag for clearance
4064,6,715,3,29,2026-07-22,BATCH-4064,2028-08-29,2026-07-22,Below reorder level - reorder placed 2026-08-03
4065,3,251,87,15,2025-07-23,BATCH-4065,2028-04-19,2025-07-23,
4066,12,1869,23,21,2026-03-12,BATCH-4066,2028-12-09,2026-03-12,
4067,10,1717,119,20,2025-07-17,BATCH-4067,2027-02-25,2025-07-17,
4068,3,4197,103,44,2026-05-20,BATCH-4068,2027-09-19,2026-05-20,
4069,6,1061,19,34,2026-01-01,BATCH-4069,2029-07-24,2026-01-01,Below reorder level - reorder placed 2026-01-05
4070,3,4064,53,27,2026-04-08,BATCH-4070,2027-11-14,2026-04-08,
4071,6,2442,33,47,2025-09-13,BATCH-4071,2026-12-04,2025-09-13,Expiring in 85 days - monitor; Below reorder level - reorder placed 2025-09-25
4072,2,3192,22,28,2026-05-26,BATCH-4072,2028-04-30,2026-05-26,
4073,11,4506,78,24,2025-07-02,BATCH-4073,2029-09-22,2025-07-02,
4074,11,273,71,56,2026-02-16,BATCH-4074,2030-01-11,2026-02-16,
4075,6,2352,67,44,2025-11-14,BATCH-4075,2026-12-16,2025-11-14,
4076,12,1098,36,16,2026-01-14,BATCH-4076,2026-09-14,2026-01-14,Expiring in 4 days - flag for clearance
4077,12,2696,18,16,2026-04-10,BATCH-4077,2029-07-13,2026-04-10,
4078,6,855,29,39,2025-11-01,BATCH-4078,2026-12-01,2025-11-01,Expiring in 82 days - monitor; Below reorder level - reorder placed 2025-11-07
4079,3,2335,77,15,2025-06-10,BATCH-4079,2026-10-12,2025-06-10,
4080,6,3300,24,44,2026-03-05,BATCH-4080,2029-09-07,2026-03-05,Below reorder level - reorder placed 2026-03-18
4081,4,1982,44,37,2026-05-12,BATCH-4081,2028-02-13,2026-05-12,
4082,4,2244,7,44,2026-02-03,BATCH-4082,2026-11-10,2026-02-03,Below reorder level - reorder placed 2026-02-12
4083,4,410,115,28,2026-08-27,BATCH-4083,2029-05-20,2026-08-27,
4084,4,1643,17,26,2026-01-04,BATCH-4084,2027-05-16,2026-01-04,Below reorder level - reorder placed 2026-01-15
4085,12,1326,12,43,2025-06-14,BATCH-4085,2029-10-20,2025-06-14,
4086,2,867,59,47,2026-06-01,BATCH-4086,2029-10-28,2026-06-01,
4087,9,4926,88,38,2026-08-14,BATCH-4087,2027-12-20,2026-08-14,
4088,6,4288,17,27,2026-05-29,BATCH-4088,2028-10-17,2026-05-29,
4089,1,4016,25,20,2025-09-27,BATCH-4089,2028-03-03,2025-09-27,
4090,1,1483,14,38,2025-10-16,BATCH-4090,2026-03-08,2025-10-16,Expiring in 0 days - flag for clearance; Below reorder level - reorder placed 2025-10-25
4091,8,3656,45,26,2026-09-01,BATCH-4091,2028-03-17,2026-09-01,
4092,2,3243,50,56,2025-12-02,BATCH-4092,2026-11-27,2025-12-02,Expiring in 78 days - monitor; Below reorder level - reorder placed 2025-12-11
4093,9,841,52,29,2025-11-20,BATCH-4093,2026-07-03,2025-11-20,Expiring in 0 days - flag for clearance
4094,9,4998,98,38,2025-08-11,BATCH-4094,2026-05-27,2025-08-11,Expiring in 0 days - flag for clearance
4095,9,3953,42,43,2026-03-09,BATCH-4095,2028-10-06,2026-03-09,Below reorder level - reorder placed 2026-03-21
4096,6,4961,7,15,2025-10-06,BATCH-4096,2026-03-04,2025-10-06,Expiring in 0 days - flag for clearance
4097,10,3774,25,48,2026-07-29,BATCH-4097,2027-12-18,2026-07-29,Below reorder level - reorder placed 2026-08-08
4098,11,2270,85,33,2026-05-31,BATCH-4098,2028-01-24,2026-05-31,
4099,6,1390,91,54,2026-01-20,BATCH-4099,2028-07-17,2026-01-20,
4100,4,4037,11,29,2026-04-23,BATCH-4100,2026-10-02,2026-04-23,Expiring in 22 days - flag for clearance
4101,12,317,106,55,2026-01-24,BATCH-4101,2028-03-17,2026-01-24,
4102,10,883,47,48,2026-03-18,BATCH-4102,2027-07-20,2026-03-18,Below reorder level - reorder placed 2026-03-24
4103,10,306,5,56,2026-04-29,BATCH-4103,2029-10-12,2026-04-29,Below reorder level - reorder placed 2026-05-11
4104,6,2229,62,29,2025-06-06,BATCH-4104,2026-02-16,2025-06-06,Expiring in 0 days - flag for clearance
4105,5,1679,8,32,2026-01-24,BATCH-4105,2028-02-09,2026-01-24,Below reorder level - reorder placed 2026-02-04
4106,3,1210,8,39,2026-01-29,BATCH-4106,2027-10-06,2026-01-29,Below reorder level - reorder placed 2026-02-02
4107,10,1544,105,59,2025-08-31,BATCH-4107,2029-08-22,2025-08-31,
4108,7,2031,46,31,2026-06-27,BATCH-4108,2028-04-01,2026-06-27,
4109,6,1479,106,33,2025-10-08,BATCH-4109,2029-09-06,2025-10-08,
4110,4,4176,111,50,2026-01-31,BATCH-4110,2029-09-13,2026-01-31,
4111,12,756,79,42,2026-05-12,BATCH-4111,2027-09-26,2026-05-12,
4112,8,2674,90,38,2026-08-20,BATCH-4112,2029-01-13,2026-08-20,
4113,5,4040,75,20,2026-04-26,BATCH-4113,2026-10-14,2026-04-26,Expiring in 34 days - monitor
4114,7,3151,34,27,2025-11-08,BATCH-4114,2026-11-11,2025-11-08,
4115,9,4983,60,16,2025-06-18,BATCH-4115,2026-11-06,2025-06-18,Expiring in 57 days - monitor
4116,12,4756,100,20,2025-07-12,BATCH-4116,2029-12-31,2025-07-12,
4117,5,4259,77,40,2026-04-21,BATCH-4117,2029-01-09,2026-04-21,
4118,1,3641,37,34,2026-01-04,BATCH-4118,2026-09-19,2026-01-04,Expiring in 9 days - flag for clearance
4119,7,2609,29,40,2025-09-07,BATCH-4119,2026-07-27,2025-09-07,Expiring in 0 days - flag for clearance
4120,1,2027,20,25,2026-06-24,BATCH-4120,2029-06-29,2026-06-24,Below reorder level - reorder placed 2026-07-03
4121,12,2801,19,24,2025-10-29,BATCH-4121,2026-05-16,2025-10-29,Expiring in 0 days - flag for clearance; Below reorder level - reorder placed 2025-11-06
4122,5,2096,22,54,2025-12-11,BATCH-4122,2026-06-30,2025-12-11,Expiring in 0 days - flag for clearance; Below reorder level - reorder placed 2025-12-21
4123,9,3289,23,59,2026-09-03,BATCH-4123,2027-03-26,2026-09-03,Below reorder level - reorder placed 2026-09-16
4124,3,4278,103,28,2025-11-17,BATCH-4124,2028-01-27,2025-11-17,
4125,7,3569,74,41,2025-10-05,BATCH-4125,2027-03-26,2025-10-05,
4126,10,3319,9,42,2026-07-22,BATCH-4126,2028-12-22,2026-07-22,
4127,1,2020,116,35,2026-01-20,BATCH-4127,2027-10-19,2026-01-20,
4128,6,105,36,29,2026-08-05,BATCH-4128,2027-07-06,2026-08-05,
4129,4,150,98,41,2025-11-23,BATCH-4129,2026-01-23,2025-11-23,Expiring in 0 days - flag for clearance
4130,1,644,13,22,2025-07-04,BATCH-4130,2028-01-20,2025-07-04,Below reorder level - reorder placed 2025-07-16
4131,10,4966,63,15,2026-03-08,BATCH-4131,2029-07-29,2026-03-08,
4132,5,4570,53,54,2026-03-20,BATCH-4132,2029-01-03,2026-03-20,Below reorder level - reorder placed 2026-03-27
4133,1,561,14,37,2025-10-07,BATCH-4133,2029-09-14,2025-10-07,Below reorder level - reorder placed 2025-10-12
4134,12,4908,65,35,2026-06-04,BATCH-4134,2027-01-07,2026-06-04,
4135,10,404,6,51,2026-02-25,BATCH-4135,2029-11-18,2026-02-25,
4136,11,1426,55,47,2026-07-03,BATCH-4136,2026-10-02,2026-07-03,Expiring in 22 days - flag for clearance
4137,6,4566,23,30,2025-08-05,BATCH-4137,2026-04-09,2025-08-05,Expiring in 0 days - flag for clearance
4138,7,2709,98,52,2026-08-11,BATCH-4138,2028-12-13,2026-08-11,
4139,11,683,87,53,2025-09-21,BATCH-4139,2026-10-14,2025-09-21,Expiring in 34 days - monitor
4140,11,700,1,37,2025-07-15,BATCH-4140,2028-02-18,2025-07-15,Below reorder level - reorder placed 2025-07-21
4141,7,3048,24,50,2025-07-24,BATCH-4141,2028-11-08,2025-07-24,
4142,2,700,40,49,2026-08-27,BATCH-4142,2028-02-18,2026-08-27,Below reorder level - reorder placed 2026-09-08
4143,4,2788,23,59,2026-07-06,BATCH-4143,2029-05-03,2026-07-06,Below reorder level - reorder placed 2026-07-12
4144,8,1083,79,23,2025-10-29,BATCH-4144,2027-05-16,2025-10-29,
4145,9,123,18,27,2025-08-22,BATCH-4145,2028-11-12,2025-08-22,Below reorder level - reorder placed 2025-08-28
4146,1,2744,26,45,2026-08-23,BATCH-4146,2029-09-28,2026-08-23,
4147,12,3948,45,58,2025-10-23,BATCH-4147,2026-10-09,2025-10-23,Expiring in 29 days - flag for clearance
4148,4,484,1,53,2025-12-30,BATCH-4148,2028-04-24,2025-12-30,Below reorder level - reorder placed 2026-01-04
4149,7,3087,31,53,2025-06-01,BATCH-4149,2027-06-10,2025-06-01,
4150,6,3086,20,27,2025-06-20,BATCH-4150,2028-06-17,2025-06-20,Below reorder level - reorder placed 2025-06-28
4151,11,1866,112,51,2026-05-27,BATCH-4151,2029-11-27,2026-05-27,
4152,3,2397,108,39,2025-11-11,BATCH-4152,2029-03-29,2025-11-11,
4153,6,3167,2,23,2025-12-10,BATCH-4153,2027-02-27,2025-12-10,
4154,8,2386,42,35,2025-12-29,BATCH-4154,2026-12-25,2025-12-29,
4155,10,1878,14,49,2026-08-28,BATCH-4155,2028-09-01,2026-08-28,
4156,9,1063,20,38,2026-06-29,BATCH-4156,2029-02-13,2026-06-29,Below reorder level - reorder placed 2026-07-11
4157,4,3205,7,25,2026-05-13,BATCH-4157,2029-05-29,2026-05-13,Below reorder level - reorder placed 2026-05-21
4158,8,4181,90,39,2025-09-17,BATCH-4158,2028-05-26,2025-09-17,
4159,1,3301,74,43,2026-08-03,BATCH-4159,2027-01-02,2026-08-03,
4160,2,3445,41,22,2026-06-24,BATCH-4160,2026-11-12,2026-06-24,Expiring in 63 days - monitor
4161,5,1788,2,34,2025-12-08,BATCH-4161,2026-10-09,2025-12-08,Expiring in 29 days - flag for clearance
4162,8,3018,11,44,2025-07-22,BATCH-4162,2027-04-11,2025-07-22,
4163,8,3158,21,33,2025-09-24,BATCH-4163,2028-03-31,2025-09-24,Below reorder level - reorder placed 2025-10-04
4164,2,3330,28,56,2025-06-19,BATCH-4164,2026-02-13,2025-06-19,Expiring in 0 days - flag for clearance; Below reorder level - reorder placed 2025-07-01
4165,4,929,103,20,2025-07-17,BATCH-4165,2028-03-24,2025-07-17,
4166,7,4630,66,48,2025-07-30,BATCH-4166,2029-02-08,2025-07-30,
4167,7,1939,29,53,2026-01-28,BATCH-4167,2027-03-20,2026-01-28,
4168,5,366,11,43,2026-02-08,BATCH-4168,2027-05-01,2026-02-08,
4169,7,1364,80,37,2025-09-14,BATCH-4169,2027-11-12,2025-09-14,
4170,1,586,37,48,2025-08-04,BATCH-4170,2027-06-18,2025-08-04,
4171,12,4873,115,19,2026-02-25,BATCH-4171,2026-09-15,2026-02-25,Expiring in 5 days - flag for clearance
4172,1,1290,76,35,2026-05-20,BATCH-4172,2027-05-29,2026-05-20,
4173,6,4234,116,52,2025-08-27,BATCH-4173,2027-06-09,2025-08-27,
4174,8,3211,35,49,2025-06-11,BATCH-4174,2029-11-21,2025-06-11,Below reorder level - reorder placed 2025-06-22
4175,12,2598,114,46,2025-11-09,BATCH-4175,2029-06-19,2025-11-09,
4176,12,2797,30,50,2025-10-20,BATCH-4176,2027-07-23,2025-10-20,Below reorder level - reorder placed 2025-11-01
4177,12,1383,83,23,2026-05-02,BATCH-4177,2029-07-19,2026-05-02,
4178,6,2233,50,47,2026-03-07,BATCH-4178,2026-07-31,2026-03-07,Expiring in 0 days - flag for clearance
4179,1,4248,111,56,2026-05-09,BATCH-4179,2028-08-25,2026-05-09,
4180,11,1650,33,40,2026-01-11,BATCH-4180,2025-12-21,2026-01-11,Expiring in 0 days - flag for clearance; Below reorder level - reorder placed 2026-01-22
4181,4,19,102,27,2026-05-21,BATCH-4181,2027-07-15,2026-05-21,
4182,12,4070,85,30,2026-07-12,BATCH-4182,2029-07-28,2026-07-12,
4183,5,1663,38,25,2025-06-19,BATCH-4183,2027-08-09,2025-06-19,
4184,11,826,13,25,2025-12-17,BATCH-4184,2029-04-20,2025-12-17,Below reorder level - reorder placed 2025-12-30
4185,9,459,2,43,2025-06-01,BATCH-4185,2028-08-18,2025-06-01,
4186,12,517,79,38,2025-08-16,BATCH-4186,2028-02-03,2025-08-16,
4187,5,3719,64,17,2025-12-21,BATCH-4187,2027-09-30,2025-12-21,
4188,1,868,111,45,2026-02-06,BATCH-4188,2028-12-16,2026-02-06,
4189,4,843,52,42,2026-07-29,BATCH-4189,2027-02-17,2026-07-29,
4190,12,549,112,15,2025-06-24,BATCH-4190,2028-07-26,2025-06-24,
4191,9,4760,72,50,2025-08-05,BATCH-4191,2026-05-11,2025-08-05,Expiring in 0 days - flag for clearance
4192,8,4148,112,43,2025-12-08,BATCH-4192,2027-12-02,2025-12-08,
4193,8,1364,3,57,2025-07-31,BATCH-4193,2027-11-12,2025-07-31,Below reorder level - reorder placed 2025-08-05
4194,9,3865,67,50,2025-06-02,BATCH-4194,2026-01-05,2025-06-02,Expiring in 0 days - flag for clearance
4195,12,250,27,25,2026-05-31,BATCH-4195,2029-07-14,2026-05-31,
4196,3,254,4,59,2026-08-01,BATCH-4196,2026-06-04,2026-08-01,Expiring in 0 days - flag for clearance; Below reorder level - reorder placed 2026-08-10
4197,6,425,66,26,2025-10-04,BATCH-4197,2026-04-16,2025-10-04,Expiring in 0 days - flag for clearance
4198,9,326,36,29,2026-01-29,BATCH-4198,2026-11-20,2026-01-29,
4199,3,621,61,29,2026-04-25,BATCH-4199,2027-05-19,2026-04-25,
4200,7,1770,9,42,2026-01-02,BATCH-4200,2026-02-22,2026-01-02,Expiring in 0 days - flag for clearance; Below reorder level - reorder placed 2026-01-12
4201,12,1097,65,44,2025-06-24,BATCH-4201,2026-10-07,2025-06-24,Expiring in 27 days - flag for clearance
4202,5,2353,59,30,2025-10-08,BATCH-4202,2028-05-05,2025-10-08,
4203,5,1067,18,17,2025-09-28,BATCH-4203,2026-08-28,2025-09-28,Expiring in 0 days - flag for clearance
4204,3,442,19,43,2026-02-16,BATCH-4204,2026-07-13,2026-02-16,Expiring in 0 days - flag for clearance; Below reorder level - reorder placed 2026-02-20
4205,10,3332,64,19,2026-07-02,BATCH-4205,2026-05-02,2026-07-02,Expiring in 0 days - flag for clearance
4206,10,986,107,32,2026-03-04,BATCH-4206,2027-02-19,2026-03-04,
4207,9,4083,20,20,2025-09-03,BATCH-4207,2026-11-24,2025-09-03,
4208,4,2319,22,47,2026-04-29,BATCH-4208,2029-08-27,2026-04-29,
4209,11,4224,14,26,2026-08-04,BATCH-4209,2027-07-14,2026-08-04,
4210,1,2251,101,49,2025-11-29,BATCH-4210,2026-10-14,2025-11-29,
4211,11,1098,64,54,2026-04-14,BATCH-4211,2026-09-14,2026-04-14,Expiring in 4 days - flag for clearance
4212,9,2181,15,36,2025-07-29,BATCH-4212,2027-11-30,2025-07-29,Below reorder level - reorder placed 2025-08-10
4213,10,1886,78,19,2026-01-31,BATCH-4213,2028-11-01,2026-01-31,
4214,10,3481,19,21,2026-05-01,BATCH-4214,2026-06-27,2026-05-01,Expiring in 0 days - flag for clearance; Below reorder level - reorder placed 2026-05-14
4215,4,3085,17,44,2025-12-22,BATCH-4215,2026-03-09,2025-12-22,Expiring in 0 days - flag for clearance
4216,4,1954,3,38,2026-04-10,BATCH-4216,2029-08-31,2026-04-10,Below reorder level - reorder placed 2026-04-16
4217,4,2917,64,58,2025-07-23,BATCH-4217,2026-12-07,2025-07-23,Expiring in 88 days - monitor
4218,6,3597,116,28,2026-08-02,BATCH-4218,2026-12-11,2026-08-02,
4219,9,1885,74,20,2025-06-03,BATCH-4219,2028-07-23,2025-06-03,
4220,2,2756,24,56,2025-09-02,BATCH-4220,2027-02-27,2025-09-02,
4221,5,3250,2,52,2026-04-18,BATCH-4221,2029-02-15,2026-04-18,
4222,4,3640,98,39,2026-04-24,BATCH-4222,2026-03-18,2026-04-24,Expiring in 0 days - flag for clearance
4223,1,3254,84,48,2026-06-14,BATCH-4223,2029-02-11,2026-06-14,
4224,11,1659,107,15,2026-06-13,BATCH-4224,2028-09-18,2026-06-13,
4225,5,4158,81,51,2025-12-16,BATCH-4225,2027-02-23,2025-12-16,
4226,3,1087,0,55,2025-12-26,BATCH-4226,2027-12-31,2025-12-26,
4227,8,4534,3,30,2025-07-16,BATCH-4227,2029-01-14,2025-07-16,Below reorder level - reorder placed 2025-07-29
4228,2,3500,28,43,2025-07-02,BATCH-4228,2026-12-02,2025-07-02,Expiring in 83 days - monitor; Below reorder level - reorder placed 2025-07-12
4229,1,1566,78,39,2025-10-11,BATCH-4229,2028-03-27,2025-10-11,
4230,2,528,77,53,2026-02-22,BATCH-4230,2026-12-09,2026-02-22,
4231,10,3292,74,34,2025-07-03,BATCH-4231,2030-01-01,2025-07-03,
4232,7,122,42,39,2025-06-12,BATCH-4232,2029-02-04,2025-06-12,
4233,7,3661,86,31,2026-02-11,BATCH-4233,2030-01-19,2026-02-11,
4234,5,2251,70,50,2026-03-03,BATCH-4234,2026-10-14,2026-03-03,
4235,10,4157,45,20,2026-01-12,BATCH-4235,2029-03-18,2026-01-12,
4236,9,208,106,55,2025-12-20,BATCH-4236,2027-08-10,2025-12-20,
4237,6,3716,81,54,2026-08-19,BATCH-4237,2029-02-28,2026-08-19,
4238,6,3209,114,38,2026-08-12,BATCH-4238,2029-05-13,2026-08-12,
4239,3,2742,70,55,2025-09-28,BATCH-4239,2028-06-28,2025-09-28,
4240,2,2603,8,44,2025-06-04,BATCH-4240,2026-08-07,2025-06-04,Expiring in 0 days - flag for clearance
4241,9,2637,24,23,2026-07-20,BATCH-4241,2027-10-12,2026-07-20,
4242,5,4119,21,54,2025-10-14,BATCH-4242,2028-08-30,2025-10-14,
4243,8,3495,18,56,2026-01-21,BATCH-4243,2027-01-09,2026-01-21,
4244,12,312,112,55,2025-10-27,BATCH-4244,2026-08-26,2025-10-27,Expiring in 0 days - flag for clearance
4245,1,1616,41,40,2026-06-12,BATCH-4245,2028-01-21,2026-06-12,
4246,12,3580,117,55,2026-02-07,BATCH-4246,2029-12-15,2026-02-07,
4247,10,3752,9,51,2026-06-06,BATCH-4247,2026-12-29,2026-06-06,Below reorder level - reorder placed 2026-06-14
4248,6,1142,15,56,2025-07-26,BATCH-4248,2029-07-29,2025-07-26,
4249,1,4050,32,47,2026-05-15,BATCH-4249,2028-05-03,2026-05-15,Below reorder level - reorder placed 2026-05-21
4250,11,2314,116,31,2026-02-12,BATCH-4250,2029-10-02,2026-02-12,
4251,2,4234,5,42,2026-03-17,BATCH-4251,2027-06-09,2026-03-17,
4252,4,1576,72,46,2026-05-05,BATCH-4252,2029-01-29,2026-05-05,
4253,1,920,99,53,2026-03-26,BATCH-4253,2026-12-19,2026-03-26,
4254,4,3531,95,24,2026-05-03,BATCH-4254,2026-06-09,2026-05-03,Expiring in 0 days - flag for clearance
4255,9,3959,15,44,2025-08-04,BATCH-4255,2027-04-14,2025-08-04,
4256,2,1843,98,32,2026-04-30,BATCH-4256,2027-11-08,2026-04-30,
4257,8,2241,98,59,2025-06-03,BATCH-4257,2027-03-04,2025-06-03,
4258,11,3138,10,34,2025-09-26,BATCH-4258,2027-06-09,2025-09-26,
4259,10,2779,31,18,2025-10-14,BATCH-4259,2027-06-30,2025-10-14,
4260,11,2355,27,26,2026-04-08,BATCH-4260,2027-11-28,2026-04-08,
4261,3,3328,108,43,2026-05-12,BATCH-4261,2029-06-07,2026-05-12,
4262,1,3357,93,37,2025-09-22,BATCH-4262,2026-11-18,2025-09-22,
4263,9,3890,58,47,2026-07-08,BATCH-4263,2026-11-07,2026-07-08,Expiring in 58 days - monitor
4264,5,3409,85,30,2026-04-14,BATCH-4264,2026-08-01,2026-04-14,Expiring in 0 days - flag for clearance
4265,8,4877,55,41,2026-08-14,BATCH-4265,2027-01-14,2026-08-14,
4266,7,1517,23,34,2026-02-05,BATCH-4266,2027-10-14,2026-02-05,Below reorder level - reorder placed 2026-02-15
4267,1,3923,119,28,2026-04-16,BATCH-4267,2026-01-15,2026-04-16,Expiring in 0 days - flag for clearance
4268,5,4326,57,53,2026-03-14,BATCH-4268,2028-01-17,2026-03-14,
4269,9,584,1,47,2026-06-24,BATCH-4269,2027-09-29,2026-06-24,Below reorder level - reorder placed 2026-07-06
4270,1,2289,93,56,2026-03-16,BATCH-4270,2026-09-05,2026-03-16,Expiring in 0 days - flag for clearance
4271,10,2480,41,30,2025-10-25,BATCH-4271,2028-01-31,2025-10-25,
4272,6,1577,51,35,2025-08-02,BATCH-4272,2030-01-16,2025-08-02,
4273,7,3237,96,42,2026-04-17,BATCH-4273,2029-08-17,2026-04-17,
4274,5,3720,49,32,2025-06-16,BATCH-4274,2027-01-07,2025-06-16,
4275,9,444,46,36,2026-08-20,BATCH-4275,2026-04-15,2026-08-20,Expiring in 0 days - flag for clearance
4276,1,3200,101,58,2025-11-09,BATCH-4276,2028-05-17,2025-11-09,
4277,2,2703,87,53,2025-08-20,BATCH-4277,2028-11-26,2025-08-20,
4278,2,3273,51,35,2025-10-03,BATCH-4278,2029-01-13,2025-10-03,
4279,9,999,101,43,2026-02-09,BATCH-4279,2026-08-27,2026-02-09,Expiring in 0 days - flag for clearance
4280,1,4167,54,38,2025-10-02,BATCH-4280,2026-09-14,2025-10-02,Expiring in 4 days - flag for clearance
4281,9,52,103,45,2025-11-12,BATCH-4281,2029-08-05,2025-11-12,
4282,11,371,81,42,2026-08-31,BATCH-4282,2029-08-18,2026-08-31,
4283,8,1277,80,24,2026-04-20,BATCH-4283,2027-07-11,2026-04-20,
4284,10,4178,115,56,2025-06-22,BATCH-4284,2027-06-17,2025-06-22,
4285,5,3244,110,55,2026-02-02,BATCH-4285,2029-08-05,2026-02-02,
4286,10,2880,92,52,2026-04-02,BATCH-4286,2026-07-08,2026-04-02,Expiring in 0 days - flag for clearance
4287,7,4903,48,59,2025-09-13,BATCH-4287,2025-12-17,2025-09-13,Expiring in 0 days - flag for clearance
4288,11,2176,14,15,2026-07-12,BATCH-4288,2027-03-31,2026-07-12,Below reorder level - reorder placed 2026-07-15
4289,7,3230,54,31,2025-08-21,BATCH-4289,2026-03-15,2025-08-21,Expiring in 0 days - flag for clearance
4290,2,2872,73,44,2025-11-29,BATCH-4290,2030-01-09,2025-11-29,
4291,9,4045,78,49,2026-08-07,BATCH-4291,2027-12-19,2026-08-07,
4292,5,4675,101,57,2026-02-16,BATCH-4292,2028-03-10,2026-02-16,
4293,6,911,16,31,2025-07-24,BATCH-4293,2027-09-16,2025-07-24,Below reorder level - reorder placed 2025-07-29
4294,1,338,21,52,2025-09-18,BATCH-4294,2029-02-17,2025-09-18,
4295,4,4825,19,50,2026-07-14,BATCH-4295,2029-04-29,2026-07-14,
4296,5,4601,78,43,2025-08-01,BATCH-4296,2026-09-10,2025-08-01,Expiring in 0 days - flag for clearance
4297,5,632,114,49,2025-07-25,BATCH-4297,2026-10-26,2025-07-25,
4298,12,4949,57,21,2025-06-11,BATCH-4298,2029-11-01,2025-06-11,
4299,8,149,54,51,2025-07-23,BATCH-4299,2029-04-26,2025-07-23,
4300,2,1699,18,15,2026-04-30,BATCH-4300,2028-08-10,2026-04-30,
4301,4,4915,83,30,2026-04-17,BATCH-4301,2027-11-05,2026-04-17,
4302,10,2096,11,51,2026-01-19,BATCH-4302,2026-06-30,2026-01-19,Expiring in 0 days - flag for clearance; Below reorder level - reorder placed 2026-01-28
4303,1,4624,79,21,2026-07-17,BATCH-4303,2028-10-30,2026-07-17,
4304,12,596,33,51,2026-02-28,BATCH-4304,2029-05-19,2026-02-28,Below reorder level - reorder placed 2026-03-11
4305,8,4232,54,51,2025-11-25,BATCH-4305,2029-01-31,2025-11-25,
4306,3,4758,43,55,2025-11-07,BATCH-4306,2028-11-08,2025-11-07,
4307,5,2440,40,54,2026-05-17,BATCH-4307,2026-03-12,2026-05-17,Expiring in 0 days - flag for clearance; Below reorder level - reorder placed 2026-05-25
4308,4,1083,83,54,2025-06-16,BATCH-4308,2027-05-16,2025-06-16,
4309,2,3356,23,51,2025-10-20,BATCH-4309,2027-03-16,2025-10-20,Below reorder level - reorder placed 2025-10-28
4310,2,2384,35,22,2026-03-22,BATCH-4310,2026-07-28,2026-03-22,Expiring in 0 days - flag for clearance
4311,4,559,93,32,2025-08-12,BATCH-4311,2029-10-02,2025-08-12,
4312,5,3650,19,43,2026-01-11,BATCH-4312,2028-12-14,2026-01-11,Below reorder level - reorder placed 2026-01-15
4313,3,4986,24,28,2025-12-27,BATCH-4313,2028-02-01,2025-12-27,Below reorder level - reorder placed 2025-12-31
4314,4,3528,68,42,2026-03-31,BATCH-4314,2029-05-15,2026-03-31,
4315,6,3445,116,26,2025-10-03,BATCH-4315,2026-11-12,2025-10-03,Expiring in 63 days - monitor
4316,11,705,52,33,2026-05-13,BATCH-4316,2025-12-25,2026-05-13,Expiring in 0 days - flag for clearance
4317,5,414,36,33,2025-10-27,BATCH-4317,2026-10-23,2025-10-27,Expiring in 43 days - monitor
4318,1,2124,14,58,2026-01-12,BATCH-4318,2028-09-20,2026-01-12,
4319,8,1327,20,19,2025-07-16,BATCH-4319,2030-01-05,2025-07-16,
4320,2,4587,80,42,2026-03-12,BATCH-4320,2029-10-31,2026-03-12,
4321,1,2233,64,43,2026-05-23,BATCH-4321,2026-07-31,2026-05-23,Expiring in 0 days - flag for clearance
4322,11,175,101,28,2026-08-17,BATCH-4322,2028-04-08,2026-08-17,
4323,5,2941,36,54,2026-03-08,BATCH-4323,2027-01-29,2026-03-08,Below reorder level - reorder placed 2026-03-20
4324,4,3402,29,58,2026-07-17,BATCH-4324,2029-11-05,2026-07-17,
4325,3,1740,98,38,2025-11-15,BATCH-4325,2028-10-05,2025-11-15,
4326,9,2091,83,57,2025-06-04,BATCH-4326,2026-11-12,2025-06-04,
4327,8,2985,59,52,2025-07-21,BATCH-4327,2029-12-01,2025-07-21,
4328,5,7,67,42,2025-12-17,BATCH-4328,2029-10-01,2025-12-17,
4329,10,3235,113,46,2026-05-28,BATCH-4329,2029-08-25,2026-05-28,
4330,10,638,87,29,2026-08-14,BATCH-4330,2029-01-01,2026-08-14,
4331,11,1805,97,41,2025-06-29,BATCH-4331,2026-10-15,2025-06-29,
4332,10,284,35,15,2026-06-05,BATCH-4332,2028-10-27,2026-06-05,
4333,8,3612,77,22,2025-12-15,BATCH-4333,2027-04-04,2025-12-15,
4334,5,83,93,52,2025-09-25,BATCH-4334,2027-06-08,2025-09-25,
4335,3,3056,44,30,2025-06-03,BATCH-4335,2029-04-23,2025-06-03,
4336,9,4183,2,15,2025-07-19,BATCH-4336,2029-03-16,2025-07-19,Below reorder level - reorder placed 2025-07-30
4337,10,4922,85,34,2025-09-07,BATCH-4337,2027-04-09,2025-09-07,
4338,8,3164,16,24,2025-08-18,BATCH-4338,2026-08-13,2025-08-18,Expiring in 0 days - flag for clearance; Below reorder level - reorder placed 2025-08-24
4339,10,505,33,33,2026-02-17,BATCH-4339,2027-06-28,2026-02-17,
4340,12,3899,11,17,2026-01-23,BATCH-4340,2026-04-02,2026-01-23,Expiring in 0 days - flag for clearance
4341,12,2744,80,30,2026-01-31,BATCH-4341,2029-09-28,2026-01-31,
4342,5,386,68,25,2026-01-12,BATCH-4342,2029-11-21,2026-01-12,
4343,7,2490,17,21,2025-07-16,BATCH-4343,2029-09-22,2025-07-16,Below reorder level - reorder placed 2025-07-26
4344,11,4690,4,56,2026-02-21,BATCH-4344,2028-10-11,2026-02-21,
4345,5,927,10,33,2026-07-21,BATCH-4345,2026-03-13,2026-07-21,Expiring in 0 days - flag for clearance
4346,11,2383,70,26,2026-08-20,BATCH-4346,2028-04-04,2026-08-20,
4347,12,3908,4,47,2025-06-30,BATCH-4347,2026-05-12,2025-06-30,Expiring in 0 days - flag for clearance; Below reorder level - reorder placed 2025-07-03
4348,1,4475,69,16,2026-07-17,BATCH-4348,2027-01-07,2026-07-17,
4349,3,4682,87,21,2025-12-20,BATCH-4349,2027-11-19,2025-12-20,
4350,11,2775,33,28,2025-12-10,BATCH-4350,2026-08-15,2025-12-10,Expiring in 0 days - flag for clearance
4351,7,993,81,51,2025-11-22,BATCH-4351,2027-12-21,2025-11-22,
4352,10,3046,96,24,2026-05-01,BATCH-4352,2026-12-12,2026-05-01,
4353,2,3486,100,40,2025-08-22,BATCH-4353,2027-06-11,2025-08-22,
4354,10,2261,10,40,2025-09-23,BATCH-4354,2029-06-05,2025-09-23,Below reorder level - reorder placed 2025-10-04
4355,9,2694,37,54,2026-08-15,BATCH-4355,2027-05-30,2026-08-15,Below reorder level - reorder placed 2026-08-23
4356,4,1160,16,28,2026-08-08,BATCH-4356,2027-04-24,2026-08-08,Below reorder level - reorder placed 2026-08-18
4357,3,4525,104,53,2026-01-31,BATCH-4357,2028-08-31,2026-01-31,
4358,4,1523,93,38,2026-02-11,BATCH-4358,2029-09-23,2026-02-11,
4359,5,2083,99,46,2026-05-12,BATCH-4359,2028-03-06,2026-05-12,
4360,6,3994,83,54,2025-10-24,BATCH-4360,2026-10-30,2025-10-24,
4361,4,3298,113,26,2026-04-01,BATCH-4361,2026-09-19,2026-04-01,Expiring in 9 days - flag for clearance
4362,7,1265,1,41,2025-09-25,BATCH-4362,2026-08-18,2025-09-25,Expiring in 0 days - flag for clearance; Below reorder level - reorder placed 2025-10-05
4363,4,4458,112,20,2026-01-23,BATCH-4363,2029-02-05,2026-01-23,
4364,12,102,46,42,2026-01-01,BATCH-4364,2026-09-16,2026-01-01,Expiring in 6 days - flag for clearance
4365,6,3161,12,37,2025-06-13,BATCH-4365,2027-10-14,2025-06-13,Below reorder level - reorder placed 2025-06-20
4366,11,1544,97,48,2026-05-21,BATCH-4366,2029-08-22,2026-05-21,
4367,5,243,97,44,2025-09-03,BATCH-4367,2026-09-21,2025-09-03,Expiring in 11 days - flag for clearance
4368,9,1725,39,49,2026-05-25,BATCH-4368,2029-01-30,2026-05-25,Below reorder level - reorder placed 2026-06-03
4369,2,2512,48,31,2025-06-20,BATCH-4369,2028-01-16,2025-06-20,
4370,9,2112,107,54,2025-12-28,BATCH-4370,2027-12-26,2025-12-28,
4371,9,1067,79,39,2026-08-12,BATCH-4371,2026-08-28,2026-08-12,Expiring in 0 days - flag for clearance
4372,9,900,70,52,2026-02-04,BATCH-4372,2026-06-03,2026-02-04,Expiring in 0 days - flag for clearance
4373,11,3217,16,42,2026-05-30,BATCH-4373,2026-02-26,2026-05-30,Expiring in 0 days - flag for clearance; Below reorder level - reorder placed 2026-06-08
4374,9,1698,102,45,2025-07-03,BATCH-4374,2026-11-08,2025-07-03,Expiring in 59 days - monitor
4375,1,4646,17,37,2026-07-18,BATCH-4375,2026-07-05,2026-07-18,Expiring in 0 days - flag for clearance; Below reorder level - reorder placed 2026-07-28
4376,8,3839,13,17,2026-02-06,BATCH-4376,2029-08-31,2026-02-06,
4377,9,823,43,30,2025-08-01,BATCH-4377,2029-04-10,2025-08-01,
4378,6,4784,65,50,2025-09-22,BATCH-4378,2026-09-21,2025-09-22,Expiring in 11 days - flag for clearance
4379,8,2759,11,22,2026-03-28,BATCH-4379,2030-01-07,2026-03-28,Below reorder level - reorder placed 2026-04-09
4380,7,4224,77,32,2026-02-12,BATCH-4380,2027-07-14,2026-02-12,
4381,10,17,61,41,2026-01-17,BATCH-4381,2027-12-08,2026-01-17,
4382,12,2511,11,28,2025-08-17,BATCH-4382,2029-04-13,2025-08-17,Below reorder level - reorder placed 2025-08-26
4383,10,1248,95,24,2026-01-07,BATCH-4383,2026-02-12,2026-01-07,Expiring in 0 days - flag for clearance
4384,1,3162,60,22,2026-03-26,BATCH-4384,2026-09-24,2026-03-26,Expiring in 14 days - flag for clearance
4385,1,4052,79,18,2026-08-21,BATCH-4385,2030-01-10,2026-08-21,
4386,12,3402,19,16,2025-10-03,BATCH-4386,2029-11-05,2025-10-03,
4387,9,3807,38,42,2025-11-15,BATCH-4387,2027-08-30,2025-11-15,Below reorder level - reorder placed 2025-11-27
4388,4,4767,20,23,2026-07-14,BATCH-4388,2028-05-24,2026-07-14,
4389,7,4523,55,49,2025-12-24,BATCH-4389,2026-05-20,2025-12-24,Expiring in 0 days - flag for clearance
4390,11,1054,14,34,2026-03-28,BATCH-4390,2027-10-26,2026-03-28,Below reorder level - reorder placed 2026-04-10
4391,8,4086,107,40,2025-06-07,BATCH-4391,2026-03-19,2025-06-07,Expiring in 0 days - flag for clearance
4392,2,1293,82,52,2025-12-17,BATCH-4392,2030-01-15,2025-12-17,
4393,8,3533,92,55,2026-03-21,BATCH-4393,2027-04-28,2026-03-21,
4394,6,4088,16,48,2025-10-19,BATCH-4394,2026-05-30,2025-10-19,Expiring in 0 days - flag for clearance; Below reorder level - reorder placed 2025-10-23
4395,2,1657,72,54,2026-02-21,BATCH-4395,2026-12-01,2026-02-21,
4396,10,1217,36,44,2025-08-05,BATCH-4396,2027-12-16,2025-08-05,
4397,10,4347,4,16,2025-06-18,BATCH-4397,2026-12-16,2025-06-18,
4398,6,1327,50,36,2026-08-21,BATCH-4398,2030-01-05,2026-08-21,
4399,9,1241,66,37,2025-12-23,BATCH-4399,2029-03-04,2025-12-23,
4400,4,691,8,26,2025-11-12,BATCH-4400,2026-04-18,2025-11-12,Expiring in 0 days - flag for clearance; Below reorder level - reorder placed 2025-11-22
4401,11,1592,10,26,2025-07-09,BATCH-4401,2029-12-16,2025-07-09,Below reorder level - reorder placed 2025-07-13
4402,7,1243,34,19,2025-06-18,BATCH-4402,2026-05-07,2025-06-18,Expiring in 0 days - flag for clearance
4403,7,2539,46,40,2026-03-02,BATCH-4403,2026-10-12,2026-03-02,
4404,6,1587,76,36,2026-08-09,BATCH-4404,2029-08-08,2026-08-09,
4405,9,3373,81,55,2026-04-29,BATCH-4405,2026-12-28,2026-04-29,
4406,3,658,15,44,2026-07-25,BATCH-4406,2027-09-24,2026-07-25,Below reorder level - reorder placed 2026-08-01
4407,6,531,65,37,2025-06-04,BATCH-4407,2026-05-14,2025-06-04,Expiring in 0 days - flag for clearance
4408,8,972,5,30,2025-12-21,BATCH-4408,2028-08-18,2025-12-21,Below reorder level - reorder placed 2026-01-02
4409,9,2464,88,58,2025-09-20,BATCH-4409,2026-07-09,2025-09-20,Expiring in 0 days - flag for clearance
4410,7,1108,20,22,2026-03-22,BATCH-4410,2027-11-13,2026-03-22,Below reorder level - reorder placed 2026-03-31
4411,8,3703,95,55,2026-05-18,BATCH-4411,2026-06-03,2026-05-18,Expiring in 0 days - flag for clearance
4412,7,560,103,52,2026-08-07,BATCH-4412,2029-04-05,2026-08-07,
4413,5,216,86,27,2026-06-16,BATCH-4413,2027-01-02,2026-06-16,
4414,3,2893,105,46,2026-05-05,BATCH-4414,2026-06-07,2026-05-05,Expiring in 0 days - flag for clearance
4415,8,1678,1,48,2025-06-24,BATCH-4415,2028-08-11,2025-06-24,Below reorder level - reorder placed 2025-06-28
4416,6,3559,84,30,2026-01-24,BATCH-4416,2026-10-08,2026-01-24,Expiring in 28 days - flag for clearance
4417,4,3342,49,58,2025-08-20,BATCH-4417,2026-10-06,2025-08-20,Expiring in 26 days - flag for clearance; Below reorder level - reorder placed 2025-08-23
4418,8,3747,25,31,2026-06-13,BATCH-4418,2029-04-29,2026-06-13,
4419,10,2036,43,36,2026-01-03,BATCH-4419,2027-03-13,2026-01-03,
4420,5,1836,101,55,2025-06-30,BATCH-4420,2027-03-30,2025-06-30,
4421,12,3869,32,36,2026-06-20,BATCH-4421,2026-01-02,2026-06-20,Expiring in 0 days - flag for clearance
4422,11,3398,12,43,2025-12-11,BATCH-4422,2028-05-27,2025-12-11,Below reorder level - reorder placed 2025-12-22
4423,7,122,3,38,2025-08-31,BATCH-4423,2029-02-04,2025-08-31,Below reorder level - reorder placed 2025-09-10
4424,5,2243,116,38,2025-10-19,BATCH-4424,2026-12-22,2025-10-19,
4425,2,767,40,49,2026-05-06,BATCH-4425,2027-05-24,2026-05-06,Below reorder level - reorder placed 2026-05-09
4426,12,3135,99,42,2026-05-17,BATCH-4426,2029-12-03,2026-05-17,
4427,10,309,92,48,2025-10-17,BATCH-4427,2029-02-10,2025-10-17,
4428,4,1786,49,56,2025-11-17,BATCH-4428,2026-12-24,2025-11-17,Below reorder level - reorder placed 2025-11-22
4429,8,4572,0,17,2025-11-14,BATCH-4429,2026-10-06,2025-11-14,Expiring in 26 days - flag for clearance; Below reorder level - reorder placed 2025-11-24
4430,9,1484,86,36,2026-01-15,BATCH-4430,2026-12-11,2026-01-15,
4431,9,1998,94,50,2025-12-23,BATCH-4431,2026-10-27,2025-12-23,
4432,7,1247,51,25,2025-11-17,BATCH-4432,2027-09-12,2025-11-17,
4433,11,4925,79,28,2026-04-30,BATCH-4433,2030-01-20,2026-04-30,
4434,1,817,100,48,2026-03-09,BATCH-4434,2026-08-07,2026-03-09,Expiring in 0 days - flag for clearance
4435,7,2079,119,16,2025-11-21,BATCH-4435,2028-04-03,2025-11-21,
4436,10,3522,107,42,2025-08-20,BATCH-4436,2026-12-25,2025-08-20,
4437,6,3174,38,28,2026-07-31,BATCH-4437,2028-01-18,2026-07-31,
4438,1,3621,70,50,2026-08-12,BATCH-4438,2028-06-23,2026-08-12,
4439,4,741,64,52,2025-06-22,BATCH-4439,2029-02-16,2025-06-22,
4440,5,4801,31,55,2026-04-06,BATCH-4440,2028-08-18,2026-04-06,Below reorder level - reorder placed 2026-04-19
4441,6,4640,30,59,2026-05-09,BATCH-4441,2026-12-06,2026-05-09,Below reorder level - reorder placed 2026-05-17
4442,9,1729,57,32,2025-07-01,BATCH-4442,2027-06-13,2025-07-01,
4443,4,3647,86,56,2026-02-06,BATCH-4443,2028-12-27,2026-02-06,
4444,6,4711,116,58,2026-05-09,BATCH-4444,2028-09-20,2026-05-09,
4445,10,4227,118,50,2026-01-08,BATCH-4445,2028-11-12,2026-01-08,
4446,4,3825,39,44,2025-06-05,BATCH-4446,2026-05-14,2025-06-05,Expiring in 0 days - flag for clearance
4447,3,848,91,39,2026-06-26,BATCH-4447,2027-07-15,2026-06-26,
4448,10,3873,65,57,2026-01-05,BATCH-4448,2026-01-01,2026-01-05,Expiring in 0 days - flag for clearance
4449,7,2050,74,45,2025-08-13,BATCH-4449,2028-07-03,2025-08-13,
4450,6,2225,97,54,2025-08-04,BATCH-4450,2028-10-10,2025-08-04,
4451,2,1259,114,36,2026-03-13,BATCH-4451,2028-09-17,2026-03-13,
4452,2,580,116,50,2026-06-17,BATCH-4452,2028-03-27,2026-06-17,
4453,7,2615,108,39,2026-01-11,BATCH-4453,2029-05-07,2026-01-11,
4454,8,2012,19,35,2025-07-23,BATCH-4454,2028-08-26,2025-07-23,Below reorder level - reorder placed 2025-07-30
4455,10,1370,112,53,2025-12-25,BATCH-4455,2027-02-22,2025-12-25,
4456,2,3902,105,36,2026-08-28,BATCH-4456,2027-06-07,2026-08-28,
4457,12,4267,77,28,2025-08-22,BATCH-4457,2029-08-15,2025-08-22,
4458,11,1580,51,43,2026-06-05,BATCH-4458,2027-10-09,2026-06-05,
4459,6,800,24,56,2025-07-30,BATCH-4459,2027-10-17,2025-07-30,Below reorder level - reorder placed 2025-08-04
4460,6,1597,31,23,2026-05-10,BATCH-4460,2026-05-07,2026-05-10,Expiring in 0 days - flag for clearance
4461,12,273,72,35,2026-02-27,BATCH-4461,2030-01-11,2026-02-27,
4462,4,904,52,36,2025-10-10,BATCH-4462,2028-12-05,2025-10-10,
4463,11,2051,58,25,2025-11-29,BATCH-4463,2028-09-05,2025-11-29,
4464,10,3488,43,29,2026-05-29,BATCH-4464,2026-09-30,2026-05-29,Expiring in 20 days - flag for clearance
4465,11,4872,31,28,2026-06-30,BATCH-4465,2026-11-09,2026-06-30,
4466,8,4550,111,31,2026-04-24,BATCH-4466,2028-06-26,2026-04-24,
4467,1,4543,84,58,2026-08-31,BATCH-4467,2028-12-18,2026-08-31,
4468,10,1859,111,39,2025-06-02,BATCH-4468,2029-12-31,2025-06-02,
4469,1,3018,1,38,2025-10-15,BATCH-4469,2027-04-11,2025-10-15,
4470,10,3985,1,20,2026-05-13,BATCH-4470,2028-05-27,2026-05-13,Below reorder level - reorder placed 2026-05-17
4471,11,2658,19,20,2025-12-14,BATCH-4471,2026-11-27,2025-12-14,Expiring in 78 days - monitor; Below reorder level - reorder placed 2025-12-26
4472,9,692,62,20,2026-07-05,BATCH-4472,2028-08-03,2026-07-05,
4473,12,3289,117,39,2025-09-05,BATCH-4473,2027-03-26,2025-09-05,
4474,9,1010,84,34,2026-06-13,BATCH-4474,2029-05-10,2026-06-13,
4475,12,3529,56,41,2026-01-05,BATCH-4475,2030-01-02,2026-01-05,
4476,8,916,16,33,2025-09-25,BATCH-4476,2027-09-12,2025-09-25,Below reorder level - reorder placed 2025-09-29
4477,1,3991,62,49,2026-01-10,BATCH-4477,2028-04-10,2026-01-10,
4478,7,1314,36,51,2026-03-16,BATCH-4478,2027-12-25,2026-03-16,Below reorder level - reorder placed 2026-03-25
4479,3,3615,11,39,2025-08-29,BATCH-4479,2027-10-17,2025-08-29,
4480,6,1544,90,26,2026-08-06,BATCH-4480,2029-08-22,2026-08-06,
4481,4,663,106,29,2026-03-08,BATCH-4481,2027-10-10,2026-03-08,
4482,7,4515,70,43,2025-11-06,BATCH-4482,2028-11-11,2025-11-06,
4483,6,1901,68,41,2026-04-24,BATCH-4483,2026-11-03,2026-04-24,
4484,10,4252,52,56,2025-09-26,BATCH-4484,2027-08-21,2025-09-26,Below reorder level - reorder placed 2025-10-01
4485,9,3091,58,59,2026-02-14,BATCH-4485,2028-06-29,2026-02-14,Below reorder level - reorder placed 2026-02-26
4486,3,2276,111,43,2025-07-03,BATCH-4486,2027-02-24,2025-07-03,
4487,3,4039,88,50,2025-08-25,BATCH-4487,2026-07-03,2025-08-25,Expiring in 0 days - flag for clearance
4488,1,2548,60,48,2026-06-11,BATCH-4488,2028-09-08,2026-06-11,
4489,1,3837,109,44,2026-07-02,BATCH-4489,2026-03-02,2026-07-02,Expiring in 0 days - flag for clearance
4490,8,4872,31,59,2025-11-09,BATCH-4490,2026-11-09,2025-11-09,Below reorder level - reorder placed 2025-11-16
4491,1,1263,20,38,2025-12-07,BATCH-4491,2029-01-08,2025-12-07,Below reorder level - reorder placed 2025-12-15
4492,12,1608,36,55,2026-08-01,BATCH-4492,2027-10-19,2026-08-01,Below reorder level - reorder placed 2026-08-14
4493,1,1662,42,56,2026-08-31,BATCH-4493,2026-07-07,2026-08-31,Expiring in 0 days - flag for clearance; Below reorder level - reorder placed 2026-09-06
4494,8,1625,10,57,2026-01-15,BATCH-4494,2026-10-17,2026-01-15,
4495,11,1312,51,29,2026-07-11,BATCH-4495,2028-07-07,2026-07-11,
4496,7,1444,33,45,2025-10-09,BATCH-4496,2026-12-07,2025-10-09,Expiring in 88 days - monitor; Below reorder level - reorder placed 2025-10-17
4497,12,2033,55,48,2026-03-01,BATCH-4497,2027-04-23,2026-03-01,
4498,4,2508,78,31,2025-09-26,BATCH-4498,2028-08-23,2025-09-26,
4499,5,1359,110,16,2026-07-30,BATCH-4499,2027-11-03,2026-07-30,
4500,1,3735,19,46,2026-08-05,BATCH-4500,2030-01-17,2026-08-05,Below reorder level - reorder placed 2026-08-18
4501,7,3353,115,26,2026-06-16,BATCH-4501,2025-12-16,2026-06-16,Expiring in 0 days - flag for clearance
4502,9,1674,3,59,2025-12-10,BATCH-4502,2027-08-14,2025-12-10,Below reorder level - reorder placed 2025-12-16
4503,7,2561,55,52,2026-05-07,BATCH-4503,2026-02-16,2026-05-07,Expiring in 0 days - flag for clearance
4504,6,1340,53,28,2025-12-05,BATCH-4504,2027-01-02,2025-12-05,
4505,2,127,90,53,2025-10-21,BATCH-4505,2029-10-06,2025-10-21,
4506,9,301,18,46,2026-08-24,BATCH-4506,2026-04-05,2026-08-24,Expiring in 0 days - flag for clearance
4507,4,4881,25,23,2025-12-21,BATCH-4507,2026-06-07,2025-12-21,Expiring in 0 days - flag for clearance
4508,12,1505,61,15,2026-04-23,BATCH-4508,2027-10-29,2026-04-23,
4509,2,3553,4,38,2026-04-27,BATCH-4509,2028-08-31,2026-04-27,Below reorder level - reorder placed 2026-05-07
4510,12,1204,102,38,2026-04-18,BATCH-4510,2026-07-12,2026-04-18,Expiring in 0 days - flag for clearance
4511,9,3512,40,36,2026-06-10,BATCH-4511,2027-01-24,2026-06-10,
4512,9,445,89,29,2026-01-29,BATCH-4512,2029-08-06,2026-01-29,
4513,6,3199,114,41,2026-08-17,BATCH-4513,2026-02-24,2026-08-17,Expiring in 0 days - flag for clearance
4514,8,3146,92,18,2025-09-13,BATCH-4514,2026-10-31,2025-09-13,Expiring in 51 days - monitor
4515,5,2988,37,39,2025-08-18,BATCH-4515,2026-12-14,2025-08-18,Below reorder level - reorder placed 2025-08-24
4516,4,769,70,51,2025-07-13,BATCH-4516,2026-12-09,2025-07-13,
4517,10,4854,103,22,2026-07-22,BATCH-4517,2028-05-01,2026-07-22,
4518,1,2817,23,56,2025-08-22,BATCH-4518,2027-03-16,2025-08-22,Below reorder level - reorder placed 2025-09-03
4519,4,4126,32,36,2026-01-07,BATCH-4519,2026-06-16,2026-01-07,Expiring in 0 days - flag for clearance; Below reorder level - reorder placed 2026-01-17
4520,3,4195,81,17,2025-12-27,BATCH-4520,2026-08-28,2025-12-27,Expiring in 0 days - flag for clearance
4521,1,3395,108,57,2026-03-21,BATCH-4521,2026-08-20,2026-03-21,Expiring in 0 days - flag for clearance
4522,11,1063,50,56,2025-10-07,BATCH-4522,2029-02-13,2025-10-07,
4523,5,4585,113,22,2025-08-16,BATCH-4523,2027-10-08,2025-08-16,
4524,10,2375,44,22,2026-06-24,BATCH-4524,2026-11-26,2026-06-24,Expiring in 77 days - monitor
4525,4,4661,60,38,2026-04-07,BATCH-4525,2026-08-08,2026-04-07,Expiring in 0 days - flag for clearance
4526,12,3342,21,57,2025-12-10,BATCH-4526,2026-10-06,2025-12-10,Expiring in 26 days - flag for clearance
4527,2,2406,82,37,2025-12-16,BATCH-4527,2028-11-30,2025-12-16,
4528,10,1610,93,28,2026-07-29,BATCH-4528,2026-11-22,2026-07-29,
4529,6,4832,28,20,2025-07-23,BATCH-4529,2026-03-31,2025-07-23,Expiring in 0 days - flag for clearance
4530,3,3296,89,35,2026-01-03,BATCH-4530,2026-04-18,2026-01-03,Expiring in 0 days - flag for clearance
4531,5,1553,53,34,2026-06-30,BATCH-4531,2027-06-14,2026-06-30,
4532,7,281,29,15,2026-09-03,BATCH-4532,2027-10-15,2026-09-03,
4533,12,3502,35,25,2025-08-05,BATCH-4533,2029-12-22,2025-08-05,
4534,6,742,50,44,2025-09-10,BATCH-4534,2026-05-04,2025-09-10,Expiring in 0 days - flag for clearance
4535,7,3017,113,50,2025-07-18,BATCH-4535,2029-06-17,2025-07-18,
4536,6,3303,55,24,2026-05-28,BATCH-4536,2028-06-18,2026-05-28,
4537,3,1060,45,32,2026-05-04,BATCH-4537,2029-08-28,2026-05-04,
4538,7,620,11,25,2026-05-23,BATCH-4538,2029-10-05,2026-05-23,
4539,11,1880,19,22,2026-03-10,BATCH-4539,2026-07-25,2026-03-10,Expiring in 0 days - flag for clearance; Below reorder level - reorder placed 2026-03-13
4540,10,288,25,19,2025-12-07,BATCH-4540,2026-08-15,2025-12-07,Expiring in 0 days - flag for clearance
4541,1,4477,49,59,2025-11-12,BATCH-4541,2027-02-01,2025-11-12,Below reorder level - reorder placed 2025-11-19
4542,10,1290,24,51,2025-07-17,BATCH-4542,2027-05-29,2025-07-17,
4543,3,558,21,15,2026-07-09,BATCH-4543,2028-01-07,2026-07-09,
4544,12,3115,35,31,2026-04-09,BATCH-4544,2026-09-25,2026-04-09,Expiring in 15 days - flag for clearance
4545,1,2059,73,34,2026-01-04,BATCH-4545,2026-11-22,2026-01-04,
4546,1,2607,115,57,2026-06-04,BATCH-4546,2027-10-15,2026-06-04,
4547,3,3079,7,46,2025-06-06,BATCH-4547,2027-03-26,2025-06-06,Below reorder level - reorder placed 2025-06-17
4548,10,1982,73,32,2026-06-03,BATCH-4548,2028-02-13,2026-06-03,
4549,5,210,23,35,2026-07-05,BATCH-4549,2027-05-05,2026-07-05,Below reorder level - reorder placed 2026-07-12
4550,8,1665,27,31,2025-08-14,BATCH-4550,2026-10-21,2025-08-14,Expiring in 41 days - monitor; Below reorder level - reorder placed 2025-08-21
4551,4,4470,30,26,2026-04-22,BATCH-4551,2026-07-21,2026-04-22,Expiring in 0 days - flag for clearance
4552,12,2323,36,18,2026-07-28,BATCH-4552,2027-11-22,2026-07-28,
4553,11,4380,74,40,2025-09-17,BATCH-4553,2028-08-31,2025-09-17,
4554,1,2443,41,29,2026-01-20,BATCH-4554,2027-08-11,2026-01-20,
4555,5,1494,27,29,2025-08-03,BATCH-4555,2028-06-22,2025-08-03,Below reorder level - reorder placed 2025-08-12
4556,8,390,36,20,2025-07-05,BATCH-4556,2026-09-02,2025-07-05,Expiring in 0 days - flag for clearance
4557,12,182,64,39,2025-07-16,BATCH-4557,2028-05-22,2025-07-16,
4558,6,3790,99,19,2026-06-04,BATCH-4558,2028-07-09,2026-06-04,
4559,10,3878,35,35,2025-06-28,BATCH-4559,2028-10-19,2025-06-28,
4560,7,3924,106,16,2025-10-03,BATCH-4560,2026-05-14,2025-10-03,Expiring in 0 days - flag for clearance
4561,3,2230,116,16,2026-04-24,BATCH-4561,2026-11-19,2026-04-24,
4562,10,4656,11,59,2025-09-06,BATCH-4562,2027-07-20,2025-09-06,
4563,1,3918,26,31,2026-03-08,BATCH-4563,2028-07-21,2026-03-08,
4564,2,3349,112,58,2026-02-14,BATCH-4564,2026-07-26,2026-02-14,Expiring in 0 days - flag for clearance
4565,5,4178,10,53,2026-03-25,BATCH-4565,2027-06-17,2026-03-25,Below reorder level - reorder placed 2026-04-01
4566,6,423,85,59,2025-11-26,BATCH-4566,2029-10-28,2025-11-26,
4567,3,2724,98,41,2026-06-18,BATCH-4567,2026-08-13,2026-06-18,Expiring in 0 days - flag for clearance
4568,12,4166,52,27,2026-06-06,BATCH-4568,2027-08-19,2026-06-06,
4569,5,219,17,42,2026-08-31,BATCH-4569,2026-03-12,2026-08-31,Expiring in 0 days - flag for clearance; Below reorder level - reorder placed 2026-09-09
4570,11,3218,53,41,2026-07-01,BATCH-4570,2026-07-01,2026-07-01,Expiring in 0 days - flag for clearance
4571,12,2998,58,42,2026-03-25,BATCH-4571,2026-10-25,2026-03-25,
4572,8,1878,65,20,2026-06-14,BATCH-4572,2028-09-01,2026-06-14,
4573,7,3926,48,22,2025-11-28,BATCH-4573,2029-04-14,2025-11-28,
4574,2,1025,62,37,2026-05-03,BATCH-4574,2026-06-12,2026-05-03,Expiring in 0 days - flag for clearance
4575,4,2104,44,29,2025-07-02,BATCH-4575,2026-03-13,2025-07-02,Expiring in 0 days - flag for clearance
4576,6,3248,116,17,2025-10-19,BATCH-4576,2027-07-15,2025-10-19,
4577,1,2238,71,51,2025-11-28,BATCH-4577,2029-08-01,2025-11-28,
4578,12,4875,36,15,2025-07-24,BATCH-4578,2026-09-06,2025-07-24,Expiring in 0 days - flag for clearance
4579,12,854,12,43,2026-04-15,BATCH-4579,2026-12-12,2026-04-15,Below reorder level - reorder placed 2026-04-28
4580,11,4824,96,55,2026-04-25,BATCH-4580,2030-01-03,2026-04-25,
4581,8,4251,45,49,2026-01-24,BATCH-4581,2026-09-26,2026-01-24,Expiring in 16 days - flag for clearance; Below reorder level - reorder placed 2026-01-30
4582,11,2834,67,31,2025-07-05,BATCH-4582,2029-02-07,2025-07-05,
4583,7,942,88,20,2026-07-09,BATCH-4583,2026-03-03,2026-07-09,Expiring in 0 days - flag for clearance
4584,5,1972,87,46,2026-07-16,BATCH-4584,2029-05-06,2026-07-16,
4585,6,2049,95,55,2025-12-25,BATCH-4585,2028-01-18,2025-12-25,
4586,6,4135,69,27,2025-10-07,BATCH-4586,2026-12-18,2025-10-07,
4587,11,3027,30,19,2026-08-14,BATCH-4587,2026-10-16,2026-08-14,
4588,5,768,7,17,2026-08-25,BATCH-4588,2028-04-16,2026-08-25,Below reorder level - reorder placed 2026-08-31
4589,3,1772,85,20,2026-01-29,BATCH-4589,2028-01-04,2026-01-29,
4590,4,2603,94,40,2026-02-01,BATCH-4590,2026-08-07,2026-02-01,Expiring in 0 days - flag for clearance
4591,1,1562,87,30,2026-06-11,BATCH-4591,2026-09-21,2026-06-11,Expiring in 11 days - flag for clearance
4592,2,3557,19,29,2026-06-27,BATCH-4592,2028-07-21,2026-06-27,Below reorder level - reorder placed 2026-07-09
4593,1,3320,115,44,2025-10-16,BATCH-4593,2028-01-24,2025-10-16,
4594,12,2354,90,42,2025-11-03,BATCH-4594,2028-05-14,2025-11-03,
4595,7,1189,49,34,2026-05-21,BATCH-4595,2026-09-25,2026-05-21,Expiring in 15 days - flag for clearance
4596,4,4399,103,21,2025-10-26,BATCH-4596,2027-05-10,2025-10-26,
4597,10,2848,119,45,2025-09-15,BATCH-4597,2030-01-11,2025-09-15,
4598,1,760,78,49,2026-07-03,BATCH-4598,2027-08-15,2026-07-03,
4599,11,1579,23,34,2025-07-11,BATCH-4599,2028-05-01,2025-07-11,Below reorder level - reorder placed 2025-07-16
4600,10,4480,29,52,2025-10-22,BATCH-4600,2027-03-05,2025-10-22,Below reorder level - reorder placed 2025-11-02
4601,4,3909,9,51,2025-06-22,BATCH-4601,2029-12-25,2025-06-22,Below reorder level - reorder placed 2025-07-05
4602,1,3626,78,45,2025-10-23,BATCH-4602,2029-03-14,2025-10-23,
4603,1,1280,79,47,2026-04-17,BATCH-4603,2029-10-10,2026-04-17,
4604,5,935,70,57,2025-08-15,BATCH-4604,2028-06-14,2025-08-15,
4605,9,31,98,51,2026-08-21,BATCH-4605,2026-09-27,2026-08-21,Expiring in 17 days - flag for clearance
4606,8,4220,116,53,2026-04-13,BATCH-4606,2029-03-14,2026-04-13,
4607,1,2046,37,31,2026-01-01,BATCH-4607,2026-12-05,2026-01-01,
4608,11,3150,115,39,2025-10-07,BATCH-4608,2027-09-06,2025-10-07,
4609,6,2597,105,54,2025-12-07,BATCH-4609,2026-12-21,2025-12-07,
4610,3,953,44,25,2025-07-15,BATCH-4610,2026-04-05,2025-07-15,Expiring in 0 days - flag for clearance
4611,9,3490,38,52,2025-11-21,BATCH-4611,2028-04-12,2025-11-21,Below reorder level - reorder placed 2025-12-01
4612,8,1795,8,35,2026-02-01,BATCH-4612,2029-06-09,2026-02-01,
4613,7,2947,111,45,2026-05-16,BATCH-4613,2028-05-05,2026-05-16,
4614,9,1248,53,19,2025-09-10,BATCH-4614,2026-02-12,2025-09-10,Expiring in 0 days - flag for clearance
4615,12,4837,58,40,2026-07-24,BATCH-4615,2026-09-19,2026-07-24,Expiring in 9 days - flag for clearance
4616,6,1438,14,39,2026-08-02,BATCH-4616,2026-09-30,2026-08-02,Expiring in 20 days - flag for clearance; Below reorder level - reorder placed 2026-08-09
4617,4,1071,56,26,2025-08-15,BATCH-4617,2027-11-04,2025-08-15,
4618,1,3246,85,37,2025-10-09,BATCH-4618,2029-04-05,2025-10-09,
4619,12,3758,28,40,2025-12-12,BATCH-4619,2029-04-07,2025-12-12,Below reorder level - reorder placed 2025-12-17
4620,5,1667,10,24,2026-03-12,BATCH-4620,2027-10-03,2026-03-12,Below reorder level - reorder placed 2026-03-24
4621,11,2800,69,48,2025-11-11,BATCH-4621,2028-06-30,2025-11-11,
4622,2,1750,25,25,2025-06-02,BATCH-4622,2027-10-13,2025-06-02,
4623,8,2777,106,37,2025-07-28,BATCH-4623,2027-06-27,2025-07-28,
4624,6,4639,7,38,2026-06-14,BATCH-4624,2026-05-21,2026-06-14,Expiring in 0 days - flag for clearance
4625,2,4036,80,31,2026-04-13,BATCH-4625,2029-08-11,2026-04-13,
4626,11,2648,12,43,2025-07-01,BATCH-4626,2029-05-13,2025-07-01,
4627,5,4055,100,27,2026-03-26,BATCH-4627,2029-09-25,2026-03-26,
4628,9,3181,59,55,2026-09-01,BATCH-4628,2025-12-17,2026-09-01,Expiring in 0 days - flag for clearance
4629,8,2913,45,41,2025-07-05,BATCH-4629,2026-06-02,2025-07-05,Expiring in 0 days - flag for clearance
4630,3,4617,102,21,2025-09-04,BATCH-4630,2028-09-16,2025-09-04,
4631,8,2979,22,42,2026-08-12,BATCH-4631,2026-05-11,2026-08-12,Expiring in 0 days - flag for clearance; Below reorder level - reorder placed 2026-08-18
4632,1,1987,62,20,2025-12-08,BATCH-4632,2026-08-06,2025-12-08,Expiring in 0 days - flag for clearance
4633,11,3820,1,45,2026-01-21,BATCH-4633,2028-10-10,2026-01-21,Below reorder level - reorder placed 2026-01-25
4634,11,3420,51,55,2025-08-18,BATCH-4634,2029-12-19,2025-08-18,
4635,9,4539,85,55,2025-10-04,BATCH-4635,2027-12-30,2025-10-04,
4636,1,3634,1,45,2026-05-25,BATCH-4636,2026-09-09,2026-05-25,Expiring in 0 days - flag for clearance
4637,1,581,45,25,2026-06-04,BATCH-4637,2027-08-17,2026-06-04,
4638,6,3702,7,22,2025-06-13,BATCH-4638,2028-10-09,2025-06-13,Below reorder level - reorder placed 2025-06-24
4639,1,2465,43,27,2025-06-22,BATCH-4639,2026-09-24,2025-06-22,Expiring in 14 days - flag for clearance
4640,12,1617,100,21,2026-05-17,BATCH-4640,2026-09-22,2026-05-17,Expiring in 12 days - flag for clearance
4641,2,2591,49,46,2025-06-10,BATCH-4641,2026-07-21,2025-06-10,Expiring in 0 days - flag for clearance
4642,5,2582,56,49,2026-05-28,BATCH-4642,2027-04-30,2026-05-28,
4643,10,929,105,26,2026-02-02,BATCH-4643,2028-03-24,2026-02-02,
4644,4,3056,107,40,2025-11-18,BATCH-4644,2029-04-23,2025-11-18,
4645,11,3657,1,31,2026-01-17,BATCH-4645,2029-01-10,2026-01-17,Below reorder level - reorder placed 2026-01-29
4646,6,1972,96,32,2025-09-24,BATCH-4646,2029-05-06,2025-09-24,
4647,12,3250,99,48,2026-01-15,BATCH-4647,2029-02-15,2026-01-15,
4648,4,1512,11,32,2025-06-10,BATCH-4648,2029-02-11,2025-06-10,Below reorder level - reorder placed 2025-06-21
4649,1,2467,84,51,2026-08-30,BATCH-4649,2027-11-29,2026-08-30,
4650,2,322,113,48,2025-07-27,BATCH-4650,2026-09-02,2025-07-27,Expiring in 0 days - flag for clearance
4651,9,4815,36,19,2025-09-29,BATCH-4651,2027-05-09,2025-09-29,
4652,5,4753,24,39,2025-11-12,BATCH-4652,2029-02-23,2025-11-12,Below reorder level - reorder placed 2025-11-22
4653,10,4225,44,41,2026-07-20,BATCH-4653,2026-03-20,2026-07-20,Expiring in 0 days - flag for clearance
4654,3,4692,66,50,2025-11-03,BATCH-4654,2027-03-18,2025-11-03,
4655,2,1391,0,33,2025-10-01,BATCH-4655,2027-10-14,2025-10-01,Below reorder level - reorder placed 2025-10-14
4656,10,422,86,59,2026-05-10,BATCH-4656,2026-11-26,2026-05-10,
4657,4,3285,109,48,2026-08-27,BATCH-4657,2026-01-25,2026-08-27,Expiring in 0 days - flag for clearance
4658,5,1260,116,35,2026-05-09,BATCH-4658,2029-12-01,2026-05-09,
4659,2,3689,34,36,2025-06-24,BATCH-4659,2027-05-26,2025-06-24,
4660,12,1472,50,32,2026-03-21,BATCH-4660,2028-10-13,2026-03-21,
4661,1,3124,75,55,2026-04-26,BATCH-4661,2028-05-05,2026-04-26,
4662,10,598,50,23,2026-05-14,BATCH-4662,2028-09-06,2026-05-14,
4663,7,3080,30,46,2025-06-21,BATCH-4663,2027-08-08,2025-06-21,Below reorder level - reorder placed 2025-06-29
4664,8,2918,40,45,2026-05-18,BATCH-4664,2029-02-05,2026-05-18,Below reorder level - reorder placed 2026-05-29
4665,4,2863,57,55,2026-02-21,BATCH-4665,2026-10-02,2026-02-21,Expiring in 22 days - flag for clearance
4666,1,16,13,32,2025-12-03,BATCH-4666,2027-01-27,2025-12-03,Below reorder level - reorder placed 2025-12-15
4667,3,2704,8,26,2025-11-18,BATCH-4667,2029-09-08,2025-11-18,Below reorder level - reorder placed 2025-11-30
4668,4,3244,21,24,2026-07-10,BATCH-4668,2029-08-05,2026-07-10,Below reorder level - reorder placed 2026-07-20
4669,1,2146,10,18,2025-06-20,BATCH-4669,2029-07-27,2025-06-20,
4670,8,1323,90,26,2025-11-20,BATCH-4670,2028-02-09,2025-11-20,
4671,9,554,56,48,2026-02-16,BATCH-4671,2028-03-12,2026-02-16,
4672,12,1070,71,56,2026-08-25,BATCH-4672,2026-09-30,2026-08-25,Expiring in 20 days - flag for clearance
4673,4,2449,32,54,2026-07-12,BATCH-4673,2029-02-24,2026-07-12,Below reorder level - reorder placed 2026-07-24
4674,1,2852,105,53,2025-09-29,BATCH-4674,2028-04-15,2025-09-29,
4675,3,2091,92,20,2026-06-15,BATCH-4675,2026-11-12,2026-06-15,
4676,2,646,23,18,2026-02-10,BATCH-4676,2028-06-15,2026-02-10,
4677,5,2265,33,48,2026-03-05,BATCH-4677,2028-12-12,2026-03-05,
4678,1,229,56,59,2026-05-07,BATCH-4678,2026-10-29,2026-05-07,Below reorder level - reorder placed 2026-05-18
4679,4,1920,116,35,2025-12-16,BATCH-4679,2027-09-29,2025-12-16,
4680,10,1217,55,41,2026-03-02,BATCH-4680,2027-12-16,2026-03-02,
4681,10,2666,51,19,2025-09-18,BATCH-4681,2027-04-05,2025-09-18,
4682,6,1789,69,22,2025-07-08,BATCH-4682,2029-10-15,2025-07-08,
4683,11,4277,67,32,2025-10-13,BATCH-4683,2027-02-02,2025-10-13,
4684,3,4936,109,25,2026-07-19,BATCH-4684,2027-08-04,2026-07-19,
4685,5,4575,82,20,2026-08-17,BATCH-4685,2026-10-08,2026-08-17,Expiring in 28 days - flag for clearance
4686,10,3753,57,46,2026-07-24,BATCH-4686,2027-05-08,2026-07-24,
4687,4,2101,109,50,2025-09-25,BATCH-4687,2027-12-27,2025-09-25,
4688,4,3591,70,50,2025-12-17,BATCH-4688,2028-08-09,2025-12-17,
4689,12,3073,96,46,2026-03-28,BATCH-4689,2028-09-07,2026-03-28,
4690,8,2208,3,53,2025-11-24,BATCH-4690,2026-04-24,2025-11-24,Expiring in 0 days - flag for clearance; Below reorder level - reorder placed 2025-12-05
4691,4,4176,28,15,2026-07-14,BATCH-4691,2029-09-13,2026-07-14,
4692,1,4404,35,43,2026-02-05,BATCH-4692,2026-02-21,2026-02-05,Expiring in 0 days - flag for clearance; Below reorder level - reorder placed 2026-02-13
4693,1,1451,79,57,2026-05-22,BATCH-4693,2029-09-02,2026-05-22,
4694,6,1762,77,37,2026-02-23,BATCH-4694,2027-03-02,2026-02-23,
4695,2,4010,46,36,2026-08-08,BATCH-4695,2029-02-15,2026-08-08,
4696,9,313,22,25,2025-07-05,BATCH-4696,2026-11-12,2025-07-05,Below reorder level - reorder placed 2025-07-14
4697,4,2210,81,35,2026-06-02,BATCH-4697,2028-08-19,2026-06-02,
4698,1,1966,0,26,2026-03-16,BATCH-4698,2028-01-24,2026-03-16,
4699,2,1559,81,24,2026-04-16,BATCH-4699,2027-07-23,2026-04-16,
4700,10,3567,73,45,2025-11-25,BATCH-4700,2028-11-03,2025-11-25,
4701,7,2706,113,45,2026-04-10,BATCH-4701,2027-10-03,2026-04-10,
4702,10,1670,37,18,2026-08-26,BATCH-4702,2028-05-21,2026-08-26,
4703,1,1253,94,56,2026-06-08,BATCH-4703,2026-06-20,2026-06-08,Expiring in 0 days - flag for clearance
4704,3,599,80,28,2025-07-31,BATCH-4704,2026-07-03,2025-07-31,Expiring in 0 days - flag for clearance
4705,10,3598,8,41,2025-10-17,BATCH-4705,2027-01-24,2025-10-17,Below reorder level - reorder placed 2025-10-25
4706,11,3030,13,55,2026-03-20,BATCH-4706,2029-08-27,2026-03-20,Below reorder level - reorder placed 2026-03-24
4707,1,3217,4,15,2026-03-03,BATCH-4707,2026-02-26,2026-03-03,Expiring in 0 days - flag for clearance
4708,2,84,19,22,2025-09-07,BATCH-4708,2027-06-19,2025-09-07,Below reorder level - reorder placed 2025-09-16
4709,11,4313,43,23,2026-03-27,BATCH-4709,2027-06-10,2026-03-27,
4710,2,766,31,26,2025-06-11,BATCH-4710,2026-10-26,2025-06-11,
4711,9,1914,15,37,2026-03-22,BATCH-4711,2025-12-19,2026-03-22,Expiring in 0 days - flag for clearance; Below reorder level - reorder placed 2026-04-02
4712,3,2261,26,17,2025-11-01,BATCH-4712,2029-06-05,2025-11-01,
4713,7,2625,20,44,2025-11-11,BATCH-4713,2027-01-23,2025-11-11,Below reorder level - reorder placed 2025-11-20
4714,9,4817,32,31,2025-10-27,BATCH-4714,2029-06-23,2025-10-27,
4715,4,4124,114,42,2026-06-27,BATCH-4715,2029-03-26,2026-06-27,
4716,6,9,24,24,2026-04-23,BATCH-4716,2027-11-07,2026-04-23,
4717,1,2185,118,16,2026-06-30,BATCH-4717,2029-01-10,2026-06-30,
4718,7,3432,41,31,2025-11-05,BATCH-4718,2026-04-27,2025-11-05,Expiring in 0 days - flag for clearance
4719,11,3777,83,55,2026-03-05,BATCH-4719,2027-09-20,2026-03-05,
4720,4,2225,2,33,2026-07-14,BATCH-4720,2028-10-10,2026-07-14,
4721,8,569,6,59,2026-03-14,BATCH-4721,2029-04-29,2026-03-14,Below reorder level - reorder placed 2026-03-21
4722,4,915,72,42,2026-06-30,BATCH-4722,2026-06-27,2026-06-30,Expiring in 0 days - flag for clearance
4723,6,2324,5,26,2026-04-01,BATCH-4723,2026-12-17,2026-04-01,Below reorder level - reorder placed 2026-04-10
4724,3,3678,9,44,2026-05-26,BATCH-4724,2028-07-23,2026-05-26,
4725,1,170,62,44,2026-03-04,BATCH-4725,2027-10-12,2026-03-04,
4726,11,1556,16,32,2026-04-07,BATCH-4726,2029-02-13,2026-04-07,Below reorder level - reorder placed 2026-04-17
4727,10,281,22,18,2026-06-26,BATCH-4727,2027-10-15,2026-06-26,
4728,9,4667,27,38,2025-08-13,BATCH-4728,2028-09-03,2025-08-13,
4729,3,491,3,35,2026-01-15,BATCH-4729,2028-08-17,2026-01-15,Below reorder level - reorder placed 2026-01-24
4730,12,377,31,59,2025-12-23,BATCH-4730,2028-09-14,2025-12-23,Below reorder level - reorder placed 2025-12-28
4731,9,3623,55,50,2026-08-24,BATCH-4731,2027-02-18,2026-08-24,
4732,2,3194,0,20,2026-04-13,BATCH-4732,2028-10-31,2026-04-13,
4733,4,3242,4,46,2025-09-08,BATCH-4733,2028-04-25,2025-09-08,Below reorder level - reorder placed 2025-09-14
4734,1,4034,75,43,2026-08-03,BATCH-4734,2026-06-01,2026-08-03,Expiring in 0 days - flag for clearance
4735,2,3584,45,34,2026-06-17,BATCH-4735,2029-05-27,2026-06-17,
4736,2,2761,0,45,2025-06-06,BATCH-4736,2028-11-16,2025-06-06,Below reorder level - reorder placed 2025-06-18
4737,2,3930,69,50,2026-01-16,BATCH-4737,2029-08-01,2026-01-16,
4738,11,4700,67,42,2025-08-04,BATCH-4738,2027-06-24,2025-08-04,
4739,10,2206,93,55,2025-09-07,BATCH-4739,2027-09-21,2025-09-07,
4740,2,3184,10,52,2025-11-12,BATCH-4740,2027-10-14,2025-11-12,
4741,1,1180,80,43,2025-10-08,BATCH-4741,2029-10-20,2025-10-08,
4742,4,1027,59,29,2026-01-14,BATCH-4742,2026-09-09,2026-01-14,Expiring in 0 days - flag for clearance
4743,7,3633,105,22,2026-05-29,BATCH-4743,2028-06-14,2026-05-29,
4744,9,2990,104,20,2025-08-24,BATCH-4744,2027-05-10,2025-08-24,
4745,7,1989,37,19,2026-03-13,BATCH-4745,2027-10-10,2026-03-13,
4746,3,3107,27,35,2025-07-01,BATCH-4746,2026-09-26,2025-07-01,Expiring in 16 days - flag for clearance; Below reorder level - reorder placed 2025-07-10
4747,4,1117,69,34,2025-06-17,BATCH-4747,2026-09-08,2025-06-17,Expiring in 0 days - flag for clearance
4748,5,212,97,26,2025-06-26,BATCH-4748,2026-05-04,2025-06-26,Expiring in 0 days - flag for clearance
4749,12,1309,17,30,2026-01-09,BATCH-4749,2028-08-17,2026-01-09,Below reorder level - reorder placed 2026-01-18
4750,8,4919,40,30,2026-08-11,BATCH-4750,2027-07-13,2026-08-11,
4751,2,3709,50,49,2025-09-08,BATCH-4751,2029-07-29,2025-09-08,
4752,11,3385,115,26,2026-03-22,BATCH-4752,2025-12-14,2026-03-22,Expiring in 0 days - flag for clearance
4753,1,3739,47,34,2025-09-20,BATCH-4753,2027-07-26,2025-09-20,
4754,6,1248,91,32,2026-04-05,BATCH-4754,2026-02-12,2026-04-05,Expiring in 0 days - flag for clearance
4755,5,170,72,35,2025-07-15,BATCH-4755,2027-10-12,2025-07-15,
4756,1,1547,25,18,2025-10-07,BATCH-4756,2028-02-26,2025-10-07,
4757,10,1900,4,43,2025-08-02,BATCH-4757,2026-09-06,2025-08-02,Expiring in 0 days - flag for clearance; Below reorder level - reorder placed 2025-08-14
4758,2,2884,64,47,2026-01-14,BATCH-4758,2029-04-18,2026-01-14,
4759,12,3190,50,33,2026-01-24,BATCH-4759,2026-09-15,2026-01-24,Expiring in 5 days - flag for clearance
4760,11,1541,116,23,2026-07-30,BATCH-4760,2026-01-23,2026-07-30,Expiring in 0 days - flag for clearance
4761,8,2134,69,33,2026-06-16,BATCH-4761,2028-01-11,2026-06-16,
4762,12,3719,69,34,2026-01-06,BATCH-4762,2027-09-30,2026-01-06,
4763,11,4435,70,17,2026-08-29,BATCH-4763,2026-09-20,2026-08-29,Expiring in 10 days - flag for clearance
4764,10,3705,60,16,2025-06-16,BATCH-4764,2027-04-26,2025-06-16,
4765,1,380,69,20,2026-08-25,BATCH-4765,2028-12-08,2026-08-25,
4766,9,1714,115,54,2025-08-02,BATCH-4766,2028-10-23,2025-08-02,
4767,9,3447,9,29,2026-01-26,BATCH-4767,2028-06-26,2026-01-26,
4768,4,4082,63,28,2025-12-03,BATCH-4768,2027-03-15,2025-12-03,
4769,8,4934,42,30,2026-07-20,BATCH-4769,2026-03-27,2026-07-20,Expiring in 0 days - flag for clearance
4770,8,3916,95,32,2025-07-31,BATCH-4770,2028-07-28,2025-07-31,
4771,2,872,19,50,2026-02-10,BATCH-4771,2028-06-28,2026-02-10,Below reorder level - reorder placed 2026-02-14
4772,6,4525,66,32,2026-07-09,BATCH-4772,2028-08-31,2026-07-09,
4773,9,1025,97,24,2025-06-25,BATCH-4773,2026-06-12,2025-06-25,Expiring in 0 days - flag for clearance
4774,2,3027,12,45,2025-06-03,BATCH-4774,2026-10-16,2025-06-03,Expiring in 36 days - monitor; Below reorder level - reorder placed 2025-06-09
4775,4,2278,80,20,2025-10-28,BATCH-4775,2026-02-08,2025-10-28,Expiring in 0 days - flag for clearance
4776,5,4148,45,33,2025-10-08,BATCH-4776,2027-12-02,2025-10-08,
4777,6,3059,89,32,2025-11-21,BATCH-4777,2028-05-21,2025-11-21,
4778,2,1270,41,37,2025-11-28,BATCH-4778,2026-11-08,2025-11-28,
4779,8,129,20,33,2026-03-02,BATCH-4779,2027-09-02,2026-03-02,Below reorder level - reorder placed 2026-03-05
4780,2,1383,50,19,2026-06-16,BATCH-4780,2029-07-19,2026-06-16,
4781,8,1626,68,41,2025-09-09,BATCH-4781,2028-11-08,2025-09-09,
4782,11,3212,41,22,2026-06-12,BATCH-4782,2029-10-24,2026-06-12,
4783,4,4830,44,20,2026-02-11,BATCH-4783,2028-09-10,2026-02-11,
4784,7,1303,94,54,2025-10-02,BATCH-4784,2028-12-31,2025-10-02,
4785,5,2450,62,21,2025-08-13,BATCH-4785,2027-11-10,2025-08-13,
4786,7,4606,11,39,2026-02-15,BATCH-4786,2026-07-20,2026-02-15,Expiring in 0 days - flag for clearance; Below reorder level - reorder placed 2026-02-21
4787,2,1414,88,17,2026-07-17,BATCH-4787,2026-09-23,2026-07-17,Expiring in 13 days - flag for clearance
4788,5,4313,8,47,2026-06-22,BATCH-4788,2027-06-10,2026-06-22,Below reorder level - reorder placed 2026-06-28
4789,4,2561,72,17,2025-09-04,BATCH-4789,2026-02-16,2025-09-04,Expiring in 0 days - flag for clearance
4790,7,4935,57,35,2026-04-17,BATCH-4790,2027-01-06,2026-04-17,
4791,11,3457,16,54,2025-12-24,BATCH-4791,2026-09-22,2025-12-24,Expiring in 12 days - flag for clearance; Below reorder level - reorder placed 2026-01-06
4792,12,4313,76,40,2026-02-24,BATCH-4792,2027-06-10,2026-02-24,
4793,6,868,67,59,2025-10-08,BATCH-4793,2028-12-16,2025-10-08,
4794,4,604,100,49,2025-11-04,BATCH-4794,2026-10-19,2025-11-04,
4795,12,4289,4,41,2025-07-03,BATCH-4795,2026-12-24,2025-07-03,Below reorder level - reorder placed 2025-07-12
4796,9,1002,101,54,2026-08-08,BATCH-4796,2026-03-17,2026-08-08,Expiring in 0 days - flag for clearance
4797,2,421,24,33,2026-05-12,BATCH-4797,2027-06-04,2026-05-12,
4798,4,4345,87,34,2025-11-04,BATCH-4798,2027-05-29,2025-11-04,
4799,1,188,57,23,2025-09-10,BATCH-4799,2026-11-15,2025-09-10,Expiring in 66 days - monitor
4800,9,868,35,26,2026-01-08,BATCH-4800,2028-12-16,2026-01-08,
4801,9,497,94,30,2026-05-22,BATCH-4801,2028-04-26,2026-05-22,
4802,1,4969,68,33,2025-12-08,BATCH-4802,2029-07-13,2025-12-08,
4803,10,4902,74,20,2026-05-29,BATCH-4803,2028-11-19,2026-05-29,
4804,6,3498,113,59,2025-10-14,BATCH-4804,2028-12-06,2025-10-14,
4805,5,4415,42,15,2025-12-27,BATCH-4805,2027-12-12,2025-12-27,
4806,3,814,11,45,2026-07-10,BATCH-4806,2027-05-06,2026-07-10,Below reorder level - reorder placed 2026-07-20
4807,1,135,27,48,2025-12-22,BATCH-4807,2029-10-07,2025-12-22,Below reorder level - reorder placed 2026-01-04
4808,9,3769,43,20,2026-07-28,BATCH-4808,2027-01-07,2026-07-28,
4809,5,4110,4,44,2025-12-10,BATCH-4809,2027-03-19,2025-12-10,Below reorder level - reorder placed 2025-12-23
4810,5,4746,27,41,2026-05-18,BATCH-4810,2029-02-17,2026-05-18,Below reorder level - reorder placed 2026-05-22
4811,4,1962,43,58,2025-12-25,BATCH-4811,2029-12-20,2025-12-25,Below reorder level - reorder placed 2026-01-01
4812,4,3722,85,35,2025-08-05,BATCH-4812,2026-12-05,2025-08-05,Expiring in 86 days - monitor
4813,7,3793,41,58,2026-01-11,BATCH-4813,2028-05-17,2026-01-11,Below reorder level - reorder placed 2026-01-21
4814,9,4273,25,44,2025-09-25,BATCH-4814,2026-06-16,2025-09-25,Expiring in 0 days - flag for clearance
4815,7,1118,119,34,2026-05-07,BATCH-4815,2029-07-24,2026-05-07,
4816,11,1395,89,31,2025-11-17,BATCH-4816,2029-01-05,2025-11-17,
4817,1,4827,45,28,2025-12-14,BATCH-4817,2026-07-22,2025-12-14,Expiring in 0 days - flag for clearance
4818,10,4125,48,15,2026-06-04,BATCH-4818,2029-04-12,2026-06-04,
4819,10,690,79,35,2026-02-12,BATCH-4819,2026-12-12,2026-02-12,
4820,5,3356,99,42,2025-07-01,BATCH-4820,2027-03-16,2025-07-01,
4821,1,2956,82,25,2025-10-08,BATCH-4821,2026-10-29,2025-10-08,
4822,6,3898,13,48,2025-12-14,BATCH-4822,2029-09-15,2025-12-14,Below reorder level - reorder placed 2025-12-27
4823,2,577,106,31,2026-06-12,BATCH-4823,2027-10-16,2026-06-12,
4824,8,2375,103,40,2025-06-12,BATCH-4824,2026-11-26,2025-06-12,Expiring in 77 days - monitor
4825,8,4692,80,33,2026-02-14,BATCH-4825,2027-03-18,2026-02-14,
4826,12,349,34,25,2025-11-30,BATCH-4826,2026-10-05,2025-11-30,Expiring in 25 days - flag for clearance
4827,11,2954,33,37,2026-07-29,BATCH-4827,2029-11-17,2026-07-29,
4828,7,1258,42,34,2025-11-03,BATCH-4828,2027-06-26,2025-11-03,
4829,4,1708,104,50,2025-06-21,BATCH-4829,2026-04-29,2025-06-21,Expiring in 0 days - flag for clearance
4830,1,1974,39,49,2026-05-22,BATCH-4830,2028-03-02,2026-05-22,Below reorder level - reorder placed 2026-05-26
4831,1,4582,64,21,2025-07-31,BATCH-4831,2028-06-14,2025-07-31,
4832,4,1260,99,17,2025-06-27,BATCH-4832,2029-12-01,2025-06-27,
4833,1,2628,118,22,2026-07-06,BATCH-4833,2026-10-02,2026-07-06,Expiring in 22 days - flag for clearance
4834,2,3569,66,34,2026-07-18,BATCH-4834,2027-03-26,2026-07-18,
4835,3,3635,43,28,2026-03-31,BATCH-4835,2028-05-30,2026-03-31,
4836,11,1986,58,29,2025-12-13,BATCH-4836,2027-09-25,2025-12-13,
4837,7,1113,0,47,2025-10-09,BATCH-4837,2026-08-27,2025-10-09,Expiring in 0 days - flag for clearance; Below reorder level - reorder placed 2025-10-16
4838,7,1691,66,45,2025-08-26,BATCH-4838,2029-08-14,2025-08-26,
4839,12,3616,78,53,2026-01-30,BATCH-4839,2028-08-25,2026-01-30,
4840,6,3439,33,31,2025-06-02,BATCH-4840,2027-01-14,2025-06-02,
4841,10,1740,96,32,2026-05-04,BATCH-4841,2028-10-05,2026-05-04,
4842,11,4645,102,25,2025-08-30,BATCH-4842,2029-08-13,2025-08-30,
4843,1,3861,111,54,2026-02-24,BATCH-4843,2027-02-07,2026-02-24,
4844,1,3607,97,55,2026-07-03,BATCH-4844,2027-12-19,2026-07-03,
4845,12,4063,93,29,2026-05-12,BATCH-4845,2027-07-17,2026-05-12,
4846,2,480,75,44,2026-06-14,BATCH-4846,2029-06-02,2026-06-14,
4847,5,3460,114,16,2025-06-13,BATCH-4847,2027-06-02,2025-06-13,
4848,11,3716,107,54,2025-12-31,BATCH-4848,2029-02-28,2025-12-31,
4849,2,3820,37,56,2026-01-09,BATCH-4849,2028-10-10,2026-01-09,Below reorder level - reorder placed 2026-01-19
4850,11,3163,112,56,2025-10-24,BATCH-4850,2029-03-27,2025-10-24,
4851,6,2915,105,34,2026-08-07,BATCH-4851,2027-01-11,2026-08-07,
4852,7,1708,18,41,2025-06-02,BATCH-4852,2026-04-29,2025-06-02,Expiring in 0 days - flag for clearance
4853,8,2935,10,50,2026-02-16,BATCH-4853,2027-09-07,2026-02-16,
4854,11,2577,69,42,2025-06-28,BATCH-4854,2026-09-14,2025-06-28,Expiring in 4 days - flag for clearance
4855,11,3826,81,15,2025-11-20,BATCH-4855,2027-03-07,2025-11-20,
4856,1,2521,89,44,2025-08-02,BATCH-4856,2027-07-17,2025-08-02,
4857,7,3731,33,40,2026-06-12,BATCH-4857,2027-08-17,2026-06-12,
4858,6,118,49,43,2025-08-28,BATCH-4858,2028-08-15,2025-08-28,
4859,3,3393,44,26,2025-11-20,BATCH-4859,2028-07-27,2025-11-20,
4860,4,3494,20,32,2026-01-28,BATCH-4860,2028-09-04,2026-01-28,Below reorder level - reorder placed 2026-02-03
4861,6,3340,56,30,2026-02-08,BATCH-4861,2027-03-07,2026-02-08,
4862,1,13,27,15,2026-01-21,BATCH-4862,2028-12-07,2026-01-21,
4863,12,300,14,53,2026-01-23,BATCH-4863,2029-03-13,2026-01-23,Below reorder level - reorder placed 2026-01-29
4864,2,1566,95,59,2025-09-04,BATCH-4864,2028-03-27,2025-09-04,
4865,12,2730,82,54,2025-10-30,BATCH-4865,2027-07-11,2025-10-30,
4866,1,4902,4,52,2025-06-21,BATCH-4866,2028-11-19,2025-06-21,Below reorder level - reorder placed 2025-06-25
4867,5,4338,80,45,2026-04-28,BATCH-4867,2028-01-26,2026-04-28,
4868,4,4759,42,48,2025-07-02,BATCH-4868,2026-11-04,2025-07-02,Expiring in 55 days - monitor; Below reorder level - reorder placed 2025-07-06
4869,6,2532,111,39,2025-06-19,BATCH-4869,2027-03-07,2025-06-19,
4870,8,3958,75,45,2026-05-30,BATCH-4870,2026-10-08,2026-05-30,Expiring in 28 days - flag for clearance
4871,9,4801,3,24,2026-02-23,BATCH-4871,2028-08-18,2026-02-23,Below reorder level - reorder placed 2026-02-28
4872,10,2370,54,59,2025-12-28,BATCH-4872,2029-05-21,2025-12-28,Below reorder level - reorder placed 2026-01-06
4873,12,668,47,56,2026-03-13,BATCH-4873,2027-09-07,2026-03-13,
4874,11,4606,97,22,2025-07-04,BATCH-4874,2026-07-20,2025-07-04,Expiring in 0 days - flag for clearance
4875,12,3512,105,22,2026-03-02,BATCH-4875,2027-01-24,2026-03-02,
4876,1,2917,40,31,2026-06-28,BATCH-4876,2026-12-07,2026-06-28,
4877,4,1939,34,42,2025-12-23,BATCH-4877,2027-03-20,2025-12-23,Below reorder level - reorder placed 2026-01-03
4878,11,758,105,52,2025-08-01,BATCH-4878,2029-10-27,2025-08-01,
4879,6,3823,96,17,2026-03-25,BATCH-4879,2029-02-17,2026-03-25,
4880,7,3604,81,54,2025-11-26,BATCH-4880,2026-04-05,2025-11-26,Expiring in 0 days - flag for clearance
4881,5,704,50,49,2025-10-12,BATCH-4881,2026-12-10,2025-10-12,
4882,3,569,69,55,2026-06-10,BATCH-4882,2029-04-29,2026-06-10,
4883,2,3719,89,23,2026-02-26,BATCH-4883,2027-09-30,2026-02-26,
4884,11,2905,12,47,2025-07-09,BATCH-4884,2028-07-30,2025-07-09,Below reorder level - reorder placed 2025-07-18
4885,6,2298,33,16,2025-08-07,BATCH-4885,2026-01-21,2025-08-07,Expiring in 0 days - flag for clearance
4886,1,4715,5,46,2026-03-16,BATCH-4886,2026-12-26,2026-03-16,Below reorder level - reorder placed 2026-03-23
4887,5,3275,38,35,2026-01-31,BATCH-4887,2026-10-03,2026-01-31,Expiring in 23 days - flag for clearance
4888,10,3088,83,39,2025-11-29,BATCH-4888,2027-05-21,2025-11-29,
4889,9,4412,61,44,2026-06-27,BATCH-4889,2027-02-22,2026-06-27,
4890,9,4634,68,50,2026-07-26,BATCH-4890,2027-05-23,2026-07-26,
4891,1,689,4,34,2025-10-08,BATCH-4891,2026-07-06,2025-10-08,Expiring in 0 days - flag for clearance; Below reorder level - reorder placed 2025-10-19
4892,10,1804,25,21,2025-10-01,BATCH-4892,2027-12-28,2025-10-01,
4893,7,2843,26,55,2025-11-05,BATCH-4893,2026-08-28,2025-11-05,Expiring in 0 days - flag for clearance
4894,5,3072,91,55,2026-07-09,BATCH-4894,2028-10-19,2026-07-09,
4895,2,2311,47,31,2026-05-23,BATCH-4895,2029-05-14,2026-05-23,
4896,4,3898,85,50,2025-12-17,BATCH-4896,2029-09-15,2025-12-17,
4897,1,2010,70,42,2026-08-12,BATCH-4897,2026-05-28,2026-08-12,Expiring in 0 days - flag for clearance
4898,9,668,19,57,2025-12-13,BATCH-4898,2027-09-07,2025-12-13,
4899,1,1422,59,16,2026-08-08,BATCH-4899,2027-03-09,2026-08-08,
4900,1,4373,94,59,2026-08-06,BATCH-4900,2028-05-05,2026-08-06,
4901,12,496,35,33,2026-05-11,BATCH-4901,2029-01-24,2026-05-11,
4902,1,3444,119,23,2026-01-20,BATCH-4902,2027-07-22,2026-01-20,
4903,8,1392,23,35,2025-07-17,BATCH-4903,2028-08-14,2025-07-17,Below reorder level - reorder placed 2025-07-28
4904,12,590,29,51,2026-03-18,BATCH-4904,2026-11-11,2026-03-18,Below reorder level - reorder placed 2026-03-28
4905,6,882,45,43,2026-05-14,BATCH-4905,2026-12-09,2026-05-14,
4906,10,3984,69,53,2025-12-24,BATCH-4906,2028-09-12,2025-12-24,
4907,9,4854,34,35,2025-12-10,BATCH-4907,2028-05-01,2025-12-10,Below reorder level - reorder placed 2025-12-17
4908,6,1590,70,29,2026-08-01,BATCH-4908,2025-12-13,2026-08-01,Expiring in 0 days - flag for clearance
4909,1,2906,105,34,2026-07-21,BATCH-4909,2027-01-09,2026-07-21,
4910,8,3705,55,26,2025-08-24,BATCH-4910,2027-04-26,2025-08-24,
4911,8,2087,53,52,2025-12-01,BATCH-4911,2026-05-21,2025-12-01,Expiring in 0 days - flag for clearance
4912,12,1724,115,24,2025-06-18,BATCH-4912,2029-01-16,2025-06-18,
4913,3,1158,4,43,2026-03-11,BATCH-4913,2028-07-03,2026-03-11,Below reorder level - reorder placed 2026-03-20
4914,4,1381,30,53,2025-09-02,BATCH-4914,2027-09-20,2025-09-02,
4915,5,2488,97,31,2026-07-07,BATCH-4915,2028-12-11,2026-07-07,
4916,1,336,7,34,2026-08-30,BATCH-4916,2027-01-07,2026-08-30,Below reorder level - reorder placed 2026-09-11
4917,8,83,78,46,2025-11-03,BATCH-4917,2027-06-08,2025-11-03,
4918,4,4235,19,38,2026-01-03,BATCH-4918,2029-05-20,2026-01-03,Below reorder level - reorder placed 2026-01-15
4919,6,347,115,44,2026-02-02,BATCH-4919,2026-12-30,2026-02-02,
4920,6,2567,10,30,2025-06-02,BATCH-4920,2029-02-27,2025-06-02,
4921,10,4815,28,34,2025-07-10,BATCH-4921,2027-05-09,2025-07-10,Below reorder level - reorder placed 2025-07-18
4922,12,108,27,25,2026-02-02,BATCH-4922,2029-01-08,2026-02-02,
4923,2,2885,107,47,2026-03-22,BATCH-4923,2027-05-04,2026-03-22,
4924,5,4082,17,59,2026-06-03,BATCH-4924,2027-03-15,2026-06-03,
4925,4,3949,55,48,2026-01-16,BATCH-4925,2027-04-03,2026-01-16,
4926,3,2966,95,46,2026-01-10,BATCH-4926,2029-05-11,2026-01-10,
4927,2,527,47,16,2025-07-08,BATCH-4927,2028-07-09,2025-07-08,
4928,12,3737,18,54,2026-08-02,BATCH-4928,2027-02-22,2026-08-02,Below reorder level - reorder placed 2026-08-09
4929,4,1719,83,31,2025-07-19,BATCH-4929,2029-11-30,2025-07-19,
4930,4,4436,44,20,2026-05-26,BATCH-4930,2029-08-17,2026-05-26,
4931,8,3230,64,43,2026-06-09,BATCH-4931,2026-03-15,2026-06-09,Expiring in 0 days - flag for clearance
4932,10,1327,75,51,2026-01-21,BATCH-4932,2030-01-05,2026-01-21,
4933,7,500,35,57,2026-05-17,BATCH-4933,2026-03-28,2026-05-17,Expiring in 0 days - flag for clearance; Below reorder level - reorder placed 2026-05-28
4934,1,3804,67,25,2025-07-13,BATCH-4934,2029-12-15,2025-07-13,
4935,6,3947,86,45,2026-05-02,BATCH-4935,2027-01-17,2026-05-02,
4936,8,1824,15,47,2026-06-12,BATCH-4936,2026-10-22,2026-06-12,Below reorder level - reorder placed 2026-06-25
4937,10,3280,23,54,2026-02-12,BATCH-4937,2028-01-09,2026-02-12,Below reorder level - reorder placed 2026-02-19
4938,12,1694,48,47,2025-12-22,BATCH-4938,2026-12-12,2025-12-22,
4939,4,894,111,50,2025-11-13,BATCH-4939,2026-01-22,2025-11-13,Expiring in 0 days - flag for clearance
4940,5,4421,105,19,2025-10-09,BATCH-4940,2029-12-23,2025-10-09,
4941,12,1106,82,16,2026-08-09,BATCH-4941,2026-08-03,2026-08-09,Expiring in 0 days - flag for clearance
4942,6,64,32,39,2026-03-18,BATCH-4942,2026-02-12,2026-03-18,Expiring in 0 days - flag for clearance
4943,3,3061,80,16,2026-08-28,BATCH-4943,2028-01-24,2026-08-28,
4944,3,4579,66,25,2026-03-17,BATCH-4944,2027-11-24,2026-03-17,
4945,10,901,17,21,2026-07-17,BATCH-4945,2026-10-16,2026-07-17,Below reorder level - reorder placed 2026-07-29
4946,11,1339,55,46,2026-07-11,BATCH-4946,2028-03-31,2026-07-11,
4947,3,2697,78,15,2026-06-28,BATCH-4947,2026-10-25,2026-06-28,
4948,2,1100,13,21,2026-05-26,BATCH-4948,2027-01-04,2026-05-26,
4949,7,1212,48,21,2026-02-06,BATCH-4949,2030-01-07,2026-02-06,
4950,1,2302,119,28,2026-06-23,BATCH-4950,2027-08-18,2026-06-23,
4951,6,2648,93,43,2025-07-15,BATCH-4951,2029-05-13,2025-07-15,
4952,6,4106,88,57,2026-08-04,BATCH-4952,2027-03-31,2026-08-04,
4953,10,2585,60,30,2025-11-12,BATCH-4953,2027-07-19,2025-11-12,
4954,12,999,7,15,2026-06-03,BATCH-4954,2026-08-27,2026-06-03,Expiring in 0 days - flag for clearance; Below reorder level - reorder placed 2026-06-06
4955,11,3577,89,43,2026-01-09,BATCH-4955,2028-07-22,2026-01-09,
4956,11,2720,9,48,2026-01-12,BATCH-4956,2029-01-20,2026-01-12,
4957,10,1560,9,47,2025-10-08,BATCH-4957,2026-09-08,2025-10-08,Expiring in 0 days - flag for clearance; Below reorder level - reorder placed 2025-10-21
4958,6,1654,45,33,2025-11-07,BATCH-4958,2028-05-25,2025-11-07,
4959,6,3041,50,36,2025-06-06,BATCH-4959,2028-05-04,2025-06-06,
4960,5,2122,13,38,2026-05-03,BATCH-4960,2026-07-15,2026-05-03,Expiring in 0 days - flag for clearance
4961,8,2757,67,25,2025-07-05,BATCH-4961,2027-01-12,2025-07-05,
4962,11,2413,29,23,2025-07-14,BATCH-4962,2028-11-14,2025-07-14,
4963,5,1059,111,27,2025-09-27,BATCH-4963,2029-03-28,2025-09-27,
4964,1,3792,23,45,2026-06-23,BATCH-4964,2029-05-19,2026-06-23,
4965,1,3415,1,15,2025-09-08,BATCH-4965,2026-05-13,2025-09-08,Expiring in 0 days - flag for clearance
4966,10,2774,17,45,2025-11-09,BATCH-4966,2028-12-22,2025-11-09,
4967,6,297,15,46,2026-06-22,BATCH-4967,2028-07-11,2026-06-22,Below reorder level - reorder placed 2026-07-03
4968,1,614,107,53,2026-06-15,BATCH-4968,2026-07-10,2026-06-15,Expiring in 0 days - flag for clearance
4969,11,54,102,32,2026-02-22,BATCH-4969,2028-09-03,2026-02-22,
4970,2,110,93,51,2025-07-19,BATCH-4970,2028-06-15,2025-07-19,
4971,4,3716,9,41,2025-10-16,BATCH-4971,2029-02-28,2025-10-16,
4972,5,4854,47,51,2025-12-17,BATCH-4972,2028-05-01,2025-12-17,
4973,7,3324,67,27,2026-02-10,BATCH-4973,2027-05-22,2026-02-10,
4974,12,2849,87,59,2026-08-07,BATCH-4974,2028-08-06,2026-08-07,
4975,10,4375,64,52,2026-03-14,BATCH-4975,2026-12-21,2026-03-14,
4976,7,2891,116,40,2025-07-09,BATCH-4976,2028-01-13,2025-07-09,
4977,2,209,88,39,2026-06-15,BATCH-4977,2026-12-15,2026-06-15,
4978,12,2253,28,22,2025-12-26,BATCH-4978,2026-01-13,2025-12-26,Expiring in 0 days - flag for clearance
4979,9,914,53,46,2025-06-14,BATCH-4979,2026-12-01,2025-06-14,
4980,7,2467,88,51,2025-11-27,BATCH-4980,2027-11-29,2025-11-27,
4981,7,62,112,26,2025-12-14,BATCH-4981,2029-01-19,2025-12-14,
4982,1,663,97,49,2025-10-22,BATCH-4982,2027-10-10,2025-10-22,
4983,7,3269,101,29,2025-10-02,BATCH-4983,2026-05-12,2025-10-02,Expiring in 0 days - flag for clearance
4984,10,161,90,32,2026-04-03,BATCH-4984,2029-10-06,2026-04-03,
4985,7,4725,4,29,2026-06-03,BATCH-4985,2028-07-12,2026-06-03,
4986,9,4876,119,16,2026-07-14,BATCH-4986,2029-08-31,2026-07-14,
4987,11,1222,85,22,2026-02-20,BATCH-4987,2029-02-24,2026-02-20,
4988,8,4822,18,22,2025-12-04,BATCH-4988,2027-11-15,2025-12-04,
4989,10,3628,50,31,2026-02-08,BATCH-4989,2026-09-27,2026-02-08,Expiring in 17 days - flag for clearance
4990,11,1220,107,34,2026-06-17,BATCH-4990,2028-01-25,2026-06-17,
4991,9,523,21,56,2026-08-14,BATCH-4991,2026-02-12,2026-08-14,Expiring in 0 days - flag for clearance
4992,12,1487,7,18,2026-07-13,BATCH-4992,2028-08-27,2026-07-13,Below reorder level - reorder placed 2026-07-25
4993,5,4835,88,33,2025-06-27,BATCH-4993,2026-08-16,2025-06-27,Expiring in 0 days - flag for clearance
4994,7,462,35,20,2026-01-08,BATCH-4994,2026-09-26,2026-01-08,Expiring in 16 days - flag for clearance
4995,4,2118,90,32,2025-07-21,BATCH-4995,2028-02-13,2025-07-21,
4996,10,3358,62,54,2025-08-08,BATCH-4996,2028-04-17,2025-08-08,
4997,10,3348,18,35,2025-06-30,BATCH-4997,2026-11-20,2025-06-30,Expiring in 71 days - monitor; Below reorder level - reorder placed 2025-07-04
4998,6,4900,47,41,2026-08-14,BATCH-4998,2030-01-15,2026-08-14,
4999,2,2364,58,26,2026-05-12,BATCH-4999,2026-09-29,2026-05-12,Expiring in 19 days - flag for clearance
5000,1,3684,28,19,2026-06-04,BATCH-5000,2029-03-10,2026-06-04,
5001,5,3985,92,29,2025-11-05,BATCH-5001,2028-05-27,2025-11-05,
5002,9,810,79,33,2026-06-28,BATCH-5002,2027-07-18,2026-06-28,
5003,4,2757,103,17,2025-10-12,BATCH-5003,2027-01-12,2025-10-12,
5004,5,356,58,49,2026-04-06,BATCH-5004,2028-01-31,2026-04-06,
5005,2,2280,117,21,2026-02-08,BATCH-5005,2027-12-12,2026-02-08,
5006,11,219,32,28,2025-07-29,BATCH-5006,2026-03-12,2025-07-29,Expiring in 0 days - flag for clearance
5007,8,224,104,41,2026-01-12,BATCH-5007,2027-01-09,2026-01-12,
5008,9,933,111,29,2026-04-06,BATCH-5008,2029-10-14,2026-04-06,
5009,3,3362,57,28,2025-06-08,BATCH-5009,2028-01-08,2025-06-08,
5010,4,3845,84,47,2026-02-08,BATCH-5010,2026-02-11,2026-02-08,Expiring in 0 days - flag for clearance
5011,3,1923,108,44,2026-06-18,BATCH-5011,2027-01-12,2026-06-18,
5012,12,4897,80,38,2025-10-26,BATCH-5012,2027-10-27,2025-10-26,
5013,7,3771,117,22,2026-02-28,BATCH-5013,2027-08-27,2026-02-28,
5014,4,3210,60,24,2026-02-28,BATCH-5014,2026-09-23,2026-02-28,Expiring in 13 days - flag for clearance
5015,6,4658,119,48,2026-07-04,BATCH-5015,2026-02-24,2026-07-04,Expiring in 0 days - flag for clearance
5016,12,1183,98,40,2025-07-03,BATCH-5016,2028-05-02,2025-07-03,
5017,1,602,90,27,2026-03-27,BATCH-5017,2026-03-17,2026-03-27,Expiring in 0 days - flag for clearance
5018,2,2849,49,55,2026-01-01,BATCH-5018,2028-08-06,2026-01-01,Below reorder level - reorder placed 2026-01-05
5019,12,3148,102,49,2026-07-26,BATCH-5019,2027-02-19,2026-07-26,
5020,7,1270,37,18,2026-03-25,BATCH-5020,2026-11-08,2026-03-25,Expiring in 59 days - monitor
5021,9,2030,101,45,2026-08-18,BATCH-5021,2027-07-07,2026-08-18,
5022,11,1111,101,20,2025-08-01,BATCH-5022,2029-05-17,2025-08-01,
5023,1,1760,45,50,2026-05-31,BATCH-5023,2029-11-27,2026-05-31,Below reorder level - reorder placed 2026-06-08
5024,12,4529,2,21,2026-02-16,BATCH-5024,2027-02-27,2026-02-16,Below reorder level - reorder placed 2026-03-01
5025,2,2817,21,19,2026-03-09,BATCH-5025,2027-03-16,2026-03-09,
5026,8,3755,90,48,2025-12-22,BATCH-5026,2026-10-15,2025-12-22,
5027,7,2171,16,47,2026-06-08,BATCH-5027,2029-01-10,2026-06-08,Below reorder level - reorder placed 2026-06-17
5028,3,1857,62,26,2025-11-28,BATCH-5028,2029-08-02,2025-11-28,
5029,8,4405,7,39,2025-10-06,BATCH-5029,2028-05-22,2025-10-06,
5030,8,2523,119,49,2026-04-27,BATCH-5030,2027-10-26,2026-04-27,
5031,9,3848,99,59,2025-06-11,BATCH-5031,2027-08-13,2025-06-11,
5032,5,2532,65,59,2025-08-06,BATCH-5032,2027-03-07,2025-08-06,
5033,11,231,107,47,2025-08-14,BATCH-5033,2026-02-08,2025-08-14,Expiring in 0 days - flag for clearance
5034,1,17,83,23,2026-08-17,BATCH-5034,2027-12-08,2026-08-17,
5035,9,853,107,57,2026-03-07,BATCH-5035,2027-12-09,2026-03-07,
5036,9,2258,102,50,2025-08-26,BATCH-5036,2027-12-30,2025-08-26,
5037,3,1465,77,51,2026-07-01,BATCH-5037,2029-11-27,2026-07-01,
5038,2,1960,74,53,2025-11-24,BATCH-5038,2028-02-11,2025-11-24,
5039,11,1699,117,57,2025-12-29,BATCH-5039,2028-08-10,2025-12-29,
5040,8,2239,68,42,2025-06-17,BATCH-5040,2026-09-26,2025-06-17,Expiring in 16 days - flag for clearance
5041,5,3444,69,38,2026-08-31,BATCH-5041,2027-07-22,2026-08-31,
5042,9,4954,25,37,2026-03-02,BATCH-5042,2026-03-21,2026-03-02,Expiring in 0 days - flag for clearance; Below reorder level - reorder placed 2026-03-07
5043,12,2629,30,17,2026-07-04,BATCH-5043,2025-12-13,2026-07-04,Expiring in 0 days - flag for clearance
5044,6,2404,96,22,2026-02-04,BATCH-5044,2026-11-19,2026-02-04,Expiring in 70 days - monitor
5045,5,3929,49,38,2025-06-10,BATCH-5045,2028-05-06,2025-06-10,
5046,5,512,59,20,2026-02-02,BATCH-5046,2026-01-08,2026-02-02,Expiring in 0 days - flag for clearance
5047,8,4883,105,21,2026-03-29,BATCH-5047,2029-06-30,2026-03-29,
5048,12,33,28,34,2025-09-19,BATCH-5048,2027-11-01,2025-09-19,Below reorder level - reorder placed 2025-09-27
5049,1,894,90,41,2026-03-13,BATCH-5049,2026-01-22,2026-03-13,Expiring in 0 days - flag for clearance
5050,5,249,56,47,2026-02-21,BATCH-5050,2029-07-05,2026-02-21,
5051,4,2579,0,16,2025-11-09,BATCH-5051,2029-07-30,2025-11-09,Below reorder level - reorder placed 2025-11-18
5052,5,1346,6,39,2025-07-04,BATCH-5052,2029-02-04,2025-07-04,Below reorder level - reorder placed 2025-07-17
5053,2,2973,29,17,2026-01-13,BATCH-5053,2027-12-19,2026-01-13,
5054,5,3280,119,24,2025-12-09,BATCH-5054,2028-01-09,2025-12-09,
5055,10,4816,50,50,2026-03-28,BATCH-5055,2028-11-16,2026-03-28,
5056,6,2032,49,28,2025-08-15,BATCH-5056,2027-10-31,2025-08-15,
5057,12,778,4,48,2026-01-20,BATCH-5057,2026-04-13,2026-01-20,Expiring in 0 days - flag for clearance; Below reorder level - reorder placed 2026-01-28
5058,5,2596,61,44,2025-10-28,BATCH-5058,2028-03-20,2025-10-28,
5059,7,2267,100,44,2026-05-17,BATCH-5059,2027-07-22,2026-05-17,
5060,2,1831,7,26,2026-03-11,BATCH-5060,2027-07-19,2026-03-11,
5061,9,1968,82,52,2025-07-13,BATCH-5061,2026-09-05,2025-07-13,Expiring in 0 days - flag for clearance
5062,10,4353,29,55,2026-01-14,BATCH-5062,2028-09-24,2026-01-14,
5063,5,4461,38,24,2025-10-22,BATCH-5063,2027-05-02,2025-10-22,
5064,4,4811,55,58,2026-08-12,BATCH-5064,2026-04-25,2026-08-12,Expiring in 0 days - flag for clearance; Below reorder level - reorder placed 2026-08-25
5065,6,4705,10,24,2026-03-30,BATCH-5065,2027-04-19,2026-03-30,Below reorder level - reorder placed 2026-04-02
5066,5,2389,23,56,2025-06-02,BATCH-5066,2029-08-06,2025-06-02,
5067,9,700,78,16,2025-10-03,BATCH-5067,2028-02-18,2025-10-03,
5068,5,3196,65,59,2025-06-15,BATCH-5068,2026-09-15,2025-06-15,Expiring in 5 days - flag for clearance
5069,9,498,81,37,2025-08-12,BATCH-5069,2029-12-12,2025-08-12,
5070,3,1693,60,23,2026-08-15,BATCH-5070,2029-06-22,2026-08-15,
5071,6,2584,116,40,2025-08-07,BATCH-5071,2028-09-15,2025-08-07,
5072,8,4181,91,55,2025-08-13,BATCH-5072,2028-05-26,2025-08-13,
5073,3,2986,40,48,2026-05-21,BATCH-5073,2029-07-05,2026-05-21,Below reorder level - reorder placed 2026-06-02
5074,11,4335,36,32,2025-06-22,BATCH-5074,2027-01-31,2025-06-22,
5075,1,4625,39,32,2026-06-06,BATCH-5075,2027-10-04,2026-06-06,
5076,10,4660,22,39,2026-01-14,BATCH-5076,2028-03-04,2026-01-14,Below reorder level - reorder placed 2026-01-22
5077,2,2319,83,17,2026-01-31,BATCH-5077,2029-08-27,2026-01-31,
5078,5,4317,48,30,2025-08-06,BATCH-5078,2027-09-11,2025-08-06,
5079,6,4779,1,30,2026-01-06,BATCH-5079,2029-03-03,2026-01-06,Below reorder level - reorder placed 2026-01-19
5080,3,2476,21,43,2025-07-23,BATCH-5080,2028-05-09,2025-07-23,Below reorder level - reorder placed 2025-07-30
5081,4,3664,67,58,2026-08-30,BATCH-5081,2029-08-02,2026-08-30,
5082,2,1345,84,30,2025-10-01,BATCH-5082,2026-02-25,2025-10-01,Expiring in 0 days - flag for clearance
5083,11,3147,6,52,2026-07-14,BATCH-5083,2026-06-21,2026-07-14,Expiring in 0 days - flag for clearance; Below reorder level - reorder placed 2026-07-21
5084,4,2537,33,37,2026-04-09,BATCH-5084,2026-11-05,2026-04-09,Expiring in 56 days - monitor
5085,7,1859,53,55,2025-10-19,BATCH-5085,2029-12-31,2025-10-19,Below reorder level - reorder placed 2025-10-25
5086,10,905,92,49,2026-03-21,BATCH-5086,2027-06-26,2026-03-21,
5087,1,3167,89,57,2026-04-30,BATCH-5087,2027-02-27,2026-04-30,
5088,9,2788,105,32,2026-06-05,BATCH-5088,2029-05-03,2026-06-05,
5089,3,2838,117,53,2026-08-07,BATCH-5089,2029-06-18,2026-08-07,
5090,6,4033,4,38,2025-12-10,BATCH-5090,2026-07-23,2025-12-10,Expiring in 0 days - flag for clearance
5091,10,2455,75,28,2025-06-16,BATCH-5091,2028-07-01,2025-06-16,
5092,11,4777,29,53,2026-04-16,BATCH-5092,2030-01-06,2026-04-16,Below reorder level - reorder placed 2026-04-27
5093,7,3706,63,44,2025-08-20,BATCH-5093,2029-12-23,2025-08-20,
5094,6,4413,49,30,2026-03-08,BATCH-5094,2026-06-06,2026-03-08,Expiring in 0 days - flag for clearance
5095,10,4011,22,30,2025-12-01,BATCH-5095,2026-11-25,2025-12-01,Below reorder level - reorder placed 2025-12-13
5096,5,2348,64,53,2025-11-23,BATCH-5096,2026-01-11,2025-11-23,Expiring in 0 days - flag for clearance
5097,10,2606,61,39,2026-04-27,BATCH-5097,2029-03-30,2026-04-27,
5098,11,4351,111,59,2026-07-02,BATCH-5098,2026-08-21,2026-07-02,Expiring in 0 days - flag for clearance
5099,8,1844,57,49,2026-08-08,BATCH-5099,2027-11-16,2026-08-08,
5100,9,3201,109,17,2026-02-14,BATCH-5100,2029-04-09,2026-02-14,
5101,3,4708,35,51,2025-11-03,BATCH-5101,2027-04-27,2025-11-03,Below reorder level - reorder placed 2025-11-15
5102,11,205,111,55,2025-11-12,BATCH-5102,2026-12-05,2025-11-12,Expiring in 86 days - monitor
5103,10,1958,41,16,2026-01-04,BATCH-5103,2026-12-10,2026-01-04,
5104,7,1649,95,59,2026-08-18,BATCH-5104,2026-11-01,2026-08-18,Expiring in 52 days - monitor
5105,4,4562,70,23,2025-09-02,BATCH-5105,2028-02-06,2025-09-02,
5106,6,103,20,41,2025-11-18,BATCH-5106,2029-08-11,2025-11-18,
5107,7,2549,107,34,2026-07-12,BATCH-5107,2029-06-17,2026-07-12,
5108,1,1225,17,59,2026-08-28,BATCH-5108,2027-04-02,2026-08-28,Below reorder level - reorder placed 2026-09-06
5109,6,4456,70,46,2026-01-09,BATCH-5109,2028-02-24,2026-01-09,
5110,12,3912,111,28,2025-10-06,BATCH-5110,2026-08-30,2025-10-06,Expiring in 0 days - flag for clearance
5111,5,1418,83,25,2026-05-23,BATCH-5111,2028-05-27,2026-05-23,
5112,10,2874,118,58,2026-06-04,BATCH-5112,2028-02-17,2026-06-04,
5113,2,3239,39,26,2026-07-11,BATCH-5113,2027-10-14,2026-07-11,
5114,10,3820,43,39,2025-11-27,BATCH-5114,2028-10-10,2025-11-27,
5115,10,3728,52,15,2025-12-15,BATCH-5115,2027-09-28,2025-12-15,
5116,11,1936,50,42,2026-02-14,BATCH-5116,2029-01-17,2026-02-14,
5117,8,2422,108,25,2025-09-19,BATCH-5117,2028-02-12,2025-09-19,
5118,8,1029,38,53,2025-07-15,BATCH-5118,2028-10-03,2025-07-15,Below reorder level - reorder placed 2025-07-22
5119,7,414,116,20,2026-02-23,BATCH-5119,2026-10-23,2026-02-23,Expiring in 43 days - monitor
5120,3,428,56,43,2026-08-14,BATCH-5120,2029-11-14,2026-08-14,
5121,7,2273,3,57,2026-04-03,BATCH-5121,2027-11-28,2026-04-03,
5122,6,4423,19,58,2025-11-11,BATCH-5122,2026-06-02,2025-11-11,Expiring in 0 days - flag for clearance; Below reorder level - reorder placed 2025-11-18
5123,7,3366,4,42,2025-09-13,BATCH-5123,2029-03-16,2025-09-13,Below reorder level - reorder placed 2025-09-18
5124,10,3321,9,40,2026-07-24,BATCH-5124,2027-04-16,2026-07-24,
5125,7,419,40,42,2025-08-21,BATCH-5125,2025-12-20,2025-08-21,Expiring in 0 days - flag for clearance; Below reorder level - reorder placed 2025-08-25
5126,11,2823,57,27,2026-04-07,BATCH-5126,2027-01-28,2026-04-07,
5127,6,2989,108,23,2026-05-07,BATCH-5127,2026-04-05,2026-05-07,Expiring in 0 days - flag for clearance
5128,1,3104,69,21,2026-08-12,BATCH-5128,2027-02-18,2026-08-12,
5129,2,4303,22,59,2026-03-24,BATCH-5129,2027-01-02,2026-03-24,
5130,11,3776,68,58,2025-10-17,BATCH-5130,2026-08-29,2025-10-17,Expiring in 0 days - flag for clearance
5131,4,1777,22,34,2025-11-08,BATCH-5131,2026-07-09,2025-11-08,Expiring in 0 days - flag for clearance; Below reorder level - reorder placed 2025-11-21
5132,2,2004,75,55,2025-11-20,BATCH-5132,2028-08-20,2025-11-20,
5133,5,433,90,15,2026-02-03,BATCH-5133,2028-05-20,2026-02-03,
5134,6,2105,89,25,2025-06-27,BATCH-5134,2026-09-11,2025-06-27,Expiring in 1 days - flag for clearance
5135,8,634,46,56,2025-12-28,BATCH-5135,2028-04-12,2025-12-28,Below reorder level - reorder placed 2026-01-07
5136,6,567,9,54,2026-04-27,BATCH-5136,2027-11-21,2026-04-27,Below reorder level - reorder placed 2026-05-10
5137,6,1861,4,49,2025-12-02,BATCH-5137,2027-05-24,2025-12-02,Below reorder level - reorder placed 2025-12-05
5138,9,1852,53,15,2026-03-16,BATCH-5138,2027-02-12,2026-03-16,
5139,11,2124,25,17,2025-12-02,BATCH-5139,2028-09-20,2025-12-02,
5140,3,4072,112,23,2025-12-16,BATCH-5140,2028-10-08,2025-12-16,
5141,8,3177,61,44,2025-09-19,BATCH-5141,2029-11-28,2025-09-19,
5142,11,4921,93,35,2026-03-06,BATCH-5142,2027-07-07,2026-03-06,
5143,1,281,28,30,2025-12-11,BATCH-5143,2027-10-15,2025-12-11,Below reorder level - reorder placed 2025-12-21
5144,11,69,15,53,2025-07-07,BATCH-5144,2029-09-03,2025-07-07,Below reorder level - reorder placed 2025-07-19
5145,1,4068,20,25,2026-07-29,BATCH-5145,2028-07-26,2026-07-29,Below reorder level - reorder placed 2026-08-10
5146,2,4411,6,42,2026-06-20,BATCH-5146,2027-02-24,2026-06-20,Below reorder level - reorder placed 2026-06-30
5147,8,4937,49,35,2025-07-28,BATCH-5147,2029-06-22,2025-07-28,
5148,12,4950,20,59,2026-04-22,BATCH-5148,2027-07-26,2026-04-22,Below reorder level - reorder placed 2026-05-01
5149,5,743,35,59,2026-08-20,BATCH-5149,2027-03-29,2026-08-20,
5150,3,4576,35,25,2025-12-31,BATCH-5150,2026-05-12,2025-12-31,Expiring in 0 days - flag for clearance
5151,12,4684,12,39,2025-11-05,BATCH-5151,2028-03-14,2025-11-05,Below reorder level - reorder placed 2025-11-13
5152,11,1842,79,47,2026-07-25,BATCH-5152,2028-12-02,2026-07-25,
5153,10,4849,80,38,2026-07-25,BATCH-5153,2026-11-12,2026-07-25,Expiring in 63 days - monitor
5154,7,4147,105,50,2026-04-27,BATCH-5154,2026-11-30,2026-04-27,
5155,2,972,70,51,2026-08-23,BATCH-5155,2028-08-18,2026-08-23,
5156,10,2234,79,26,2026-01-11,BATCH-5156,2027-04-18,2026-01-11,
5157,2,2622,31,28,2025-09-11,BATCH-5157,2028-07-14,2025-09-11,
5158,1,910,53,43,2026-03-29,BATCH-5158,2027-09-20,2026-03-29,
5159,1,1326,37,58,2025-07-09,BATCH-5159,2029-10-20,2025-07-09,Below reorder level - reorder placed 2025-07-20
5160,7,3590,99,18,2025-09-20,BATCH-5160,2027-08-06,2025-09-20,
5161,10,1261,106,54,2026-07-05,BATCH-5161,2028-10-18,2026-07-05,
5162,10,4976,13,17,2026-06-16,BATCH-5162,2027-05-21,2026-06-16,
5163,11,4712,79,45,2025-12-26,BATCH-5163,2026-02-23,2025-12-26,Expiring in 0 days - flag for clearance
5164,10,32,10,43,2026-05-06,BATCH-5164,2027-04-22,2026-05-06,Below reorder level - reorder placed 2026-05-15
5165,3,3129,77,48,2025-07-09,BATCH-5165,2028-09-26,2025-07-09,
5166,8,1633,31,57,2025-11-08,BATCH-5166,2028-11-12,2025-11-08,Below reorder level - reorder placed 2025-11-16
5167,5,4376,61,19,2026-06-29,BATCH-5167,2028-01-20,2026-06-29,
5168,2,704,76,24,2026-03-22,BATCH-5168,2026-12-10,2026-03-22,
5169,6,3795,64,36,2026-06-25,BATCH-5169,2029-12-10,2026-06-25,
5170,7,1183,38,52,2026-06-15,BATCH-5170,2028-05-02,2026-06-15,Below reorder level - reorder placed 2026-06-23
5171,3,2652,102,52,2025-12-07,BATCH-5171,2026-09-20,2025-12-07,Expiring in 10 days - flag for clearance
5172,7,3485,93,50,2026-07-24,BATCH-5172,2029-04-10,2026-07-24,
5173,6,872,23,35,2026-05-13,BATCH-5173,2028-06-28,2026-05-13,Below reorder level - reorder placed 2026-05-21
5174,7,1027,80,16,2026-02-16,BATCH-5174,2026-09-09,2026-02-16,Expiring in 0 days - flag for clearance
5175,2,3196,78,50,2025-10-19,BATCH-5175,2026-09-15,2025-10-19,Expiring in 5 days - flag for clearance
5176,1,3211,40,27,2026-07-06,BATCH-5176,2029-11-21,2026-07-06,
5177,8,2715,94,19,2026-04-10,BATCH-5177,2026-11-30,2026-04-10,
5178,8,823,93,45,2026-07-12,BATCH-5178,2029-04-10,2026-07-12,
5179,9,4505,115,16,2026-05-02,BATCH-5179,2029-12-31,2026-05-02,
5180,8,538,41,22,2025-08-14,BATCH-5180,2026-12-26,2025-08-14,
5181,7,849,102,37,2025-12-07,BATCH-5181,2029-03-15,2025-12-07,
5182,3,3224,68,48,2026-03-24,BATCH-5182,2026-10-22,2026-03-24,Expiring in 42 days - monitor
5183,3,3794,72,58,2026-08-29,BATCH-5183,2029-12-16,2026-08-29,
5184,1,4265,99,34,2026-06-04,BATCH-5184,2029-02-20,2026-06-04,
5185,6,433,67,46,2026-06-07,BATCH-5185,2028-05-20,2026-06-07,
5186,11,1424,67,27,2026-03-26,BATCH-5186,2029-08-03,2026-03-26,
5187,5,3789,64,22,2025-08-08,BATCH-5187,2027-03-10,2025-08-08,
5188,11,3775,113,39,2026-01-16,BATCH-5188,2027-07-18,2026-01-16,
5189,3,2515,61,29,2025-11-09,BATCH-5189,2026-08-16,2025-11-09,Expiring in 0 days - flag for clearance
5190,6,2400,87,25,2026-08-27,BATCH-5190,2025-12-28,2026-08-27,Expiring in 0 days - flag for clearance
5191,2,4616,95,50,2026-07-26,BATCH-5191,2026-03-20,2026-07-26,Expiring in 0 days - flag for clearance
5192,9,2617,114,34,2025-06-09,BATCH-5192,2028-02-18,2025-06-09,
5193,7,357,101,49,2026-06-22,BATCH-5193,2028-12-25,2026-06-22,
5194,9,1092,74,35,2026-05-13,BATCH-5194,2028-11-05,2026-05-13,
5195,9,115,57,46,2025-11-23,BATCH-5195,2026-12-24,2025-11-23,
5196,8,4104,22,42,2026-05-02,BATCH-5196,2026-08-24,2026-05-02,Expiring in 0 days - flag for clearance; Below reorder level - reorder placed 2026-05-06
5197,4,3783,10,31,2026-07-14,BATCH-5197,2027-11-13,2026-07-14,Below reorder level - reorder placed 2026-07-18
5198,2,193,89,53,2025-11-14,BATCH-5198,2026-02-17,2025-11-14,Expiring in 0 days - flag for clearance
5199,12,2681,115,56,2026-03-08,BATCH-5199,2029-11-14,2026-03-08,
5200,1,1261,5,30,2026-07-08,BATCH-5200,2028-10-18,2026-07-08,
5201,9,3243,84,26,2025-07-27,BATCH-5201,2026-11-27,2025-07-27,
5202,10,2702,105,20,2025-08-29,BATCH-5202,2026-05-19,2025-08-29,Expiring in 0 days - flag for clearance
5203,3,2466,46,48,2026-07-12,BATCH-5203,2029-03-25,2026-07-12,Below reorder level - reorder placed 2026-07-24
5204,7,4587,82,41,2026-05-20,BATCH-5204,2029-10-31,2026-05-20,
5205,7,2701,90,23,2026-04-16,BATCH-5205,2026-02-03,2026-04-16,Expiring in 0 days - flag for clearance
5206,9,2666,27,18,2026-06-11,BATCH-5206,2027-04-05,2026-06-11,
5207,8,444,65,51,2026-04-23,BATCH-5207,2026-04-15,2026-04-23,Expiring in 0 days - flag for clearance
5208,5,4248,103,25,2025-07-25,BATCH-5208,2028-08-25,2025-07-25,
5209,11,4367,98,18,2026-06-29,BATCH-5209,2026-09-29,2026-06-29,Expiring in 19 days - flag for clearance
5210,11,3867,23,34,2026-02-10,BATCH-5210,2026-05-09,2026-02-10,Expiring in 0 days - flag for clearance; Below reorder level - reorder placed 2026-02-23
5211,7,482,81,29,2025-08-03,BATCH-5211,2026-12-16,2025-08-03,
5212,2,3708,70,30,2025-07-19,BATCH-5212,2029-10-15,2025-07-19,
5213,7,271,41,47,2025-07-18,BATCH-5213,2026-06-11,2025-07-18,Expiring in 0 days - flag for clearance
5214,3,1270,115,41,2026-05-04,BATCH-5214,2026-11-08,2026-05-04,
5215,5,2173,110,49,2025-06-14,BATCH-5215,2026-07-22,2025-06-14,Expiring in 0 days - flag for clearance
5216,10,4526,11,41,2026-07-19,BATCH-5216,2026-12-19,2026-07-19,
5217,7,3577,104,58,2026-05-17,BATCH-5217,2028-07-22,2026-05-17,
5218,4,2008,116,48,2026-08-22,BATCH-5218,2027-07-05,2026-08-22,
5219,1,832,10,15,2025-07-30,BATCH-5219,2028-11-26,2025-07-30,
5220,4,662,53,19,2026-01-26,BATCH-5220,2026-06-20,2026-01-26,Expiring in 0 days - flag for clearance
5221,7,3363,49,34,2025-06-18,BATCH-5221,2026-01-23,2025-06-18,Expiring in 0 days - flag for clearance
5222,7,2551,28,46,2025-06-10,BATCH-5222,2027-05-12,2025-06-10,Below reorder level - reorder placed 2025-06-20
5223,11,684,85,28,2026-04-12,BATCH-5223,2029-06-15,2026-04-12,
5224,2,3363,59,27,2026-02-10,BATCH-5224,2026-01-23,2026-02-10,Expiring in 0 days - flag for clearance
5225,12,4055,53,46,2025-12-12,BATCH-5225,2029-09-25,2025-12-12,
5226,4,352,2,38,2026-02-15,BATCH-5226,2029-12-08,2026-02-15,
5227,2,2884,23,51,2026-07-23,BATCH-5227,2029-04-18,2026-07-23,Below reorder level - reorder placed 2026-08-05
5228,6,2197,54,18,2026-08-30,BATCH-5228,2026-10-09,2026-08-30,Expiring in 29 days - flag for clearance
5229,10,87,92,51,2026-04-05,BATCH-5229,2026-12-16,2026-04-05,
5230,7,1304,117,42,2025-07-10,BATCH-5230,2026-11-26,2025-07-10,
5231,2,2094,101,17,2026-06-21,BATCH-5231,2028-09-23,2026-06-21,
5232,3,66,114,27,2025-08-02,BATCH-5232,2026-12-01,2025-08-02,Expiring in 82 days - monitor
5233,8,1499,90,30,2025-07-04,BATCH-5233,2029-09-14,2025-07-04,
5234,12,2020,48,57,2025-12-14,BATCH-5234,2027-10-19,2025-12-14,
5235,10,2807,62,42,2025-11-29,BATCH-5235,2027-08-31,2025-11-29,
5236,12,4285,105,18,2025-12-16,BATCH-5236,2027-02-22,2025-12-16,
5237,4,2419,39,18,2026-02-03,BATCH-5237,2026-09-26,2026-02-03,Expiring in 16 days - flag for clearance
5238,6,2295,60,51,2025-12-01,BATCH-5238,2026-01-07,2025-12-01,Expiring in 0 days - flag for clearance
5239,10,4779,97,47,2025-09-26,BATCH-5239,2029-03-03,2025-09-26,
5240,7,2733,78,48,2026-08-22,BATCH-5240,2026-01-13,2026-08-22,Expiring in 0 days - flag for clearance
5241,7,167,81,41,2026-04-29,BATCH-5241,2026-07-14,2026-04-29,Expiring in 0 days - flag for clearance
5242,12,55,74,56,2026-02-21,BATCH-5242,2028-07-26,2026-02-21,
5243,10,2198,87,29,2025-11-05,BATCH-5243,2027-08-23,2025-11-05,
5244,1,57,14,56,2025-10-19,BATCH-5244,2029-10-05,2025-10-19,Below reorder level - reorder placed 2025-10-28
5245,12,4014,106,52,2025-10-22,BATCH-5245,2028-05-18,2025-10-22,
5246,10,4862,86,31,2026-03-01,BATCH-5246,2029-01-05,2026-03-01,
5247,9,744,76,46,2026-05-30,BATCH-5247,2027-07-01,2026-05-30,
5248,2,3927,3,52,2026-04-21,BATCH-5248,2028-11-17,2026-04-21,Below reorder level - reorder placed 2026-04-24
5249,3,1089,98,25,2026-01-19,BATCH-5249,2026-10-17,2026-01-19,Expiring in 37 days - monitor
5250,8,4917,116,40,2025-10-30,BATCH-5250,2028-09-06,2025-10-30,
5251,12,2468,40,58,2025-10-24,BATCH-5251,2027-05-14,2025-10-24,
5252,4,792,7,48,2026-01-11,BATCH-5252,2026-06-13,2026-01-11,Expiring in 0 days - flag for clearance
5253,6,1476,93,46,2025-09-13,BATCH-5253,2026-10-08,2025-09-13,Expiring in 28 days - flag for clearance
5254,9,3261,15,15,2025-07-09,BATCH-5254,2028-06-29,2025-07-09,
5255,12,2979,70,41,2025-09-28,BATCH-5255,2026-05-11,2025-09-28,Expiring in 0 days - flag for clearance
5256,9,2560,88,25,2026-06-07,BATCH-5256,2027-04-21,2026-06-07,
5257,6,22,18,21,2026-01-14,BATCH-5257,2029-08-25,2026-01-14,
5258,12,1223,16,23,2025-06-11,BATCH-5258,2027-12-29,2025-06-11,Below reorder level - reorder placed 2025-06-20
5259,4,4753,29,28,2025-08-11,BATCH-5259,2029-02-23,2025-08-11,
5260,3,2605,37,37,2025-07-04,BATCH-5260,2029-07-15,2025-07-04,
5261,5,2018,14,23,2026-06-14,BATCH-5261,2027-11-13,2026-06-14,Below reorder level - reorder placed 2026-06-21
5262,4,3924,91,34,2026-07-13,BATCH-5262,2026-05-14,2026-07-13,Expiring in 0 days - flag for clearance
5263,5,2897,36,19,2026-01-26,BATCH-5263,2027-07-04,2026-01-26,
5264,10,3454,83,24,2025-08-20,BATCH-5264,2026-01-29,2025-08-20,Expiring in 0 days - flag for clearance
5265,9,669,23,42,2026-03-03,BATCH-5265,2028-12-12,2026-03-03,
5266,3,4451,2,45,2025-12-20,BATCH-5266,2027-02-02,2025-12-20,
5267,3,3433,1,23,2026-05-11,BATCH-5267,2026-03-05,2026-05-11,Expiring in 0 days - flag for clearance; Below reorder level - reorder placed 2026-05-24
5268,1,2071,7,23,2025-09-10,BATCH-5268,2029-02-03,2025-09-10,Below reorder level - reorder placed 2025-09-16
5269,4,324,43,23,2025-07-30,BATCH-5269,2027-08-24,2025-07-30,
5270,11,582,13,59,2025-06-30,BATCH-5270,2028-06-15,2025-06-30,Below reorder level - reorder placed 2025-07-10
5271,12,3073,48,38,2026-04-03,BATCH-5271,2028-09-07,2026-04-03,
5272,4,2540,76,55,2026-06-07,BATCH-5272,2027-11-08,2026-06-07,
5273,12,3962,9,31,2025-09-20,BATCH-5273,2029-01-03,2025-09-20,
5274,9,1910,66,18,2026-06-20,BATCH-5274,2026-12-15,2026-06-20,
5275,6,3754,15,31,2025-10-13,BATCH-5275,2028-08-03,2025-10-13,
5276,8,3099,24,15,2026-05-13,BATCH-5276,2028-06-07,2026-05-13,
5277,6,3396,107,49,2026-08-27,BATCH-5277,2026-12-26,2026-08-27,
5278,10,4394,26,19,2026-02-10,BATCH-5278,2029-11-20,2026-02-10,
5279,3,3087,80,47,2025-09-04,BATCH-5279,2027-06-10,2025-09-04,
5280,2,3822,93,26,2025-06-06,BATCH-5280,2029-10-25,2025-06-06,
5281,1,1951,83,57,2025-06-19,BATCH-5281,2027-07-31,2025-06-19,
5282,12,554,82,59,2026-03-17,BATCH-5282,2028-03-12,2026-03-17,
5283,4,77,64,41,2025-10-29,BATCH-5283,2027-08-27,2025-10-29,
5284,4,1732,109,55,2025-10-05,BATCH-5284,2026-10-15,2025-10-05,Expiring in 35 days - monitor
5285,7,735,90,22,2025-07-22,BATCH-5285,2028-09-15,2025-07-22,
5286,10,2428,60,24,2025-06-09,BATCH-5286,2029-11-24,2025-06-09,
5287,7,85,87,36,2025-11-11,BATCH-5287,2027-08-09,2025-11-11,
5288,8,1289,60,35,2026-03-16,BATCH-5288,2026-10-26,2026-03-16,Expiring in 46 days - monitor
5289,4,2290,41,36,2026-07-01,BATCH-5289,2028-05-05,2026-07-01,
5290,8,2025,109,19,2026-07-16,BATCH-5290,2029-10-28,2026-07-16,
5291,7,4417,92,58,2026-06-30,BATCH-5291,2026-12-08,2026-06-30,
5292,1,3530,84,17,2026-07-31,BATCH-5292,2027-09-12,2026-07-31,
5293,3,4635,111,44,2025-07-31,BATCH-5293,2028-02-22,2025-07-31,
5294,3,475,101,21,2025-08-03,BATCH-5294,2029-09-27,2025-08-03,
5295,11,3764,93,40,2026-01-22,BATCH-5295,2027-02-11,2026-01-22,
5296,4,490,18,31,2026-05-23,BATCH-5296,2029-12-09,2026-05-23,Below reorder level - reorder placed 2026-05-29
5297,7,2723,24,59,2026-08-08,BATCH-5297,2026-07-04,2026-08-08,Expiring in 0 days - flag for clearance; Below reorder level - reorder placed 2026-08-15
5298,1,3580,100,30,2026-05-29,BATCH-5298,2029-12-15,2026-05-29,
5299,7,3669,12,21,2025-06-06,BATCH-5299,2026-04-14,2025-06-06,Expiring in 0 days - flag for clearance
5300,8,754,98,43,2026-07-16,BATCH-5300,2028-02-21,2026-07-16,
5301,9,960,87,27,2025-07-05,BATCH-5301,2026-12-07,2025-07-05,
5302,8,4824,116,37,2026-07-31,BATCH-5302,2030-01-03,2026-07-31,
5303,7,289,45,45,2026-08-30,BATCH-5303,2029-09-11,2026-08-30,
5304,4,1869,114,19,2025-10-11,BATCH-5304,2028-12-09,2025-10-11,
5305,5,3607,27,46,2026-04-21,BATCH-5305,2027-12-19,2026-04-21,Below reorder level - reorder placed 2026-04-29
5306,11,3302,87,20,2025-10-15,BATCH-5306,2026-05-25,2025-10-15,Expiring in 0 days - flag for clearance
5307,10,4384,10,58,2026-08-04,BATCH-5307,2027-09-21,2026-08-04,
5308,3,4754,58,23,2026-05-01,BATCH-5308,2026-11-27,2026-05-01,Expiring in 78 days - monitor
5309,12,612,108,21,2025-06-11,BATCH-5309,2026-09-21,2025-06-11,Expiring in 11 days - flag for clearance
5310,1,548,64,50,2025-12-10,BATCH-5310,2026-09-21,2025-12-10,Expiring in 11 days - flag for clearance
5311,2,2478,89,27,2025-09-16,BATCH-5311,2026-09-12,2025-09-16,Expiring in 2 days - flag for clearance
5312,2,1782,78,40,2026-05-02,BATCH-5312,2028-02-11,2026-05-02,
5313,8,3432,83,24,2025-11-18,BATCH-5313,2026-04-27,2025-11-18,Expiring in 0 days - flag for clearance
5314,6,3142,55,15,2025-07-08,BATCH-5314,2026-04-18,2025-07-08,Expiring in 0 days - flag for clearance
5315,7,4008,77,21,2026-08-20,BATCH-5315,2028-12-11,2026-08-20,
5316,9,4773,8,37,2026-04-10,BATCH-5316,2029-10-11,2026-04-10,
5317,3,3149,59,24,2026-04-19,BATCH-5317,2029-09-02,2026-04-19,
5318,4,316,45,17,2026-05-16,BATCH-5318,2029-07-02,2026-05-16,
5319,8,4186,92,23,2025-07-08,BATCH-5319,2028-09-21,2025-07-08,
5320,8,2739,21,23,2026-06-13,BATCH-5320,2029-07-04,2026-06-13,Below reorder level - reorder placed 2026-06-25
5321,6,1927,31,23,2025-11-29,BATCH-5321,2028-07-24,2025-11-29,
5322,9,120,40,23,2025-09-13,BATCH-5322,2029-09-24,2025-09-13,
5323,4,2847,41,35,2026-02-11,BATCH-5323,2026-09-06,2026-02-11,Expiring in 0 days - flag for clearance
5324,10,3049,52,25,2026-07-30,BATCH-5324,2026-09-01,2026-07-30,Expiring in 0 days - flag for clearance
5325,3,519,78,27,2026-02-21,BATCH-5325,2029-09-02,2026-02-21,
5326,12,1872,26,35,2026-04-30,BATCH-5326,2029-06-08,2026-04-30,Below reorder level - reorder placed 2026-05-03
5327,10,568,58,54,2026-02-26,BATCH-5327,2028-06-13,2026-02-26,
5328,6,3806,100,39,2026-04-11,BATCH-5328,2027-03-28,2026-04-11,
5329,12,1258,12,48,2026-02-07,BATCH-5329,2027-06-26,2026-02-07,Below reorder level - reorder placed 2026-02-19
5330,7,4982,93,45,2025-12-25,BATCH-5330,2027-10-18,2025-12-25,
5331,1,153,42,39,2026-03-27,BATCH-5331,2026-07-05,2026-03-27,Expiring in 0 days - flag for clearance
5332,4,3672,110,22,2026-01-05,BATCH-5332,2027-01-14,2026-01-05,
5333,1,1133,10,52,2025-09-22,BATCH-5333,2029-10-09,2025-09-22,Below reorder level - reorder placed 2025-09-26
5334,10,1501,9,36,2025-12-21,BATCH-5334,2028-07-23,2025-12-21,Below reorder level - reorder placed 2026-01-02
5335,6,1238,83,37,2026-07-18,BATCH-5335,2027-08-31,2026-07-18,
5336,10,4834,50,53,2026-04-11,BATCH-5336,2026-06-23,2026-04-11,Expiring in 0 days - flag for clearance
5337,4,3334,109,38,2026-05-09,BATCH-5337,2028-11-01,2026-05-09,
5338,8,2988,52,49,2026-04-29,BATCH-5338,2026-12-14,2026-04-29,
5339,12,2507,80,28,2025-11-28,BATCH-5339,2029-03-15,2025-11-28,
5340,10,40,73,22,2026-02-12,BATCH-5340,2028-04-08,2026-02-12,
5341,10,4813,18,21,2025-06-11,BATCH-5341,2028-11-07,2025-06-11,Below reorder level - reorder placed 2025-06-24
5342,11,1622,102,58,2026-04-29,BATCH-5342,2027-01-17,2026-04-29,
5343,2,4245,51,20,2026-08-16,BATCH-5343,2029-01-27,2026-08-16,
5344,7,4785,60,43,2026-08-31,BATCH-5344,2028-02-29,2026-08-31,
5345,4,3898,62,19,2026-07-13,BATCH-5345,2029-09-15,2026-07-13,
5346,4,4093,85,34,2026-04-14,BATCH-5346,2029-08-03,2026-04-14,
5347,10,285,62,41,2026-08-25,BATCH-5347,2026-06-29,2026-08-25,Expiring in 0 days - flag for clearance
5348,6,3694,67,38,2025-06-29,BATCH-5348,2027-12-23,2025-06-29,
5349,2,2978,53,33,2025-10-11,BATCH-5349,2029-09-09,2025-10-11,
5350,6,4313,89,24,2026-03-28,BATCH-5350,2027-06-10,2026-03-28,
5351,11,2243,117,39,2025-11-28,BATCH-5351,2026-12-22,2025-11-28,
5352,3,2792,97,37,2025-10-29,BATCH-5352,2026-01-29,2025-10-29,Expiring in 0 days - flag for clearance
5353,11,3985,49,26,2026-06-19,BATCH-5353,2028-05-27,2026-06-19,
5354,1,4510,106,35,2026-07-06,BATCH-5354,2029-09-30,2026-07-06,
5355,1,251,86,54,2026-01-25,BATCH-5355,2028-04-19,2026-01-25,
5356,7,3020,71,23,2025-10-22,BATCH-5356,2028-06-07,2025-10-22,
5357,6,4246,70,31,2025-06-26,BATCH-5357,2029-04-25,2025-06-26,
5358,9,3659,33,25,2026-07-01,BATCH-5358,2027-07-05,2026-07-01,
5359,6,1168,56,28,2026-07-02,BATCH-5359,2029-01-17,2026-07-02,
5360,2,2727,32,26,2026-06-26,BATCH-5360,2025-12-31,2026-06-26,Expiring in 0 days - flag for clearance
5361,10,3426,58,57,2025-11-02,BATCH-5361,2026-05-10,2025-11-02,Expiring in 0 days - flag for clearance
5362,6,4174,82,54,2026-08-03,BATCH-5362,2027-04-29,2026-08-03,
5363,3,4571,102,26,2025-09-19,BATCH-5363,2030-01-08,2025-09-19,
5364,3,2312,64,28,2025-07-24,BATCH-5364,2028-12-02,2025-07-24,
5365,1,2923,40,58,2026-03-24,BATCH-5365,2028-08-22,2026-03-24,Below reorder level - reorder placed 2026-03-31
5366,1,2336,39,56,2026-03-25,BATCH-5366,2026-03-03,2026-03-25,Expiring in 0 days - flag for clearance; Below reorder level - reorder placed 2026-03-29
5367,10,2554,105,43,2026-07-24,BATCH-5367,2028-09-20,2026-07-24,
5368,10,1250,2,27,2026-02-12,BATCH-5368,2027-10-11,2026-02-12,Below reorder level - reorder placed 2026-02-19
5369,2,605,73,31,2026-06-30,BATCH-5369,2026-11-26,2026-06-30,Expiring in 77 days - monitor
5370,12,1229,5,43,2025-07-02,BATCH-5370,2029-04-07,2025-07-02,
5371,1,464,89,43,2026-06-13,BATCH-5371,2027-05-17,2026-06-13,
5372,1,1784,67,34,2025-06-02,BATCH-5372,2027-03-18,2025-06-02,
5373,3,1320,17,31,2025-11-17,BATCH-5373,2029-02-15,2025-11-17,Below reorder level - reorder placed 2025-11-28
5374,9,4496,113,54,2026-02-12,BATCH-5374,2026-07-11,2026-02-12,Expiring in 0 days - flag for clearance
5375,6,4385,80,47,2026-02-10,BATCH-5375,2027-06-10,2026-02-10,
5376,1,1116,96,48,2025-09-09,BATCH-5376,2026-11-05,2025-09-09,
5377,12,1873,43,33,2026-01-04,BATCH-5377,2028-03-16,2026-01-04,
5378,1,4348,94,37,2026-07-15,BATCH-5378,2026-12-19,2026-07-15,
5379,4,2168,13,59,2025-08-30,BATCH-5379,2026-08-05,2025-08-30,Expiring in 0 days - flag for clearance; Below reorder level - reorder placed 2025-09-08
5380,6,3957,26,55,2026-05-07,BATCH-5380,2027-05-20,2026-05-07,Below reorder level - reorder placed 2026-05-16
5381,4,2137,76,25,2026-05-22,BATCH-5381,2029-12-11,2026-05-22,
5382,12,597,119,34,2025-11-20,BATCH-5382,2028-10-27,2025-11-20,
5383,3,1328,27,31,2025-11-21,BATCH-5383,2028-02-17,2025-11-21,Below reorder level - reorder placed 2025-11-26
5384,7,3040,5,27,2025-11-30,BATCH-5384,2026-12-18,2025-11-30,Below reorder level - reorder placed 2025-12-11
5385,6,1107,118,48,2026-03-01,BATCH-5385,2026-11-18,2026-03-01,
5386,10,2804,36,27,2025-11-28,BATCH-5386,2026-11-25,2025-11-28,
5387,1,4971,34,31,2026-05-20,BATCH-5387,2027-09-25,2026-05-20,
5388,12,2481,45,48,2025-10-29,BATCH-5388,2027-12-25,2025-10-29,Below reorder level - reorder placed 2025-11-01
5389,6,3116,5,41,2025-07-14,BATCH-5389,2027-04-30,2025-07-14,
5390,8,1047,29,19,2025-12-12,BATCH-5390,2027-04-25,2025-12-12,
5391,11,1865,106,57,2025-10-05,BATCH-5391,2027-01-06,2025-10-05,
5392,9,4741,82,42,2026-08-09,BATCH-5392,2028-08-06,2026-08-09,
5393,12,3982,53,53,2026-01-06,BATCH-5393,2029-11-19,2026-01-06,
5394,7,227,21,56,2026-04-15,BATCH-5394,2029-02-27,2026-04-15,Below reorder level - reorder placed 2026-04-18
5395,7,491,36,26,2025-12-27,BATCH-5395,2028-08-17,2025-12-27,
5396,9,3412,107,39,2026-03-11,BATCH-5396,2029-06-07,2026-03-11,
5397,4,2434,13,23,2025-07-06,BATCH-5397,2029-04-14,2025-07-06,Below reorder level - reorder placed 2025-07-10
5398,9,4735,41,36,2026-02-15,BATCH-5398,2027-11-14,2026-02-15,
5399,8,125,5,20,2025-06-23,BATCH-5399,2026-05-29,2025-06-23,Expiring in 0 days - flag for clearance; Below reorder level - reorder placed 2025-07-02
5400,9,1121,1,19,2026-04-10,BATCH-5400,2029-07-05,2026-04-10,Below reorder level - reorder placed 2026-04-13
5401,7,286,87,46,2025-08-14,BATCH-5401,2028-08-06,2025-08-14,
5402,10,2908,48,51,2025-11-07,BATCH-5402,2029-04-20,2025-11-07,
5403,6,1279,33,40,2025-10-24,BATCH-5403,2026-11-13,2025-10-24,Below reorder level - reorder placed 2025-11-06
5404,1,721,83,53,2025-08-25,BATCH-5404,2030-01-02,2025-08-25,
5405,8,266,94,39,2026-08-31,BATCH-5405,2028-11-14,2026-08-31,
5406,9,2813,113,59,2026-07-02,BATCH-5406,2029-05-20,2026-07-02,
5407,10,2877,16,56,2025-10-26,BATCH-5407,2026-12-19,2025-10-26,Below reorder level - reorder placed 2025-11-03
5408,2,891,63,38,2025-11-24,BATCH-5408,2029-07-03,2025-11-24,
5409,8,2706,3,48,2026-06-17,BATCH-5409,2027-10-03,2026-06-17,Below reorder level - reorder placed 2026-06-22
5410,10,4491,42,30,2025-08-01,BATCH-5410,2030-01-04,2025-08-01,
5411,1,1515,26,33,2025-07-26,BATCH-5411,2026-01-04,2025-07-26,Expiring in 0 days - flag for clearance
5412,8,792,64,33,2026-05-24,BATCH-5412,2026-06-13,2026-05-24,Expiring in 0 days - flag for clearance
5413,2,4069,22,16,2026-03-05,BATCH-5413,2026-06-21,2026-03-05,Expiring in 0 days - flag for clearance
5414,6,992,73,25,2025-06-30,BATCH-5414,2026-03-12,2025-06-30,Expiring in 0 days - flag for clearance
5415,3,1107,88,17,2025-12-18,BATCH-5415,2026-11-18,2025-12-18,Expiring in 69 days - monitor
5416,4,1186,22,21,2025-07-22,BATCH-5416,2028-03-15,2025-07-22,
5417,4,3472,21,26,2026-04-15,BATCH-5417,2027-09-10,2026-04-15,Below reorder level - reorder placed 2026-04-25
5418,5,4130,68,34,2025-07-18,BATCH-5418,2028-06-23,2025-07-18,
5419,1,1950,95,30,2026-01-16,BATCH-5419,2026-09-18,2026-01-16,Expiring in 8 days - flag for clearance
5420,3,1531,68,45,2026-05-25,BATCH-5420,2026-11-25,2026-05-25,
5421,6,2625,19,41,2026-01-31,BATCH-5421,2027-01-23,2026-01-31,
5422,9,4939,72,33,2025-10-03,BATCH-5422,2029-09-20,2025-10-03,
5423,8,1255,47,34,2026-01-28,BATCH-5423,2027-01-10,2026-01-28,
5424,6,11,76,35,2026-03-25,BATCH-5424,2030-01-20,2026-03-25,
5425,3,1637,80,31,2025-06-25,BATCH-5425,2029-11-15,2025-06-25,
5426,1,4557,58,36,2026-06-11,BATCH-5426,2027-10-20,2026-06-11,
5427,6,4355,16,28,2025-10-09,BATCH-5427,2026-10-17,2025-10-09,Below reorder level - reorder placed 2025-10-17
5428,12,34,56,47,2025-06-05,BATCH-5428,2026-02-25,2025-06-05,Expiring in 0 days - flag for clearance
5429,4,2851,85,24,2026-01-13,BATCH-5429,2026-05-29,2026-01-13,Expiring in 0 days - flag for clearance
5430,7,1521,80,58,2026-07-19,BATCH-5430,2027-04-04,2026-07-19,
5431,2,4673,63,55,2025-11-08,BATCH-5431,2028-09-08,2025-11-08,
5432,8,825,45,52,2026-01-31,BATCH-5432,2027-05-18,2026-01-31,
5433,8,3061,111,34,2026-03-25,BATCH-5433,2028-01-24,2026-03-25,
5434,3,4132,37,56,2025-11-07,BATCH-5434,2026-10-19,2025-11-07,Expiring in 39 days - monitor; Below reorder level - reorder placed 2025-11-16
5435,6,4969,3,40,2026-05-22,BATCH-5435,2029-07-13,2026-05-22,Below reorder level - reorder placed 2026-06-04
5436,10,1914,107,27,2026-03-14,BATCH-5436,2025-12-19,2026-03-14,Expiring in 0 days - flag for clearance
5437,9,4697,31,39,2025-06-27,BATCH-5437,2028-02-14,2025-06-27,Below reorder level - reorder placed 2025-07-06
5438,1,2134,48,16,2025-09-09,BATCH-5438,2028-01-11,2025-09-09,
5439,3,1272,114,42,2026-04-29,BATCH-5439,2026-09-17,2026-04-29,Expiring in 7 days - flag for clearance
5440,11,1505,30,37,2026-04-13,BATCH-5440,2027-10-29,2026-04-13,Below reorder level - reorder placed 2026-04-19
5441,7,5,65,37,2025-06-15,BATCH-5441,2027-01-05,2025-06-15,
5442,4,4230,32,16,2025-07-30,BATCH-5442,2026-10-08,2025-07-30,Expiring in 28 days - flag for clearance
5443,9,231,102,33,2025-08-27,BATCH-5443,2026-02-08,2025-08-27,Expiring in 0 days - flag for clearance
5444,5,3323,70,50,2025-11-03,BATCH-5444,2029-11-24,2025-11-03,
5445,3,1415,20,45,2026-05-23,BATCH-5445,2029-04-25,2026-05-23,Below reorder level - reorder placed 2026-05-26
5446,12,3992,101,35,2025-09-05,BATCH-5446,2026-11-09,2025-09-05,Expiring in 60 days - monitor
5447,5,375,92,20,2025-08-06,BATCH-5447,2029-11-23,2025-08-06,
5448,1,3152,19,47,2026-06-25,BATCH-5448,2029-11-12,2026-06-25,
5449,12,4536,113,39,2025-11-12,BATCH-5449,2026-08-31,2025-11-12,Expiring in 0 days - flag for clearance
5450,4,301,14,23,2025-06-06,BATCH-5450,2026-04-05,2025-06-06,Expiring in 0 days - flag for clearance; Below reorder level - reorder placed 2025-06-09
5451,9,1395,23,37,2026-04-18,BATCH-5451,2029-01-05,2026-04-18,Below reorder level - reorder placed 2026-04-24
5452,5,2721,9,53,2025-11-16,BATCH-5452,2029-04-09,2025-11-16,Below reorder level - reorder placed 2025-11-26
5453,3,3870,71,42,2025-07-05,BATCH-5453,2029-12-11,2025-07-05,
5454,6,1935,106,42,2026-06-20,BATCH-5454,2027-07-16,2026-06-20,
5455,11,4870,84,41,2025-10-29,BATCH-5455,2027-05-16,2025-10-29,
5456,10,2617,108,53,2026-07-31,BATCH-5456,2028-02-18,2026-07-31,
5457,5,3208,53,55,2025-09-02,BATCH-5457,2026-01-01,2025-09-02,Expiring in 0 days - flag for clearance; Below reorder level - reorder placed 2025-09-05
5458,6,3705,21,52,2025-12-05,BATCH-5458,2027-04-26,2025-12-05,
5459,2,3097,77,28,2025-11-14,BATCH-5459,2028-05-11,2025-11-14,
5460,6,1909,114,49,2025-09-06,BATCH-5460,2029-01-02,2025-09-06,
5461,8,2786,115,37,2026-01-11,BATCH-5461,2026-11-12,2026-01-11,Expiring in 63 days - monitor
5462,6,3618,114,51,2026-06-03,BATCH-5462,2029-07-03,2026-06-03,
5463,10,4723,30,46,2025-12-25,BATCH-5463,2029-09-02,2025-12-25,
5464,5,2404,92,56,2026-07-18,BATCH-5464,2026-11-19,2026-07-18,Expiring in 70 days - monitor
5465,7,3496,13,25,2026-07-05,BATCH-5465,2029-02-04,2026-07-05,Below reorder level - reorder placed 2026-07-18
5466,6,1356,113,20,2025-12-20,BATCH-5466,2026-10-19,2025-12-20,
5467,3,334,17,22,2026-06-28,BATCH-5467,2027-10-30,2026-06-28,Below reorder level - reorder placed 2026-07-01
5468,10,2283,103,43,2025-08-22,BATCH-5468,2026-05-26,2025-08-22,Expiring in 0 days - flag for clearance
5469,4,1508,60,27,2025-11-14,BATCH-5469,2028-04-13,2025-11-14,
5470,12,4381,6,23,2025-12-24,BATCH-5470,2027-06-18,2025-12-24,
5471,9,513,13,49,2025-06-06,BATCH-5471,2029-12-04,2025-06-06,Below reorder level - reorder placed 2025-06-11
5472,12,2909,51,26,2026-08-11,BATCH-5472,2029-12-11,2026-08-11,
5473,5,4983,111,36,2025-09-24,BATCH-5473,2026-11-06,2025-09-24,
5474,1,2505,47,25,2026-07-28,BATCH-5474,2026-09-19,2026-07-28,Expiring in 9 days - flag for clearance
5475,8,1867,81,29,2026-04-20,BATCH-5475,2029-06-27,2026-04-20,
5476,5,2615,70,29,2026-04-01,BATCH-5476,2029-05-07,2026-04-01,
5477,1,3071,73,34,2025-08-08,BATCH-5477,2027-08-21,2025-08-08,
5478,3,1722,114,40,2025-12-17,BATCH-5478,2027-01-16,2025-12-17,
5479,11,3883,93,41,2025-07-31,BATCH-5479,2026-04-30,2025-07-31,Expiring in 0 days - flag for clearance
5480,6,3570,21,51,2026-04-18,BATCH-5480,2027-06-19,2026-04-18,Below reorder level - reorder placed 2026-04-29
5481,12,2568,65,46,2025-09-08,BATCH-5481,2026-06-30,2025-09-08,Expiring in 0 days - flag for clearance
5482,7,3055,115,21,2025-12-29,BATCH-5482,2029-08-21,2025-12-29,
5483,1,63,40,47,2025-12-28,BATCH-5483,2027-07-31,2025-12-28,Below reorder level - reorder placed 2025-12-31
5484,4,3838,118,59,2026-04-23,BATCH-5484,2027-05-10,2026-04-23,
5485,6,385,18,28,2025-07-02,BATCH-5485,2026-11-25,2025-07-02,Expiring in 76 days - monitor
5486,4,3126,113,50,2025-09-30,BATCH-5486,2027-04-01,2025-09-30,
5487,8,1137,42,42,2026-03-25,BATCH-5487,2029-10-17,2026-03-25,
5488,5,975,71,29,2025-09-25,BATCH-5488,2026-04-25,2025-09-25,Expiring in 0 days - flag for clearance
5489,6,4014,118,41,2025-10-30,BATCH-5489,2028-05-18,2025-10-30,
5490,3,3179,36,26,2025-06-30,BATCH-5490,2026-10-10,2025-06-30,Expiring in 30 days - monitor
5491,4,3807,23,54,2025-10-02,BATCH-5491,2027-08-30,2025-10-02,
5492,6,4756,87,27,2026-06-05,BATCH-5492,2029-12-31,2026-06-05,
5493,2,3384,77,49,2025-09-07,BATCH-5493,2026-08-06,2025-09-07,Expiring in 0 days - flag for clearance
5494,6,2881,58,16,2025-11-19,BATCH-5494,2026-05-30,2025-11-19,Expiring in 0 days - flag for clearance
5495,7,2320,29,57,2026-04-24,BATCH-5495,2027-12-27,2026-04-24,Below reorder level - reorder placed 2026-05-04
5496,8,574,59,26,2026-08-13,BATCH-5496,2029-08-17,2026-08-13,
5497,4,4633,53,58,2025-07-07,BATCH-5497,2028-05-17,2025-07-07,Below reorder level - reorder placed 2025-07-20
5498,8,733,63,59,2026-02-05,BATCH-5498,2029-04-25,2026-02-05,
5499,10,1776,118,28,2026-06-11,BATCH-5499,2028-08-02,2026-06-11,
5500,6,2555,3,16,2026-07-07,BATCH-5500,2028-02-17,2026-07-07,
5501,4,3451,60,41,2026-01-22,BATCH-5501,2027-11-13,2026-01-22,
5502,3,2164,65,27,2026-01-15,BATCH-5502,2027-04-25,2026-01-15,
5503,4,887,29,46,2025-08-08,BATCH-5503,2029-05-28,2025-08-08,Below reorder level - reorder placed 2025-08-20
5504,3,1924,73,47,2026-02-21,BATCH-5504,2026-11-05,2026-02-21,
5505,7,2844,30,56,2025-11-10,BATCH-5505,2027-12-26,2025-11-10,
5506,5,4964,105,26,2025-06-28,BATCH-5506,2026-09-25,2025-06-28,Expiring in 15 days - flag for clearance
5507,12,2972,111,43,2025-06-13,BATCH-5507,2026-01-21,2025-06-13,Expiring in 0 days - flag for clearance
5508,2,1572,92,46,2026-08-19,BATCH-5508,2029-05-04,2026-08-19,
5509,6,4709,112,42,2025-12-02,BATCH-5509,2029-05-03,2025-12-02,
5510,8,3013,55,29,2026-08-02,BATCH-5510,2028-07-07,2026-08-02,
5511,11,2128,108,49,2026-05-30,BATCH-5511,2029-12-05,2026-05-30,
5512,11,4511,22,50,2026-01-30,BATCH-5512,2027-04-15,2026-01-30,Below reorder level - reorder placed 2026-02-05
5513,12,4383,56,43,2026-05-22,BATCH-5513,2029-01-05,2026-05-22,
5514,5,2242,46,36,2025-12-22,BATCH-5514,2026-03-20,2025-12-22,Expiring in 0 days - flag for clearance
5515,6,775,9,37,2025-11-17,BATCH-5515,2026-10-03,2025-11-17,Expiring in 23 days - flag for clearance
5516,12,2947,99,56,2025-08-04,BATCH-5516,2028-05-05,2025-08-04,
5517,6,2275,82,46,2025-08-30,BATCH-5517,2029-09-10,2025-08-30,
5518,2,464,83,41,2025-10-27,BATCH-5518,2027-05-17,2025-10-27,
5519,3,2451,34,44,2025-06-12,BATCH-5519,2027-10-07,2025-06-12,Below reorder level - reorder placed 2025-06-23
5520,1,3320,105,35,2026-04-25,BATCH-5520,2028-01-24,2026-04-25,
5521,7,1638,44,32,2026-06-05,BATCH-5521,2027-07-03,2026-06-05,
5522,10,1179,85,49,2025-08-10,BATCH-5522,2028-06-19,2025-08-10,
5523,9,2528,114,50,2026-04-22,BATCH-5523,2028-08-26,2026-04-22,
5524,6,1228,2,39,2026-01-16,BATCH-5524,2027-11-08,2026-01-16,
5525,5,3244,13,59,2026-05-13,BATCH-5525,2029-08-05,2026-05-13,Below reorder level - reorder placed 2026-05-19
5526,10,4192,0,27,2025-09-16,BATCH-5526,2026-06-18,2025-09-16,Expiring in 0 days - flag for clearance
5527,1,326,43,24,2026-08-08,BATCH-5527,2026-11-20,2026-08-08,Expiring in 71 days - monitor
5528,2,2681,95,26,2025-06-21,BATCH-5528,2029-11-14,2025-06-21,
5529,7,4454,2,36,2025-08-30,BATCH-5529,2026-09-16,2025-08-30,Expiring in 6 days - flag for clearance
5530,5,3653,21,19,2026-06-07,BATCH-5530,2028-06-19,2026-06-07,
5531,6,3202,106,26,2026-08-17,BATCH-5531,2026-10-19,2026-08-17,Expiring in 39 days - monitor
5532,3,12,111,22,2025-11-01,BATCH-5532,2027-11-03,2025-11-01,
5533,9,3752,87,29,2026-05-18,BATCH-5533,2026-12-29,2026-05-18,
5534,11,4021,88,26,2025-10-26,BATCH-5534,2029-02-22,2025-10-26,
5535,2,4977,98,25,2025-11-27,BATCH-5535,2029-05-26,2025-11-27,
5536,4,1872,95,19,2026-08-24,BATCH-5536,2029-06-08,2026-08-24,
5537,2,3655,73,51,2025-08-17,BATCH-5537,2026-01-20,2025-08-17,Expiring in 0 days - flag for clearance
5538,1,2502,25,22,2025-09-21,BATCH-5538,2028-09-12,2025-09-21,
5539,8,3972,73,29,2026-04-24,BATCH-5539,2029-03-03,2026-04-24,
5540,10,497,29,42,2026-05-09,BATCH-5540,2028-04-26,2026-05-09,
5541,6,3453,33,56,2026-05-11,BATCH-5541,2027-12-14,2026-05-11,Below reorder level - reorder placed 2026-05-20
5542,2,2551,13,23,2025-11-12,BATCH-5542,2027-05-12,2025-11-12,
5543,1,2423,78,40,2026-07-09,BATCH-5543,2028-03-25,2026-07-09,
5544,4,4162,61,31,2026-03-05,BATCH-5544,2026-08-22,2026-03-05,Expiring in 0 days - flag for clearance
5545,10,3047,19,47,2025-07-28,BATCH-5545,2028-10-09,2025-07-28,
5546,6,2856,32,31,2025-07-13,BATCH-5546,2027-04-04,2025-07-13,
5547,2,1302,21,37,2026-05-21,BATCH-5547,2029-09-05,2026-05-21,Below reorder level - reorder placed 2026-05-31
5548,5,2465,68,16,2025-06-12,BATCH-5548,2026-09-24,2025-06-12,Expiring in 14 days - flag for clearance
5549,3,3562,106,39,2026-07-04,BATCH-5549,2028-03-16,2026-07-04,
5550,9,364,40,56,2026-03-26,BATCH-5550,2026-07-06,2026-03-26,Expiring in 0 days - flag for clearance; Below reorder level - reorder placed 2026-04-06
5551,4,399,86,32,2026-01-29,BATCH-5551,2027-04-18,2026-01-29,
5552,5,60,81,25,2025-07-13,BATCH-5552,2026-10-26,2025-07-13,
5553,12,3083,111,29,2025-06-26,BATCH-5553,2026-10-16,2025-06-26,
5554,11,1398,101,44,2025-07-18,BATCH-5554,2026-07-28,2025-07-18,Expiring in 0 days - flag for clearance
5555,3,3233,11,18,2025-08-31,BATCH-5555,2029-07-25,2025-08-31,
5556,10,1165,111,45,2026-06-27,BATCH-5556,2028-03-13,2026-06-27,
5557,12,800,50,47,2026-05-26,BATCH-5557,2027-10-17,2026-05-26,
5558,11,202,103,32,2025-12-05,BATCH-5558,2028-06-06,2025-12-05,
5559,12,2478,76,43,2026-02-12,BATCH-5559,2026-09-12,2026-02-12,Expiring in 2 days - flag for clearance
5560,5,2683,4,28,2026-01-11,BATCH-5560,2026-10-01,2026-01-11,Expiring in 21 days - flag for clearance; Below reorder level - reorder placed 2026-01-21
5561,5,3567,99,34,2025-08-04,BATCH-5561,2028-11-03,2025-08-04,
5562,5,561,84,59,2026-03-21,BATCH-5562,2029-09-14,2026-03-21,
5563,7,4784,94,34,2025-06-01,BATCH-5563,2026-09-21,2025-06-01,Expiring in 11 days - flag for clearance
5564,4,1490,79,53,2026-02-20,BATCH-5564,2029-01-09,2026-02-20,
5565,5,2403,102,33,2025-08-02,BATCH-5565,2027-01-03,2025-08-02,
5566,4,2436,91,49,2026-07-31,BATCH-5566,2026-12-21,2026-07-31,
5567,5,2058,91,21,2025-08-18,BATCH-5567,2029-10-04,2025-08-18,
5568,4,4354,79,39,2026-03-24,BATCH-5568,2026-07-29,2026-03-24,Expiring in 0 days - flag for clearance
5569,3,1548,112,37,2025-06-30,BATCH-5569,2029-07-09,2025-06-30,
5570,4,2586,111,55,2026-06-16,BATCH-5570,2030-01-20,2026-06-16,
5571,11,3586,70,35,2026-08-04,BATCH-5571,2027-07-08,2026-08-04,
5572,6,1089,93,56,2025-11-22,BATCH-5572,2026-10-17,2025-11-22,Expiring in 37 days - monitor
5573,3,3218,74,35,2026-04-20,BATCH-5573,2026-07-01,2026-04-20,Expiring in 0 days - flag for clearance
5574,11,2108,37,30,2026-02-23,BATCH-5574,2027-10-02,2026-02-23,
5575,2,560,63,37,2025-07-09,BATCH-5575,2029-04-05,2025-07-09,
5576,9,4915,69,59,2025-11-22,BATCH-5576,2027-11-05,2025-11-22,
5577,4,723,62,33,2026-05-07,BATCH-5577,2028-05-13,2026-05-07,
5578,9,3715,31,31,2025-09-06,BATCH-5578,2028-09-08,2025-09-06,
5579,3,1175,75,22,2025-12-30,BATCH-5579,2027-08-30,2025-12-30,
5580,5,4385,10,54,2026-04-15,BATCH-5580,2027-06-10,2026-04-15,Below reorder level - reorder placed 2026-04-23
5581,1,910,107,18,2026-07-16,BATCH-5581,2027-09-20,2026-07-16,
5582,4,2142,23,46,2026-07-27,BATCH-5582,2029-10-07,2026-07-27,Below reorder level - reorder placed 2026-08-02
5583,11,4535,34,32,2026-03-20,BATCH-5583,2027-04-17,2026-03-20,
5584,1,2186,77,34,2025-10-05,BATCH-5584,2026-07-14,2025-10-05,Expiring in 0 days - flag for clearance
5585,1,3804,5,26,2026-04-17,BATCH-5585,2029-12-15,2026-04-17,Below reorder level - reorder placed 2026-04-24
5586,6,1889,79,56,2025-09-02,BATCH-5586,2027-04-12,2025-09-02,
5587,11,1728,108,46,2026-09-01,BATCH-5587,2026-12-06,2026-09-01,Expiring in 87 days - monitor
5588,9,1646,37,15,2025-10-25,BATCH-5588,2029-08-06,2025-10-25,
5589,4,1054,51,38,2026-02-19,BATCH-5589,2027-10-26,2026-02-19,
5590,8,2845,117,28,2026-04-18,BATCH-5590,2029-07-13,2026-04-18,
5591,11,490,71,31,2026-07-02,BATCH-5591,2029-12-09,2026-07-02,
5592,10,3828,112,28,2026-04-09,BATCH-5592,2028-03-21,2026-04-09,
5593,11,2952,49,44,2025-12-13,BATCH-5593,2026-05-06,2025-12-13,Expiring in 0 days - flag for clearance
5594,10,4112,1,23,2025-09-07,BATCH-5594,2027-05-23,2025-09-07,
5595,7,3397,44,53,2025-07-26,BATCH-5595,2028-04-12,2025-07-26,Below reorder level - reorder placed 2025-08-07
5596,5,4953,102,24,2025-12-02,BATCH-5596,2026-12-07,2025-12-02,
5597,7,3063,53,56,2025-09-20,BATCH-5597,2028-11-06,2025-09-20,Below reorder level - reorder placed 2025-09-27
5598,11,1883,69,23,2025-12-19,BATCH-5598,2029-04-15,2025-12-19,
5599,9,4894,65,42,2026-08-28,BATCH-5599,2027-08-21,2026-08-28,
5600,9,4817,59,26,2026-05-23,BATCH-5600,2029-06-23,2026-05-23,
5601,1,1295,38,57,2025-10-02,BATCH-5601,2027-06-24,2025-10-02,Below reorder level - reorder placed 2025-10-07
5602,11,963,110,56,2026-07-06,BATCH-5602,2027-04-22,2026-07-06,
5603,1,1230,91,44,2026-02-09,BATCH-5603,2028-01-19,2026-02-09,
5604,2,1265,100,51,2026-04-15,BATCH-5604,2026-08-18,2026-04-15,Expiring in 0 days - flag for clearance
5605,4,2029,83,30,2026-05-22,BATCH-5605,2027-03-05,2026-05-22,
5606,9,2914,60,34,2026-06-10,BATCH-5606,2026-08-07,2026-06-10,Expiring in 0 days - flag for clearance
5607,8,2787,92,15,2026-07-09,BATCH-5607,2028-02-21,2026-07-09,
5608,12,4030,46,22,2025-10-05,BATCH-5608,2029-01-06,2025-10-05,
5609,10,509,89,24,2026-08-15,BATCH-5609,2028-05-25,2026-08-15,
5610,1,1130,118,31,2025-10-29,BATCH-5610,2030-01-12,2025-10-29,
5611,12,2347,32,36,2026-01-22,BATCH-5611,2027-08-09,2026-01-22,Below reorder level - reorder placed 2026-01-29
5612,7,4317,52,18,2026-08-15,BATCH-5612,2027-09-11,2026-08-15,
5613,9,2044,61,27,2025-09-22,BATCH-5613,2026-10-02,2025-09-22,Expiring in 22 days - flag for clearance
5614,5,2025,6,41,2026-01-08,BATCH-5614,2029-10-28,2026-01-08,Below reorder level - reorder placed 2026-01-16
5615,11,1100,114,23,2025-12-03,BATCH-5615,2027-01-04,2025-12-03,
5616,1,3419,74,18,2026-05-20,BATCH-5616,2029-02-13,2026-05-20,
5617,10,496,110,15,2026-04-25,BATCH-5617,2029-01-24,2026-04-25,
5618,1,4350,44,17,2025-06-06,BATCH-5618,2029-02-21,2025-06-06,
5619,2,2848,103,27,2025-10-12,BATCH-5619,2030-01-11,2025-10-12,
5620,1,4345,33,34,2026-02-16,BATCH-5620,2027-05-29,2026-02-16,Below reorder level - reorder placed 2026-02-24
5621,7,81,95,26,2026-06-22,BATCH-5621,2029-01-31,2026-06-22,
5622,11,3326,27,32,2026-02-10,BATCH-5622,2029-06-10,2026-02-10,Below reorder level - reorder placed 2026-02-15
5623,5,2046,81,18,2026-07-26,BATCH-5623,2026-12-05,2026-07-26,Expiring in 86 days - monitor
5624,11,4808,10,35,2025-07-14,BATCH-5624,2026-07-05,2025-07-14,Expiring in 0 days - flag for clearance
5625,6,4994,24,54,2025-09-25,BATCH-5625,2027-07-08,2025-09-25,Below reorder level - reorder placed 2025-09-28
5626,11,4196,101,46,2026-01-20,BATCH-5626,2028-06-01,2026-01-20,
5627,3,1864,91,25,2026-03-25,BATCH-5627,2027-12-19,2026-03-25,
5628,4,1260,78,45,2025-11-24,BATCH-5628,2029-12-01,2025-11-24,
5629,12,1445,44,52,2026-03-09,BATCH-5629,2026-09-25,2026-03-09,Expiring in 15 days - flag for clearance; Below reorder level - reorder placed 2026-03-22
5630,8,4388,1,40,2026-05-22,BATCH-5630,2028-08-04,2026-05-22,
5631,6,4518,24,18,2026-01-25,BATCH-5631,2026-10-02,2026-01-25,Expiring in 22 days - flag for clearance
5632,3,566,84,22,2026-05-04,BATCH-5632,2026-10-24,2026-05-04,Expiring in 44 days - monitor
5633,6,4373,114,40,2025-12-27,BATCH-5633,2028-05-05,2025-12-27,
5634,8,911,43,55,2025-06-30,BATCH-5634,2027-09-16,2025-06-30,Below reorder level - reorder placed 2025-07-13
5635,9,3482,117,52,2026-08-07,BATCH-5635,2028-08-17,2026-08-07,
5636,1,793,76,31,2025-10-23,BATCH-5636,2026-03-13,2025-10-23,Expiring in 0 days - flag for clearance
5637,10,1790,33,20,2025-08-17,BATCH-5637,2028-03-20,2025-08-17,
5638,5,3500,110,28,2026-02-27,BATCH-5638,2026-12-02,2026-02-27,
5639,6,2726,5,23,2026-07-14,BATCH-5639,2028-04-26,2026-07-14,Below reorder level - reorder placed 2026-07-25
5640,2,481,70,52,2026-03-05,BATCH-5640,2026-06-10,2026-03-05,Expiring in 0 days - flag for clearance
5641,5,3961,71,17,2025-11-07,BATCH-5641,2025-12-20,2025-11-07,Expiring in 0 days - flag for clearance
5642,9,4711,53,15,2025-10-18,BATCH-5642,2028-09-20,2025-10-18,
5643,6,3091,43,16,2026-07-16,BATCH-5643,2028-06-29,2026-07-16,
5644,6,3158,39,25,2025-07-13,BATCH-5644,2028-03-31,2025-07-13,
5645,1,3967,32,52,2026-07-04,BATCH-5645,2026-10-13,2026-07-04,Below reorder level - reorder placed 2026-07-15
5646,4,1989,103,24,2025-11-06,BATCH-5646,2027-10-10,2025-11-06,
5647,3,1931,57,36,2026-03-02,BATCH-5647,2028-09-03,2026-03-02,
5648,3,3044,43,53,2026-06-08,BATCH-5648,2027-05-20,2026-06-08,Below reorder level - reorder placed 2026-06-20
5649,10,3682,75,54,2026-05-15,BATCH-5649,2029-07-04,2026-05-15,
5650,12,3324,18,55,2025-09-25,BATCH-5650,2027-05-22,2025-09-25,
5651,3,3210,105,44,2026-06-18,BATCH-5651,2026-09-23,2026-06-18,Expiring in 13 days - flag for clearance
5652,12,2010,87,23,2026-02-05,BATCH-5652,2026-05-28,2026-02-05,Expiring in 0 days - flag for clearance
5653,4,3958,71,34,2026-01-04,BATCH-5653,2026-10-08,2026-01-04,Expiring in 28 days - flag for clearance
5654,5,2221,46,18,2026-05-11,BATCH-5654,2026-06-14,2026-05-11,Expiring in 0 days - flag for clearance
5655,8,1653,85,53,2025-11-06,BATCH-5655,2026-02-03,2025-11-06,Expiring in 0 days - flag for clearance
5656,10,1347,21,25,2026-05-25,BATCH-5656,2029-03-15,2026-05-25,Below reorder level - reorder placed 2026-05-30
5657,6,826,25,25,2025-06-02,BATCH-5657,2029-04-20,2025-06-02,
5658,7,4324,7,58,2026-03-14,BATCH-5658,2026-10-31,2026-03-14,Expiring in 51 days - monitor; Below reorder level - reorder placed 2026-03-18
5659,3,2452,41,38,2025-08-17,BATCH-5659,2026-11-14,2025-08-17,Expiring in 65 days - monitor
5660,9,815,12,22,2026-07-05,BATCH-5660,2028-10-08,2026-07-05,Below reorder level - reorder placed 2026-07-10
5661,7,722,26,44,2026-02-07,BATCH-5661,2027-09-24,2026-02-07,Below reorder level - reorder placed 2026-02-18
5662,9,1755,109,56,2026-02-08,BATCH-5662,2026-10-23,2026-02-08,Expiring in 43 days - monitor
5663,9,1347,108,50,2026-07-20,BATCH-5663,2029-03-15,2026-07-20,
5664,9,1338,85,40,2025-06-07,BATCH-5664,2026-02-13,2025-06-07,Expiring in 0 days - flag for clearance
5665,4,4943,3,19,2025-07-30,BATCH-5665,2026-05-02,2025-07-30,Expiring in 0 days - flag for clearance; Below reorder level - reorder placed 2025-08-06
5666,8,3060,46,45,2026-03-08,BATCH-5666,2028-11-19,2026-03-08,
5667,10,315,40,16,2025-10-28,BATCH-5667,2029-05-06,2025-10-28,
5668,5,4049,30,43,2026-07-01,BATCH-5668,2025-12-19,2026-07-01,Expiring in 0 days - flag for clearance; Below reorder level - reorder placed 2026-07-08
5669,1,1602,65,32,2026-08-29,BATCH-5669,2029-11-14,2026-08-29,
5670,6,3649,92,24,2025-10-11,BATCH-5670,2026-07-16,2025-10-11,Expiring in 0 days - flag for clearance
5671,11,2124,90,28,2025-06-25,BATCH-5671,2028-09-20,2025-06-25,
5672,6,2747,2,58,2026-03-18,BATCH-5672,2027-07-27,2026-03-18,
5673,5,4534,84,26,2025-11-19,BATCH-5673,2029-01-14,2025-11-19,
5674,11,3179,53,49,2026-05-04,BATCH-5674,2026-10-10,2026-05-04,
5675,7,1762,98,47,2026-06-08,BATCH-5675,2027-03-02,2026-06-08,
5676,11,3228,115,34,2025-08-22,BATCH-5676,2026-12-24,2025-08-22,
5677,12,2660,77,42,2026-05-18,BATCH-5677,2028-02-25,2026-05-18,
5678,4,839,55,23,2026-05-22,BATCH-5678,2026-06-14,2026-05-22,Expiring in 0 days - flag for clearance
5679,10,2904,3,40,2026-04-29,BATCH-5679,2027-11-24,2026-04-29,Below reorder level - reorder placed 2026-05-03
5680,1,4198,1,24,2026-04-14,BATCH-5680,2027-06-13,2026-04-14,Below reorder level - reorder placed 2026-04-26
5681,5,1787,40,58,2026-06-25,BATCH-5681,2027-09-26,2026-06-25,
5682,2,1973,38,51,2026-08-08,BATCH-5682,2026-10-09,2026-08-08,Expiring in 29 days - flag for clearance; Below reorder level - reorder placed 2026-08-12
5683,6,392,25,29,2026-02-07,BATCH-5683,2027-01-06,2026-02-07,Below reorder level - reorder placed 2026-02-10
5684,11,771,72,58,2026-03-24,BATCH-5684,2029-05-21,2026-03-24,
5685,4,2911,75,56,2026-08-28,BATCH-5685,2026-03-28,2026-08-28,Expiring in 0 days - flag for clearance
5686,2,2979,66,59,2026-06-21,BATCH-5686,2026-05-11,2026-06-21,Expiring in 0 days - flag for clearance
5687,2,1361,52,34,2025-06-08,BATCH-5687,2026-05-01,2025-06-08,Expiring in 0 days - flag for clearance
5688,2,3725,92,21,2026-06-04,BATCH-5688,2028-04-13,2026-06-04,
5689,12,3348,19,38,2026-07-18,BATCH-5689,2026-11-20,2026-07-18,
5690,1,827,15,35,2025-09-03,BATCH-5690,2028-08-25,2025-09-03,Below reorder level - reorder placed 2025-09-14
5691,5,713,30,26,2025-12-11,BATCH-5691,2028-06-02,2025-12-11,
5692,4,2573,119,26,2026-04-25,BATCH-5692,2029-10-13,2026-04-25,
5693,5,1033,45,53,2025-06-12,BATCH-5693,2029-10-24,2025-06-12,Below reorder level - reorder placed 2025-06-24
5694,6,316,3,44,2025-07-05,BATCH-5694,2029-07-02,2025-07-05,
5695,5,3533,117,25,2026-05-26,BATCH-5695,2027-04-28,2026-05-26,
5696,2,720,29,17,2026-02-24,BATCH-5696,2026-05-07,2026-02-24,Expiring in 0 days - flag for clearance
5697,8,84,8,52,2026-04-07,BATCH-5697,2027-06-19,2026-04-07,Below reorder level - reorder placed 2026-04-14
5698,9,3931,14,18,2026-07-15,BATCH-5698,2028-03-19,2026-07-15,Below reorder level - reorder placed 2026-07-21
5699,7,2628,91,58,2026-06-11,BATCH-5699,2026-10-02,2026-06-11,Expiring in 22 days - flag for clearance
5700,7,1980,16,45,2026-07-17,BATCH-5700,2028-09-20,2026-07-17,
5701,3,1443,74,18,2025-07-09,BATCH-5701,2028-09-28,2025-07-09,
5702,11,4158,40,37,2026-03-05,BATCH-5702,2027-02-23,2026-03-05,
5703,3,2057,105,55,2025-07-15,BATCH-5703,2027-03-06,2025-07-15,
5704,2,3813,47,55,2025-09-11,BATCH-5704,2027-08-24,2025-09-11,Below reorder level - reorder placed 2025-09-17
5705,4,1461,104,51,2026-01-29,BATCH-5705,2029-09-16,2026-01-29,
5706,9,587,10,48,2025-06-27,BATCH-5706,2027-05-11,2025-06-27,
5707,4,1468,8,25,2026-01-19,BATCH-5707,2026-11-17,2026-01-19,
5708,1,3270,29,59,2025-08-15,BATCH-5708,2026-12-18,2025-08-15,
5709,5,4721,112,44,2026-01-13,BATCH-5709,2029-01-17,2026-01-13,
5710,2,3669,34,41,2025-12-07,BATCH-5710,2026-04-14,2025-12-07,Expiring in 0 days - flag for clearance; Below reorder level - reorder placed 2025-12-15
5711,8,1625,74,56,2026-06-06,BATCH-5711,2026-10-17,2026-06-06,Expiring in 37 days - monitor
5712,11,3852,66,38,2025-09-20,BATCH-5712,2029-01-23,2025-09-20,
5713,10,2963,36,21,2025-08-01,BATCH-5713,2027-04-10,2025-08-01,
5714,4,3241,59,40,2025-06-24,BATCH-5714,2027-03-03,2025-06-24,
5715,9,2601,116,28,2025-11-18,BATCH-5715,2028-03-13,2025-11-18,
5716,5,3356,64,42,2025-08-24,BATCH-5716,2027-03-16,2025-08-24,
5717,9,3574,110,33,2025-08-26,BATCH-5717,2026-11-03,2025-08-26,Expiring in 54 days - monitor
5718,1,1152,18,57,2025-08-04,BATCH-5718,2026-11-27,2025-08-04,Expiring in 78 days - monitor; Below reorder level - reorder placed 2025-08-12
5719,2,2790,113,25,2026-07-05,BATCH-5719,2028-08-09,2026-07-05,
5720,7,1455,0,24,2026-05-24,BATCH-5720,2026-12-31,2026-05-24,Below reorder level - reorder placed 2026-06-06
5721,1,1167,36,47,2026-06-03,BATCH-5721,2027-06-19,2026-06-03,Below reorder level - reorder placed 2026-06-15
5722,9,4586,14,38,2026-08-22,BATCH-5722,2026-11-17,2026-08-22,Expiring in 68 days - monitor; Below reorder level - reorder placed 2026-08-26
5723,3,3844,55,45,2026-02-19,BATCH-5723,2029-10-03,2026-02-19,
5724,11,3971,98,46,2025-10-08,BATCH-5724,2027-07-05,2025-10-08,
5725,7,2248,79,37,2026-08-26,BATCH-5725,2028-08-13,2026-08-26,
5726,4,2821,4,19,2025-09-22,BATCH-5726,2026-12-22,2025-09-22,Below reorder level - reorder placed 2025-10-05
5727,1,814,14,33,2025-12-21,BATCH-5727,2027-05-06,2025-12-21,Below reorder level - reorder placed 2025-12-27
5728,4,3172,102,21,2026-01-22,BATCH-5728,2027-01-01,2026-01-22,
5729,11,302,38,37,2025-06-27,BATCH-5729,2028-07-01,2025-06-27,
5730,8,4466,113,48,2025-09-06,BATCH-5730,2027-09-02,2025-09-06,
5731,9,2767,50,55,2026-06-24,BATCH-5731,2026-12-04,2026-06-24,Below reorder level - reorder placed 2026-06-27
5732,12,4505,0,29,2026-03-16,BATCH-5732,2029-12-31,2026-03-16,Below reorder level - reorder placed 2026-03-27
5733,1,1724,11,52,2025-12-06,BATCH-5733,2029-01-16,2025-12-06,Below reorder level - reorder placed 2025-12-15
5734,8,2587,35,31,2026-03-01,BATCH-5734,2028-01-19,2026-03-01,
5735,6,1476,116,21,2026-05-22,BATCH-5735,2026-10-08,2026-05-22,Expiring in 28 days - flag for clearance
5736,10,4579,100,16,2026-02-16,BATCH-5736,2027-11-24,2026-02-16,
5737,7,3099,59,30,2026-08-03,BATCH-5737,2028-06-07,2026-08-03,
5738,2,771,101,50,2025-06-25,BATCH-5738,2029-05-21,2025-06-25,
5739,2,1222,3,27,2025-09-06,BATCH-5739,2029-02-24,2025-09-06,Below reorder level - reorder placed 2025-09-15
5740,6,773,21,34,2026-06-30,BATCH-5740,2026-12-18,2026-06-30,
5741,11,579,75,19,2026-05-28,BATCH-5741,2029-11-08,2026-05-28,
5742,8,4077,32,44,2026-07-03,BATCH-5742,2029-07-25,2026-07-03,
5743,5,3071,101,19,2026-07-07,BATCH-5743,2027-08-21,2026-07-07,
5744,12,4876,2,47,2026-05-07,BATCH-5744,2029-08-31,2026-05-07,Below reorder level - reorder placed 2026-05-13
5745,1,2497,46,42,2026-07-01,BATCH-5745,2028-02-14,2026-07-01,
5746,10,4732,87,57,2026-03-09,BATCH-5746,2028-06-02,2026-03-09,
5747,1,3416,4,54,2025-10-25,BATCH-5747,2029-05-04,2025-10-25,Below reorder level - reorder placed 2025-11-02
5748,4,4747,78,49,2025-08-25,BATCH-5748,2027-05-04,2025-08-25,
5749,10,2442,46,25,2025-09-25,BATCH-5749,2026-12-04,2025-09-25,
5750,10,2437,53,44,2025-12-10,BATCH-5750,2026-11-26,2025-12-10,
5751,11,1409,99,25,2026-07-16,BATCH-5751,2025-12-14,2026-07-16,Expiring in 0 days - flag for clearance
5752,4,4028,6,59,2026-04-18,BATCH-5752,2027-03-03,2026-04-18,Below reorder level - reorder placed 2026-04-22
5753,9,4823,7,39,2026-08-07,BATCH-5753,2026-12-20,2026-08-07,Below reorder level - reorder placed 2026-08-11
5754,1,3781,21,24,2026-08-14,BATCH-5754,2027-03-06,2026-08-14,Below reorder level - reorder placed 2026-08-26
5755,10,1625,17,36,2025-09-13,BATCH-5755,2026-10-17,2025-09-13,Below reorder level - reorder placed 2025-09-18
5756,8,4705,7,33,2025-07-10,BATCH-5756,2027-04-19,2025-07-10,Below reorder level - reorder placed 2025-07-16
5757,1,510,13,32,2026-02-20,BATCH-5757,2027-04-04,2026-02-20,Below reorder level - reorder placed 2026-02-26
5758,6,3219,67,57,2026-04-23,BATCH-5758,2028-12-31,2026-04-23,
5759,7,3317,16,32,2025-09-16,BATCH-5759,2029-06-25,2025-09-16,Below reorder level - reorder placed 2025-09-19
5760,4,37,75,59,2026-06-15,BATCH-5760,2026-04-26,2026-06-15,Expiring in 0 days - flag for clearance
5761,3,1304,83,20,2025-08-31,BATCH-5761,2026-11-26,2025-08-31,
5762,10,1537,93,23,2026-06-24,BATCH-5762,2026-08-27,2026-06-24,Expiring in 0 days - flag for clearance
5763,3,2971,45,24,2025-12-12,BATCH-5763,2026-12-13,2025-12-12,
5764,11,101,40,45,2026-08-19,BATCH-5764,2026-05-24,2026-08-19,Expiring in 0 days - flag for clearance; Below reorder level - reorder placed 2026-08-25
5765,12,3634,6,31,2025-08-19,BATCH-5765,2026-09-09,2025-08-19,Expiring in 0 days - flag for clearance; Below reorder level - reorder placed 2025-08-30
5766,10,2651,66,16,2026-08-12,BATCH-5766,2026-11-22,2026-08-12,
5767,11,4133,20,45,2026-01-11,BATCH-5767,2028-01-24,2026-01-11,Below reorder level - reorder placed 2026-01-19
5768,8,2628,79,34,2025-11-22,BATCH-5768,2026-10-02,2025-11-22,Expiring in 22 days - flag for clearance
5769,6,926,97,53,2025-08-14,BATCH-5769,2029-06-25,2025-08-14,
5770,6,3400,99,59,2025-09-12,BATCH-5770,2027-03-05,2025-09-12,
5771,8,2697,111,53,2025-09-23,BATCH-5771,2026-10-25,2025-09-23,Expiring in 45 days - monitor
5772,7,4483,91,53,2025-09-16,BATCH-5772,2027-08-31,2025-09-16,
5773,12,1348,86,46,2026-02-23,BATCH-5773,2026-04-19,2026-02-23,Expiring in 0 days - flag for clearance
5774,3,3555,29,32,2026-03-29,BATCH-5774,2028-10-21,2026-03-29,Below reorder level - reorder placed 2026-04-08
5775,4,1207,21,55,2025-12-04,BATCH-5775,2026-10-11,2025-12-04,Below reorder level - reorder placed 2025-12-15
5776,1,624,18,22,2026-09-03,BATCH-5776,2028-12-26,2026-09-03,
5777,10,4664,27,17,2026-02-09,BATCH-5777,2027-01-27,2026-02-09,
5778,11,1019,109,24,2026-01-05,BATCH-5778,2030-01-16,2026-01-05,
5779,2,187,2,32,2025-06-10,BATCH-5779,2026-04-05,2025-06-10,Expiring in 0 days - flag for clearance; Below reorder level - reorder placed 2025-06-23
5780,7,573,107,58,2026-04-30,BATCH-5780,2029-12-28,2026-04-30,
5781,4,3541,118,15,2026-01-11,BATCH-5781,2026-06-04,2026-01-11,Expiring in 0 days - flag for clearance
5782,6,508,55,31,2026-03-28,BATCH-5782,2029-11-15,2026-03-28,
5783,5,3455,31,49,2026-05-28,BATCH-5783,2026-10-04,2026-05-28,Expiring in 24 days - flag for clearance; Below reorder level - reorder placed 2026-06-02
5784,2,2552,85,28,2025-10-19,BATCH-5784,2028-12-09,2025-10-19,
5785,2,789,13,39,2025-10-31,BATCH-5785,2026-04-20,2025-10-31,Expiring in 0 days - flag for clearance; Below reorder level - reorder placed 2025-11-07
5786,12,1024,46,16,2025-09-05,BATCH-5786,2028-09-13,2025-09-05,
5787,5,3052,75,50,2026-03-22,BATCH-5787,2027-03-01,2026-03-22,
5788,7,1057,75,56,2025-09-01,BATCH-5788,2027-12-01,2025-09-01,
5789,12,1433,111,36,2026-01-22,BATCH-5789,2026-12-17,2026-01-22,
5790,10,552,60,59,2025-10-16,BATCH-5790,2026-11-13,2025-10-16,
5791,6,298,115,43,2025-10-22,BATCH-5791,2027-01-02,2025-10-22,
5792,6,3310,10,27,2025-12-24,BATCH-5792,2028-10-01,2025-12-24,
5793,1,4665,69,53,2025-06-09,BATCH-5793,2029-09-18,2025-06-09,
5794,3,1283,53,50,2026-03-17,BATCH-5794,2026-11-30,2026-03-17,
5795,5,4080,8,57,2026-02-13,BATCH-5795,2026-11-25,2026-02-13,Below reorder level - reorder placed 2026-02-16
5796,12,3823,55,17,2026-06-01,BATCH-5796,2029-02-17,2026-06-01,
5797,6,1200,81,47,2025-06-10,BATCH-5797,2028-01-24,2025-06-10,
5798,6,4910,81,27,2025-10-22,BATCH-5798,2028-02-01,2025-10-22,
5799,7,1346,49,36,2025-06-03,BATCH-5799,2029-02-04,2025-06-03,
5800,4,2906,97,43,2026-08-21,BATCH-5800,2027-01-09,2026-08-21,
5801,3,4645,61,21,2026-06-06,BATCH-5801,2029-08-13,2026-06-06,
5802,10,3096,11,47,2026-03-31,BATCH-5802,2026-10-20,2026-03-31,Expiring in 40 days - monitor; Below reorder level - reorder placed 2026-04-05
5803,11,1678,88,48,2026-07-22,BATCH-5803,2028-08-11,2026-07-22,
5804,10,3136,70,20,2025-07-14,BATCH-5804,2029-11-18,2025-07-14,
5805,7,1979,111,43,2026-01-15,BATCH-5805,2026-12-01,2026-01-15,Expiring in 82 days - monitor
5806,8,250,70,31,2026-05-16,BATCH-5806,2029-07-14,2026-05-16,
5807,2,3181,107,53,2026-04-08,BATCH-5807,2025-12-17,2026-04-08,Expiring in 0 days - flag for clearance
5808,6,3957,96,30,2025-07-24,BATCH-5808,2027-05-20,2025-07-24,
5809,1,2079,106,44,2026-01-19,BATCH-5809,2028-04-03,2026-01-19,
5810,9,261,26,28,2025-08-09,BATCH-5810,2026-12-08,2025-08-09,Below reorder level - reorder placed 2025-08-18
5811,12,3559,60,35,2025-10-08,BATCH-5811,2026-10-08,2025-10-08,Expiring in 28 days - flag for clearance
5812,7,4963,96,23,2026-03-29,BATCH-5812,2029-02-24,2026-03-29,
5813,11,4430,79,17,2025-06-23,BATCH-5813,2029-07-16,2025-06-23,
5814,8,3303,56,20,2025-09-07,BATCH-5814,2028-06-18,2025-09-07,
5815,4,173,58,17,2025-12-11,BATCH-5815,2028-09-16,2025-12-11,
5816,8,1676,16,56,2026-06-08,BATCH-5816,2026-09-03,2026-06-08,Expiring in 0 days - flag for clearance
5817,11,753,97,55,2025-12-06,BATCH-5817,2025-12-25,2025-12-06,Expiring in 0 days - flag for clearance
5818,12,1548,77,45,2025-08-04,BATCH-5818,2029-07-09,2025-08-04,
5819,8,398,4,43,2025-12-26,BATCH-5819,2029-10-21,2025-12-26,Below reorder level - reorder placed 2026-01-06
5820,8,2117,0,36,2026-08-11,BATCH-5820,2026-04-04,2026-08-11,Expiring in 0 days - flag for clearance; Below reorder level - reorder placed 2026-08-23
5821,5,4794,45,15,2025-07-05,BATCH-5821,2026-12-30,2025-07-05,
5822,9,4759,105,29,2025-12-31,BATCH-5822,2026-11-04,2025-12-31,
5823,4,1598,71,56,2026-06-06,BATCH-5823,2030-01-05,2026-06-06,
5824,3,2499,76,41,2025-10-12,BATCH-5824,2029-11-22,2025-10-12,
5825,8,4163,1,27,2025-07-11,BATCH-5825,2027-03-09,2025-07-11,Below reorder level - reorder placed 2025-07-22
5826,7,3471,95,25,2025-11-17,BATCH-5826,2026-05-07,2025-11-17,Expiring in 0 days - flag for clearance
5827,10,4444,61,24,2026-01-22,BATCH-5827,2026-03-06,2026-01-22,Expiring in 0 days - flag for clearance
5828,7,789,4,42,2026-01-01,BATCH-5828,2026-04-20,2026-01-01,Expiring in 0 days - flag for clearance; Below reorder level - reorder placed 2026-01-08
5829,12,2555,28,39,2025-06-15,BATCH-5829,2028-02-17,2025-06-15,Below reorder level - reorder placed 2025-06-25
5830,10,1187,100,21,2026-07-26,BATCH-5830,2027-12-06,2026-07-26,
5831,6,2518,17,39,2026-07-13,BATCH-5831,2029-03-08,2026-07-13,Below reorder level - reorder placed 2026-07-20
5832,2,752,79,48,2025-08-14,BATCH-5832,2029-04-01,2025-08-14,
5833,6,1561,110,29,2026-04-12,BATCH-5833,2030-01-01,2026-04-12,
5834,11,4145,16,49,2026-02-13,BATCH-5834,2027-04-03,2026-02-13,
5835,10,4431,85,28,2026-03-21,BATCH-5835,2026-11-01,2026-03-21,
5836,4,1234,73,34,2026-05-18,BATCH-5836,2029-10-31,2026-05-18,
5837,5,3612,111,43,2025-11-13,BATCH-5837,2027-04-04,2025-11-13,
5838,10,35,62,46,2025-12-12,BATCH-5838,2026-04-14,2025-12-12,Expiring in 0 days - flag for clearance
5839,5,3160,119,57,2026-06-19,BATCH-5839,2028-09-24,2026-06-19,
5840,8,162,49,59,2026-06-02,BATCH-5840,2027-06-08,2026-06-02,Below reorder level - reorder placed 2026-06-05
5841,5,3448,79,51,2025-09-04,BATCH-5841,2027-11-23,2025-09-04,
5842,8,2984,110,45,2026-04-25,BATCH-5842,2027-01-28,2026-04-25,
5843,9,970,91,51,2025-07-18,BATCH-5843,2026-01-23,2025-07-18,Expiring in 0 days - flag for clearance
5844,11,1484,64,32,2026-08-13,BATCH-5844,2026-12-11,2026-08-13,
5845,8,191,50,39,2025-07-05,BATCH-5845,2026-11-14,2025-07-05,Expiring in 65 days - monitor
5846,12,118,57,40,2025-09-13,BATCH-5846,2028-08-15,2025-09-13,
5847,11,4079,81,31,2025-10-23,BATCH-5847,2027-08-02,2025-10-23,
5848,2,3557,99,33,2026-01-31,BATCH-5848,2028-07-21,2026-01-31,
5849,12,2102,3,36,2025-08-13,BATCH-5849,2028-03-25,2025-08-13,Below reorder level - reorder placed 2025-08-22
5850,4,3703,26,42,2026-06-17,BATCH-5850,2026-06-03,2026-06-17,Expiring in 0 days - flag for clearance; Below reorder level - reorder placed 2026-06-24
5851,8,4039,98,48,2026-02-04,BATCH-5851,2026-07-03,2026-02-04,Expiring in 0 days - flag for clearance
5852,11,2390,107,48,2026-02-14,BATCH-5852,2026-02-21,2026-02-14,Expiring in 0 days - flag for clearance
5853,5,3575,46,52,2026-02-20,BATCH-5853,2029-09-17,2026-02-20,Below reorder level - reorder placed 2026-03-05
5854,10,2482,38,44,2025-08-14,BATCH-5854,2026-05-04,2025-08-14,Expiring in 0 days - flag for clearance
5855,11,3021,2,28,2026-05-28,BATCH-5855,2026-06-22,2026-05-28,Expiring in 0 days - flag for clearance
5856,2,4511,74,19,2025-11-27,BATCH-5856,2027-04-15,2025-11-27,
5857,12,4764,13,56,2025-12-07,BATCH-5857,2027-08-17,2025-12-07,Below reorder level - reorder placed 2025-12-14
5858,7,1825,89,43,2026-08-01,BATCH-5858,2026-11-09,2026-08-01,Expiring in 60 days - monitor
5859,11,2065,64,48,2025-06-06,BATCH-5859,2029-08-08,2025-06-06,
5860,6,4296,50,21,2026-04-20,BATCH-5860,2027-12-13,2026-04-20,
5861,11,1276,76,29,2026-02-06,BATCH-5861,2026-01-26,2026-02-06,Expiring in 0 days - flag for clearance
5862,1,877,40,15,2026-05-19,BATCH-5862,2028-05-26,2026-05-19,
5863,9,2994,75,22,2026-02-15,BATCH-5863,2028-09-02,2026-02-15,
5864,10,4953,85,31,2025-08-10,BATCH-5864,2026-12-07,2025-08-10,
5865,3,4018,101,26,2025-10-27,BATCH-5865,2026-06-07,2025-10-27,Expiring in 0 days - flag for clearance
5866,3,1511,15,32,2026-04-14,BATCH-5866,2029-11-15,2026-04-14,Below reorder level - reorder placed 2026-04-21
5867,9,3090,75,40,2026-06-13,BATCH-5867,2029-06-08,2026-06-13,
5868,8,1998,40,18,2026-06-20,BATCH-5868,2026-10-27,2026-06-20,
5869,1,186,61,48,2025-07-29,BATCH-5869,2026-03-11,2025-07-29,Expiring in 0 days - flag for clearance
5870,12,1124,88,42,2025-12-14,BATCH-5870,2028-04-10,2025-12-14,
5871,11,2292,118,16,2025-11-24,BATCH-5871,2025-12-22,2025-11-24,Expiring in 0 days - flag for clearance
5872,4,4284,39,17,2026-07-14,BATCH-5872,2027-07-28,2026-07-14,
5873,2,2870,49,24,2025-06-29,BATCH-5873,2026-06-26,2025-06-29,Expiring in 0 days - flag for clearance
5874,7,2762,44,37,2025-12-18,BATCH-5874,2026-12-01,2025-12-18,
5875,9,3523,90,55,2026-01-11,BATCH-5875,2028-07-01,2026-01-11,
5876,10,3514,72,32,2025-07-05,BATCH-5876,2029-04-23,2025-07-05,
5877,4,73,95,37,2026-08-07,BATCH-5877,2029-04-14,2026-08-07,
5878,2,52,49,34,2026-08-25,BATCH-5878,2029-08-05,2026-08-25,
5879,12,4896,43,53,2026-02-26,BATCH-5879,2028-04-07,2026-02-26,Below reorder level - reorder placed 2026-03-05
5880,5,4459,42,36,2025-06-22,BATCH-5880,2028-09-07,2025-06-22,
5881,3,1398,70,28,2026-06-29,BATCH-5881,2026-07-28,2026-06-29,Expiring in 0 days - flag for clearance
5882,7,3394,12,33,2025-12-09,BATCH-5882,2026-09-23,2025-12-09,Expiring in 13 days - flag for clearance; Below reorder level - reorder placed 2025-12-15
5883,7,1801,15,15,2025-08-19,BATCH-5883,2028-06-17,2025-08-19,
5884,5,618,91,43,2026-02-15,BATCH-5884,2029-01-30,2026-02-15,
5885,4,298,25,48,2025-11-06,BATCH-5885,2027-01-02,2025-11-06,Below reorder level - reorder placed 2025-11-11
5886,12,416,107,54,2026-04-16,BATCH-5886,2026-04-13,2026-04-16,Expiring in 0 days - flag for clearance
5887,10,1158,84,49,2026-04-20,BATCH-5887,2028-07-03,2026-04-20,
5888,10,1465,85,36,2026-07-14,BATCH-5888,2029-11-27,2026-07-14,
5889,9,3279,38,57,2026-08-01,BATCH-5889,2028-08-29,2026-08-01,
5890,3,1895,82,24,2025-11-10,BATCH-5890,2029-03-19,2025-11-10,
5891,7,2401,103,45,2025-07-16,BATCH-5891,2029-01-07,2025-07-16,
5892,11,1517,103,23,2026-07-15,BATCH-5892,2027-10-14,2026-07-15,
5893,10,473,76,24,2026-03-03,BATCH-5893,2026-04-05,2026-03-03,Expiring in 0 days - flag for clearance
5894,3,3695,59,26,2025-08-24,BATCH-5894,2026-10-07,2025-08-24,Expiring in 27 days - flag for clearance
5895,5,503,111,38,2025-08-17,BATCH-5895,2026-07-23,2025-08-17,Expiring in 0 days - flag for clearance
5896,2,4418,26,38,2026-02-13,BATCH-5896,2029-10-21,2026-02-13,
5897,4,289,50,43,2026-02-04,BATCH-5897,2029-09-11,2026-02-04,
5898,2,1702,109,47,2025-09-01,BATCH-5898,2027-09-28,2025-09-01,
5899,6,3280,69,39,2025-12-18,BATCH-5899,2028-01-09,2025-12-18,
5900,12,1126,50,17,2026-05-27,BATCH-5900,2029-07-04,2026-05-27,
5901,5,4941,85,42,2025-06-27,BATCH-5901,2027-04-25,2025-06-27,
5902,9,4528,55,17,2026-01-26,BATCH-5902,2029-12-19,2026-01-26,
5903,6,2285,90,40,2026-01-18,BATCH-5903,2029-12-05,2026-01-18,
5904,12,2705,73,37,2026-02-01,BATCH-5904,2026-07-10,2026-02-01,Expiring in 0 days - flag for clearance
5905,7,4813,0,45,2025-10-07,BATCH-5905,2028-11-07,2025-10-07,Below reorder level - reorder placed 2025-10-15
5906,3,2746,62,18,2025-09-11,BATCH-5906,2028-10-31,2025-09-11,
5907,9,2097,13,46,2026-07-13,BATCH-5907,2029-09-04,2026-07-13,Below reorder level - reorder placed 2026-07-17
5908,3,4107,112,32,2026-02-17,BATCH-5908,2026-04-12,2026-02-17,Expiring in 0 days - flag for clearance
5909,10,466,19,41,2026-04-07,BATCH-5909,2027-02-05,2026-04-07,Below reorder level - reorder placed 2026-04-18
5910,2,4292,47,22,2026-01-09,BATCH-5910,2026-05-01,2026-01-09,Expiring in 0 days - flag for clearance
5911,10,401,67,30,2026-07-17,BATCH-5911,2029-09-15,2026-07-17,
5912,4,3821,82,33,2026-03-16,BATCH-5912,2027-04-17,2026-03-16,
5913,3,4168,52,34,2025-12-08,BATCH-5913,2029-11-25,2025-12-08,
5914,12,4188,91,22,2026-01-05,BATCH-5914,2028-02-24,2026-01-05,
5915,10,437,56,36,2026-06-20,BATCH-5915,2027-06-12,2026-06-20,
5916,6,4092,31,23,2025-12-19,BATCH-5916,2027-10-04,2025-12-19,
5917,11,4816,63,20,2025-12-05,BATCH-5917,2028-11-16,2025-12-05,
5918,7,2477,14,25,2025-10-03,BATCH-5918,2029-07-20,2025-10-03,Below reorder level - reorder placed 2025-10-13
5919,2,4789,84,56,2026-07-02,BATCH-5919,2026-11-25,2026-07-02,Expiring in 76 days - monitor
5920,5,4569,69,29,2025-06-03,BATCH-5920,2026-02-08,2025-06-03,Expiring in 0 days - flag for clearance
5921,3,4284,6,50,2026-05-28,BATCH-5921,2027-07-28,2026-05-28,
5922,3,784,19,38,2026-03-14,BATCH-5922,2026-10-12,2026-03-14,Expiring in 32 days - monitor; Below reorder level - reorder placed 2026-03-22
5923,11,483,86,24,2026-02-17,BATCH-5923,2026-09-15,2026-02-17,Expiring in 5 days - flag for clearance
5924,11,3685,86,16,2026-01-08,BATCH-5924,2029-01-04,2026-01-08,
5925,10,1411,15,33,2026-05-16,BATCH-5925,2028-04-06,2026-05-16,Below reorder level - reorder placed 2026-05-20
5926,4,4348,89,16,2025-12-26,BATCH-5926,2026-12-19,2025-12-26,
5927,9,1847,55,45,2025-11-02,BATCH-5927,2025-12-22,2025-11-02,Expiring in 0 days - flag for clearance
5928,10,2291,77,47,2025-10-23,BATCH-5928,2029-11-08,2025-10-23,
5929,1,1250,86,40,2025-12-24,BATCH-5929,2027-10-11,2025-12-24,
5930,6,3821,75,22,2025-09-08,BATCH-5930,2027-04-17,2025-09-08,
5931,1,2894,21,35,2025-09-15,BATCH-5931,2025-12-18,2025-09-15,Expiring in 0 days - flag for clearance; Below reorder level - reorder placed 2025-09-20
5932,11,4901,70,33,2026-08-21,BATCH-5932,2028-10-16,2026-08-21,
5933,3,4953,45,59,2025-06-23,BATCH-5933,2026-12-07,2025-06-23,Expiring in 88 days - monitor; Below reorder level - reorder placed 2025-07-04
5934,10,217,9,18,2025-09-27,BATCH-5934,2028-09-05,2025-09-27,Below reorder level - reorder placed 2025-10-05
5935,5,3443,85,18,2026-04-24,BATCH-5935,2027-12-14,2026-04-24,
5936,12,4602,92,45,2025-08-07,BATCH-5936,2026-10-06,2025-08-07,Expiring in 26 days - flag for clearance
5937,4,261,21,54,2025-10-27,BATCH-5937,2026-12-08,2025-10-27,Expiring in 89 days - monitor; Below reorder level - reorder placed 2025-11-04
5938,1,4364,31,49,2025-06-22,BATCH-5938,2026-09-07,2025-06-22,Expiring in 0 days - flag for clearance; Below reorder level - reorder placed 2025-06-27
5939,1,3915,61,42,2025-07-26,BATCH-5939,2027-08-23,2025-07-26,
5940,8,655,103,26,2025-06-11,BATCH-5940,2027-12-03,2025-06-11,
5941,6,2027,102,27,2025-11-01,BATCH-5941,2029-06-29,2025-11-01,
5942,11,3941,112,25,2026-03-18,BATCH-5942,2027-04-03,2026-03-18,
5943,10,2664,98,33,2026-04-11,BATCH-5943,2027-06-28,2026-04-11,
5944,10,4499,57,48,2026-03-21,BATCH-5944,2028-12-30,2026-03-21,
5945,1,4651,16,43,2025-10-17,BATCH-5945,2026-09-26,2025-10-17,Expiring in 16 days - flag for clearance; Below reorder level - reorder placed 2025-10-22
5946,10,1743,60,25,2026-02-02,BATCH-5946,2027-02-06,2026-02-02,
5947,8,3779,65,20,2025-11-06,BATCH-5947,2028-10-02,2025-11-06,
5948,9,4233,79,34,2026-08-24,BATCH-5948,2027-12-11,2026-08-24,
5949,10,4065,54,55,2026-07-13,BATCH-5949,2029-01-04,2026-07-13,Below reorder level - reorder placed 2026-07-16
5950,2,3487,83,49,2026-03-16,BATCH-5950,2026-02-04,2026-03-16,Expiring in 0 days - flag for clearance
5951,5,2442,40,47,2026-03-06,BATCH-5951,2026-12-04,2026-03-06,Below reorder level - reorder placed 2026-03-12
5952,10,645,45,28,2026-06-09,BATCH-5952,2026-11-28,2026-06-09,Expiring in 79 days - monitor
5953,8,4521,48,22,2026-01-10,BATCH-5953,2029-01-01,2026-01-10,
5954,1,51,113,26,2026-03-21,BATCH-5954,2026-09-17,2026-03-21,Expiring in 7 days - flag for clearance
5955,8,3049,6,38,2026-02-03,BATCH-5955,2026-09-01,2026-02-03,Expiring in 0 days - flag for clearance; Below reorder level - reorder placed 2026-02-16
5956,5,4705,104,43,2025-07-25,BATCH-5956,2027-04-19,2025-07-25,
5957,1,2204,64,39,2026-03-19,BATCH-5957,2027-07-08,2026-03-19,
5958,8,2907,85,23,2025-06-07,BATCH-5958,2026-01-07,2025-06-07,Expiring in 0 days - flag for clearance
5959,12,1445,9,18,2026-08-05,BATCH-5959,2026-09-25,2026-08-05,Expiring in 15 days - flag for clearance; Below reorder level - reorder placed 2026-08-12
5960,12,2847,86,23,2025-09-09,BATCH-5960,2026-09-06,2025-09-09,Expiring in 0 days - flag for clearance
5961,3,3885,47,37,2026-07-23,BATCH-5961,2026-02-20,2026-07-23,Expiring in 0 days - flag for clearance
5962,10,1058,48,57,2025-06-02,BATCH-5962,2027-08-13,2025-06-02,Below reorder level - reorder placed 2025-06-14
5963,8,4970,80,43,2025-10-12,BATCH-5963,2029-03-04,2025-10-12,
5964,8,2332,4,19,2026-06-27,BATCH-5964,2026-10-30,2026-06-27,Below reorder level - reorder placed 2026-07-07
5965,6,3193,57,28,2025-06-17,BATCH-5965,2026-11-06,2025-06-17,
5966,1,1154,112,40,2026-04-19,BATCH-5966,2028-01-01,2026-04-19,
5967,12,741,31,16,2026-02-16,BATCH-5967,2029-02-16,2026-02-16,
5968,10,4962,18,34,2025-07-30,BATCH-5968,2029-07-11,2025-07-30,
5969,8,2638,108,54,2026-08-24,BATCH-5969,2028-06-22,2026-08-24,
5970,3,75,1,43,2026-02-08,BATCH-5970,2026-03-18,2026-02-08,Expiring in 0 days - flag for clearance; Below reorder level - reorder placed 2026-02-11
5971,8,3002,117,26,2025-10-19,BATCH-5971,2027-12-07,2025-10-19,
5972,10,4,74,29,2025-11-18,BATCH-5972,2029-09-28,2025-11-18,
5973,8,3687,30,28,2025-08-06,BATCH-5973,2027-09-06,2025-08-06,
5974,11,2778,8,43,2025-09-29,BATCH-5974,2028-01-28,2025-09-29,
5975,4,4865,96,54,2025-07-30,BATCH-5975,2029-11-25,2025-07-30,
5976,5,3594,67,46,2026-09-03,BATCH-5976,2027-06-06,2026-09-03,
5977,3,4384,87,32,2026-03-08,BATCH-5977,2027-09-21,2026-03-08,
5978,6,4345,91,15,2025-07-07,BATCH-5978,2027-05-29,2025-07-07,
5979,11,2989,68,27,2025-11-23,BATCH-5979,2026-04-05,2025-11-23,Expiring in 0 days - flag for clearance
5980,12,1807,61,22,2026-07-03,BATCH-5980,2029-01-06,2026-07-03,
5981,3,3368,67,45,2026-02-20,BATCH-5981,2026-12-10,2026-02-20,
5982,7,2396,114,43,2026-03-11,BATCH-5982,2028-09-21,2026-03-11,
5983,1,4259,57,30,2025-10-06,BATCH-5983,2029-01-09,2025-10-06,
5984,6,4942,34,43,2026-03-14,BATCH-5984,2029-06-06,2026-03-14,Below reorder level - reorder placed 2026-03-27
5985,8,289,117,43,2026-02-03,BATCH-5985,2029-09-11,2026-02-03,
5986,5,2669,93,19,2025-10-08,BATCH-5986,2027-01-02,2025-10-08,
5987,3,2823,77,46,2026-01-18,BATCH-5987,2027-01-28,2026-01-18,
5988,9,1060,86,41,2026-02-28,BATCH-5988,2029-08-28,2026-02-28,
5989,5,4124,106,34,2025-12-08,BATCH-5989,2029-03-26,2025-12-08,
5990,5,3305,79,57,2026-02-25,BATCH-5990,2026-05-16,2026-02-25,Expiring in 0 days - flag for clearance
5991,4,4705,93,30,2026-04-22,BATCH-5991,2027-04-19,2026-04-22,
5992,3,1334,80,47,2026-04-03,BATCH-5992,2027-12-13,2026-04-03,
5993,5,4768,38,52,2026-08-23,BATCH-5993,2025-12-20,2026-08-23,Expiring in 0 days - flag for clearance; Below reorder level - reorder placed 2026-08-29
5994,11,458,2,56,2026-06-08,BATCH-5994,2026-12-10,2026-06-08,
5995,5,470,109,25,2026-08-31,BATCH-5995,2026-01-14,2026-08-31,Expiring in 0 days - flag for clearance
5996,10,2833,26,57,2025-08-27,BATCH-5996,2026-12-23,2025-08-27,
5997,6,315,64,56,2026-03-07,BATCH-5997,2029-05-06,2026-03-07,
5998,2,4363,7,41,2026-08-05,BATCH-5998,2026-06-09,2026-08-05,Expiring in 0 days - flag for clearance; Below reorder level - reorder placed 2026-08-15
5999,2,58,90,16,2025-10-05,BATCH-5999,2029-03-12,2025-10-05,
6000,2,2873,115,42,2025-12-21,BATCH-6000,2025-12-14,2025-12-21,Expiring in 0 days - flag for clearance
6001,11,2017,109,46,2025-07-18,BATCH-6001,2028-09-16,2025-07-18,
6002,2,27,85,38,2026-08-12,BATCH-6002,2026-04-06,2026-08-12,Expiring in 0 days - flag for clearance
6003,3,2473,106,21,2026-05-31,BATCH-6003,2026-01-19,2026-05-31,Expiring in 0 days - flag for clearance
6004,3,1700,86,40,2025-09-18,BATCH-6004,2029-11-22,2025-09-18,
6005,3,2557,92,18,2025-12-20,BATCH-6005,2029-04-27,2025-12-20,
6006,1,1933,78,52,2026-06-10,BATCH-6006,2029-12-24,2026-06-10,
6007,4,1720,33,49,2026-05-28,BATCH-6007,2029-04-20,2026-05-28,Below reorder level - reorder placed 2026-06-08
6008,3,2039,41,36,2026-03-19,BATCH-6008,2027-09-17,2026-03-19,
6009,12,2270,28,22,2026-07-15,BATCH-6009,2028-01-24,2026-07-15,
6010,1,2628,118,34,2026-05-09,BATCH-6010,2026-10-02,2026-05-09,Expiring in 22 days - flag for clearance
6011,9,492,62,55,2025-09-11,BATCH-6011,2027-08-25,2025-09-11,
6012,3,3425,98,35,2026-05-19,BATCH-6012,2026-08-28,2026-05-19,Expiring in 0 days - flag for clearance
6013,1,659,24,24,2026-05-22,BATCH-6013,2026-08-06,2026-05-22,Expiring in 0 days - flag for clearance
6014,11,1188,109,34,2026-04-10,BATCH-6014,2026-02-17,2026-04-10,Expiring in 0 days - flag for clearance
6015,11,3481,47,57,2025-09-04,BATCH-6015,2026-06-27,2025-09-04,Expiring in 0 days - flag for clearance; Below reorder level - reorder placed 2025-09-12
6016,11,2493,105,49,2026-07-15,BATCH-6016,2027-03-04,2026-07-15,
6017,7,635,37,49,2026-06-01,BATCH-6017,2026-09-19,2026-06-01,Expiring in 9 days - flag for clearance; Below reorder level - reorder placed 2026-06-07
6018,10,692,24,41,2025-07-22,BATCH-6018,2028-08-03,2025-07-22,Below reorder level - reorder placed 2025-08-03
6019,6,3716,13,18,2026-02-08,BATCH-6019,2029-02-28,2026-02-08,Below reorder level - reorder placed 2026-02-21
6020,5,4084,110,26,2026-01-15,BATCH-6020,2025-12-23,2026-01-15,Expiring in 0 days - flag for clearance
6021,10,593,50,30,2026-05-30,BATCH-6021,2027-08-21,2026-05-30,
6022,7,1458,15,28,2026-04-13,BATCH-6022,2028-04-12,2026-04-13,
6023,7,1534,76,50,2026-08-18,BATCH-6023,2027-01-25,2026-08-18,
6024,7,3815,68,29,2026-07-13,BATCH-6024,2028-01-16,2026-07-13,
6025,1,1924,9,55,2026-03-06,BATCH-6025,2026-11-05,2026-03-06,Expiring in 56 days - monitor
6026,7,149,111,39,2026-03-13,BATCH-6026,2029-04-26,2026-03-13,
6027,2,1353,62,39,2025-07-26,BATCH-6027,2029-10-29,2025-07-26,
6028,2,2240,49,53,2026-07-17,BATCH-6028,2028-08-13,2026-07-17,Below reorder level - reorder placed 2026-07-20
6029,10,1039,16,16,2025-10-03,BATCH-6029,2026-10-31,2025-10-03,
6030,3,2004,48,30,2026-05-12,BATCH-6030,2028-08-20,2026-05-12,
6031,6,953,7,57,2025-07-25,BATCH-6031,2026-04-05,2025-07-25,Expiring in 0 days - flag for clearance; Below reorder level - reorder placed 2025-07-31
6032,4,1318,21,25,2026-01-13,BATCH-6032,2026-11-20,2026-01-13,
6033,4,150,5,58,2026-04-12,BATCH-6033,2026-01-23,2026-04-12,Expiring in 0 days - flag for clearance; Below reorder level - reorder placed 2026-04-20
6034,3,2925,33,42,2025-08-25,BATCH-6034,2029-09-10,2025-08-25,Below reorder level - reorder placed 2025-09-02
6035,9,535,73,40,2025-06-27,BATCH-6035,2026-11-20,2025-06-27,
6036,10,3781,4,21,2025-12-11,BATCH-6036,2027-03-06,2025-12-11,
6037,5,4993,19,32,2025-09-06,BATCH-6037,2026-02-10,2025-09-06,Expiring in 0 days - flag for clearance; Below reorder level - reorder placed 2025-09-10
6038,1,572,91,44,2026-04-27,BATCH-6038,2026-05-20,2026-04-27,Expiring in 0 days - flag for clearance
6039,12,3502,13,45,2025-06-23,BATCH-6039,2029-12-22,2025-06-23,Below reorder level - reorder placed 2025-06-27
6040,6,2691,89,42,2025-10-10,BATCH-6040,2026-12-16,2025-10-10,
6041,12,3824,33,26,2026-04-25,BATCH-6041,2026-12-05,2026-04-25,
6042,7,2960,113,21,2025-08-29,BATCH-6042,2026-09-26,2025-08-29,Expiring in 16 days - flag for clearance
6043,10,2891,93,21,2026-02-11,BATCH-6043,2028-01-13,2026-02-11,
6044,10,3351,117,32,2026-05-19,BATCH-6044,2027-06-07,2026-05-19,
6045,5,3533,108,38,2025-07-20,BATCH-6045,2027-04-28,2025-07-20,
6046,4,2942,39,55,2026-04-02,BATCH-6046,2027-10-08,2026-04-02,
6047,12,3905,57,25,2026-01-05,BATCH-6047,2028-12-07,2026-01-05,
6048,6,2290,35,56,2025-06-30,BATCH-6048,2028-05-05,2025-06-30,Below reorder level - reorder placed 2025-07-11
6049,5,1002,114,44,2026-04-18,BATCH-6049,2026-03-17,2026-04-18,Expiring in 0 days - flag for clearance
6050,8,3529,13,39,2026-05-13,BATCH-6050,2030-01-02,2026-05-13,Below reorder level - reorder placed 2026-05-18
6051,10,3209,52,43,2025-12-30,BATCH-6051,2029-05-13,2025-12-30,
6052,12,3378,54,59,2026-05-01,BATCH-6052,2027-05-08,2026-05-01,Below reorder level - reorder placed 2026-05-14
6053,2,4335,67,31,2025-08-10,BATCH-6053,2027-01-31,2025-08-10,
6054,8,4554,43,55,2025-12-27,BATCH-6054,2026-09-15,2025-12-27,Expiring in 5 days - flag for clearance; Below reorder level - reorder placed 2025-12-30
6055,3,279,34,59,2026-02-04,BATCH-6055,2026-09-26,2026-02-04,Expiring in 16 days - flag for clearance; Below reorder level - reorder placed 2026-02-07
6056,9,3056,99,46,2026-04-18,BATCH-6056,2029-04-23,2026-04-18,
6057,3,4554,27,52,2026-05-18,BATCH-6057,2026-09-15,2026-05-18,Expiring in 5 days - flag for clearance
6058,1,940,3,42,2025-08-27,BATCH-6058,2028-07-20,2025-08-27,
6059,12,4705,85,41,2026-08-27,BATCH-6059,2027-04-19,2026-08-27,
6060,10,2002,37,55,2026-07-07,BATCH-6060,2027-11-22,2026-07-07,Below reorder level - reorder placed 2026-07-18
6061,2,1465,34,56,2025-09-22,BATCH-6061,2029-11-27,2025-09-22,
6062,6,3123,116,54,2025-10-30,BATCH-6062,2028-05-07,2025-10-30,
6063,3,964,69,19,2026-08-07,BATCH-6063,2027-03-28,2026-08-07,
6064,1,4463,72,26,2025-08-20,BATCH-6064,2026-04-21,2025-08-20,Expiring in 0 days - flag for clearance
6065,12,612,118,50,2026-02-15,BATCH-6065,2026-09-21,2026-02-15,Expiring in 11 days - flag for clearance
6066,7,3896,72,55,2025-07-07,BATCH-6066,2028-08-11,2025-07-07,
6067,11,129,86,43,2026-05-27,BATCH-6067,2027-09-02,2026-05-27,
6068,6,4858,32,29,2026-04-10,BATCH-6068,2028-10-10,2026-04-10,
6069,10,1083,68,57,2026-07-07,BATCH-6069,2027-05-16,2026-07-07,
6070,4,4607,14,21,2026-05-26,BATCH-6070,2028-04-01,2026-05-26,Below reorder level - reorder placed 2026-06-06
6071,6,2361,34,16,2025-06-27,BATCH-6071,2028-09-04,2025-06-27,
6072,9,3128,7,53,2026-07-30,BATCH-6072,2026-10-25,2026-07-30,
6073,10,2769,115,46,2026-07-29,BATCH-6073,2029-02-28,2026-07-29,
6074,5,576,109,16,2026-07-23,BATCH-6074,2026-03-07,2026-07-23,Expiring in 0 days - flag for clearance
6075,5,3399,51,21,2025-09-15,BATCH-6075,2028-01-07,2025-09-15,
6076,3,351,85,20,2025-10-05,BATCH-6076,2028-08-19,2025-10-05,
6077,11,1022,48,48,2026-08-24,BATCH-6077,2026-10-29,2026-08-24,
6078,3,3290,45,22,2026-07-06,BATCH-6078,2026-11-15,2026-07-06,
6079,3,3796,56,33,2026-07-23,BATCH-6079,2028-08-23,2026-07-23,
6080,7,225,59,44,2025-10-10,BATCH-6080,2029-10-24,2025-10-10,
6081,4,3633,103,31,2025-10-11,BATCH-6081,2028-06-14,2025-10-11,
6082,8,527,23,45,2025-08-15,BATCH-6082,2028-07-09,2025-08-15,
6083,12,3562,45,36,2026-03-28,BATCH-6083,2028-03-16,2026-03-28,
6084,8,4009,48,57,2026-05-04,BATCH-6084,2028-02-21,2026-05-04,
6085,1,3676,12,19,2026-03-20,BATCH-6085,2029-09-19,2026-03-20,Below reorder level - reorder placed 2026-03-23
6086,3,2704,63,46,2025-09-18,BATCH-6086,2029-09-08,2025-09-18,
6087,11,355,76,16,2026-03-15,BATCH-6087,2027-10-26,2026-03-15,
6088,10,1602,32,25,2026-06-18,BATCH-6088,2029-11-14,2026-06-18,
6089,5,519,47,15,2025-07-22,BATCH-6089,2029-09-02,2025-07-22,
6090,2,2866,84,16,2026-05-03,BATCH-6090,2026-12-10,2026-05-03,
6091,10,4319,12,22,2025-07-07,BATCH-6091,2027-12-30,2025-07-07,Below reorder level - reorder placed 2025-07-11
6092,11,1285,44,48,2025-06-21,BATCH-6092,2026-01-05,2025-06-21,Expiring in 0 days - flag for clearance
6093,2,520,7,27,2026-01-29,BATCH-6093,2028-10-22,2026-01-29,Below reorder level - reorder placed 2026-02-08
6094,6,511,6,31,2026-06-03,BATCH-6094,2027-04-09,2026-06-03,Below reorder level - reorder placed 2026-06-12
6095,8,4986,12,29,2026-06-16,BATCH-6095,2028-02-01,2026-06-16,Below reorder level - reorder placed 2026-06-21
6096,4,3790,50,38,2025-09-06,BATCH-6096,2028-07-09,2025-09-06,
6097,4,4929,45,21,2026-01-15,BATCH-6097,2026-07-27,2026-01-15,Expiring in 0 days - flag for clearance
6098,12,121,50,43,2025-07-26,BATCH-6098,2026-01-03,2025-07-26,Expiring in 0 days - flag for clearance
6099,12,3988,49,41,2026-03-21,BATCH-6099,2027-12-10,2026-03-21,
6100,8,4014,0,17,2026-06-06,BATCH-6100,2028-05-18,2026-06-06,Below reorder level - reorder placed 2026-06-15
6101,12,4472,91,32,2025-08-26,BATCH-6101,2029-05-09,2025-08-26,
6102,4,3590,35,59,2025-11-25,BATCH-6102,2027-08-06,2025-11-25,
6103,10,131,104,46,2025-12-14,BATCH-6103,2028-06-15,2025-12-14,
6104,6,821,45,50,2026-01-19,BATCH-6104,2029-08-29,2026-01-19,Below reorder level - reorder placed 2026-01-30
6105,12,3374,34,39,2025-07-09,BATCH-6105,2029-12-03,2025-07-09,
6106,3,4494,84,18,2026-06-15,BATCH-6106,2026-10-06,2026-06-15,Expiring in 26 days - flag for clearance
6107,1,782,65,40,2026-07-12,BATCH-6107,2027-11-27,2026-07-12,
6108,7,1288,88,53,2026-05-15,BATCH-6108,2028-04-29,2026-05-15,
6109,8,4252,86,55,2026-03-06,BATCH-6109,2027-08-21,2026-03-06,
6110,12,2108,84,18,2026-08-08,BATCH-6110,2027-10-02,2026-08-08,
6111,5,4775,16,35,2025-09-10,BATCH-6111,2027-08-05,2025-09-10,Below reorder level - reorder placed 2025-09-19
6112,8,4733,87,30,2025-12-27,BATCH-6112,2028-02-11,2025-12-27,
6113,2,2884,96,19,2026-05-17,BATCH-6113,2029-04-18,2026-05-17,
6114,4,1865,79,44,2025-07-19,BATCH-6114,2027-01-06,2025-07-19,
6115,9,4439,16,35,2025-09-25,BATCH-6115,2026-11-16,2025-09-25,Below reorder level - reorder placed 2025-10-01
6116,1,815,15,48,2026-04-12,BATCH-6116,2028-10-08,2026-04-12,Below reorder level - reorder placed 2026-04-24
6117,12,1458,4,20,2026-08-30,BATCH-6117,2028-04-12,2026-08-30,Below reorder level - reorder placed 2026-09-10
6118,11,4534,111,46,2025-07-10,BATCH-6118,2029-01-14,2025-07-10,
6119,3,3385,98,42,2026-07-05,BATCH-6119,2025-12-14,2026-07-05,Expiring in 0 days - flag for clearance
6120,12,1622,8,30,2026-03-18,BATCH-6120,2027-01-17,2026-03-18,Below reorder level - reorder placed 2026-03-26
6121,5,4789,93,29,2026-06-11,BATCH-6121,2026-11-25,2026-06-11,Expiring in 76 days - monitor
6122,8,1085,40,22,2026-04-10,BATCH-6122,2029-10-20,2026-04-10,
6123,10,3790,46,25,2026-05-12,BATCH-6123,2028-07-09,2026-05-12,
6124,4,1692,57,19,2025-10-11,BATCH-6124,2029-11-24,2025-10-11,
6125,3,2693,85,37,2026-03-07,BATCH-6125,2027-04-05,2026-03-07,
6126,11,4486,57,18,2026-08-15,BATCH-6126,2029-08-11,2026-08-15,
6127,6,4584,51,42,2025-12-28,BATCH-6127,2027-06-23,2025-12-28,
6128,11,2377,53,45,2026-05-04,BATCH-6128,2029-06-22,2026-05-04,
6129,8,1025,101,25,2026-05-19,BATCH-6129,2026-06-12,2026-05-19,Expiring in 0 days - flag for clearance
6130,2,4572,39,57,2026-08-22,BATCH-6130,2026-10-06,2026-08-22,Expiring in 26 days - flag for clearance
6131,5,4044,36,53,2026-04-22,BATCH-6131,2028-03-22,2026-04-22,Below reorder level - reorder placed 2026-05-04
6132,9,2702,51,15,2026-07-22,BATCH-6132,2026-05-19,2026-07-22,Expiring in 0 days - flag for clearance
6133,5,3605,103,50,2026-01-03,BATCH-6133,2026-12-06,2026-01-03,
6134,6,141,15,51,2026-02-07,BATCH-6134,2027-11-18,2026-02-07,Below reorder level - reorder placed 2026-02-20
6135,3,4525,21,34,2026-03-30,BATCH-6135,2028-08-31,2026-03-30,
6136,9,4855,26,22,2026-03-01,BATCH-6136,2026-07-26,2026-03-01,Expiring in 0 days - flag for clearance
6137,6,719,6,49,2026-03-25,BATCH-6137,2028-10-06,2026-03-25,Below reorder level - reorder placed 2026-04-04
6138,11,2459,37,30,2026-02-20,BATCH-6138,2028-02-26,2026-02-20,
6139,12,4901,92,55,2026-03-14,BATCH-6139,2028-10-16,2026-03-14,
6140,3,915,49,17,2026-03-27,BATCH-6140,2026-06-27,2026-03-27,Expiring in 0 days - flag for clearance
6141,5,3222,39,46,2025-12-03,BATCH-6141,2026-01-30,2025-12-03,Expiring in 0 days - flag for clearance; Below reorder level - reorder placed 2025-12-15
6142,7,322,104,24,2026-04-02,BATCH-6142,2026-09-02,2026-04-02,Expiring in 0 days - flag for clearance
6143,8,3243,45,59,2025-08-29,BATCH-6143,2026-11-27,2025-08-29,Expiring in 78 days - monitor
6144,2,758,32,32,2026-02-17,BATCH-6144,2029-10-27,2026-02-17,
6145,3,2188,98,45,2026-08-10,BATCH-6145,2026-02-16,2026-08-10,Expiring in 0 days - flag for clearance
6146,5,2820,89,23,2025-07-21,BATCH-6146,2028-02-20,2025-07-21,
6147,6,3966,58,37,2026-07-15,BATCH-6147,2026-11-28,2026-07-15,
6148,7,795,47,26,2025-11-15,BATCH-6148,2029-01-13,2025-11-15,
6149,4,3184,14,52,2026-01-19,BATCH-6149,2027-10-14,2026-01-19,
6150,6,3706,87,54,2026-04-01,BATCH-6150,2029-12-23,2026-04-01,
6151,4,3619,2,30,2026-07-02,BATCH-6151,2028-04-22,2026-07-02,Below reorder level - reorder placed 2026-07-13
6152,8,3997,4,45,2025-08-27,BATCH-6152,2028-06-06,2025-08-27,Below reorder level - reorder placed 2025-09-03
6153,10,1388,61,44,2025-09-15,BATCH-6153,2028-01-09,2025-09-15,
6154,2,4366,20,20,2026-08-08,BATCH-6154,2029-09-09,2026-08-08,
6155,2,245,48,36,2026-05-02,BATCH-6155,2026-06-15,2026-05-02,Expiring in 0 days - flag for clearance
6156,11,4769,73,52,2026-07-23,BATCH-6156,2028-01-26,2026-07-23,
6157,4,4383,25,35,2025-11-07,BATCH-6157,2029-01-05,2025-11-07,Below reorder level - reorder placed 2025-11-15
6158,2,3261,38,57,2025-11-30,BATCH-6158,2028-06-29,2025-11-30,Below reorder level - reorder placed 2025-12-13
6159,9,24,60,56,2025-06-07,BATCH-6159,2026-12-17,2025-06-07,
6160,5,4715,3,35,2025-11-26,BATCH-6160,2026-12-26,2025-11-26,Below reorder level - reorder placed 2025-12-06
6161,9,2058,34,19,2026-08-23,BATCH-6161,2029-10-04,2026-08-23,
6162,6,3905,18,26,2025-12-23,BATCH-6162,2028-12-07,2025-12-23,Below reorder level - reorder placed 2025-12-27
6163,8,762,68,41,2025-06-03,BATCH-6163,2027-10-02,2025-06-03,
6164,7,4216,5,40,2026-04-24,BATCH-6164,2026-12-26,2026-04-24,Below reorder level - reorder placed 2026-05-03
6165,12,1114,58,19,2026-06-01,BATCH-6165,2029-03-29,2026-06-01,
6166,10,2484,58,30,2026-06-22,BATCH-6166,2026-11-18,2026-06-22,
6167,1,229,112,47,2026-08-30,BATCH-6167,2026-10-29,2026-08-30,
6168,4,1926,14,55,2025-12-15,BATCH-6168,2028-05-03,2025-12-15,Below reorder level - reorder placed 2025-12-22
6169,12,41,5,51,2026-03-14,BATCH-6169,2029-05-04,2026-03-14,Below reorder level - reorder placed 2026-03-26
6170,12,2210,44,39,2026-06-11,BATCH-6170,2028-08-19,2026-06-11,
6171,7,798,21,31,2026-05-20,BATCH-6171,2029-01-02,2026-05-20,Below reorder level - reorder placed 2026-06-01
6172,12,4017,3,24,2026-03-23,BATCH-6172,2026-07-23,2026-03-23,Expiring in 0 days - flag for clearance; Below reorder level - reorder placed 2026-03-28
6173,12,671,14,56,2025-08-22,BATCH-6173,2029-01-17,2025-08-22,Below reorder level - reorder placed 2025-08-25
6174,9,1330,94,48,2026-02-24,BATCH-6174,2026-10-04,2026-02-24,Expiring in 24 days - flag for clearance
6175,12,2103,92,58,2025-09-18,BATCH-6175,2026-10-20,2025-09-18,Expiring in 40 days - monitor
6176,2,734,63,49,2026-07-27,BATCH-6176,2028-01-23,2026-07-27,
6177,1,2856,22,23,2026-02-13,BATCH-6177,2027-04-04,2026-02-13,Below reorder level - reorder placed 2026-02-17
6178,2,1538,117,58,2026-01-23,BATCH-6178,2026-12-02,2026-01-23,
6179,12,4511,1,54,2025-07-10,BATCH-6179,2027-04-15,2025-07-10,Below reorder level - reorder placed 2025-07-20
6180,9,2601,4,42,2025-07-02,BATCH-6180,2028-03-13,2025-07-02,Below reorder level - reorder placed 2025-07-15
6181,2,3454,53,48,2026-07-06,BATCH-6181,2026-01-29,2026-07-06,Expiring in 0 days - flag for clearance
6182,9,678,49,56,2026-06-29,BATCH-6182,2029-10-13,2026-06-29,Below reorder level - reorder placed 2026-07-04
6183,7,4084,105,45,2026-09-02,BATCH-6183,2025-12-23,2026-09-02,Expiring in 0 days - flag for clearance
6184,10,4165,67,52,2026-05-20,BATCH-6184,2026-04-23,2026-05-20,Expiring in 0 days - flag for clearance
6185,6,3253,111,54,2025-09-25,BATCH-6185,2026-07-25,2025-09-25,Expiring in 0 days - flag for clearance
6186,1,4432,68,28,2025-09-14,BATCH-6186,2029-07-07,2025-09-14,
6187,9,3867,95,25,2025-06-27,BATCH-6187,2026-05-09,2025-06-27,Expiring in 0 days - flag for clearance
6188,12,4165,110,51,2026-01-31,BATCH-6188,2026-04-23,2026-01-31,Expiring in 0 days - flag for clearance
6189,9,89,79,59,2026-04-12,BATCH-6189,2026-01-28,2026-04-12,Expiring in 0 days - flag for clearance
6190,12,2723,99,17,2025-10-11,BATCH-6190,2026-07-04,2025-10-11,Expiring in 0 days - flag for clearance
6191,12,667,67,15,2026-02-10,BATCH-6191,2026-12-06,2026-02-10,
6192,11,4214,58,22,2026-07-09,BATCH-6192,2027-12-28,2026-07-09,
6193,1,3336,8,39,2025-08-15,BATCH-6193,2029-10-16,2025-08-15,Below reorder level - reorder placed 2025-08-27
6194,6,269,62,21,2026-05-03,BATCH-6194,2026-11-27,2026-05-03,
6195,5,1018,28,22,2025-06-17,BATCH-6195,2027-09-14,2025-06-17,
6196,3,1939,1,35,2026-07-23,BATCH-6196,2027-03-20,2026-07-23,
6197,8,4303,27,19,2026-07-31,BATCH-6197,2027-01-02,2026-07-31,
6198,5,3306,13,47,2025-12-15,BATCH-6198,2026-11-06,2025-12-15,Below reorder level - reorder placed 2025-12-21
6199,11,4906,53,22,2025-12-25,BATCH-6199,2026-10-28,2025-12-25,
6200,12,4985,57,55,2025-06-26,BATCH-6200,2028-08-15,2025-06-26,
6201,7,3380,64,42,2026-02-19,BATCH-6201,2027-10-05,2026-02-19,
6202,10,1982,101,47,2025-09-10,BATCH-6202,2028-02-13,2025-09-10,
6203,11,3943,118,50,2026-06-19,BATCH-6203,2026-10-31,2026-06-19,
6204,12,2589,36,55,2025-07-08,BATCH-6204,2028-04-17,2025-07-08,Below reorder level - reorder placed 2025-07-16
6205,4,2490,40,48,2026-06-28,BATCH-6205,2029-09-22,2026-06-28,
6206,9,2306,102,39,2025-09-05,BATCH-6206,2029-02-02,2025-09-05,
6207,12,113,53,50,2025-06-30,BATCH-6207,2026-11-13,2025-06-30,
6208,10,3762,83,31,2026-08-04,BATCH-6208,2026-04-05,2026-08-04,Expiring in 0 days - flag for clearance
6209,1,1311,45,26,2026-08-17,BATCH-6209,2027-05-02,2026-08-17,
6210,12,3993,108,22,2025-09-17,BATCH-6210,2026-08-01,2025-09-17,Expiring in 0 days - flag for clearance
6211,8,2518,16,54,2026-08-04,BATCH-6211,2029-03-08,2026-08-04,Below reorder level - reorder placed 2026-08-10
6212,11,584,15,52,2025-12-30,BATCH-6212,2027-09-29,2025-12-30,
6213,9,2485,61,38,2025-12-29,BATCH-6213,2027-11-19,2025-12-29,
6214,7,28,42,51,2025-06-01,BATCH-6214,2029-02-20,2025-06-01,Below reorder level - reorder placed 2025-06-04
6215,11,2096,66,29,2025-09-08,BATCH-6215,2026-06-30,2025-09-08,Expiring in 0 days - flag for clearance
6216,6,4119,73,26,2026-06-13,BATCH-6216,2028-08-30,2026-06-13,
6217,6,4542,45,38,2025-06-27,BATCH-6217,2027-10-04,2025-06-27,
6218,6,4752,68,42,2025-12-27,BATCH-6218,2027-03-17,2025-12-27,
6219,1,1717,115,42,2026-03-22,BATCH-6219,2027-02-25,2026-03-22,
6220,12,1895,16,18,2026-07-16,BATCH-6220,2029-03-19,2026-07-16,Below reorder level - reorder placed 2026-07-25
6221,9,944,8,31,2026-08-16,BATCH-6221,2027-07-17,2026-08-16,Below reorder level - reorder placed 2026-08-21
6222,3,2653,41,31,2025-08-20,BATCH-6222,2028-05-26,2025-08-20,
6223,3,4884,53,28,2025-09-12,BATCH-6223,2026-07-29,2025-09-12,Expiring in 0 days - flag for clearance
6224,1,2374,72,33,2025-08-06,BATCH-6224,2029-03-05,2025-08-06,
6225,3,3650,85,25,2026-06-08,BATCH-6225,2028-12-14,2026-06-08,
6226,3,4455,37,42,2025-07-29,BATCH-6226,2026-07-18,2025-07-29,Expiring in 0 days - flag for clearance; Below reorder level - reorder placed 2025-08-07
6227,10,363,83,50,2025-06-04,BATCH-6227,2029-03-20,2025-06-04,
6228,3,2053,46,53,2025-10-20,BATCH-6228,2029-09-16,2025-10-20,
6229,8,2807,52,52,2025-11-18,BATCH-6229,2027-08-31,2025-11-18,
6230,12,1124,73,53,2025-06-16,BATCH-6230,2028-04-10,2025-06-16,
6231,1,4588,42,56,2025-09-25,BATCH-6231,2029-10-31,2025-09-25,Below reorder level - reorder placed 2025-10-06
6232,7,4402,10,40,2025-12-05,BATCH-6232,2027-10-05,2025-12-05,Below reorder level - reorder placed 2025-12-16
6233,12,2138,12,18,2025-07-15,BATCH-6233,2029-11-11,2025-07-15,
6234,10,4679,27,44,2026-01-06,BATCH-6234,2029-10-22,2026-01-06,Below reorder level - reorder placed 2026-01-10
6235,1,32,43,20,2026-03-02,BATCH-6235,2027-04-22,2026-03-02,
6236,9,2773,5,21,2026-06-12,BATCH-6236,2028-07-08,2026-06-12,Below reorder level - reorder placed 2026-06-21
6237,6,1709,16,23,2025-09-15,BATCH-6237,2028-08-17,2025-09-15,Below reorder level - reorder placed 2025-09-23
6238,2,1116,7,20,2026-03-21,BATCH-6238,2026-11-05,2026-03-21,
6239,4,1427,26,25,2025-10-29,BATCH-6239,2026-02-04,2025-10-29,Expiring in 0 days - flag for clearance
6240,11,2284,78,25,2026-05-19,BATCH-6240,2027-10-08,2026-05-19,
6241,8,4030,81,21,2026-08-16,BATCH-6241,2029-01-06,2026-08-16,
6242,12,3623,81,40,2025-07-21,BATCH-6242,2027-02-18,2025-07-21,
6243,9,4792,95,41,2026-02-23,BATCH-6243,2029-09-03,2026-02-23,
6244,4,977,48,26,2025-06-08,BATCH-6244,2029-09-16,2025-06-08,
6245,9,1726,18,42,2026-08-04,BATCH-6245,2028-09-30,2026-08-04,
6246,11,3717,7,15,2026-07-15,BATCH-6246,2027-11-17,2026-07-15,Below reorder level - reorder placed 2026-07-23
6247,6,2055,95,55,2025-10-15,BATCH-6247,2028-04-12,2025-10-15,
6248,7,4127,30,55,2026-01-19,BATCH-6248,2029-03-29,2026-01-19,Below reorder level - reorder placed 2026-01-27
6249,3,936,50,21,2026-07-29,BATCH-6249,2027-02-09,2026-07-29,
6250,2,1849,65,54,2026-07-17,BATCH-6250,2028-03-08,2026-07-17,
6251,3,2810,37,58,2026-07-24,BATCH-6251,2028-02-18,2026-07-24,Below reorder level - reorder placed 2026-08-02
6252,1,1172,55,24,2026-01-29,BATCH-6252,2027-06-28,2026-01-29,
6253,9,280,109,49,2026-01-11,BATCH-6253,2026-08-26,2026-01-11,Expiring in 0 days - flag for clearance
6254,12,1653,99,19,2026-02-25,BATCH-6254,2026-02-03,2026-02-25,Expiring in 0 days - flag for clearance
6255,5,4023,27,34,2026-06-11,BATCH-6255,2027-08-09,2026-06-11,Below reorder level - reorder placed 2026-06-21
6256,10,4698,21,56,2026-02-26,BATCH-6256,2029-05-03,2026-02-26,Below reorder level - reorder placed 2026-03-08
6257,4,1531,106,30,2026-04-04,BATCH-6257,2026-11-25,2026-04-04,
6258,12,3199,95,59,2026-03-02,BATCH-6258,2026-02-24,2026-03-02,Expiring in 0 days - flag for clearance
6259,1,879,13,27,2026-05-19,BATCH-6259,2026-10-07,2026-05-19,Expiring in 27 days - flag for clearance
6260,4,185,3,19,2026-06-27,BATCH-6260,2027-09-07,2026-06-27,Below reorder level - reorder placed 2026-07-05
6261,12,497,40,19,2025-11-02,BATCH-6261,2028-04-26,2025-11-02,
6262,11,3880,9,57,2025-09-15,BATCH-6262,2028-05-13,2025-09-15,Below reorder level - reorder placed 2025-09-18
6263,12,2985,117,50,2025-10-02,BATCH-6263,2029-12-01,2025-10-02,
6264,11,1401,62,52,2026-01-24,BATCH-6264,2027-01-06,2026-01-24,
6265,5,1165,104,34,2025-06-30,BATCH-6265,2028-03-13,2025-06-30,
6266,4,4414,29,23,2025-11-21,BATCH-6266,2029-01-18,2025-11-21,
6267,12,3921,109,29,2026-07-13,BATCH-6267,2027-08-21,2026-07-13,
6268,1,3606,100,49,2026-01-10,BATCH-6268,2027-01-27,2026-01-10,
6269,10,4753,22,19,2026-01-27,BATCH-6269,2029-02-23,2026-01-27,
6270,1,3079,68,23,2026-07-25,BATCH-6270,2027-03-26,2026-07-25,
6271,8,118,6,54,2025-09-09,BATCH-6271,2028-08-15,2025-09-09,
6272,2,4109,38,58,2026-02-14,BATCH-6272,2027-06-19,2026-02-14,Below reorder level - reorder placed 2026-02-24
6273,9,3176,51,22,2026-07-26,BATCH-6273,2029-12-04,2026-07-26,
6274,5,3091,58,16,2025-07-16,BATCH-6274,2028-06-29,2025-07-16,
6275,6,1808,117,22,2026-03-23,BATCH-6275,2027-01-01,2026-03-23,
6276,5,3443,23,16,2026-08-23,BATCH-6276,2027-12-14,2026-08-23,
6277,12,1485,13,20,2026-08-25,BATCH-6277,2026-02-05,2026-08-25,Expiring in 0 days - flag for clearance; Below reorder level - reorder placed 2026-09-04
6278,11,3542,39,15,2025-08-30,BATCH-6278,2028-01-30,2025-08-30,
6279,1,4466,0,34,2026-05-18,BATCH-6279,2027-09-02,2026-05-18,Below reorder level - reorder placed 2026-05-24
6280,7,471,41,18,2025-07-22,BATCH-6280,2028-10-09,2025-07-22,
6281,10,4040,19,33,2026-06-10,BATCH-6281,2026-10-14,2026-06-10,Below reorder level - reorder placed 2026-06-19
6282,2,2738,83,38,2026-02-03,BATCH-6282,2027-06-24,2026-02-03,
6283,10,3304,110,33,2025-11-18,BATCH-6283,2026-12-29,2025-11-18,
6284,12,473,98,39,2025-09-07,BATCH-6284,2026-04-05,2025-09-07,Expiring in 0 days - flag for clearance
6285,11,1630,107,50,2026-01-10,BATCH-6285,2029-03-25,2026-01-10,
6286,11,648,51,16,2025-10-06,BATCH-6286,2026-02-08,2025-10-06,Expiring in 0 days - flag for clearance
6287,7,1947,112,41,2026-07-07,BATCH-6287,2027-01-05,2026-07-07,
6288,6,166,99,59,2025-07-06,BATCH-6288,2026-10-28,2025-07-06,Expiring in 48 days - monitor
6289,12,2012,99,19,2026-01-06,BATCH-6289,2028-08-26,2026-01-06,
6290,1,3065,11,41,2026-01-27,BATCH-6290,2027-03-22,2026-01-27,Below reorder level - reorder placed 2026-02-01
6291,2,4006,95,26,2026-05-25,BATCH-6291,2026-02-20,2026-05-25,Expiring in 0 days - flag for clearance
6292,7,771,8,28,2025-07-10,BATCH-6292,2029-05-21,2025-07-10,Below reorder level - reorder placed 2025-07-22
6293,12,4165,93,34,2026-02-07,BATCH-6293,2026-04-23,2026-02-07,Expiring in 0 days - flag for clearance
6294,5,2463,31,29,2026-04-12,BATCH-6294,2027-10-20,2026-04-12,
6295,5,1599,14,50,2025-07-31,BATCH-6295,2029-05-19,2025-07-31,
6296,12,4771,8,28,2026-02-18,BATCH-6296,2028-06-05,2026-02-18,Below reorder level - reorder placed 2026-02-23
6297,3,4840,72,36,2025-12-03,BATCH-6297,2026-09-27,2025-12-03,Expiring in 17 days - flag for clearance
6298,9,3944,3,53,2025-09-21,BATCH-6298,2026-09-27,2025-09-21,Expiring in 17 days - flag for clearance; Below reorder level - reorder placed 2025-10-01
6299,12,1901,40,54,2025-08-14,BATCH-6299,2026-11-03,2025-08-14,
6300,5,506,89,19,2025-11-03,BATCH-6300,2027-07-14,2025-11-03,
6301,12,4555,23,41,2025-09-27,BATCH-6301,2026-12-18,2025-09-27,
6302,1,2980,28,44,2026-07-15,BATCH-6302,2026-10-12,2026-07-15,Below reorder level - reorder placed 2026-07-25
6303,11,4892,66,49,2026-08-02,BATCH-6303,2028-08-10,2026-08-02,
6304,2,767,52,34,2026-04-30,BATCH-6304,2027-05-24,2026-04-30,
6305,5,2141,116,22,2025-06-25,BATCH-6305,2028-08-29,2025-06-25,
6306,2,3681,13,46,2026-01-29,BATCH-6306,2027-04-05,2026-01-29,
6307,8,3338,9,40,2026-06-17,BATCH-6307,2026-11-16,2026-06-17,Below reorder level - reorder placed 2026-06-28
6308,9,2272,111,30,2026-01-01,BATCH-6308,2028-05-07,2026-01-01,
6309,5,4774,112,24,2025-08-18,BATCH-6309,2025-12-14,2025-08-18,Expiring in 0 days - flag for clearance
6310,8,249,13,16,2026-05-17,BATCH-6310,2029-07-05,2026-05-17,
6311,5,2493,69,25,2026-05-16,BATCH-6311,2027-03-04,2026-05-16,
6312,4,4751,9,37,2025-09-22,BATCH-6312,2029-07-22,2025-09-22,Below reorder level - reorder placed 2025-09-26
6313,8,2294,5,34,2026-07-18,BATCH-6313,2029-06-19,2026-07-18,
6314,3,216,83,50,2026-05-15,BATCH-6314,2027-01-02,2026-05-15,
6315,8,1418,36,38,2026-04-13,BATCH-6315,2028-05-27,2026-04-13,Below reorder level - reorder placed 2026-04-26
6316,3,2159,11,48,2025-11-19,BATCH-6316,2027-05-23,2025-11-19,Below reorder level - reorder placed 2025-11-22
6317,2,1996,55,33,2026-06-30,BATCH-6317,2026-09-15,2026-06-30,Expiring in 5 days - flag for clearance
6318,2,53,99,36,2025-09-25,BATCH-6318,2027-01-16,2025-09-25,
6319,2,3240,94,23,2025-09-24,BATCH-6319,2029-08-04,2025-09-24,
6320,3,1037,92,40,2026-05-05,BATCH-6320,2026-12-22,2026-05-05,
6321,2,2285,26,33,2026-07-24,BATCH-6321,2029-12-05,2026-07-24,
6322,12,2194,118,57,2025-09-21,BATCH-6322,2028-03-16,2025-09-21,
6323,6,1655,80,35,2025-10-25,BATCH-6323,2028-03-05,2025-10-25,
6324,8,2642,78,59,2026-07-02,BATCH-6324,2026-10-11,2026-07-02,Expiring in 31 days - monitor
6325,9,4101,66,54,2025-08-28,BATCH-6325,2027-10-22,2025-08-28,
6326,12,3623,27,26,2025-07-09,BATCH-6326,2027-02-18,2025-07-09,
6327,6,2260,61,32,2026-09-01,BATCH-6327,2028-12-27,2026-09-01,
6328,10,1943,36,59,2025-06-08,BATCH-6328,2028-03-12,2025-06-08,Below reorder level - reorder placed 2025-06-14
6329,10,2715,51,53,2025-08-10,BATCH-6329,2026-11-30,2025-08-10,Below reorder level - reorder placed 2025-08-19
6330,6,1968,116,23,2025-08-27,BATCH-6330,2026-09-05,2025-08-27,Expiring in 0 days - flag for clearance
6331,4,3803,17,52,2026-02-08,BATCH-6331,2026-01-23,2026-02-08,Expiring in 0 days - flag for clearance; Below reorder level - reorder placed 2026-02-21
6332,2,1625,12,58,2026-05-28,BATCH-6332,2026-10-17,2026-05-28,
6333,6,2610,110,49,2025-07-07,BATCH-6333,2026-07-03,2025-07-07,Expiring in 0 days - flag for clearance
6334,1,4773,104,51,2025-11-05,BATCH-6334,2029-10-11,2025-11-05,
6335,10,486,90,26,2025-06-18,BATCH-6335,2026-10-22,2025-06-18,Expiring in 42 days - monitor
6336,7,4846,7,56,2025-08-13,BATCH-6336,2026-11-12,2025-08-13,Expiring in 63 days - monitor; Below reorder level - reorder placed 2025-08-21
6337,3,1015,69,15,2025-06-05,BATCH-6337,2028-02-19,2025-06-05,
6338,8,653,84,34,2026-03-19,BATCH-6338,2026-10-05,2026-03-19,Expiring in 25 days - flag for clearance
6339,9,3591,76,59,2026-01-31,BATCH-6339,2028-08-09,2026-01-31,
6340,3,3074,102,31,2025-09-29,BATCH-6340,2026-12-29,2025-09-29,
6341,10,132,48,54,2026-02-20,BATCH-6341,2028-04-19,2026-02-20,Below reorder level - reorder placed 2026-02-26
6342,7,2038,86,18,2026-01-14,BATCH-6342,2029-04-20,2026-01-14,
6343,3,4359,5,16,2026-02-08,BATCH-6343,2027-11-14,2026-02-08,Below reorder level - reorder placed 2026-02-21
6344,3,410,9,35,2025-11-08,BATCH-6344,2029-05-20,2025-11-08,Below reorder level - reorder placed 2025-11-14
6345,4,27,15,59,2026-03-15,BATCH-6345,2026-04-06,2026-03-15,Expiring in 0 days - flag for clearance; Below reorder level - reorder placed 2026-03-23
6346,5,3455,25,16,2025-12-19,BATCH-6346,2026-10-04,2025-12-19,Expiring in 24 days - flag for clearance
6347,7,675,32,24,2026-03-01,BATCH-6347,2027-02-12,2026-03-01,
6348,11,4520,94,25,2025-08-20,BATCH-6348,2029-01-26,2025-08-20,
6349,8,4033,32,30,2025-06-10,BATCH-6349,2026-07-23,2025-06-10,Expiring in 0 days - flag for clearance
6350,8,2591,11,17,2025-11-28,BATCH-6350,2026-07-21,2025-11-28,Expiring in 0 days - flag for clearance; Below reorder level - reorder placed 2025-12-05
6351,2,1521,59,27,2026-06-21,BATCH-6351,2027-04-04,2026-06-21,
6352,12,448,81,36,2025-12-23,BATCH-6352,2029-09-29,2025-12-23,
6353,8,1789,18,57,2025-12-30,BATCH-6353,2029-10-15,2025-12-30,Below reorder level - reorder placed 2026-01-07
6354,11,1638,103,58,2026-04-06,BATCH-6354,2027-07-03,2026-04-06,
6355,9,4858,54,48,2026-01-11,BATCH-6355,2028-10-10,2026-01-11,
6356,7,596,65,47,2025-08-08,BATCH-6356,2029-05-19,2025-08-08,
6357,10,1622,114,40,2025-07-25,BATCH-6357,2027-01-17,2025-07-25,
6358,8,3367,26,42,2025-11-21,BATCH-6358,2029-05-24,2025-11-21,
6359,12,1761,80,41,2026-05-20,BATCH-6359,2027-02-19,2026-05-20,
6360,11,1443,105,50,2025-11-28,BATCH-6360,2028-09-28,2025-11-28,
6361,1,2543,83,42,2025-10-17,BATCH-6361,2027-03-01,2025-10-17,
6362,3,2236,52,53,2025-09-28,BATCH-6362,2027-05-17,2025-09-28,Below reorder level - reorder placed 2025-10-02
6363,2,3461,82,29,2026-01-29,BATCH-6363,2027-01-08,2026-01-29,
6364,7,4796,18,32,2026-04-29,BATCH-6364,2027-01-15,2026-04-29,Below reorder level - reorder placed 2026-05-02
6365,8,1530,20,49,2026-07-18,BATCH-6365,2026-11-01,2026-07-18,Below reorder level - reorder placed 2026-07-29
6366,2,440,27,19,2026-06-30,BATCH-6366,2029-11-18,2026-06-30,
6367,2,390,1,21,2025-10-05,BATCH-6367,2026-09-02,2025-10-05,Expiring in 0 days - flag for clearance
6368,6,2754,30,32,2026-04-11,BATCH-6368,2026-03-04,2026-04-11,Expiring in 0 days - flag for clearance; Below reorder level - reorder placed 2026-04-19
6369,6,1682,111,22,2025-10-14,BATCH-6369,2028-11-14,2025-10-14,
6370,6,3745,29,25,2025-09-19,BATCH-6370,2026-11-16,2025-09-19,Expiring in 67 days - monitor
6371,6,3952,60,53,2025-11-27,BATCH-6371,2026-02-06,2025-11-27,Expiring in 0 days - flag for clearance
6372,8,1204,104,33,2026-08-04,BATCH-6372,2026-07-12,2026-08-04,Expiring in 0 days - flag for clearance
6373,2,3541,85,25,2026-01-27,BATCH-6373,2026-06-04,2026-01-27,Expiring in 0 days - flag for clearance
6374,4,4860,98,36,2026-05-18,BATCH-6374,2027-06-16,2026-05-18,
6375,3,2514,97,46,2025-06-06,BATCH-6375,2028-01-19,2025-06-06,
6376,2,1497,21,28,2025-12-11,BATCH-6376,2026-02-15,2025-12-11,Expiring in 0 days - flag for clearance; Below reorder level - reorder placed 2025-12-23
6377,11,662,49,45,2026-07-18,BATCH-6377,2026-06-20,2026-07-18,Expiring in 0 days - flag for clearance
6378,5,2870,111,32,2026-01-19,BATCH-6378,2026-06-26,2026-01-19,Expiring in 0 days - flag for clearance
6379,7,3512,27,35,2026-07-24,BATCH-6379,2027-01-24,2026-07-24,Below reorder level - reorder placed 2026-07-28
6380,5,2264,111,34,2025-11-07,BATCH-6380,2026-11-04,2025-11-07,Expiring in 55 days - monitor
6381,4,459,24,52,2025-10-03,BATCH-6381,2028-08-18,2025-10-03,Below reorder level - reorder placed 2025-10-14
6382,10,2846,116,17,2026-05-08,BATCH-6382,2026-02-03,2026-05-08,Expiring in 0 days - flag for clearance
6383,6,3892,79,25,2025-11-22,BATCH-6383,2028-05-22,2025-11-22,
6384,12,3391,61,56,2025-10-10,BATCH-6384,2028-05-19,2025-10-10,
6385,6,1603,81,51,2026-03-17,BATCH-6385,2026-10-16,2026-03-17,
6386,11,2081,80,51,2026-03-17,BATCH-6386,2026-12-02,2026-03-17,
6387,3,889,45,54,2025-09-17,BATCH-6387,2029-03-14,2025-09-17,
6388,6,2273,72,50,2026-08-06,BATCH-6388,2027-11-28,2026-08-06,
6389,8,2199,105,27,2026-04-21,BATCH-6389,2026-11-01,2026-04-21,
6390,5,3739,20,34,2025-11-10,BATCH-6390,2027-07-26,2025-11-10,
6391,5,4458,116,25,2025-07-09,BATCH-6391,2029-02-05,2025-07-09,
6392,11,4824,12,52,2025-09-08,BATCH-6392,2030-01-03,2025-09-08,
6393,6,4062,70,52,2025-07-19,BATCH-6393,2026-10-02,2025-07-19,Expiring in 22 days - flag for clearance
6394,4,2444,30,26,2025-12-24,BATCH-6394,2026-01-22,2025-12-24,Expiring in 0 days - flag for clearance
6395,12,4101,43,56,2026-01-15,BATCH-6395,2027-10-22,2026-01-15,Below reorder level - reorder placed 2026-01-24
6396,3,1090,108,52,2025-10-17,BATCH-6396,2029-01-02,2025-10-17,
6397,2,2952,63,54,2026-05-30,BATCH-6397,2026-05-06,2026-05-30,Expiring in 0 days - flag for clearance
6398,8,2394,46,40,2026-07-08,BATCH-6398,2027-08-16,2026-07-08,
6399,12,3689,114,19,2026-06-30,BATCH-6399,2027-05-26,2026-06-30,
6400,4,2624,117,36,2026-01-29,BATCH-6400,2026-03-29,2026-01-29,Expiring in 0 days - flag for clearance
6401,10,2982,69,25,2025-07-01,BATCH-6401,2029-04-28,2025-07-01,
6402,11,4496,17,56,2026-02-13,BATCH-6402,2026-07-11,2026-02-13,Expiring in 0 days - flag for clearance
6403,3,488,112,43,2026-03-08,BATCH-6403,2026-11-11,2026-03-08,
6404,5,1416,24,42,2025-11-06,BATCH-6404,2026-01-04,2025-11-06,Expiring in 0 days - flag for clearance
6405,9,3182,85,18,2026-01-26,BATCH-6405,2029-01-26,2026-01-26,
6406,4,3555,63,24,2025-11-12,BATCH-6406,2028-10-21,2025-11-12,
6407,4,677,6,59,2025-10-15,BATCH-6407,2029-10-07,2025-10-15,Below reorder level - reorder placed 2025-10-22
6408,4,4637,9,25,2025-06-10,BATCH-6408,2026-06-04,2025-06-10,Expiring in 0 days - flag for clearance; Below reorder level - reorder placed 2025-06-16
6409,4,2211,47,18,2025-12-05,BATCH-6409,2026-11-16,2025-12-05,Expiring in 67 days - monitor
6410,7,3890,117,31,2026-06-20,BATCH-6410,2026-11-07,2026-06-20,Expiring in 58 days - monitor
6411,3,2970,119,54,2026-02-07,BATCH-6411,2029-08-01,2026-02-07,
6412,9,812,12,34,2026-08-09,BATCH-6412,2028-06-05,2026-08-09,
6413,2,2194,68,27,2025-12-06,BATCH-6413,2028-03-16,2025-12-06,
6414,11,1107,104,34,2025-06-21,BATCH-6414,2026-11-18,2025-06-21,Expiring in 69 days - monitor
6415,3,2814,82,39,2026-08-10,BATCH-6415,2026-12-30,2026-08-10,
6416,3,4190,66,40,2025-07-24,BATCH-6416,2026-09-24,2025-07-24,Expiring in 14 days - flag for clearance
6417,10,4950,80,24,2025-09-03,BATCH-6417,2027-07-26,2025-09-03,
6418,6,2001,18,48,2026-07-11,BATCH-6418,2026-12-19,2026-07-11,Below reorder level - reorder placed 2026-07-22
6419,5,862,14,28,2026-01-18,BATCH-6419,2029-03-02,2026-01-18,
6420,1,1458,98,50,2025-08-02,BATCH-6420,2028-04-12,2025-08-02,
6421,5,4010,70,33,2025-12-10,BATCH-6421,2029-02-15,2025-12-10,
6422,12,1734,32,36,2025-07-27,BATCH-6422,2029-09-06,2025-07-27,Below reorder level - reorder placed 2025-07-30
6423,10,4911,6,49,2026-01-18,BATCH-6423,2025-12-20,2026-01-18,Expiring in 0 days - flag for clearance; Below reorder level - reorder placed 2026-01-29
6424,8,4184,30,50,2026-02-08,BATCH-6424,2026-05-12,2026-02-08,Expiring in 0 days - flag for clearance
6425,11,3474,64,21,2026-02-14,BATCH-6425,2026-01-10,2026-02-14,Expiring in 0 days - flag for clearance
6426,2,1304,12,49,2026-07-05,BATCH-6426,2026-11-26,2026-07-05,Below reorder level - reorder placed 2026-07-15
6427,2,4318,91,17,2026-08-30,BATCH-6427,2029-03-31,2026-08-30,
6428,6,2920,79,55,2026-03-07,BATCH-6428,2027-06-07,2026-03-07,
6429,10,2268,50,55,2025-07-23,BATCH-6429,2026-10-08,2025-07-23,Expiring in 28 days - flag for clearance; Below reorder level - reorder placed 2025-08-05
6430,1,2685,24,39,2026-08-10,BATCH-6430,2026-12-11,2026-08-10,
6431,10,1398,88,18,2026-02-15,BATCH-6431,2026-07-28,2026-02-15,Expiring in 0 days - flag for clearance
6432,8,3497,88,38,2025-10-03,BATCH-6432,2029-11-11,2025-10-03,
6433,2,4507,3,35,2025-10-02,BATCH-6433,2026-06-08,2025-10-02,Expiring in 0 days - flag for clearance
6434,11,2743,98,40,2026-04-12,BATCH-6434,2026-12-13,2026-04-12,
6435,3,3863,68,46,2026-01-16,BATCH-6435,2027-07-15,2026-01-16,
6436,7,4590,6,38,2026-08-03,BATCH-6436,2028-05-22,2026-08-03,Below reorder level - reorder placed 2026-08-16
6437,8,2179,109,20,2026-08-22,BATCH-6437,2026-01-05,2026-08-22,Expiring in 0 days - flag for clearance
6438,10,2456,1,15,2025-10-13,BATCH-6438,2028-12-10,2025-10-13,Below reorder level - reorder placed 2025-10-17
6439,4,2842,55,32,2025-08-04,BATCH-6439,2026-12-29,2025-08-04,
6440,5,3493,55,44,2026-06-02,BATCH-6440,2026-05-02,2026-06-02,Expiring in 0 days - flag for clearance
6441,12,1257,39,51,2025-12-21,BATCH-6441,2029-09-21,2025-12-21,
6442,11,3654,8,43,2025-08-08,BATCH-6442,2029-12-03,2025-08-08,Below reorder level - reorder placed 2025-08-11
6443,2,1580,12,21,2025-07-03,BATCH-6443,2027-10-09,2025-07-03,
6444,11,933,97,31,2026-06-15,BATCH-6444,2029-10-14,2026-06-15,
6445,10,4626,88,47,2026-01-03,BATCH-6445,2028-05-13,2026-01-03,
6446,5,3145,116,29,2025-12-01,BATCH-6446,2029-01-08,2025-12-01,
6447,9,2577,63,48,2026-01-03,BATCH-6447,2026-09-14,2026-01-03,Expiring in 4 days - flag for clearance
6448,7,1467,13,35,2026-06-05,BATCH-6448,2028-08-05,2026-06-05,Below reorder level - reorder placed 2026-06-09
6449,12,1687,53,42,2026-07-15,BATCH-6449,2027-02-05,2026-07-15,
6450,12,3827,103,33,2025-06-21,BATCH-6450,2027-03-09,2025-06-21,
6451,12,622,88,52,2025-12-09,BATCH-6451,2029-11-02,2025-12-09,
6452,5,4118,116,48,2026-07-19,BATCH-6452,2029-12-28,2026-07-19,
6453,11,2997,65,29,2025-11-05,BATCH-6453,2028-10-30,2025-11-05,
6454,9,3146,7,29,2025-09-07,BATCH-6454,2026-10-31,2025-09-07,Expiring in 51 days - monitor; Below reorder level - reorder placed 2025-09-20
6455,7,3693,90,52,2026-03-27,BATCH-6455,2027-02-10,2026-03-27,
6456,5,1805,77,34,2025-07-29,BATCH-6456,2026-10-15,2025-07-29,Expiring in 35 days - monitor
6457,3,3523,63,49,2025-09-18,BATCH-6457,2028-07-01,2025-09-18,
6458,5,3247,91,41,2025-10-25,BATCH-6458,2027-01-18,2025-10-25,
6459,4,2085,101,20,2025-07-26,BATCH-6459,2028-03-19,2025-07-26,
6460,3,3328,116,36,2026-07-08,BATCH-6460,2029-06-07,2026-07-08,
6461,4,4527,66,15,2026-06-12,BATCH-6461,2026-02-16,2026-06-12,Expiring in 0 days - flag for clearance
6462,8,1129,5,48,2026-08-19,BATCH-6462,2028-11-08,2026-08-19,Below reorder level - reorder placed 2026-08-28
6463,5,1482,38,48,2025-06-09,BATCH-6463,2028-06-26,2025-06-09,Below reorder level - reorder placed 2025-06-15
6464,2,4114,70,59,2025-10-09,BATCH-6464,2026-06-13,2025-10-09,Expiring in 0 days - flag for clearance
6465,9,1229,97,28,2026-08-21,BATCH-6465,2029-04-07,2026-08-21,
6466,10,2784,15,31,2025-11-26,BATCH-6466,2026-11-28,2025-11-26,Expiring in 79 days - monitor; Below reorder level - reorder placed 2025-12-08
6467,3,4528,18,55,2025-08-21,BATCH-6467,2029-12-19,2025-08-21,
6468,5,4335,60,23,2026-07-25,BATCH-6468,2027-01-31,2026-07-25,
6469,12,2865,99,49,2025-07-29,BATCH-6469,2026-11-16,2025-07-29,
6470,4,2529,82,46,2026-06-18,BATCH-6470,2028-01-24,2026-06-18,
6471,6,4849,50,53,2026-08-07,BATCH-6471,2026-11-12,2026-08-07,Below reorder level - reorder placed 2026-08-19
6472,6,4808,18,35,2025-06-24,BATCH-6472,2026-07-05,2025-06-24,Expiring in 0 days - flag for clearance; Below reorder level - reorder placed 2025-06-27
6473,7,343,53,15,2026-04-24,BATCH-6473,2028-01-16,2026-04-24,
6474,4,2138,91,27,2025-12-02,BATCH-6474,2029-11-11,2025-12-02,
6475,2,3876,65,58,2025-08-25,BATCH-6475,2027-08-31,2025-08-25,
6476,11,1479,17,33,2026-03-06,BATCH-6476,2029-09-06,2026-03-06,
6477,1,4444,6,59,2026-04-24,BATCH-6477,2026-03-06,2026-04-24,Expiring in 0 days - flag for clearance; Below reorder level - reorder placed 2026-04-27
6478,5,2402,76,32,2025-09-09,BATCH-6478,2025-12-17,2025-09-09,Expiring in 0 days - flag for clearance
6479,11,563,34,54,2026-06-03,BATCH-6479,2027-06-13,2026-06-03,Below reorder level - reorder placed 2026-06-09
6480,3,3719,14,19,2025-12-28,BATCH-6480,2027-09-30,2025-12-28,Below reorder level - reorder placed 2026-01-05
6481,7,4456,96,28,2026-03-29,BATCH-6481,2028-02-24,2026-03-29,
6482,9,107,50,38,2025-09-17,BATCH-6482,2028-10-03,2025-09-17,
6483,8,11,21,32,2026-05-31,BATCH-6483,2030-01-20,2026-05-31,Below reorder level - reorder placed 2026-06-08
6484,10,4565,107,58,2025-12-08,BATCH-6484,2025-12-14,2025-12-08,Expiring in 0 days - flag for clearance
6485,6,4222,33,48,2025-08-13,BATCH-6485,2027-04-21,2025-08-13,Below reorder level - reorder placed 2025-08-22
6486,3,3060,105,56,2025-11-30,BATCH-6486,2028-11-19,2025-11-30,
6487,10,1828,9,33,2026-07-09,BATCH-6487,2029-09-23,2026-07-09,
6488,11,2033,29,49,2025-10-11,BATCH-6488,2027-04-23,2025-10-11,
6489,2,4740,48,58,2025-07-17,BATCH-6489,2027-12-27,2025-07-17,
6490,12,2419,31,40,2025-08-05,BATCH-6490,2026-09-26,2025-08-05,Expiring in 16 days - flag for clearance; Below reorder level - reorder placed 2025-08-12
6491,9,40,94,20,2026-02-04,BATCH-6491,2028-04-08,2026-02-04,
6492,3,1611,79,49,2026-08-13,BATCH-6492,2029-10-18,2026-08-13,
6493,10,503,82,26,2025-07-29,BATCH-6493,2026-07-23,2025-07-29,Expiring in 0 days - flag for clearance
6494,3,4153,103,32,2025-11-06,BATCH-6494,2026-12-08,2025-11-06,
6495,11,4385,29,43,2025-12-26,BATCH-6495,2027-06-10,2025-12-26,Below reorder level - reorder placed 2025-12-31
6496,10,4718,116,55,2026-06-16,BATCH-6496,2027-03-26,2026-06-16,
6497,2,3058,105,41,2025-06-22,BATCH-6497,2027-10-10,2025-06-22,
6498,7,511,65,33,2026-02-27,BATCH-6498,2027-04-09,2026-02-27,
6499,6,2704,93,39,2025-10-17,BATCH-6499,2029-09-08,2025-10-17,
6500,5,566,106,32,2025-06-11,BATCH-6500,2026-10-24,2025-06-11,
6501,5,1590,60,43,2025-11-29,BATCH-6501,2025-12-13,2025-11-29,Expiring in 0 days - flag for clearance
6502,7,2216,95,45,2025-11-24,BATCH-6502,2029-12-11,2025-11-24,
6503,8,2578,36,33,2025-06-01,BATCH-6503,2026-04-01,2025-06-01,Expiring in 0 days - flag for clearance
6504,9,3095,87,53,2026-05-14,BATCH-6504,2026-12-18,2026-05-14,
6505,2,408,89,16,2025-07-16,BATCH-6505,2028-12-25,2025-07-16,
6506,6,4604,69,39,2026-08-20,BATCH-6506,2027-09-16,2026-08-20,
6507,6,1035,69,29,2025-08-30,BATCH-6507,2027-01-04,2025-08-30,
6508,4,151,82,31,2026-08-26,BATCH-6508,2026-11-21,2026-08-26,Expiring in 72 days - monitor
6509,10,220,32,25,2025-12-29,BATCH-6509,2029-07-18,2025-12-29,
6510,3,4841,1,49,2026-01-23,BATCH-6510,2026-03-28,2026-01-23,Expiring in 0 days - flag for clearance; Below reorder level - reorder placed 2026-01-29
6511,3,1829,73,56,2026-06-25,BATCH-6511,2026-09-22,2026-06-25,Expiring in 12 days - flag for clearance
6512,1,4207,14,30,2025-08-16,BATCH-6512,2026-02-21,2025-08-16,Expiring in 0 days - flag for clearance; Below reorder level - reorder placed 2025-08-22
6513,4,1315,67,32,2026-07-10,BATCH-6513,2029-01-14,2026-07-10,
6514,4,350,96,29,2025-07-01,BATCH-6514,2028-09-29,2025-07-01,
6515,11,3744,68,53,2025-07-18,BATCH-6515,2027-04-07,2025-07-18,
6516,3,4899,47,21,2025-07-11,BATCH-6516,2027-12-14,2025-07-11,
6517,4,4667,78,26,2026-06-16,BATCH-6517,2028-09-03,2026-06-16,
6518,3,4331,119,21,2026-05-18,BATCH-6518,2029-10-12,2026-05-18,
6519,11,2103,79,34,2026-08-04,BATCH-6519,2026-10-20,2026-08-04,
6520,1,3148,29,56,2026-04-28,BATCH-6520,2027-02-19,2026-04-28,Below reorder level - reorder placed 2026-05-07
6521,3,1438,35,20,2026-05-26,BATCH-6521,2026-09-30,2026-05-26,Expiring in 20 days - flag for clearance
6522,5,4775,34,46,2025-09-20,BATCH-6522,2027-08-05,2025-09-20,Below reorder level - reorder placed 2025-09-28
6523,1,1034,1,33,2026-04-02,BATCH-6523,2027-12-31,2026-04-02,
6524,5,246,16,45,2025-06-23,BATCH-6524,2027-10-11,2025-06-23,Below reorder level - reorder placed 2025-06-29
6525,6,4494,38,32,2025-07-06,BATCH-6525,2026-10-06,2025-07-06,Expiring in 26 days - flag for clearance
6526,10,3272,3,17,2025-09-24,BATCH-6526,2026-11-05,2025-09-24,Below reorder level - reorder placed 2025-09-27
6527,6,3981,99,51,2026-03-15,BATCH-6527,2028-09-25,2026-03-15,
6528,9,815,110,39,2026-07-28,BATCH-6528,2028-10-08,2026-07-28,
6529,11,2468,14,57,2025-09-10,BATCH-6529,2027-05-14,2025-09-10,
6530,11,2335,29,43,2026-01-17,BATCH-6530,2026-10-12,2026-01-17,Expiring in 32 days - monitor; Below reorder level - reorder placed 2026-01-29
6531,12,4843,92,58,2026-01-02,BATCH-6531,2028-02-20,2026-01-02,
6532,5,2241,77,19,2026-04-07,BATCH-6532,2027-03-04,2026-04-07,
6533,9,301,89,44,2026-07-31,BATCH-6533,2026-04-05,2026-07-31,Expiring in 0 days - flag for clearance
6534,7,3257,21,39,2025-12-17,BATCH-6534,2028-11-16,2025-12-17,Below reorder level - reorder placed 2025-12-30
6535,8,2012,88,20,2025-07-02,BATCH-6535,2028-08-26,2025-07-02,
6536,9,396,8,27,2025-08-27,BATCH-6536,2026-09-28,2025-08-27,Expiring in 18 days - flag for clearance
6537,7,4402,79,36,2025-06-05,BATCH-6537,2027-10-05,2025-06-05,
6538,4,4899,39,50,2025-09-22,BATCH-6538,2027-12-14,2025-09-22,
6539,7,3505,99,54,2026-09-03,BATCH-6539,2026-11-26,2026-09-03,Expiring in 77 days - monitor
6540,2,958,4,49,2026-06-20,BATCH-6540,2027-06-26,2026-06-20,Below reorder level - reorder placed 2026-06-28
6541,4,3542,68,34,2026-01-13,BATCH-6541,2028-01-30,2026-01-13,
6542,5,1878,53,21,2025-09-04,BATCH-6542,2028-09-01,2025-09-04,
6543,5,4297,20,53,2025-09-13,BATCH-6543,2026-09-23,2025-09-13,Expiring in 13 days - flag for clearance; Below reorder level - reorder placed 2025-09-17
6544,1,2616,90,47,2025-11-09,BATCH-6544,2026-01-18,2025-11-09,Expiring in 0 days - flag for clearance
6545,7,3199,57,45,2025-11-09,BATCH-6545,2026-02-24,2025-11-09,Expiring in 0 days - flag for clearance
6546,2,2769,106,26,2026-06-27,BATCH-6546,2029-02-28,2026-06-27,
6547,8,4827,57,18,2025-11-22,BATCH-6547,2026-07-22,2025-11-22,Expiring in 0 days - flag for clearance
6548,1,884,23,46,2025-07-27,BATCH-6548,2027-06-26,2025-07-27,Below reorder level - reorder placed 2025-07-30
6549,7,3817,91,19,2026-05-01,BATCH-6549,2026-04-27,2026-05-01,Expiring in 0 days - flag for clearance
6550,3,319,109,49,2025-06-02,BATCH-6550,2027-08-10,2025-06-02,
6551,5,3388,109,24,2026-07-14,BATCH-6551,2026-04-24,2026-07-14,Expiring in 0 days - flag for clearance
6552,2,927,104,26,2026-02-07,BATCH-6552,2026-03-13,2026-02-07,Expiring in 0 days - flag for clearance
6553,4,2840,22,52,2026-08-21,BATCH-6553,2028-11-08,2026-08-21,
6554,10,1681,71,18,2025-12-07,BATCH-6554,2029-12-20,2025-12-07,
6555,3,3692,1,39,2025-10-20,BATCH-6555,2028-01-22,2025-10-20,
6556,7,3821,101,22,2025-06-25,BATCH-6556,2027-04-17,2025-06-25,
6557,4,4589,38,35,2026-02-13,BATCH-6557,2029-10-16,2026-02-13,
6558,6,1694,1,59,2025-07-22,BATCH-6558,2026-12-12,2025-07-22,Below reorder level - reorder placed 2025-07-26
6559,9,3695,42,47,2026-05-13,BATCH-6559,2026-10-07,2026-05-13,Expiring in 27 days - flag for clearance
6560,11,860,113,50,2025-08-20,BATCH-6560,2026-11-27,2025-08-20,Expiring in 78 days - monitor
6561,8,2426,51,22,2025-12-17,BATCH-6561,2030-01-01,2025-12-17,
6562,9,1588,71,34,2026-01-31,BATCH-6562,2028-12-15,2026-01-31,
6563,9,2516,46,41,2025-09-19,BATCH-6563,2028-09-12,2025-09-19,
6564,6,106,48,22,2025-06-08,BATCH-6564,2026-03-09,2025-06-08,Expiring in 0 days - flag for clearance
6565,4,4671,23,34,2025-07-15,BATCH-6565,2026-10-17,2025-07-15,Expiring in 37 days - monitor; Below reorder level - reorder placed 2025-07-19
6566,5,1190,99,30,2026-04-12,BATCH-6566,2027-09-23,2026-04-12,
6567,3,2028,42,22,2026-05-10,BATCH-6567,2026-01-17,2026-05-10,Expiring in 0 days - flag for clearance
6568,11,4586,1,25,2026-06-05,BATCH-6568,2026-11-17,2026-06-05,Expiring in 68 days - monitor; Below reorder level - reorder placed 2026-06-09
6569,7,2391,55,34,2026-07-03,BATCH-6569,2026-07-23,2026-07-03,Expiring in 0 days - flag for clearance
6570,12,291,25,31,2026-08-31,BATCH-6570,2027-11-08,2026-08-31,
6571,11,4077,96,36,2025-08-20,BATCH-6571,2029-07-25,2025-08-20,
6572,8,4563,42,39,2025-09-10,BATCH-6572,2028-11-18,2025-09-10,
6573,12,3025,25,15,2026-02-04,BATCH-6573,2026-11-10,2026-02-04,
6574,9,1279,106,52,2025-06-03,BATCH-6574,2026-11-13,2025-06-03,Expiring in 64 days - monitor
6575,7,3360,111,54,2025-10-17,BATCH-6575,2026-02-27,2025-10-17,Expiring in 0 days - flag for clearance
6576,5,1573,36,19,2026-07-12,BATCH-6576,2027-02-02,2026-07-12,
6577,3,2064,36,22,2026-07-30,BATCH-6577,2029-06-25,2026-07-30,
6578,4,1721,76,48,2025-09-19,BATCH-6578,2027-12-01,2025-09-19,
6579,1,1990,42,40,2025-09-18,BATCH-6579,2026-09-28,2025-09-18,Expiring in 18 days - flag for clearance
6580,4,2722,36,18,2026-05-24,BATCH-6580,2027-10-02,2026-05-24,
6581,7,652,83,44,2025-09-17,BATCH-6581,2028-08-22,2025-09-17,
6582,10,2256,64,47,2026-03-02,BATCH-6582,2028-11-01,2026-03-02,
6583,3,3304,87,23,2025-09-15,BATCH-6583,2026-12-29,2025-09-15,
6584,10,3562,101,55,2025-12-17,BATCH-6584,2028-03-16,2025-12-17,
6585,6,2740,63,51,2025-11-28,BATCH-6585,2028-04-20,2025-11-28,
6586,9,2988,48,17,2025-08-11,BATCH-6586,2026-12-14,2025-08-11,
6587,8,3496,108,55,2026-05-04,BATCH-6587,2029-02-04,2026-05-04,
6588,10,3426,19,47,2026-08-02,BATCH-6588,2026-05-10,2026-08-02,Expiring in 0 days - flag for clearance; Below reorder level - reorder placed 2026-08-15
6589,9,1007,108,31,2025-09-14,BATCH-6589,2026-08-08,2025-09-14,Expiring in 0 days - flag for clearance
6590,4,2121,60,40,2026-06-26,BATCH-6590,2026-12-03,2026-06-26,
6591,3,1197,83,59,2026-06-14,BATCH-6591,2029-07-13,2026-06-14,
6592,7,2033,58,50,2026-01-31,BATCH-6592,2027-04-23,2026-01-31,
6593,11,4992,67,18,2025-07-23,BATCH-6593,2026-11-13,2025-07-23,Expiring in 64 days - monitor
6594,6,2065,41,31,2026-07-09,BATCH-6594,2029-08-08,2026-07-09,
6595,12,1772,106,40,2026-06-28,BATCH-6595,2028-01-04,2026-06-28,
6596,10,1826,33,49,2026-08-22,BATCH-6596,2025-12-29,2026-08-22,Expiring in 0 days - flag for clearance; Below reorder level - reorder placed 2026-08-26
6597,5,1244,13,56,2025-10-03,BATCH-6597,2028-04-24,2025-10-03,Below reorder level - reorder placed 2025-10-15
6598,4,690,119,55,2026-03-23,BATCH-6598,2026-12-12,2026-03-23,
6599,10,3990,52,34,2026-08-01,BATCH-6599,2029-12-15,2026-08-01,
6600,11,3283,13,18,2026-01-16,BATCH-6600,2026-10-14,2026-01-16,
6601,8,1603,32,58,2025-12-12,BATCH-6601,2026-10-16,2025-12-12,Expiring in 36 days - monitor
6602,1,1012,118,23,2026-07-16,BATCH-6602,2026-10-03,2026-07-16,Expiring in 23 days - flag for clearance
6603,11,210,8,30,2026-01-30,BATCH-6603,2027-05-05,2026-01-30,
6604,2,4822,103,26,2025-11-06,BATCH-6604,2027-11-15,2025-11-06,
6605,2,3822,69,31,2026-08-13,BATCH-6605,2029-10-25,2026-08-13,
6606,9,961,38,39,2025-09-18,BATCH-6606,2026-01-24,2025-09-18,Expiring in 0 days - flag for clearance; Below reorder level - reorder placed 2025-10-01
6607,10,3310,84,28,2026-04-08,BATCH-6607,2028-10-01,2026-04-08,
6608,1,2615,5,21,2025-11-21,BATCH-6608,2029-05-07,2025-11-21,Below reorder level - reorder placed 2025-11-30
6609,2,954,49,34,2026-06-02,BATCH-6609,2027-03-03,2026-06-02,
6610,11,44,54,32,2025-10-07,BATCH-6610,2028-01-08,2025-10-07,
6611,8,1265,76,41,2025-12-21,BATCH-6611,2026-08-18,2025-12-21,Expiring in 0 days - flag for clearance
6612,3,845,7,49,2025-08-03,BATCH-6612,2026-11-02,2025-08-03,Below reorder level - reorder placed 2025-08-15
6613,3,4508,104,29,2025-12-20,BATCH-6613,2029-10-19,2025-12-20,
6614,1,2435,14,52,2026-06-26,BATCH-6614,2027-01-17,2026-06-26,
6615,2,1084,102,55,2026-03-27,BATCH-6615,2026-07-10,2026-03-27,Expiring in 0 days - flag for clearance
6616,1,936,83,17,2025-11-16,BATCH-6616,2027-02-09,2025-11-16,
6617,2,2922,10,43,2025-10-04,BATCH-6617,2027-01-03,2025-10-04,Below reorder level - reorder placed 2025-10-14
6618,1,2585,5,30,2025-11-20,BATCH-6618,2027-07-19,2025-11-20,Below reorder level - reorder placed 2025-11-28
6619,6,1356,53,24,2025-09-10,BATCH-6619,2026-10-19,2025-09-10,
6620,7,1086,118,58,2026-03-30,BATCH-6620,2027-12-14,2026-03-30,
6621,3,1615,11,20,2026-05-20,BATCH-6621,2028-04-30,2026-05-20,Below reorder level - reorder placed 2026-05-24
6622,8,1425,52,48,2025-11-04,BATCH-6622,2026-02-01,2025-11-04,Expiring in 0 days - flag for clearance
6623,3,1570,27,28,2026-02-18,BATCH-6623,2029-07-05,2026-02-18,Below reorder level - reorder placed 2026-03-02
6624,7,3635,67,33,2026-05-19,BATCH-6624,2028-05-30,2026-05-19,
6625,5,1473,23,56,2026-03-19,BATCH-6625,2026-10-02,2026-03-19,Expiring in 22 days - flag for clearance
6626,8,2441,35,33,2026-07-26,BATCH-6626,2029-01-16,2026-07-26,
6627,6,1623,7,16,2026-06-07,BATCH-6627,2027-03-21,2026-06-07,Below reorder level - reorder placed 2026-06-14
6628,5,4986,67,37,2025-09-14,BATCH-6628,2028-02-01,2025-09-14,
6629,9,1432,114,33,2026-04-28,BATCH-6629,2027-05-24,2026-04-28,
6630,2,2227,104,35,2026-02-13,BATCH-6630,2029-04-11,2026-02-13,
6631,1,2863,76,35,2026-02-08,BATCH-6631,2026-10-02,2026-02-08,Expiring in 22 days - flag for clearance
6632,7,4924,2,21,2026-06-22,BATCH-6632,2027-01-07,2026-06-22,
6633,2,2189,47,22,2026-05-09,BATCH-6633,2027-07-16,2026-05-09,
6634,5,3530,47,29,2026-07-17,BATCH-6634,2027-09-12,2026-07-17,
6635,1,4058,44,51,2026-03-05,BATCH-6635,2026-01-03,2026-03-05,Expiring in 0 days - flag for clearance; Below reorder level - reorder placed 2026-03-12
6636,1,4274,83,22,2025-10-18,BATCH-6636,2027-02-07,2025-10-18,
6637,11,2853,34,16,2026-05-20,BATCH-6637,2027-10-16,2026-05-20,
6638,11,3376,72,52,2026-05-04,BATCH-6638,2026-12-05,2026-05-04,
6639,1,4179,33,19,2025-09-05,BATCH-6639,2029-09-27,2025-09-05,
6640,12,845,36,27,2026-03-20,BATCH-6640,2026-11-02,2026-03-20,
6641,1,694,16,30,2026-03-02,BATCH-6641,2028-03-19,2026-03-02,
6642,2,4639,39,20,2025-07-06,BATCH-6642,2026-05-21,2025-07-06,Expiring in 0 days - flag for clearance
6643,2,1549,42,35,2025-09-15,BATCH-6643,2026-03-02,2025-09-15,Expiring in 0 days - flag for clearance
6644,8,1394,84,58,2025-07-11,BATCH-6644,2026-12-16,2025-07-11,
6645,1,1033,64,28,2026-01-02,BATCH-6645,2029-10-24,2026-01-02,
6646,9,3792,57,50,2026-07-22,BATCH-6646,2029-05-19,2026-07-22,
6647,12,657,62,45,2025-06-02,BATCH-6647,2029-04-06,2025-06-02,
6648,5,4166,92,46,2026-06-11,BATCH-6648,2027-08-19,2026-06-11,
6649,8,4951,60,22,2026-02-17,BATCH-6649,2026-11-09,2026-02-17,
6650,12,982,38,41,2025-10-07,BATCH-6650,2027-03-18,2025-10-07,Below reorder level - reorder placed 2025-10-17
6651,4,916,6,32,2026-03-04,BATCH-6651,2027-09-12,2026-03-04,
6652,5,4297,42,35,2026-04-05,BATCH-6652,2026-09-23,2026-04-05,Expiring in 13 days - flag for clearance
6653,2,1374,18,30,2026-05-04,BATCH-6653,2026-05-09,2026-05-04,Expiring in 0 days - flag for clearance; Below reorder level - reorder placed 2026-05-14
6654,5,101,105,25,2026-04-29,BATCH-6654,2026-05-24,2026-04-29,Expiring in 0 days - flag for clearance
6655,12,2267,90,17,2025-10-19,BATCH-6655,2027-07-22,2025-10-19,
6656,5,2024,105,44,2026-02-02,BATCH-6656,2026-10-25,2026-02-02,
6657,12,795,44,42,2025-06-19,BATCH-6657,2029-01-13,2025-06-19,
6658,1,4980,118,15,2025-11-09,BATCH-6658,2026-02-01,2025-11-09,Expiring in 0 days - flag for clearance
6659,1,3403,27,58,2026-07-04,BATCH-6659,2026-11-03,2026-07-04,Expiring in 54 days - monitor
6660,6,4534,67,36,2025-06-06,BATCH-6660,2029-01-14,2025-06-06,
6661,4,1846,11,57,2025-08-25,BATCH-6661,2026-12-31,2025-08-25,Below reorder level - reorder placed 2025-09-03
6662,9,2095,98,39,2026-08-13,BATCH-6662,2027-07-02,2026-08-13,
6663,8,4193,115,43,2025-12-12,BATCH-6663,2027-07-07,2025-12-12,
6664,2,1731,14,49,2026-08-16,BATCH-6664,2026-12-14,2026-08-16,Below reorder level - reorder placed 2026-08-27
6665,12,930,61,35,2026-03-17,BATCH-6665,2027-08-12,2026-03-17,
6666,4,1343,108,24,2025-09-23,BATCH-6666,2027-11-22,2025-09-23,
6667,1,1685,59,33,2025-07-08,BATCH-6667,2029-03-19,2025-07-08,
6668,11,202,88,49,2025-09-03,BATCH-6668,2028-06-06,2025-09-03,
6669,12,1884,77,46,2025-07-16,BATCH-6669,2027-12-27,2025-07-16,
6670,12,2071,41,35,2026-04-12,BATCH-6670,2029-02-03,2026-04-12,
6671,12,3463,108,21,2026-03-06,BATCH-6671,2026-01-11,2026-03-06,Expiring in 0 days - flag for clearance
6672,10,520,92,18,2026-08-12,BATCH-6672,2028-10-22,2026-08-12,
6673,11,3845,53,15,2026-06-20,BATCH-6673,2026-02-11,2026-06-20,Expiring in 0 days - flag for clearance
6674,7,572,46,17,2026-02-14,BATCH-6674,2026-05-20,2026-02-14,Expiring in 0 days - flag for clearance
6675,12,593,35,15,2026-03-30,BATCH-6675,2027-08-21,2026-03-30,
6676,8,3998,29,19,2026-02-17,BATCH-6676,2028-01-27,2026-02-17,
6677,11,1989,48,36,2026-01-06,BATCH-6677,2027-10-10,2026-01-06,
6678,8,2718,52,32,2025-10-12,BATCH-6678,2028-05-17,2025-10-12,
6679,11,4503,93,48,2026-06-07,BATCH-6679,2029-03-23,2026-06-07,
6680,5,580,118,40,2025-06-26,BATCH-6680,2028-03-27,2025-06-26,
6681,2,109,71,17,2025-08-28,BATCH-6681,2028-09-09,2025-08-28,
6682,12,3393,52,53,2026-04-25,BATCH-6682,2028-07-27,2026-04-25,Below reorder level - reorder placed 2026-05-04
6683,5,2190,101,43,2026-07-04,BATCH-6683,2026-12-10,2026-07-04,
6684,10,4983,6,36,2025-09-05,BATCH-6684,2026-11-06,2025-09-05,
6685,2,4577,60,49,2026-03-05,BATCH-6685,2029-08-03,2026-03-05,
6686,2,2145,95,24,2025-06-17,BATCH-6686,2029-11-23,2025-06-17,
6687,9,4491,66,35,2025-10-13,BATCH-6687,2030-01-04,2025-10-13,
6688,3,1652,50,15,2025-10-12,BATCH-6688,2027-09-02,2025-10-12,
6689,10,2618,119,27,2026-05-01,BATCH-6689,2029-01-24,2026-05-01,
6690,1,535,117,44,2025-10-11,BATCH-6690,2026-11-20,2025-10-11,
6691,5,3275,6,54,2025-07-29,BATCH-6691,2026-10-03,2025-07-29,Expiring in 23 days - flag for clearance; Below reorder level - reorder placed 2025-08-04
6692,10,1253,70,19,2025-12-14,BATCH-6692,2026-06-20,2025-12-14,Expiring in 0 days - flag for clearance
6693,8,915,101,26,2026-07-14,BATCH-6693,2026-06-27,2026-07-14,Expiring in 0 days - flag for clearance
6694,1,1204,2,56,2026-07-08,BATCH-6694,2026-07-12,2026-07-08,Expiring in 0 days - flag for clearance; Below reorder level - reorder placed 2026-07-12
6695,3,1624,69,17,2026-01-18,BATCH-6695,2027-06-18,2026-01-18,
6696,5,1875,73,54,2026-05-17,BATCH-6696,2025-12-27,2026-05-17,Expiring in 0 days - flag for clearance
6697,5,1490,13,33,2025-10-08,BATCH-6697,2029-01-09,2025-10-08,Below reorder level - reorder placed 2025-10-14
6698,12,2809,116,19,2026-07-11,BATCH-6698,2029-12-01,2026-07-11,
6699,3,4302,50,36,2026-02-19,BATCH-6699,2027-01-18,2026-02-19,
6700,5,2988,101,33,2026-07-18,BATCH-6700,2026-12-14,2026-07-18,
6701,10,9,26,53,2025-08-16,BATCH-6701,2027-11-07,2025-08-16,
6702,11,4246,44,58,2026-02-19,BATCH-6702,2029-04-25,2026-02-19,Below reorder level - reorder placed 2026-02-26
6703,5,4582,20,19,2026-06-19,BATCH-6703,2028-06-14,2026-06-19,
6704,11,925,81,56,2025-07-23,BATCH-6704,2027-11-11,2025-07-23,
6705,2,1228,41,26,2026-04-11,BATCH-6705,2027-11-08,2026-04-11,
6706,2,1348,57,41,2026-04-27,BATCH-6706,2026-04-19,2026-04-27,Expiring in 0 days - flag for clearance
6707,4,225,34,47,2025-06-25,BATCH-6707,2029-10-24,2025-06-25,Below reorder level - reorder placed 2025-07-02
6708,11,3653,87,53,2026-05-04,BATCH-6708,2028-06-19,2026-05-04,
6709,8,1337,116,23,2026-07-06,BATCH-6709,2028-04-08,2026-07-06,
6710,3,2583,106,33,2025-11-09,BATCH-6710,2026-03-18,2025-11-09,Expiring in 0 days - flag for clearance
6711,9,650,66,34,2025-11-27,BATCH-6711,2026-11-27,2025-11-27,
6712,6,2341,71,23,2026-05-01,BATCH-6712,2026-04-30,2026-05-01,Expiring in 0 days - flag for clearance
6713,5,1935,53,44,2026-04-16,BATCH-6713,2027-07-16,2026-04-16,
6714,4,3540,15,33,2026-05-08,BATCH-6714,2026-09-24,2026-05-08,Expiring in 14 days - flag for clearance; Below reorder level - reorder placed 2026-05-17
6715,6,4989,107,50,2026-06-11,BATCH-6715,2029-05-26,2026-06-11,
6716,9,389,111,44,2025-09-13,BATCH-6716,2029-10-10,2025-09-13,
6717,2,3915,12,39,2026-08-03,BATCH-6717,2027-08-23,2026-08-03,Below reorder level - reorder placed 2026-08-16
6718,9,2736,108,42,2026-01-12,BATCH-6718,2028-11-22,2026-01-12,
6719,1,2412,36,31,2025-08-20,BATCH-6719,2027-03-06,2025-08-20,
6720,5,994,14,29,2026-08-31,BATCH-6720,2028-11-18,2026-08-31,Below reorder level - reorder placed 2026-09-05
6721,2,5000,86,24,2026-05-31,BATCH-6721,2026-07-05,2026-05-31,Expiring in 0 days - flag for clearance
6722,11,4450,38,58,2026-01-26,BATCH-6722,2028-08-01,2026-01-26,Below reorder level - reorder placed 2026-02-02
6723,4,3290,106,27,2025-08-06,BATCH-6723,2026-11-15,2025-08-06,
6724,4,1266,31,29,2026-02-22,BATCH-6724,2026-09-22,2026-02-22,Expiring in 12 days - flag for clearance
6725,12,757,106,43,2025-12-27,BATCH-6725,2026-07-11,2025-12-27,Expiring in 0 days - flag for clearance
6726,1,1777,32,39,2025-08-02,BATCH-6726,2026-07-09,2025-08-02,Expiring in 0 days - flag for clearance
6727,7,1848,42,25,2026-06-14,BATCH-6727,2027-03-16,2026-06-14,
6728,8,1937,90,32,2025-06-28,BATCH-6728,2027-10-14,2025-06-28,
6729,4,2810,117,55,2025-08-03,BATCH-6729,2028-02-18,2025-08-03,
6730,11,4345,116,44,2026-06-17,BATCH-6730,2027-05-29,2026-06-17,
6731,5,913,9,29,2025-12-06,BATCH-6731,2028-05-06,2025-12-06,Below reorder level - reorder placed 2025-12-11
6732,11,1355,11,40,2026-05-01,BATCH-6732,2026-10-29,2026-05-01,Below reorder level - reorder placed 2026-05-11
6733,3,4808,71,51,2026-02-05,BATCH-6733,2026-07-05,2026-02-05,Expiring in 0 days - flag for clearance
6734,5,4209,32,15,2025-06-14,BATCH-6734,2026-12-12,2025-06-14,
6735,9,1446,37,51,2026-06-09,BATCH-6735,2029-10-15,2026-06-09,
6736,2,1947,33,17,2026-03-12,BATCH-6736,2027-01-05,2026-03-12,
6737,10,987,77,31,2026-03-17,BATCH-6737,2027-02-03,2026-03-17,
6738,11,998,49,33,2026-02-09,BATCH-6738,2029-09-12,2026-02-09,
6739,11,1074,82,40,2026-03-11,BATCH-6739,2029-03-31,2026-03-11,
6740,6,3178,42,36,2026-08-20,BATCH-6740,2028-05-18,2026-08-20,
6741,7,1047,55,51,2025-08-15,BATCH-6741,2027-04-25,2025-08-15,
6742,11,2744,61,37,2026-06-21,BATCH-6742,2029-09-28,2026-06-21,
6743,2,2634,11,41,2025-06-13,BATCH-6743,2029-02-02,2025-06-13,Below reorder level - reorder placed 2025-06-19
6744,11,1723,63,34,2026-05-24,BATCH-6744,2026-09-18,2026-05-24,Expiring in 8 days - flag for clearance
6745,7,3941,59,50,2025-07-08,BATCH-6745,2027-04-03,2025-07-08,
6746,5,1678,47,15,2025-07-23,BATCH-6746,2028-08-11,2025-07-23,
6747,1,4308,100,42,2026-08-18,BATCH-6747,2026-09-07,2026-08-18,Expiring in 0 days - flag for clearance
6748,6,265,104,24,2025-12-02,BATCH-6748,2026-02-21,2025-12-02,Expiring in 0 days - flag for clearance
6749,5,37,46,38,2026-02-13,BATCH-6749,2026-04-26,2026-02-13,Expiring in 0 days - flag for clearance
6750,7,4040,17,23,2026-08-02,BATCH-6750,2026-10-14,2026-08-02,Below reorder level - reorder placed 2026-08-07
6751,7,954,112,37,2026-02-22,BATCH-6751,2027-03-03,2026-02-22,
6752,1,1259,5,34,2025-06-04,BATCH-6752,2028-09-17,2025-06-04,Below reorder level - reorder placed 2025-06-16
6753,9,2950,4,27,2025-06-02,BATCH-6753,2028-01-15,2025-06-02,Below reorder level - reorder placed 2025-06-05
6754,3,230,114,46,2025-08-29,BATCH-6754,2028-06-10,2025-08-29,
6755,10,1377,107,41,2026-01-04,BATCH-6755,2029-04-04,2026-01-04,
6756,1,1421,118,24,2026-03-04,BATCH-6756,2027-03-30,2026-03-04,
6757,6,1206,34,52,2025-11-05,BATCH-6757,2029-11-18,2025-11-05,
6758,3,1473,92,53,2026-05-04,BATCH-6758,2026-10-02,2026-05-04,Expiring in 22 days - flag for clearance
6759,5,1167,99,35,2025-12-21,BATCH-6759,2027-06-19,2025-12-21,
6760,1,4009,79,40,2026-07-18,BATCH-6760,2028-02-21,2026-07-18,
6761,12,4211,101,23,2026-06-27,BATCH-6761,2029-11-30,2026-06-27,
6762,12,1871,90,45,2025-12-12,BATCH-6762,2029-02-18,2025-12-12,
6763,8,3790,19,44,2025-06-19,BATCH-6763,2028-07-09,2025-06-19,
6764,10,2178,51,18,2026-07-25,BATCH-6764,2029-11-23,2026-07-25,
6765,2,167,47,33,2025-09-30,BATCH-6765,2026-07-14,2025-09-30,Expiring in 0 days - flag for clearance
6766,11,1586,23,59,2026-03-25,BATCH-6766,2029-06-26,2026-03-25,
6767,9,3544,70,33,2025-12-16,BATCH-6767,2028-06-21,2025-12-16,
6768,2,4773,13,39,2026-08-28,BATCH-6768,2029-10-11,2026-08-28,
6769,1,4801,67,47,2025-06-15,BATCH-6769,2028-08-18,2025-06-15,
6770,2,1913,16,38,2026-08-22,BATCH-6770,2027-03-26,2026-08-22,
6771,6,2576,110,27,2025-07-13,BATCH-6771,2029-02-23,2025-07-13,
6772,11,293,106,21,2025-09-12,BATCH-6772,2027-11-22,2025-09-12,
6773,11,1884,96,15,2025-07-14,BATCH-6773,2027-12-27,2025-07-14,
6774,12,2378,87,56,2026-02-05,BATCH-6774,2028-06-04,2026-02-05,
6775,8,241,76,40,2026-01-03,BATCH-6775,2029-02-14,2026-01-03,
6776,8,1293,87,40,2025-08-31,BATCH-6776,2030-01-15,2025-08-31,
6777,10,610,105,23,2026-07-21,BATCH-6777,2029-06-02,2026-07-21,
6778,11,2581,12,53,2025-08-04,BATCH-6778,2028-08-10,2025-08-04,Below reorder level - reorder placed 2025-08-12
6779,4,1486,25,17,2026-02-02,BATCH-6779,2026-11-02,2026-02-02,
6780,2,157,9,26,2026-01-31,BATCH-6780,2026-09-25,2026-01-31,Expiring in 15 days - flag for clearance; Below reorder level - reorder placed 2026-02-04
6781,6,3186,104,47,2026-05-21,BATCH-6781,2028-10-01,2026-05-21,
6782,9,4459,19,46,2026-07-26,BATCH-6782,2028-09-07,2026-07-26,Below reorder level - reorder placed 2026-08-08
6783,6,3339,88,30,2025-11-26,BATCH-6783,2026-10-22,2025-11-26,Expiring in 42 days - monitor
6784,7,4722,98,23,2026-01-17,BATCH-6784,2028-02-02,2026-01-17,
6785,12,463,13,32,2026-03-02,BATCH-6785,2028-02-01,2026-03-02,Below reorder level - reorder placed 2026-03-12
6786,3,890,117,54,2025-11-02,BATCH-6786,2029-09-28,2025-11-02,
6787,7,2478,114,27,2025-08-13,BATCH-6787,2026-09-12,2025-08-13,Expiring in 2 days - flag for clearance
6788,8,170,52,18,2025-09-07,BATCH-6788,2027-10-12,2025-09-07,
6789,10,4267,105,17,2025-11-13,BATCH-6789,2029-08-15,2025-11-13,
6790,4,3787,15,44,2026-08-04,BATCH-6790,2029-03-03,2026-08-04,
6791,5,1105,60,40,2025-09-29,BATCH-6791,2027-12-21,2025-09-29,
6792,11,855,39,22,2026-07-31,BATCH-6792,2026-12-01,2026-07-31,Expiring in 82 days - monitor
6793,5,2261,79,31,2025-07-18,BATCH-6793,2029-06-05,2025-07-18,
6794,8,696,72,24,2025-10-14,BATCH-6794,2026-09-13,2025-10-14,Expiring in 3 days - flag for clearance
6795,5,3222,55,22,2025-07-28,BATCH-6795,2026-01-30,2025-07-28,Expiring in 0 days - flag for clearance
6796,5,2243,87,34,2025-08-14,BATCH-6796,2026-12-22,2025-08-14,
6797,3,3675,105,38,2025-12-20,BATCH-6797,2026-03-12,2025-12-20,Expiring in 0 days - flag for clearance
6798,11,2202,19,15,2026-03-22,BATCH-6798,2027-12-05,2026-03-22,
6799,12,1218,92,50,2026-08-18,BATCH-6799,2029-06-07,2026-08-18,
6800,3,4592,102,18,2025-08-17,BATCH-6800,2026-02-17,2025-08-17,Expiring in 0 days - flag for clearance
6801,9,3494,99,29,2026-03-12,BATCH-6801,2028-09-04,2026-03-12,
6802,10,3755,32,32,2025-12-17,BATCH-6802,2026-10-15,2025-12-17,Expiring in 35 days - monitor
6803,3,994,15,18,2026-01-31,BATCH-6803,2028-11-18,2026-01-31,Below reorder level - reorder placed 2026-02-13
6804,1,2426,50,23,2026-01-29,BATCH-6804,2030-01-01,2026-01-29,
6805,9,812,115,15,2025-12-27,BATCH-6805,2028-06-05,2025-12-27,
6806,1,346,36,39,2025-08-19,BATCH-6806,2026-12-18,2025-08-19,
6807,5,2902,10,45,2026-05-25,BATCH-6807,2029-03-19,2026-05-25,Below reorder level - reorder placed 2026-06-01
6808,12,1269,59,40,2025-06-12,BATCH-6808,2029-02-10,2025-06-12,
6809,2,4590,112,27,2025-10-01,BATCH-6809,2028-05-22,2025-10-01,
6810,11,440,60,19,2026-05-17,BATCH-6810,2029-11-18,2026-05-17,
6811,2,2584,39,34,2025-11-27,BATCH-6811,2028-09-15,2025-11-27,
6812,4,2582,59,19,2026-03-13,BATCH-6812,2027-04-30,2026-03-13,
6813,6,1982,41,44,2025-10-24,BATCH-6813,2028-02-13,2025-10-24,Below reorder level - reorder placed 2025-11-03
6814,3,3117,78,23,2025-09-20,BATCH-6814,2029-05-18,2025-09-20,
6815,10,4313,3,24,2026-03-13,BATCH-6815,2027-06-10,2026-03-13,Below reorder level - reorder placed 2026-03-21
6816,4,3421,89,19,2026-05-30,BATCH-6816,2028-07-05,2026-05-30,
6817,7,4073,40,38,2025-11-05,BATCH-6817,2028-03-28,2025-11-05,
6818,7,2826,88,34,2026-03-17,BATCH-6818,2027-05-06,2026-03-17,
6819,3,2992,21,35,2026-04-10,BATCH-6819,2026-01-13,2026-04-10,Expiring in 0 days - flag for clearance; Below reorder level - reorder placed 2026-04-23
6820,1,1794,65,27,2025-09-19,BATCH-6820,2028-07-11,2025-09-19,
6821,2,2381,119,37,2025-12-21,BATCH-6821,2026-04-24,2025-12-21,Expiring in 0 days - flag for clearance
6822,9,2900,79,58,2026-03-31,BATCH-6822,2026-11-05,2026-03-31,
6823,12,2410,33,38,2025-06-16,BATCH-6823,2026-01-14,2025-06-16,Expiring in 0 days - flag for clearance; Below reorder level - reorder placed 2025-06-27
6824,8,121,48,31,2025-12-04,BATCH-6824,2026-01-03,2025-12-04,Expiring in 0 days - flag for clearance
6825,4,3334,77,47,2025-11-25,BATCH-6825,2028-11-01,2025-11-25,
6826,6,1616,47,51,2025-06-25,BATCH-6826,2028-01-21,2025-06-25,Below reorder level - reorder placed 2025-07-06
6827,6,3783,26,54,2026-08-11,BATCH-6827,2027-11-13,2026-08-11,
6828,3,1789,118,51,2025-10-30,BATCH-6828,2029-10-15,2025-10-30,
6829,7,3754,58,58,2025-09-15,BATCH-6829,2028-08-03,2025-09-15,
6830,2,1131,72,28,2025-08-22,BATCH-6830,2027-06-27,2025-08-22,
6831,8,3902,104,22,2026-01-09,BATCH-6831,2027-06-07,2026-01-09,
6832,6,4211,119,31,2025-11-16,BATCH-6832,2029-11-30,2025-11-16,
6833,2,236,89,35,2026-01-07,BATCH-6833,2029-06-23,2026-01-07,
6834,5,1562,76,47,2026-01-08,BATCH-6834,2026-09-21,2026-01-08,Expiring in 11 days - flag for clearance
6835,11,4155,21,50,2025-06-24,BATCH-6835,2026-11-10,2025-06-24,Expiring in 61 days - monitor
6836,2,2190,20,44,2026-03-21,BATCH-6836,2026-12-10,2026-03-21,
6837,2,1854,62,52,2025-07-23,BATCH-6837,2027-07-11,2025-07-23,
6838,3,106,110,57,2025-06-04,BATCH-6838,2026-03-09,2025-06-04,Expiring in 0 days - flag for clearance
6839,7,2926,0,34,2025-12-12,BATCH-6839,2026-07-05,2025-12-12,Expiring in 0 days - flag for clearance; Below reorder level - reorder placed 2025-12-22
6840,10,3836,34,36,2026-01-27,BATCH-6840,2027-05-19,2026-01-27,
6841,8,291,53,20,2026-04-03,BATCH-6841,2027-11-08,2026-04-03,
6842,5,73,45,25,2026-04-11,BATCH-6842,2029-04-14,2026-04-11,
6843,2,1747,109,52,2025-12-02,BATCH-6843,2027-05-17,2025-12-02,
6844,8,4812,115,56,2025-11-02,BATCH-6844,2027-12-08,2025-11-02,
6845,1,3087,7,26,2026-08-16,BATCH-6845,2027-06-10,2026-08-16,Below reorder level - reorder placed 2026-08-25
6846,2,2707,49,21,2025-07-06,BATCH-6846,2026-03-28,2025-07-06,Expiring in 0 days - flag for clearance
6847,12,484,119,40,2026-01-30,BATCH-6847,2028-04-24,2026-01-30,
6848,12,4991,99,53,2026-02-22,BATCH-6848,2026-12-24,2026-02-22,
6849,12,468,37,22,2025-07-18,BATCH-6849,2028-05-15,2025-07-18,
6850,7,1882,117,34,2026-04-27,BATCH-6850,2028-07-13,2026-04-27,
6851,9,958,74,31,2025-10-16,BATCH-6851,2027-06-26,2025-10-16,
6852,7,3490,66,32,2026-05-19,BATCH-6852,2028-04-12,2026-05-19,
6853,7,4812,26,39,2025-09-26,BATCH-6853,2027-12-08,2025-09-26,Below reorder level - reorder placed 2025-10-01
6854,10,2686,20,37,2025-12-31,BATCH-6854,2028-07-03,2025-12-31,Below reorder level - reorder placed 2026-01-11
6855,7,4898,28,46,2025-09-26,BATCH-6855,2026-10-26,2025-09-26,Expiring in 46 days - monitor
6856,11,4009,49,27,2025-07-18,BATCH-6856,2028-02-21,2025-07-18,
6857,7,479,98,17,2025-10-14,BATCH-6857,2029-09-07,2025-10-14,
6858,6,1889,45,48,2025-07-26,BATCH-6858,2027-04-12,2025-07-26,Below reorder level - reorder placed 2025-08-01
6859,2,3909,119,17,2026-08-30,BATCH-6859,2029-12-25,2026-08-30,
6860,11,4434,82,41,2026-01-03,BATCH-6860,2029-02-18,2026-01-03,
6861,10,4588,59,57,2026-08-10,BATCH-6861,2029-10-31,2026-08-10,
6862,7,3461,111,15,2025-08-27,BATCH-6862,2027-01-08,2025-08-27,
6863,12,4045,43,44,2025-11-20,BATCH-6863,2027-12-19,2025-11-20,Below reorder level - reorder placed 2025-11-28
6864,4,351,55,30,2026-05-23,BATCH-6864,2028-08-19,2026-05-23,
6865,10,3403,74,44,2025-06-18,BATCH-6865,2026-11-03,2025-06-18,
6866,4,857,86,21,2026-05-11,BATCH-6866,2027-11-18,2026-05-11,
6867,7,4330,39,50,2026-03-19,BATCH-6867,2028-05-03,2026-03-19,Below reorder level - reorder placed 2026-03-22
6868,8,4925,87,52,2025-08-28,BATCH-6868,2030-01-20,2025-08-28,
6869,3,3505,47,52,2025-10-18,BATCH-6869,2026-11-26,2025-10-18,Expiring in 77 days - monitor
6870,10,1826,85,24,2025-12-15,BATCH-6870,2025-12-29,2025-12-15,Expiring in 0 days - flag for clearance
6871,10,4851,23,30,2025-11-26,BATCH-6871,2027-03-23,2025-11-26,Below reorder level - reorder placed 2025-12-07
6872,2,2992,69,53,2025-09-25,BATCH-6872,2026-01-13,2025-09-25,Expiring in 0 days - flag for clearance
6873,5,2652,101,37,2025-10-07,BATCH-6873,2026-09-20,2025-10-07,Expiring in 10 days - flag for clearance
6874,5,4416,45,21,2025-08-27,BATCH-6874,2027-10-11,2025-08-27,
6875,11,1739,48,29,2026-03-29,BATCH-6875,2027-02-03,2026-03-29,
6876,10,3848,106,27,2025-06-23,BATCH-6876,2027-08-13,2025-06-23,
6877,6,4430,5,56,2026-01-06,BATCH-6877,2029-07-16,2026-01-06,
6878,3,352,40,21,2025-09-11,BATCH-6878,2029-12-08,2025-09-11,
6879,1,2561,14,55,2025-10-10,BATCH-6879,2026-02-16,2025-10-10,Expiring in 0 days - flag for clearance; Below reorder level - reorder placed 2025-10-18
6880,3,2574,67,52,2025-10-09,BATCH-6880,2029-07-18,2025-10-09,
6881,5,1028,113,43,2026-07-29,BATCH-6881,2026-12-03,2026-07-29,
6882,2,1071,46,15,2025-07-08,BATCH-6882,2027-11-04,2025-07-08,
6883,6,2984,12,34,2026-08-09,BATCH-6883,2027-01-28,2026-08-09,Below reorder level - reorder placed 2026-08-12
6884,5,594,118,16,2026-04-09,BATCH-6884,2027-01-18,2026-04-09,
6885,1,4427,71,24,2025-06-05,BATCH-6885,2029-04-18,2025-06-05,
6886,10,2272,79,41,2026-07-08,BATCH-6886,2028-05-07,2026-07-08,
6887,3,4609,94,49,2025-08-11,BATCH-6887,2027-05-03,2025-08-11,
6888,1,4646,47,45,2026-08-25,BATCH-6888,2026-07-05,2026-08-25,Expiring in 0 days - flag for clearance
6889,11,4662,57,59,2026-01-06,BATCH-6889,2029-01-13,2026-01-06,Below reorder level - reorder placed 2026-01-14
6890,2,564,25,40,2026-01-11,BATCH-6890,2028-09-29,2026-01-11,
6891,8,2469,32,56,2025-11-20,BATCH-6891,2026-10-25,2025-11-20,Expiring in 45 days - monitor
6892,12,1621,101,21,2025-10-29,BATCH-6892,2027-12-17,2025-10-29,
6893,10,863,35,31,2026-07-21,BATCH-6893,2029-10-26,2026-07-21,
6894,7,2729,111,38,2025-06-06,BATCH-6894,2026-04-28,2025-06-06,Expiring in 0 days - flag for clearance
6895,5,877,74,39,2026-08-08,BATCH-6895,2028-05-26,2026-08-08,
6896,9,1885,53,25,2026-08-12,BATCH-6896,2028-07-23,2026-08-12,
6897,11,4594,50,31,2026-06-05,BATCH-6897,2028-05-26,2026-06-05,
6898,8,4293,60,39,2026-03-03,BATCH-6898,2029-05-19,2026-03-03,
6899,6,3941,42,44,2025-10-24,BATCH-6899,2027-04-03,2025-10-24,Below reorder level - reorder placed 2025-10-28
6900,6,3926,24,50,2025-10-22,BATCH-6900,2029-04-14,2025-10-22,Below reorder level - reorder placed 2025-11-01
6901,1,3541,83,23,2025-12-26,BATCH-6901,2026-06-04,2025-12-26,Expiring in 0 days - flag for clearance
6902,3,2178,28,37,2025-11-21,BATCH-6902,2029-11-23,2025-11-21,Below reorder level - reorder placed 2025-11-24
6903,12,3838,54,50,2026-01-05,BATCH-6903,2027-05-10,2026-01-05,
6904,2,2753,49,16,2025-06-21,BATCH-6904,2029-02-24,2025-06-21,
6905,9,87,60,31,2025-11-03,BATCH-6905,2026-12-16,2025-11-03,
6906,1,4336,15,21,2026-08-27,BATCH-6906,2026-12-11,2026-08-27,Below reorder level - reorder placed 2026-09-08
6907,7,1932,7,22,2025-10-08,BATCH-6907,2026-10-18,2025-10-08,Below reorder level - reorder placed 2025-10-16
6908,5,3732,10,23,2025-12-08,BATCH-6908,2026-12-10,2025-12-08,
6909,2,1754,5,26,2025-11-04,BATCH-6909,2029-08-14,2025-11-04,Below reorder level - reorder placed 2025-11-15
6910,11,1557,39,15,2025-10-26,BATCH-6910,2029-03-14,2025-10-26,
6911,2,4293,31,17,2026-07-29,BATCH-6911,2029-05-19,2026-07-29,
6912,6,4883,70,30,2026-06-26,BATCH-6912,2029-06-30,2026-06-26,
6913,7,2506,109,42,2025-10-04,BATCH-6913,2029-07-15,2025-10-04,
6914,2,4525,35,49,2025-06-05,BATCH-6914,2028-08-31,2025-06-05,Below reorder level - reorder placed 2025-06-13
6915,9,3204,22,23,2025-07-19,BATCH-6915,2027-01-22,2025-07-19,
6916,6,1370,46,32,2026-08-31,BATCH-6916,2027-02-22,2026-08-31,
6917,12,4909,26,38,2026-08-13,BATCH-6917,2026-02-17,2026-08-13,Expiring in 0 days - flag for clearance
6918,11,4610,25,32,2025-10-17,BATCH-6918,2026-11-14,2025-10-17,Below reorder level - reorder placed 2025-10-22
6919,12,460,50,21,2025-06-04,BATCH-6919,2026-03-10,2025-06-04,Expiring in 0 days - flag for clearance
6920,8,2371,54,18,2025-10-28,BATCH-6920,2028-04-30,2025-10-28,
6921,4,2183,58,39,2026-03-12,BATCH-6921,2029-03-17,2026-03-12,
6922,6,4280,79,38,2026-06-28,BATCH-6922,2028-12-01,2026-06-28,
6923,2,688,53,46,2025-07-31,BATCH-6923,2026-12-01,2025-07-31,Expiring in 82 days - monitor
6924,3,3206,7,38,2025-11-21,BATCH-6924,2028-01-27,2025-11-21,
6925,7,31,92,43,2026-06-12,BATCH-6925,2026-09-27,2026-06-12,Expiring in 17 days - flag for clearance
6926,5,541,106,30,2025-10-23,BATCH-6926,2029-11-10,2025-10-23,
6927,3,1910,38,23,2026-03-26,BATCH-6927,2026-12-15,2026-03-26,
6928,11,1833,23,19,2026-06-24,BATCH-6928,2027-10-25,2026-06-24,
6929,12,749,19,26,2025-08-15,BATCH-6929,2028-10-17,2025-08-15,Below reorder level - reorder placed 2025-08-27
6930,9,1600,90,52,2025-08-29,BATCH-6930,2026-12-30,2025-08-29,
6931,12,4319,84,36,2025-07-05,BATCH-6931,2027-12-30,2025-07-05,
6932,10,2240,70,55,2025-08-11,BATCH-6932,2028-08-13,2025-08-11,
6933,11,1683,62,56,2025-12-24,BATCH-6933,2027-12-03,2025-12-24,
6934,10,4491,50,20,2026-05-14,BATCH-6934,2030-01-04,2026-05-14,
6935,11,995,84,28,2025-10-26,BATCH-6935,2026-02-06,2025-10-26,Expiring in 0 days - flag for clearance
6936,2,1194,49,25,2026-03-29,BATCH-6936,2026-10-19,2026-03-29,Expiring in 39 days - monitor
6937,2,1788,66,38,2025-12-21,BATCH-6937,2026-10-09,2025-12-21,Expiring in 29 days - flag for clearance
6938,4,4118,42,31,2025-08-07,BATCH-6938,2029-12-28,2025-08-07,
6939,6,268,107,49,2026-01-04,BATCH-6939,2028-09-19,2026-01-04,
6940,3,3331,59,17,2026-04-17,BATCH-6940,2028-01-02,2026-04-17,
6941,11,2002,47,47,2026-01-29,BATCH-6941,2027-11-22,2026-01-29,
6942,7,372,19,51,2025-10-07,BATCH-6942,2028-08-18,2025-10-07,Below reorder level - reorder placed 2025-10-17
6943,2,4358,77,57,2025-11-01,BATCH-6943,2029-07-15,2025-11-01,
6944,9,3683,105,52,2026-03-23,BATCH-6944,2027-03-15,2026-03-23,
6945,10,335,37,43,2026-01-04,BATCH-6945,2030-01-05,2026-01-04,Below reorder level - reorder placed 2026-01-07
6946,2,2980,114,57,2025-06-07,BATCH-6946,2026-10-12,2025-06-07,
6947,1,2179,84,43,2025-06-16,BATCH-6947,2026-01-05,2025-06-16,Expiring in 0 days - flag for clearance
6948,1,4698,10,46,2026-08-13,BATCH-6948,2029-05-03,2026-08-13,Below reorder level - reorder placed 2026-08-25
6949,12,533,64,48,2026-02-02,BATCH-6949,2025-12-18,2026-02-02,Expiring in 0 days - flag for clearance
6950,2,2093,79,18,2025-12-11,BATCH-6950,2027-02-04,2025-12-11,
6951,3,180,11,15,2026-06-18,BATCH-6951,2026-10-10,2026-06-18,Expiring in 30 days - monitor; Below reorder level - reorder placed 2026-06-28
6952,9,546,106,40,2026-07-18,BATCH-6952,2029-09-17,2026-07-18,
6953,6,4520,75,52,2025-09-19,BATCH-6953,2029-01-26,2025-09-19,
6954,8,1148,73,53,2026-03-01,BATCH-6954,2026-10-09,2026-03-01,Expiring in 29 days - flag for clearance
6955,12,2647,74,27,2025-12-14,BATCH-6955,2027-01-09,2025-12-14,
6956,2,988,35,51,2026-07-06,BATCH-6956,2027-04-06,2026-07-06,Below reorder level - reorder placed 2026-07-17
6957,2,1029,37,49,2025-06-22,BATCH-6957,2028-10-03,2025-06-22,Below reorder level - reorder placed 2025-06-28
6958,12,862,95,58,2025-06-30,BATCH-6958,2029-03-02,2025-06-30,
6959,12,334,105,33,2025-12-21,BATCH-6959,2027-10-30,2025-12-21,
6960,2,2367,92,58,2025-11-07,BATCH-6960,2026-08-01,2025-11-07,Expiring in 0 days - flag for clearance
6961,2,807,53,37,2025-07-16,BATCH-6961,2028-12-11,2025-07-16,
6962,6,2258,24,27,2026-01-11,BATCH-6962,2027-12-30,2026-01-11,Below reorder level - reorder placed 2026-01-24
6963,11,380,109,55,2026-03-09,BATCH-6963,2028-12-08,2026-03-09,
6964,9,262,21,24,2025-07-09,BATCH-6964,2026-11-15,2025-07-09,Expiring in 66 days - monitor
6965,11,2860,108,20,2026-03-05,BATCH-6965,2026-09-08,2026-03-05,Expiring in 0 days - flag for clearance
6966,11,815,15,47,2025-11-06,BATCH-6966,2028-10-08,2025-11-06,Below reorder level - reorder placed 2025-11-17
6967,6,730,67,22,2026-08-27,BATCH-6967,2029-04-24,2026-08-27,
6968,10,1512,48,25,2025-10-18,BATCH-6968,2029-02-11,2025-10-18,
6969,8,2986,80,59,2025-09-28,BATCH-6969,2029-07-05,2025-09-28,
6970,4,105,56,16,2026-02-27,BATCH-6970,2027-07-06,2026-02-27,
6971,11,4820,40,41,2025-08-23,BATCH-6971,2029-04-20,2025-08-23,Below reorder level - reorder placed 2025-08-26
6972,8,2983,80,37,2026-07-01,BATCH-6972,2026-01-08,2026-07-01,Expiring in 0 days - flag for clearance
6973,10,3307,94,52,2026-08-16,BATCH-6973,2027-08-29,2026-08-16,
6974,5,1235,63,32,2026-03-28,BATCH-6974,2027-12-26,2026-03-28,
6975,11,3264,7,17,2026-06-04,BATCH-6975,2029-11-23,2026-06-04,Below reorder level - reorder placed 2026-06-10
6976,9,3031,54,58,2025-09-20,BATCH-6976,2027-07-15,2025-09-20,Below reorder level - reorder placed 2025-10-01
6977,12,4242,41,53,2025-11-11,BATCH-6977,2027-10-13,2025-11-11,Below reorder level - reorder placed 2025-11-23
6978,7,4445,50,19,2026-01-24,BATCH-6978,2026-08-12,2026-01-24,Expiring in 0 days - flag for clearance
6979,9,4470,12,42,2026-01-22,BATCH-6979,2026-07-21,2026-01-22,Expiring in 0 days - flag for clearance; Below reorder level - reorder placed 2026-01-27
6980,12,781,26,54,2025-09-10,BATCH-6980,2026-01-03,2025-09-10,Expiring in 0 days - flag for clearance; Below reorder level - reorder placed 2025-09-14
6981,9,4470,103,57,2025-08-02,BATCH-6981,2026-07-21,2025-08-02,Expiring in 0 days - flag for clearance
6982,12,4086,39,55,2026-03-13,BATCH-6982,2026-03-19,2026-03-13,Expiring in 0 days - flag for clearance
6983,1,3459,23,43,2025-11-05,BATCH-6983,2026-12-27,2025-11-05,Below reorder level - reorder placed 2025-11-08
6984,4,914,95,16,2026-08-09,BATCH-6984,2026-12-01,2026-08-09,Expiring in 82 days - monitor
6985,2,3752,80,20,2026-02-15,BATCH-6985,2026-12-29,2026-02-15,
6986,6,4044,92,15,2025-08-19,BATCH-6986,2028-03-22,2025-08-19,
6987,1,790,77,27,2025-10-14,BATCH-6987,2029-03-31,2025-10-14,
6988,9,1202,29,29,2025-08-30,BATCH-6988,2028-09-12,2025-08-30,
6989,4,1793,100,49,2026-05-01,BATCH-6989,2029-03-25,2026-05-01,
6990,1,3288,36,16,2026-07-30,BATCH-6990,2027-06-16,2026-07-30,
6991,2,1779,41,57,2025-11-14,BATCH-6991,2029-08-14,2025-11-14,Below reorder level - reorder placed 2025-11-21
6992,9,1529,25,36,2026-08-14,BATCH-6992,2027-02-25,2026-08-14,Below reorder level - reorder placed 2026-08-18
6993,4,1227,71,46,2025-06-14,BATCH-6993,2027-05-04,2025-06-14,
6994,6,3924,79,28,2025-07-28,BATCH-6994,2026-05-14,2025-07-28,Expiring in 0 days - flag for clearance
6995,1,875,1,25,2026-08-22,BATCH-6995,2029-09-02,2026-08-22,Below reorder level - reorder placed 2026-09-04
6996,12,4105,41,32,2026-01-12,BATCH-6996,2029-10-02,2026-01-12,
6997,9,796,88,39,2026-06-14,BATCH-6997,2026-12-28,2026-06-14,
6998,8,2739,116,27,2026-06-29,BATCH-6998,2029-07-04,2026-06-29,
6999,7,2283,74,54,2025-12-25,BATCH-6999,2026-05-26,2025-12-25,Expiring in 0 days - flag for clearance
7000,9,2986,43,50,2025-09-14,BATCH-7000,2029-07-05,2025-09-14,
7001,1,4982,11,54,2025-12-18,BATCH-7001,2027-10-18,2025-12-18,Below reorder level - reorder placed 2025-12-28
7002,10,1336,23,51,2025-11-19,BATCH-7002,2026-02-13,2025-11-19,Expiring in 0 days - flag for clearance
7003,1,1012,20,21,2026-07-15,BATCH-7003,2026-10-03,2026-07-15,Expiring in 23 days - flag for clearance; Below reorder level - reorder placed 2026-07-23
7004,1,187,17,30,2026-03-02,BATCH-7004,2026-04-05,2026-03-02,Expiring in 0 days - flag for clearance; Below reorder level - reorder placed 2026-03-11
7005,5,3401,109,51,2025-07-26,BATCH-7005,2028-09-04,2025-07-26,
7006,11,2652,76,47,2025-07-19,BATCH-7006,2026-09-20,2025-07-19,Expiring in 10 days - flag for clearance
7007,9,431,43,28,2025-09-28,BATCH-7007,2026-06-12,2025-09-28,Expiring in 0 days - flag for clearance
7008,11,1792,47,47,2026-06-08,BATCH-7008,2029-06-11,2026-06-08,
7009,12,4924,95,47,2025-07-24,BATCH-7009,2027-01-07,2025-07-24,
7010,6,3547,80,40,2025-12-24,BATCH-7010,2027-09-02,2025-12-24,
7011,2,1890,44,26,2025-10-18,BATCH-7011,2029-06-02,2025-10-18,
7012,10,4823,66,31,2025-07-09,BATCH-7012,2026-12-20,2025-07-09,
7013,4,2624,26,26,2025-12-29,BATCH-7013,2026-03-29,2025-12-29,Expiring in 0 days - flag for clearance
7014,3,4729,95,51,2025-10-03,BATCH-7014,2026-09-08,2025-10-03,Expiring in 0 days - flag for clearance
7015,12,3580,87,52,2025-11-27,BATCH-7015,2029-12-15,2025-11-27,
7016,2,3639,19,42,2025-07-08,BATCH-7016,2029-01-19,2025-07-08,Below reorder level - reorder placed 2025-07-14
7017,10,2891,95,45,2026-07-27,BATCH-7017,2028-01-13,2026-07-27,
7018,4,937,83,42,2026-04-05,BATCH-7018,2027-12-10,2026-04-05,
7019,6,1302,94,22,2026-04-25,BATCH-7019,2029-09-05,2026-04-25,
7020,4,2180,55,49,2025-11-11,BATCH-7020,2026-12-25,2025-11-11,
7021,5,2600,12,33,2025-12-14,BATCH-7021,2027-07-13,2025-12-14,Below reorder level - reorder placed 2025-12-20
7022,8,259,76,44,2025-12-29,BATCH-7022,2027-12-10,2025-12-29,
7023,4,4614,70,45,2025-10-07,BATCH-7023,2027-12-21,2025-10-07,
7024,6,3256,68,21,2025-08-24,BATCH-7024,2029-03-11,2025-08-24,
7025,10,1663,39,41,2025-06-25,BATCH-7025,2027-08-09,2025-06-25,Below reorder level - reorder placed 2025-07-05
7026,5,996,6,30,2026-05-31,BATCH-7026,2026-12-06,2026-05-31,Below reorder level - reorder placed 2026-06-06
7027,6,2400,85,29,2025-06-29,BATCH-7027,2025-12-28,2025-06-29,Expiring in 0 days - flag for clearance
7028,1,3202,17,35,2026-07-03,BATCH-7028,2026-10-19,2026-07-03,Below reorder level - reorder placed 2026-07-06
7029,11,1455,83,30,2026-05-11,BATCH-7029,2026-12-31,2026-05-11,
7030,5,435,54,16,2025-12-04,BATCH-7030,2027-10-05,2025-12-04,
7031,2,1788,106,38,2026-07-02,BATCH-7031,2026-10-09,2026-07-02,Expiring in 29 days - flag for clearance
7032,4,672,47,58,2026-02-08,BATCH-7032,2027-06-18,2026-02-08,Below reorder level - reorder placed 2026-02-11
7033,12,1583,76,46,2026-07-24,BATCH-7033,2026-06-24,2026-07-24,Expiring in 0 days - flag for clearance
7034,7,4730,102,39,2025-11-27,BATCH-7034,2028-02-23,2025-11-27,
7035,4,2045,22,31,2025-06-30,BATCH-7035,2027-10-25,2025-06-30,Below reorder level - reorder placed 2025-07-03
7036,12,1005,71,17,2025-09-10,BATCH-7036,2029-09-27,2025-09-10,
7037,9,3788,91,30,2025-11-10,BATCH-7037,2029-06-20,2025-11-10,
7038,8,3865,9,22,2025-06-12,BATCH-7038,2026-01-05,2025-06-12,Expiring in 0 days - flag for clearance; Below reorder level - reorder placed 2025-06-17
7039,10,2334,106,18,2025-10-19,BATCH-7039,2028-07-08,2025-10-19,
7040,5,3352,31,41,2026-01-06,BATCH-7040,2028-06-08,2026-01-06,Below reorder level - reorder placed 2026-01-13
7041,2,3235,57,54,2025-11-11,BATCH-7041,2029-08-25,2025-11-11,
7042,2,2801,83,33,2026-05-12,BATCH-7042,2026-05-16,2026-05-12,Expiring in 0 days - flag for clearance
7043,7,231,58,46,2026-05-23,BATCH-7043,2026-02-08,2026-05-23,Expiring in 0 days - flag for clearance
7044,2,4804,80,51,2026-05-14,BATCH-7044,2026-11-05,2026-05-14,
7045,2,2284,114,47,2025-06-30,BATCH-7045,2027-10-08,2025-06-30,
7046,3,3551,51,56,2026-03-03,BATCH-7046,2025-12-16,2026-03-03,Expiring in 0 days - flag for clearance; Below reorder level - reorder placed 2026-03-07
7047,1,1724,84,26,2026-03-31,BATCH-7047,2029-01-16,2026-03-31,
7048,1,306,56,53,2026-02-23,BATCH-7048,2029-10-12,2026-02-23,
7049,5,4782,22,48,2025-12-14,BATCH-7049,2026-05-20,2025-12-14,Expiring in 0 days - flag for clearance
7050,7,4640,21,42,2026-03-02,BATCH-7050,2026-12-06,2026-03-02,Below reorder level - reorder placed 2026-03-12
7051,9,4396,112,38,2025-10-28,BATCH-7051,2027-12-05,2025-10-28,
7052,11,4873,41,31,2025-12-13,BATCH-7052,2026-09-15,2025-12-13,Expiring in 5 days - flag for clearance
7053,1,4324,33,43,2026-06-14,BATCH-7053,2026-10-31,2026-06-14,
7054,3,1238,40,23,2025-09-22,BATCH-7054,2027-08-31,2025-09-22,
7055,1,4889,96,51,2025-06-11,BATCH-7055,2027-09-24,2025-06-11,
7056,2,3856,44,17,2025-06-24,BATCH-7056,2025-12-15,2025-06-24,Expiring in 0 days - flag for clearance
7057,1,3225,12,18,2025-06-13,BATCH-7057,2029-05-18,2025-06-13,
7058,11,617,35,19,2025-08-19,BATCH-7058,2027-12-05,2025-08-19,
7059,11,4949,29,34,2026-01-26,BATCH-7059,2029-11-01,2026-01-26,Below reorder level - reorder placed 2026-02-02
7060,2,948,20,25,2025-10-26,BATCH-7060,2027-06-23,2025-10-26,Below reorder level - reorder placed 2025-11-08
7061,8,4826,3,23,2025-08-04,BATCH-7061,2028-08-07,2025-08-04,Below reorder level - reorder placed 2025-08-11
7062,2,1116,53,35,2026-01-05,BATCH-7062,2026-11-05,2026-01-05,
7063,6,1530,84,40,2025-10-23,BATCH-7063,2026-11-01,2025-10-23,
7064,6,2656,9,20,2025-06-23,BATCH-7064,2027-08-27,2025-06-23,Below reorder level - reorder placed 2025-07-04
7065,4,2093,93,19,2026-06-22,BATCH-7065,2027-02-04,2026-06-22,
7066,12,3041,35,20,2025-09-30,BATCH-7066,2028-05-04,2025-09-30,
7067,7,171,58,47,2026-05-13,BATCH-7067,2029-01-21,2026-05-13,
7068,6,3314,5,54,2026-04-02,BATCH-7068,2027-04-23,2026-04-02,
7069,12,2804,84,33,2026-08-24,BATCH-7069,2026-11-25,2026-08-24,
7070,1,4094,99,44,2026-08-29,BATCH-7070,2026-04-03,2026-08-29,Expiring in 0 days - flag for clearance
7071,7,2441,38,54,2026-04-07,BATCH-7071,2029-01-16,2026-04-07,Below reorder level - reorder placed 2026-04-12
7072,1,1202,63,40,2026-02-01,BATCH-7072,2028-09-12,2026-02-01,
7073,10,3623,51,51,2026-06-23,BATCH-7073,2027-02-18,2026-06-23,
7074,11,3555,27,46,2026-05-11,BATCH-7074,2028-10-21,2026-05-11,
7075,8,482,3,50,2025-11-30,BATCH-7075,2026-12-16,2025-11-30,
7076,8,4028,83,23,2025-12-11,BATCH-7076,2027-03-03,2025-12-11,
7077,8,4463,13,30,2025-07-09,BATCH-7077,2026-04-21,2025-07-09,Expiring in 0 days - flag for clearance; Below reorder level - reorder placed 2025-07-15
7078,11,564,117,59,2025-07-22,BATCH-7078,2028-09-29,2025-07-22,
7079,12,4489,61,34,2025-12-08,BATCH-7079,2028-07-30,2025-12-08,
7080,6,201,30,17,2025-06-06,BATCH-7080,2026-12-07,2025-06-06,Expiring in 88 days - monitor
7081,8,2066,20,34,2025-10-18,BATCH-7081,2026-01-18,2025-10-18,Expiring in 0 days - flag for clearance
7082,1,1648,7,24,2026-02-20,BATCH-7082,2027-05-05,2026-02-20,Below reorder level - reorder placed 2026-02-25
7083,2,2975,102,31,2025-06-13,BATCH-7083,2026-10-06,2025-06-13,Expiring in 26 days - flag for clearance
7084,5,1471,74,57,2026-08-02,BATCH-7084,2026-03-25,2026-08-02,Expiring in 0 days - flag for clearance
7085,1,364,93,27,2026-02-24,BATCH-7085,2026-07-06,2026-02-24,Expiring in 0 days - flag for clearance
7086,6,719,52,55,2026-01-03,BATCH-7086,2028-10-06,2026-01-03,Below reorder level - reorder placed 2026-01-16
7087,11,577,26,40,2025-07-24,BATCH-7087,2027-10-16,2025-07-24,
7088,4,3061,102,46,2026-05-13,BATCH-7088,2028-01-24,2026-05-13,
7089,1,182,85,57,2025-09-08,BATCH-7089,2028-05-22,2025-09-08,
7090,10,861,43,38,2025-10-13,BATCH-7090,2028-04-04,2025-10-13,
7091,3,1333,11,51,2026-06-06,BATCH-7091,2026-11-20,2026-06-06,Expiring in 71 days - monitor
7092,3,3014,99,45,2025-07-22,BATCH-7092,2026-07-28,2025-07-22,Expiring in 0 days - flag for clearance
7093,12,3775,33,58,2025-07-25,BATCH-7093,2027-07-18,2025-07-25,Below reorder level - reorder placed 2025-07-31
7094,5,1719,78,43,2026-03-24,BATCH-7094,2029-11-30,2026-03-24,
7095,7,189,71,54,2026-08-03,BATCH-7095,2028-10-05,2026-08-03,
7096,10,3797,70,31,2026-07-04,BATCH-7096,2026-12-17,2026-07-04,
7097,10,2752,6,55,2025-07-21,BATCH-7097,2028-06-26,2025-07-21,Below reorder level - reorder placed 2025-08-01
7098,3,615,46,38,2025-12-28,BATCH-7098,2026-07-27,2025-12-28,Expiring in 0 days - flag for clearance
7099,1,1478,13,47,2026-03-17,BATCH-7099,2026-05-25,2026-03-17,Expiring in 0 days - flag for clearance
7100,6,841,118,39,2026-07-28,BATCH-7100,2026-07-03,2026-07-28,Expiring in 0 days - flag for clearance
7101,5,2677,92,57,2025-07-19,BATCH-7101,2028-01-22,2025-07-19,
7102,2,1025,78,37,2025-11-27,BATCH-7102,2026-06-12,2025-11-27,Expiring in 0 days - flag for clearance
7103,8,2212,19,39,2025-06-05,BATCH-7103,2026-12-01,2025-06-05,Expiring in 82 days - monitor; Below reorder level - reorder placed 2025-06-15
7104,11,1661,74,22,2025-10-28,BATCH-7104,2026-10-24,2025-10-28,
7105,6,1311,57,53,2025-07-21,BATCH-7105,2027-05-02,2025-07-21,
7106,4,334,109,33,2025-09-06,BATCH-7106,2027-10-30,2025-09-06,
7107,9,3325,11,36,2025-07-04,BATCH-7107,2029-09-23,2025-07-04,Below reorder level - reorder placed 2025-07-10
7108,2,2664,48,33,2025-12-30,BATCH-7108,2027-06-28,2025-12-30,
7109,12,646,85,56,2026-06-12,BATCH-7109,2028-06-15,2026-06-12,
7110,3,1680,36,37,2026-01-17,BATCH-7110,2029-11-22,2026-01-17,Below reorder level - reorder placed 2026-01-27
7111,1,2659,119,46,2025-07-11,BATCH-7111,2027-07-06,2025-07-11,
7112,7,2501,87,20,2025-06-29,BATCH-7112,2029-03-05,2025-06-29,
7113,2,3191,68,45,2026-01-13,BATCH-7113,2029-11-10,2026-01-13,
7114,7,3833,62,52,2026-05-09,BATCH-7114,2026-04-12,2026-05-09,Expiring in 0 days - flag for clearance
7115,9,3988,90,46,2026-03-02,BATCH-7115,2027-12-10,2026-03-02,
7116,8,2468,56,59,2026-02-01,BATCH-7116,2027-05-14,2026-02-01,Below reorder level - reorder placed 2026-02-08
7117,11,2639,29,28,2026-06-23,BATCH-7117,2026-02-04,2026-06-23,Expiring in 0 days - flag for clearance
7118,1,3229,75,20,2026-08-12,BATCH-7118,2026-12-28,2026-08-12,
7119,10,3533,2,31,2025-11-02,BATCH-7119,2027-04-28,2025-11-02,
7120,6,4931,16,22,2025-09-11,BATCH-7120,2029-02-20,2025-09-11,Below reorder level - reorder placed 2025-09-24
7121,4,4054,50,28,2026-04-11,BATCH-7121,2029-06-17,2026-04-11,
7122,5,2822,118,44,2025-07-05,BATCH-7122,2026-05-09,2025-07-05,Expiring in 0 days - flag for clearance
7123,4,297,40,26,2026-04-05,BATCH-7123,2028-07-11,2026-04-05,
7124,10,1972,21,20,2026-07-10,BATCH-7124,2029-05-06,2026-07-10,
7125,2,3475,31,16,2025-06-13,BATCH-7125,2027-10-04,2025-06-13,
7126,10,1366,11,27,2026-07-26,BATCH-7126,2029-09-12,2026-07-26,
7127,2,17,19,15,2025-10-09,BATCH-7127,2027-12-08,2025-10-09,
7128,8,3035,56,25,2026-02-17,BATCH-7128,2028-04-07,2026-02-17,
7129,5,610,76,36,2026-02-28,BATCH-7129,2029-06-02,2026-02-28,
7130,5,2734,98,49,2025-12-23,BATCH-7130,2029-11-05,2025-12-23,
7131,9,2688,25,27,2025-11-28,BATCH-7131,2028-03-07,2025-11-28,Below reorder level - reorder placed 2025-12-09
7132,9,404,89,52,2025-08-12,BATCH-7132,2029-11-18,2025-08-12,
7133,9,1715,31,18,2026-06-12,BATCH-7133,2029-02-03,2026-06-12,
7134,3,2307,43,22,2026-02-06,BATCH-7134,2026-05-12,2026-02-06,Expiring in 0 days - flag for clearance
7135,6,3478,96,49,2025-07-05,BATCH-7135,2026-02-08,2025-07-05,Expiring in 0 days - flag for clearance
7136,9,1905,60,44,2026-08-31,BATCH-7136,2026-07-25,2026-08-31,Expiring in 0 days - flag for clearance
7137,9,3576,34,46,2026-03-29,BATCH-7137,2028-01-22,2026-03-29,Below reorder level - reorder placed 2026-04-03
7138,10,4684,31,31,2026-08-26,BATCH-7138,2028-03-14,2026-08-26,
7139,2,3803,82,39,2025-12-18,BATCH-7139,2026-01-23,2025-12-18,Expiring in 0 days - flag for clearance
7140,8,1645,68,36,2026-04-09,BATCH-7140,2028-07-02,2026-04-09,
7141,2,911,58,32,2025-10-31,BATCH-7141,2027-09-16,2025-10-31,
7142,7,387,77,46,2025-08-04,BATCH-7142,2029-09-16,2025-08-04,
7143,9,2171,94,45,2026-06-28,BATCH-7143,2029-01-10,2026-06-28,
7144,8,2856,96,26,2026-03-25,BATCH-7144,2027-04-04,2026-03-25,
7145,3,3922,111,19,2026-03-21,BATCH-7145,2029-06-30,2026-03-21,
7146,6,3398,73,22,2026-03-13,BATCH-7146,2028-05-27,2026-03-13,
7147,10,2054,1,33,2025-12-09,BATCH-7147,2026-08-13,2025-12-09,Expiring in 0 days - flag for clearance
7148,11,3483,100,49,2025-09-23,BATCH-7148,2026-11-27,2025-09-23,Expiring in 78 days - monitor
7149,11,4727,55,24,2026-05-20,BATCH-7149,2027-01-01,2026-05-20,
7150,6,2400,86,49,2025-10-29,BATCH-7150,2025-12-28,2025-10-29,Expiring in 0 days - flag for clearance
7151,2,4049,28,31,2026-08-12,BATCH-7151,2025-12-19,2026-08-12,Expiring in 0 days - flag for clearance
7152,7,4631,12,27,2026-07-29,BATCH-7152,2026-09-18,2026-07-29,Expiring in 8 days - flag for clearance; Below reorder level - reorder placed 2026-08-03
7153,8,1162,28,49,2026-03-09,BATCH-7153,2026-12-26,2026-03-09,Below reorder level - reorder placed 2026-03-13
7154,11,4568,91,23,2025-11-02,BATCH-7154,2027-02-01,2025-11-02,
7155,6,4490,84,34,2026-02-04,BATCH-7155,2026-08-30,2026-02-04,Expiring in 0 days - flag for clearance
7156,7,1816,25,49,2026-08-16,BATCH-7156,2027-06-12,2026-08-16,Below reorder level - reorder placed 2026-08-20
7157,4,1530,102,32,2026-07-28,BATCH-7157,2026-11-01,2026-07-28,
7158,12,3495,115,23,2025-06-26,BATCH-7158,2027-01-09,2025-06-26,
7159,9,2504,88,42,2025-10-08,BATCH-7159,2029-05-06,2025-10-08,
7160,2,3702,100,42,2026-02-20,BATCH-7160,2028-10-09,2026-02-20,
7161,5,2495,118,52,2025-08-28,BATCH-7161,2028-02-14,2025-08-28,
7162,2,810,79,32,2026-03-15,BATCH-7162,2027-07-18,2026-03-15,
7163,5,2209,26,37,2025-06-21,BATCH-7163,2027-09-17,2025-06-21,Below reorder level - reorder placed 2025-06-29
7164,9,4649,41,47,2026-02-08,BATCH-7164,2026-04-17,2026-02-08,Expiring in 0 days - flag for clearance; Below reorder level - reorder placed 2026-02-12
7165,1,3728,23,16,2026-01-15,BATCH-7165,2027-09-28,2026-01-15,
7166,4,3636,74,53,2026-05-06,BATCH-7166,2028-09-05,2026-05-06,
7167,10,4537,73,29,2026-05-23,BATCH-7167,2027-01-01,2026-05-23,
7168,11,3301,79,16,2026-01-04,BATCH-7168,2027-01-02,2026-01-04,
7169,6,1189,85,48,2025-06-27,BATCH-7169,2026-09-25,2025-06-27,Expiring in 15 days - flag for clearance
7170,4,4905,2,58,2025-12-13,BATCH-7170,2026-10-26,2025-12-13,Expiring in 46 days - monitor
7171,4,2900,34,31,2026-08-23,BATCH-7171,2026-11-05,2026-08-23,
7172,1,3265,97,50,2026-04-19,BATCH-7172,2029-03-10,2026-04-19,
7173,1,4408,81,24,2026-04-03,BATCH-7173,2028-11-13,2026-04-03,
7174,3,2283,94,38,2025-11-18,BATCH-7174,2026-05-26,2025-11-18,Expiring in 0 days - flag for clearance
7175,12,281,8,33,2025-09-23,BATCH-7175,2027-10-15,2025-09-23,Below reorder level - reorder placed 2025-09-26
7176,10,4341,115,15,2025-08-20,BATCH-7176,2027-09-16,2025-08-20,
7177,4,1252,25,16,2026-01-09,BATCH-7177,2026-11-03,2026-01-09,
7178,7,419,62,53,2025-11-29,BATCH-7178,2025-12-20,2025-11-29,Expiring in 0 days - flag for clearance
7179,7,1697,90,21,2025-07-03,BATCH-7179,2028-05-28,2025-07-03,
7180,1,3291,15,25,2025-10-07,BATCH-7180,2028-05-03,2025-10-07,Below reorder level - reorder placed 2025-10-17
7181,9,2008,84,18,2026-05-16,BATCH-7181,2027-07-05,2026-05-16,
7182,2,297,3,28,2026-01-23,BATCH-7182,2028-07-11,2026-01-23,
7183,12,3106,94,41,2026-07-02,BATCH-7183,2027-09-15,2026-07-02,
7184,12,1866,63,56,2025-10-18,BATCH-7184,2029-11-27,2025-10-18,
7185,11,2653,73,28,2026-04-15,BATCH-7185,2028-05-26,2026-04-15,
7186,10,547,83,21,2025-06-03,BATCH-7186,2026-11-01,2025-06-03,Expiring in 52 days - monitor
7187,1,304,75,19,2026-09-03,BATCH-7187,2027-05-05,2026-09-03,
7188,2,2245,27,53,2025-08-12,BATCH-7188,2029-09-25,2025-08-12,Below reorder level - reorder placed 2025-08-20
7189,10,1522,9,28,2026-05-22,BATCH-7189,2028-03-30,2026-05-22,
7190,8,1604,25,21,2026-03-17,BATCH-7190,2026-08-10,2026-03-17,Expiring in 0 days - flag for clearance
7191,11,3676,105,17,2026-07-23,BATCH-7191,2029-09-19,2026-07-23,
7192,11,867,93,57,2026-04-13,BATCH-7192,2029-10-28,2026-04-13,
7193,5,3133,68,50,2025-08-29,BATCH-7193,2027-04-24,2025-08-29,
7194,1,1186,94,41,2026-05-13,BATCH-7194,2028-03-15,2026-05-13,
7195,11,2315,49,38,2026-04-02,BATCH-7195,2026-06-26,2026-04-02,Expiring in 0 days - flag for clearance
7196,1,3805,63,50,2026-07-01,BATCH-7196,2029-05-16,2026-07-01,
7197,3,3742,47,24,2026-07-26,BATCH-7197,2029-03-08,2026-07-26,
7198,12,465,52,56,2026-01-08,BATCH-7198,2026-11-11,2026-01-08,
7199,2,3134,63,30,2026-04-28,BATCH-7199,2026-10-11,2026-04-28,Expiring in 31 days - monitor
7200,6,3187,76,16,2026-03-14,BATCH-7200,2026-09-06,2026-03-14,Expiring in 0 days - flag for clearance
7201,11,3238,21,23,2025-06-28,BATCH-7201,2028-07-16,2025-06-28,Below reorder level - reorder placed 2025-07-03
7202,2,606,71,40,2026-04-10,BATCH-7202,2027-03-13,2026-04-10,
7203,10,1265,72,26,2025-11-30,BATCH-7203,2026-08-18,2025-11-30,Expiring in 0 days - flag for clearance
7204,5,819,27,18,2026-09-02,BATCH-7204,2026-11-18,2026-09-02,
7205,12,1086,75,40,2025-07-19,BATCH-7205,2027-12-14,2025-07-19,
7206,7,3066,6,42,2026-06-12,BATCH-7206,2026-10-23,2026-06-12,Below reorder level - reorder placed 2026-06-21
7207,3,1986,18,15,2025-06-02,BATCH-7207,2027-09-25,2025-06-02,
7208,4,3894,42,53,2026-06-03,BATCH-7208,2026-04-27,2026-06-03,Expiring in 0 days - flag for clearance; Below reorder level - reorder placed 2026-06-12
7209,10,530,117,57,2026-08-31,BATCH-7209,2027-01-07,2026-08-31,
7210,10,2138,110,50,2025-10-27,BATCH-7210,2029-11-11,2025-10-27,
7211,9,4267,14,45,2025-12-04,BATCH-7211,2029-08-15,2025-12-04,
7212,7,2957,24,28,2025-07-23,BATCH-7212,2028-10-21,2025-07-23,
7213,9,4488,80,45,2025-08-09,BATCH-7213,2027-10-18,2025-08-09,
7214,10,3403,47,50,2025-12-09,BATCH-7214,2026-11-03,2025-12-09,Expiring in 54 days - monitor
7215,2,535,51,27,2026-02-19,BATCH-7215,2026-11-20,2026-02-19,
7216,7,4411,65,51,2026-05-27,BATCH-7216,2027-02-24,2026-05-27,
7217,12,606,90,52,2025-06-06,BATCH-7217,2027-03-13,2025-06-06,
7218,1,4823,31,25,2026-07-06,BATCH-7218,2026-12-20,2026-07-06,
7219,2,4454,37,57,2025-08-25,BATCH-7219,2026-09-16,2025-08-25,Expiring in 6 days - flag for clearance; Below reorder level - reorder placed 2025-09-02
7220,5,4828,101,53,2026-07-04,BATCH-7220,2029-03-09,2026-07-04,
7221,4,30,33,22,2026-08-11,BATCH-7221,2027-07-31,2026-08-11,
7222,11,3822,82,55,2025-06-22,BATCH-7222,2029-10-25,2025-06-22,
7223,2,373,47,43,2025-06-21,BATCH-7223,2028-08-01,2025-06-21,
7224,7,2726,75,43,2026-08-06,BATCH-7224,2028-04-26,2026-08-06,
7225,12,3041,71,16,2026-04-01,BATCH-7225,2028-05-04,2026-04-01,
7226,10,4237,0,24,2026-08-25,BATCH-7226,2026-09-23,2026-08-25,Expiring in 13 days - flag for clearance; Below reorder level - reorder placed 2026-08-30
7227,6,1179,7,33,2026-03-19,BATCH-7227,2028-06-19,2026-03-19,Below reorder level - reorder placed 2026-04-01
7228,12,3128,40,53,2025-09-03,BATCH-7228,2026-10-25,2025-09-03,Expiring in 45 days - monitor; Below reorder level - reorder placed 2025-09-09
7229,8,3053,49,26,2025-06-30,BATCH-7229,2027-03-22,2025-06-30,
7230,3,567,37,22,2025-06-09,BATCH-7230,2027-11-21,2025-06-09,
7231,2,1096,70,21,2025-09-22,BATCH-7231,2026-01-07,2025-09-22,Expiring in 0 days - flag for clearance
7232,8,3836,51,27,2025-06-02,BATCH-7232,2027-05-19,2025-06-02,
7233,10,3618,92,49,2026-05-30,BATCH-7233,2029-07-03,2026-05-30,
7234,7,827,107,16,2026-06-04,BATCH-7234,2028-08-25,2026-06-04,
7235,6,4770,50,57,2025-11-27,BATCH-7235,2027-06-13,2025-11-27,Below reorder level - reorder placed 2025-12-03
7236,11,4754,30,17,2026-03-17,BATCH-7236,2026-11-27,2026-03-17,Expiring in 78 days - monitor
7237,4,1309,103,52,2025-09-02,BATCH-7237,2028-08-17,2025-09-02,
7238,2,3785,43,46,2026-04-13,BATCH-7238,2029-03-03,2026-04-13,
7239,4,2503,10,57,2026-05-24,BATCH-7239,2028-04-09,2026-05-24,Below reorder level - reorder placed 2026-05-28
7240,3,313,96,26,2025-07-06,BATCH-7240,2026-11-12,2025-07-06,
7241,3,2329,25,58,2025-09-10,BATCH-7241,2026-11-28,2025-09-10,Below reorder level - reorder placed 2025-09-20
7242,12,4699,60,28,2026-06-03,BATCH-7242,2026-12-23,2026-06-03,
7243,12,3767,20,32,2026-05-26,BATCH-7243,2026-12-07,2026-05-26,Expiring in 88 days - monitor
7244,12,4288,22,38,2026-06-20,BATCH-7244,2028-10-17,2026-06-20,Below reorder level - reorder placed 2026-06-27
7245,3,3673,32,33,2026-07-17,BATCH-7245,2029-07-03,2026-07-17,Below reorder level - reorder placed 2026-07-21
7246,3,3288,31,49,2025-09-04,BATCH-7246,2027-06-16,2025-09-04,
7247,12,1725,22,54,2026-01-16,BATCH-7247,2029-01-30,2026-01-16,Below reorder level - reorder placed 2026-01-22
7248,12,104,8,31,2025-07-10,BATCH-7248,2026-05-11,2025-07-10,Expiring in 0 days - flag for clearance; Below reorder level - reorder placed 2025-07-22
7249,12,3548,2,34,2026-01-28,BATCH-7249,2029-07-28,2026-01-28,Below reorder level - reorder placed 2026-01-31
7250,10,2559,106,55,2026-06-30,BATCH-7250,2026-12-04,2026-06-30,
7251,11,1170,26,41,2026-04-15,BATCH-7251,2027-03-10,2026-04-15,
7252,10,2582,42,19,2025-12-13,BATCH-7252,2027-04-30,2025-12-13,
7253,7,4928,94,48,2026-03-19,BATCH-7253,2028-08-04,2026-03-19,
7254,3,4852,116,51,2025-09-25,BATCH-7254,2029-04-21,2025-09-25,
7255,2,4142,116,58,2025-10-16,BATCH-7255,2029-06-28,2025-10-16,
7256,12,1085,86,26,2026-02-10,BATCH-7256,2029-10-20,2026-02-10,
7257,11,4069,106,50,2025-07-20,BATCH-7257,2026-06-21,2025-07-20,Expiring in 0 days - flag for clearance
7258,5,2645,37,31,2026-06-04,BATCH-7258,2029-07-06,2026-06-04,
7259,12,4237,10,53,2026-03-05,BATCH-7259,2026-09-23,2026-03-05,Expiring in 13 days - flag for clearance; Below reorder level - reorder placed 2026-03-15
7260,11,1141,41,49,2025-09-04,BATCH-7260,2028-09-11,2025-09-04,Below reorder level - reorder placed 2025-09-17
7261,1,4260,64,18,2025-06-01,BATCH-7261,2026-01-22,2025-06-01,Expiring in 0 days - flag for clearance
7262,7,1279,64,40,2025-11-27,BATCH-7262,2026-11-13,2025-11-27,
7263,9,1844,73,31,2026-07-01,BATCH-7263,2027-11-16,2026-07-01,
7264,8,961,76,30,2026-09-03,BATCH-7264,2026-01-24,2026-09-03,Expiring in 0 days - flag for clearance
7265,2,3164,118,44,2026-08-14,BATCH-7265,2026-08-13,2026-08-14,Expiring in 0 days - flag for clearance
7266,6,2934,52,23,2026-01-02,BATCH-7266,2026-03-25,2026-01-02,Expiring in 0 days - flag for clearance
7267,6,2463,79,34,2026-01-07,BATCH-7267,2027-10-20,2026-01-07,
7268,6,4135,72,15,2025-11-20,BATCH-7268,2026-12-18,2025-11-20,
7269,8,2589,1,58,2026-05-15,BATCH-7269,2028-04-17,2026-05-15,Below reorder level - reorder placed 2026-05-23
7270,12,443,115,21,2026-02-06,BATCH-7270,2029-01-17,2026-02-06,
7271,10,2217,81,18,2025-09-20,BATCH-7271,2029-10-23,2025-09-20,
7272,7,3629,44,18,2026-03-18,BATCH-7272,2029-11-27,2026-03-18,
7273,5,3160,20,39,2025-06-12,BATCH-7273,2028-09-24,2025-06-12,
7274,1,136,101,57,2025-11-22,BATCH-7274,2026-10-08,2025-11-22,Expiring in 28 days - flag for clearance
7275,12,2152,6,39,2026-03-21,BATCH-7275,2028-08-27,2026-03-21,Below reorder level - reorder placed 2026-04-02
7276,10,405,2,41,2025-09-08,BATCH-7276,2027-07-22,2025-09-08,Below reorder level - reorder placed 2025-09-15
7277,1,613,1,39,2026-08-25,BATCH-7277,2029-04-17,2026-08-25,Below reorder level - reorder placed 2026-09-02
7278,9,2977,91,33,2025-06-16,BATCH-7278,2028-01-31,2025-06-16,
7279,11,1218,74,55,2026-05-25,BATCH-7279,2029-06-07,2026-05-25,
7280,4,3930,40,18,2026-02-12,BATCH-7280,2029-08-01,2026-02-12,
7281,1,2120,54,40,2026-04-11,BATCH-7281,2029-03-20,2026-04-11,
7282,11,4085,84,35,2025-10-12,BATCH-7282,2027-02-03,2025-10-12,
7283,4,4187,34,30,2026-08-25,BATCH-7283,2027-07-09,2026-08-25,
7284,12,411,54,26,2026-03-19,BATCH-7284,2026-12-08,2026-03-19,Expiring in 89 days - monitor
7285,6,1239,102,45,2026-08-13,BATCH-7285,2026-10-31,2026-08-13,Expiring in 51 days - monitor
7286,2,4311,18,16,2025-07-29,BATCH-7286,2029-06-21,2025-07-29,
7287,12,3199,97,35,2026-09-03,BATCH-7287,2026-02-24,2026-09-03,Expiring in 0 days - flag for clearance
7288,5,1377,76,45,2026-07-29,BATCH-7288,2029-04-04,2026-07-29,
7289,12,211,34,19,2026-03-23,BATCH-7289,2027-10-11,2026-03-23,
7290,1,2692,110,43,2026-01-23,BATCH-7290,2026-12-04,2026-01-23,
7291,8,2791,74,32,2025-10-12,BATCH-7291,2028-04-28,2025-10-12,
7292,9,645,60,34,2025-08-11,BATCH-7292,2026-11-28,2025-08-11,
7293,1,4063,28,51,2025-07-06,BATCH-7293,2027-07-17,2025-07-06,
7294,1,1079,61,52,2025-11-06,BATCH-7294,2027-05-25,2025-11-06,
7295,6,1180,75,37,2026-01-25,BATCH-7295,2029-10-20,2026-01-25,
7296,7,4385,18,44,2026-04-01,BATCH-7296,2027-06-10,2026-04-01,
7297,6,2207,20,39,2026-05-16,BATCH-7297,2028-03-23,2026-05-16,Below reorder level - reorder placed 2026-05-20
7298,3,319,94,26,2026-06-18,BATCH-7298,2027-08-10,2026-06-18,
7299,6,4960,116,36,2025-07-29,BATCH-7299,2026-11-08,2025-07-29,
7300,10,856,32,40,2026-02-05,BATCH-7300,2030-01-11,2026-02-05,Below reorder level - reorder placed 2026-02-17
7301,3,476,86,57,2026-08-28,BATCH-7301,2027-03-26,2026-08-28,
7302,6,1256,75,37,2025-08-24,BATCH-7302,2028-08-28,2025-08-24,
7303,1,2084,18,33,2025-07-09,BATCH-7303,2029-05-29,2025-07-09,Below reorder level - reorder placed 2025-07-14
7304,4,3329,20,20,2025-12-10,BATCH-7304,2029-02-22,2025-12-10,
7305,4,46,42,45,2025-08-28,BATCH-7305,2028-03-12,2025-08-28,Below reorder level - reorder placed 2025-09-04
7306,8,4876,43,37,2025-08-28,BATCH-7306,2029-08-31,2025-08-28,
7307,1,4623,67,42,2025-06-23,BATCH-7307,2026-12-13,2025-06-23,
7308,12,1760,31,49,2026-01-24,BATCH-7308,2029-11-27,2026-01-24,Below reorder level - reorder placed 2026-02-02
7309,11,101,115,33,2026-07-09,BATCH-7309,2026-05-24,2026-07-09,Expiring in 0 days - flag for clearance
7310,7,2918,34,52,2026-06-07,BATCH-7310,2029-02-05,2026-06-07,Below reorder level - reorder placed 2026-06-20
7311,4,4837,70,48,2025-12-25,BATCH-7311,2026-09-19,2025-12-25,Expiring in 9 days - flag for clearance
7312,2,4611,50,50,2026-07-20,BATCH-7312,2026-02-04,2026-07-20,Expiring in 0 days - flag for clearance
7313,1,1802,57,17,2026-07-13,BATCH-7313,2026-08-27,2026-07-13,Expiring in 0 days - flag for clearance
7314,5,656,110,16,2026-03-16,BATCH-7314,2029-10-05,2026-03-16,
7315,2,2563,39,59,2025-06-08,BATCH-7315,2029-12-26,2025-06-08,
7316,12,4138,22,58,2026-03-29,BATCH-7316,2026-11-26,2026-03-29,Expiring in 77 days - monitor
7317,9,3725,46,52,2026-05-22,BATCH-7317,2028-04-13,2026-05-22,Below reorder level - reorder placed 2026-05-30
7318,5,1070,24,51,2026-07-06,BATCH-7318,2026-09-30,2026-07-06,Expiring in 20 days - flag for clearance
7319,10,2020,114,20,2026-08-03,BATCH-7319,2027-10-19,2026-08-03,
7320,12,4038,28,41,2026-04-25,BATCH-7320,2029-09-15,2026-04-25,
7321,4,4527,9,16,2026-03-06,BATCH-7321,2026-02-16,2026-03-06,Expiring in 0 days - flag for clearance; Below reorder level - reorder placed 2026-03-14
7322,6,3310,62,48,2025-06-12,BATCH-7322,2028-10-01,2025-06-12,
7323,1,1932,97,27,2025-11-27,BATCH-7323,2026-10-18,2025-11-27,
7324,12,3950,6,59,2025-08-03,BATCH-7324,2027-08-21,2025-08-03,
7325,9,3952,92,42,2025-06-13,BATCH-7325,2026-02-06,2025-06-13,Expiring in 0 days - flag for clearance
7326,7,4439,103,37,2026-02-28,BATCH-7326,2026-11-16,2026-02-28,
7327,5,3880,11,36,2025-08-26,BATCH-7327,2028-05-13,2025-08-26,Below reorder level - reorder placed 2025-08-31
7328,3,3489,70,17,2025-07-30,BATCH-7328,2028-02-27,2025-07-30,
7329,8,2353,46,55,2025-07-17,BATCH-7329,2028-05-05,2025-07-17,Below reorder level - reorder placed 2025-07-24
7330,9,724,39,33,2025-06-27,BATCH-7330,2026-11-08,2025-06-27,
7331,7,4052,47,56,2025-12-08,BATCH-7331,2030-01-10,2025-12-08,Below reorder level - reorder placed 2025-12-11
7332,7,3704,96,27,2025-09-19,BATCH-7332,2028-02-14,2025-09-19,
7333,2,3005,100,41,2026-01-06,BATCH-7333,2027-07-15,2026-01-06,
7334,11,4558,42,24,2026-07-04,BATCH-7334,2029-03-09,2026-07-04,
7335,8,4049,49,26,2025-12-06,BATCH-7335,2025-12-19,2025-12-06,Expiring in 0 days - flag for clearance
7336,3,2957,108,57,2026-05-23,BATCH-7336,2028-10-21,2026-05-23,
7337,7,3401,43,55,2025-11-04,BATCH-7337,2028-09-04,2025-11-04,
7338,7,3729,119,27,2025-11-05,BATCH-7338,2029-05-07,2025-11-05,
7339,10,1191,102,35,2025-11-22,BATCH-7339,2027-11-28,2025-11-22,
7340,3,431,92,31,2026-03-25,BATCH-7340,2026-06-12,2026-03-25,Expiring in 0 days - flag for clearance
7341,11,4960,75,59,2026-03-05,BATCH-7341,2026-11-08,2026-03-05,Expiring in 59 days - monitor
7342,7,1307,110,16,2026-08-05,BATCH-7342,2029-08-19,2026-08-05,
7343,10,650,91,33,2026-08-19,BATCH-7343,2026-11-27,2026-08-19,
7344,10,1692,55,54,2026-03-21,BATCH-7344,2029-11-24,2026-03-21,
7345,1,4612,52,20,2025-11-19,BATCH-7345,2028-09-09,2025-11-19,
7346,9,330,46,48,2026-04-09,BATCH-7346,2026-10-12,2026-04-09,
7347,1,1477,24,16,2026-07-25,BATCH-7347,2029-11-26,2026-07-25,
7348,11,4156,81,16,2026-08-07,BATCH-7348,2028-10-10,2026-08-07,
7349,7,4837,77,38,2026-05-01,BATCH-7349,2026-09-19,2026-05-01,Expiring in 9 days - flag for clearance
7350,1,3251,86,37,2026-01-16,BATCH-7350,2028-05-08,2026-01-16,
7351,7,4719,80,35,2026-04-22,BATCH-7351,2026-12-29,2026-04-22,
7352,3,4607,47,32,2026-04-22,BATCH-7352,2028-04-01,2026-04-22,
7353,11,1220,74,40,2026-02-17,BATCH-7353,2028-01-25,2026-02-17,
7354,3,2313,119,31,2025-12-05,BATCH-7354,2026-12-25,2025-12-05,
7355,2,1729,115,54,2025-09-21,BATCH-7355,2027-06-13,2025-09-21,
7356,6,1020,118,34,2026-08-01,BATCH-7356,2027-03-25,2026-08-01,
7357,4,4706,23,53,2026-05-12,BATCH-7357,2027-08-15,2026-05-12,Below reorder level - reorder placed 2026-05-20
7358,3,3273,44,41,2026-03-18,BATCH-7358,2029-01-13,2026-03-18,
7359,11,1466,91,28,2025-11-14,BATCH-7359,2027-02-04,2025-11-14,
7360,7,744,101,49,2025-09-20,BATCH-7360,2027-07-01,2025-09-20,
7361,1,95,89,35,2026-08-26,BATCH-7361,2027-09-25,2026-08-26,
7362,6,682,39,31,2026-02-27,BATCH-7362,2026-10-28,2026-02-27,Expiring in 48 days - monitor
7363,8,2836,57,29,2026-07-11,BATCH-7363,2026-11-29,2026-07-11,
7364,6,3217,61,45,2025-09-20,BATCH-7364,2026-02-26,2025-09-20,Expiring in 0 days - flag for clearance
7365,11,1019,27,19,2025-07-29,BATCH-7365,2030-01-16,2025-07-29,
7366,9,912,80,19,2026-03-28,BATCH-7366,2026-07-21,2026-03-28,Expiring in 0 days - flag for clearance
7367,9,4190,3,38,2026-06-24,BATCH-7367,2026-09-24,2026-06-24,Expiring in 14 days - flag for clearance; Below reorder level - reorder placed 2026-07-01
7368,8,2251,109,48,2026-04-25,BATCH-7368,2026-10-14,2026-04-25,
7369,3,213,51,37,2025-10-17,BATCH-7369,2029-01-06,2025-10-17,
7370,1,4258,99,20,2025-07-06,BATCH-7370,2028-07-14,2025-07-06,
7371,7,3852,73,57,2026-08-29,BATCH-7371,2029-01-23,2026-08-29,
7372,3,135,86,39,2025-07-25,BATCH-7372,2029-10-07,2025-07-25,
7373,1,2206,89,38,2026-03-25,BATCH-7373,2027-09-21,2026-03-25,
7374,2,1704,94,34,2026-08-03,BATCH-7374,2029-11-27,2026-08-03,
7375,6,4006,15,16,2025-07-29,BATCH-7375,2026-02-20,2025-07-29,Expiring in 0 days - flag for clearance; Below reorder level - reorder placed 2025-08-10
7376,12,1443,37,52,2026-03-16,BATCH-7376,2028-09-28,2026-03-16,Below reorder level - reorder placed 2026-03-29
7377,5,681,70,32,2026-04-28,BATCH-7377,2026-09-16,2026-04-28,Expiring in 6 days - flag for clearance
7378,6,1121,9,41,2026-04-23,BATCH-7378,2029-07-05,2026-04-23,
7379,8,1574,33,29,2025-07-03,BATCH-7379,2028-10-21,2025-07-03,
7380,2,3023,7,23,2025-10-19,BATCH-7380,2026-11-24,2025-10-19,Below reorder level - reorder placed 2025-10-27
7381,6,2136,6,34,2025-08-24,BATCH-7381,2028-09-14,2025-08-24,Below reorder level - reorder placed 2025-08-28
7382,6,72,39,54,2025-08-13,BATCH-7382,2029-03-06,2025-08-13,Below reorder level - reorder placed 2025-08-20
7383,6,3384,50,58,2025-07-25,BATCH-7383,2026-08-06,2025-07-25,Expiring in 0 days - flag for clearance; Below reorder level - reorder placed 2025-07-31
7384,6,3144,66,53,2025-09-21,BATCH-7384,2028-09-10,2025-09-21,
7385,5,1521,43,36,2025-11-18,BATCH-7385,2027-04-04,2025-11-18,
7386,6,4658,36,43,2026-05-05,BATCH-7386,2026-02-24,2026-05-05,Expiring in 0 days - flag for clearance
7387,5,94,46,39,2025-10-24,BATCH-7387,2028-11-04,2025-10-24,
7388,2,2487,2,56,2026-04-24,BATCH-7388,2027-02-21,2026-04-24,
7389,5,2418,32,34,2025-09-16,BATCH-7389,2027-11-28,2025-09-16,
7390,1,4937,20,54,2026-01-19,BATCH-7390,2029-06-22,2026-01-19,Below reorder level - reorder placed 2026-01-28
7391,2,120,12,41,2025-08-18,BATCH-7391,2029-09-24,2025-08-18,Below reorder level - reorder placed 2025-08-25
7392,8,246,47,39,2026-07-04,BATCH-7392,2027-10-11,2026-07-04,
7393,5,3029,93,26,2026-04-06,BATCH-7393,2027-11-26,2026-04-06,
7394,4,926,119,32,2026-01-27,BATCH-7394,2029-06-25,2026-01-27,
7395,11,2403,93,35,2026-02-22,BATCH-7395,2027-01-03,2026-02-22,
7396,2,687,55,57,2025-12-27,BATCH-7396,2030-01-01,2025-12-27,
7397,7,2269,111,45,2026-02-17,BATCH-7397,2026-11-30,2026-02-17,Expiring in 81 days - monitor
7398,1,1475,55,32,2026-02-08,BATCH-7398,2028-12-07,2026-02-08,
7399,1,4166,14,56,2026-05-09,BATCH-7399,2027-08-19,2026-05-09,
7400,8,182,100,30,2025-07-30,BATCH-7400,2028-05-22,2025-07-30,
7401,12,170,83,34,2025-09-27,BATCH-7401,2027-10-12,2025-09-27,
7402,11,71,47,43,2026-09-01,BATCH-7402,2028-06-09,2026-09-01,
7403,11,3023,56,25,2026-05-15,BATCH-7403,2026-11-24,2026-05-15,
7404,11,3178,42,17,2026-07-22,BATCH-7404,2028-05-18,2026-07-22,
7405,2,942,7,22,2026-08-28,BATCH-7405,2026-03-03,2026-08-28,Expiring in 0 days - flag for clearance
7406,11,654,83,55,2026-01-18,BATCH-7406,2026-01-16,2026-01-18,Expiring in 0 days - flag for clearance
7407,5,4699,29,58,2026-04-09,BATCH-7407,2026-12-23,2026-04-09,
7408,6,2696,56,33,2026-02-02,BATCH-7408,2029-07-13,2026-02-02,
7409,8,4793,72,40,2026-02-12,BATCH-7409,2028-06-27,2026-02-12,
7410,9,853,25,41,2025-12-14,BATCH-7410,2027-12-09,2025-12-14,
7411,6,285,104,29,2026-01-20,BATCH-7411,2026-06-29,2026-01-20,Expiring in 0 days - flag for clearance
7412,3,2764,69,33,2026-01-24,BATCH-7412,2027-05-17,2026-01-24,
7413,5,4235,67,46,2026-01-15,BATCH-7413,2029-05-20,2026-01-15,
7414,7,3416,74,50,2026-07-15,BATCH-7414,2029-05-04,2026-07-15,
7415,5,119,28,36,2026-03-31,BATCH-7415,2029-03-26,2026-03-31,Below reorder level - reorder placed 2026-04-04
7416,8,1275,118,20,2026-07-30,BATCH-7416,2029-12-23,2026-07-30,
7417,4,514,91,42,2026-07-18,BATCH-7417,2028-06-23,2026-07-18,
7418,8,125,32,25,2025-08-01,BATCH-7418,2026-05-29,2025-08-01,Expiring in 0 days - flag for clearance
7419,11,2967,75,19,2026-03-26,BATCH-7419,2027-09-06,2026-03-26,
7420,1,3769,19,30,2025-07-18,BATCH-7420,2027-01-07,2025-07-18,Below reorder level - reorder placed 2025-07-28
7421,5,1538,100,52,2025-08-16,BATCH-7421,2026-12-02,2025-08-16,
7422,3,1506,70,33,2026-08-16,BATCH-7422,2029-07-21,2026-08-16,
7423,8,3113,66,55,2025-08-27,BATCH-7423,2029-01-05,2025-08-27,
7424,10,3460,89,21,2025-08-03,BATCH-7424,2027-06-02,2025-08-03,
7425,7,4217,105,47,2026-01-05,BATCH-7425,2029-09-27,2026-01-05,
7426,2,4359,47,32,2026-05-16,BATCH-7426,2027-11-14,2026-05-16,
7427,9,2762,17,59,2025-06-11,BATCH-7427,2026-12-01,2025-06-11,Expiring in 82 days - monitor; Below reorder level - reorder placed 2025-06-21
7428,10,4758,101,18,2025-10-02,BATCH-7428,2028-11-08,2025-10-02,
7429,12,1897,22,47,2025-11-25,BATCH-7429,2029-08-10,2025-11-25,Below reorder level - reorder placed 2025-11-28
7430,7,2172,52,34,2026-04-29,BATCH-7430,2028-08-22,2026-04-29,
7431,2,1396,15,46,2026-04-17,BATCH-7431,2028-12-05,2026-04-17,Below reorder level - reorder placed 2026-04-27
7432,12,4049,104,28,2026-08-24,BATCH-7432,2025-12-19,2026-08-24,Expiring in 0 days - flag for clearance
7433,3,3334,54,23,2026-08-08,BATCH-7433,2028-11-01,2026-08-08,
7434,9,4694,111,41,2026-08-08,BATCH-7434,2028-06-13,2026-08-08,
7435,9,3697,36,38,2025-12-02,BATCH-7435,2027-04-11,2025-12-02,Below reorder level - reorder placed 2025-12-07
7436,12,2920,84,18,2026-07-27,BATCH-7436,2027-06-07,2026-07-27,
7437,10,2061,54,41,2026-03-06,BATCH-7437,2027-01-28,2026-03-06,
7438,4,3634,59,34,2026-08-13,BATCH-7438,2026-09-09,2026-08-13,Expiring in 0 days - flag for clearance
7439,2,3394,76,23,2025-12-31,BATCH-7439,2026-09-23,2025-12-31,Expiring in 13 days - flag for clearance
7440,6,4691,59,35,2025-07-31,BATCH-7440,2027-10-26,2025-07-31,
7441,9,3138,30,36,2025-11-26,BATCH-7441,2027-06-09,2025-11-26,Below reorder level - reorder placed 2025-12-08
7442,10,1998,35,21,2026-07-01,BATCH-7442,2026-10-27,2026-07-01,
7443,7,4689,49,17,2025-08-10,BATCH-7443,2027-09-25,2025-08-10,
7444,2,1728,88,28,2026-07-12,BATCH-7444,2026-12-06,2026-07-12,Expiring in 87 days - monitor
7445,2,4276,47,34,2025-07-09,BATCH-7445,2028-05-28,2025-07-09,
7446,12,1560,25,47,2026-02-11,BATCH-7446,2026-09-08,2026-02-11,Expiring in 0 days - flag for clearance; Below reorder level - reorder placed 2026-02-19
7447,11,4538,48,54,2025-08-02,BATCH-7447,2026-10-15,2025-08-02,Expiring in 35 days - monitor; Below reorder level - reorder placed 2025-08-13
7448,8,3342,1,40,2025-10-02,BATCH-7448,2026-10-06,2025-10-02,Expiring in 26 days - flag for clearance
7449,5,174,36,31,2025-08-10,BATCH-7449,2028-11-25,2025-08-10,
7450,5,1768,93,21,2025-10-14,BATCH-7450,2026-12-16,2025-10-14,
7451,2,37,39,29,2025-09-01,BATCH-7451,2026-04-26,2025-09-01,Expiring in 0 days - flag for clearance
7452,5,665,18,51,2026-07-14,BATCH-7452,2027-06-16,2026-07-14,Below reorder level - reorder placed 2026-07-23
7453,2,3580,86,30,2026-03-04,BATCH-7453,2029-12-15,2026-03-04,
7454,11,2641,33,23,2025-12-07,BATCH-7454,2026-03-05,2025-12-07,Expiring in 0 days - flag for clearance
7455,3,2751,90,45,2026-08-26,BATCH-7455,2027-04-18,2026-08-26,
7456,4,3175,37,20,2026-04-30,BATCH-7456,2026-10-03,2026-04-30,Expiring in 23 days - flag for clearance
7457,5,160,109,22,2025-10-25,BATCH-7457,2026-12-18,2025-10-25,
7458,3,64,38,52,2025-07-24,BATCH-7458,2026-02-12,2025-07-24,Expiring in 0 days - flag for clearance; Below reorder level - reorder placed 2025-08-06
7459,5,1531,119,45,2025-06-06,BATCH-7459,2026-11-25,2025-06-06,Expiring in 76 days - monitor
7460,3,4395,78,41,2026-05-20,BATCH-7460,2026-11-21,2026-05-20,
7461,3,2153,117,58,2026-05-25,BATCH-7461,2029-04-05,2026-05-25,
7462,1,3580,46,26,2026-04-20,BATCH-7462,2029-12-15,2026-04-20,
7463,6,1649,8,19,2026-07-22,BATCH-7463,2026-11-01,2026-07-22,Below reorder level - reorder placed 2026-07-30
7464,9,3986,17,51,2025-12-13,BATCH-7464,2025-12-22,2025-12-13,Expiring in 0 days - flag for clearance; Below reorder level - reorder placed 2025-12-20
7465,11,4083,88,39,2025-12-13,BATCH-7465,2026-11-24,2025-12-13,
7466,8,652,81,53,2026-02-04,BATCH-7466,2028-08-22,2026-02-04,
7467,10,1635,119,56,2026-05-02,BATCH-7467,2026-10-02,2026-05-02,Expiring in 22 days - flag for clearance
7468,5,3846,18,54,2025-11-11,BATCH-7468,2028-04-16,2025-11-11,Below reorder level - reorder placed 2025-11-21
7469,9,1701,17,44,2026-06-23,BATCH-7469,2026-10-14,2026-06-23,Expiring in 34 days - monitor; Below reorder level - reorder placed 2026-06-30
7470,3,3113,65,45,2026-08-21,BATCH-7470,2029-01-05,2026-08-21,
7471,1,3122,75,55,2025-10-13,BATCH-7471,2029-02-27,2025-10-13,
7472,1,3268,44,45,2026-01-17,BATCH-7472,2029-03-16,2026-01-17,
7473,11,1276,115,37,2026-05-05,BATCH-7473,2026-01-26,2026-05-05,Expiring in 0 days - flag for clearance
7474,3,3314,28,44,2025-06-06,BATCH-7474,2027-04-23,2025-06-06,Below reorder level - reorder placed 2025-06-19
7475,4,4247,114,23,2026-03-18,BATCH-7475,2029-12-09,2026-03-18,
7476,2,4627,62,17,2026-05-12,BATCH-7476,2029-06-08,2026-05-12,
7477,12,1739,107,23,2026-08-18,BATCH-7477,2027-02-03,2026-08-18,
7478,7,2160,61,16,2026-02-28,BATCH-7478,2026-07-26,2026-02-28,Expiring in 0 days - flag for clearance
7479,5,3325,67,20,2025-06-07,BATCH-7479,2029-09-23,2025-06-07,
7480,8,740,41,22,2026-05-23,BATCH-7480,2026-09-29,2026-05-23,Expiring in 19 days - flag for clearance
7481,5,2568,74,58,2025-07-06,BATCH-7481,2026-06-30,2025-07-06,Expiring in 0 days - flag for clearance
7482,6,2161,76,43,2026-07-29,BATCH-7482,2026-05-30,2026-07-29,Expiring in 0 days - flag for clearance
7483,7,4579,34,36,2026-08-17,BATCH-7483,2027-11-24,2026-08-17,Below reorder level - reorder placed 2026-08-28
7484,1,4193,106,23,2025-08-19,BATCH-7484,2027-07-07,2025-08-19,
7485,10,842,7,56,2025-09-18,BATCH-7485,2026-11-04,2025-09-18,Expiring in 55 days - monitor; Below reorder level - reorder placed 2025-09-22
7486,9,4248,78,56,2026-01-01,BATCH-7486,2028-08-25,2026-01-01,
7487,11,95,24,30,2026-07-08,BATCH-7487,2027-09-25,2026-07-08,
7488,10,3307,63,28,2025-06-27,BATCH-7488,2027-08-29,2025-06-27,
7489,8,4085,61,58,2025-09-14,BATCH-7489,2027-02-03,2025-09-14,
7490,10,4014,26,20,2025-10-13,BATCH-7490,2028-05-18,2025-10-13,
7491,7,2382,109,26,2026-02-05,BATCH-7491,2029-12-10,2026-02-05,
7492,12,236,53,49,2026-04-23,BATCH-7492,2029-06-23,2026-04-23,
7493,4,988,55,41,2026-03-09,BATCH-7493,2027-04-06,2026-03-09,
7494,12,3474,39,27,2026-03-06,BATCH-7494,2026-01-10,2026-03-06,Expiring in 0 days - flag for clearance
7495,1,3381,15,20,2026-03-17,BATCH-7495,2026-02-24,2026-03-17,Expiring in 0 days - flag for clearance; Below reorder level - reorder placed 2026-03-26
7496,2,2995,28,48,2026-04-03,BATCH-7496,2027-07-15,2026-04-03,Below reorder level - reorder placed 2026-04-14
7497,1,4028,54,42,2026-04-14,BATCH-7497,2027-03-03,2026-04-14,
7498,6,3463,110,38,2026-06-22,BATCH-7498,2026-01-11,2026-06-22,Expiring in 0 days - flag for clearance
7499,4,4194,14,51,2026-03-26,BATCH-7499,2026-03-29,2026-03-26,Expiring in 0 days - flag for clearance
7500,9,3818,105,31,2026-08-29,BATCH-7500,2027-06-15,2026-08-29,
7501,2,3956,100,42,2026-07-16,BATCH-7501,2029-09-20,2026-07-16,
7502,2,3312,4,31,2026-02-24,BATCH-7502,2027-09-03,2026-02-24,
7503,6,2013,60,59,2025-07-25,BATCH-7503,2026-11-12,2025-07-25,Expiring in 63 days - monitor
7504,12,125,63,33,2025-11-11,BATCH-7504,2026-05-29,2025-11-11,Expiring in 0 days - flag for clearance
7505,1,192,102,30,2025-09-21,BATCH-7505,2029-04-14,2025-09-21,
7506,10,2129,104,26,2026-07-03,BATCH-7506,2026-10-20,2026-07-03,Expiring in 40 days - monitor
7507,3,464,18,34,2026-07-11,BATCH-7507,2027-05-17,2026-07-11,Below reorder level - reorder placed 2026-07-19
7508,7,1572,117,21,2025-10-23,BATCH-7508,2029-05-04,2025-10-23,
7509,8,4230,12,41,2026-08-23,BATCH-7509,2026-10-08,2026-08-23,Expiring in 28 days - flag for clearance; Below reorder level - reorder placed 2026-08-29
7510,6,3667,53,47,2025-09-11,BATCH-7510,2029-04-08,2025-09-11,
7511,1,3481,91,46,2026-05-30,BATCH-7511,2026-06-27,2026-05-30,Expiring in 0 days - flag for clearance
7512,6,2766,111,46,2026-05-13,BATCH-7512,2029-12-14,2026-05-13,
7513,10,78,114,40,2026-02-24,BATCH-7513,2026-06-22,2026-02-24,Expiring in 0 days - flag for clearance
7514,12,2186,59,28,2026-02-04,BATCH-7514,2026-07-14,2026-02-04,Expiring in 0 days - flag for clearance
7515,11,2784,52,50,2026-04-30,BATCH-7515,2026-11-28,2026-04-30,
7516,1,1367,85,49,2025-11-07,BATCH-7516,2026-03-07,2025-11-07,Expiring in 0 days - flag for clearance
7517,11,550,97,48,2026-07-27,BATCH-7517,2028-09-06,2026-07-27,
7518,9,3143,80,44,2025-06-25,BATCH-7518,2027-06-29,2025-06-25,
7519,8,2594,64,38,2025-07-24,BATCH-7519,2028-08-30,2025-07-24,
7520,7,2365,35,34,2026-03-06,BATCH-7520,2026-09-24,2026-03-06,Expiring in 14 days - flag for clearance
7521,8,709,38,48,2026-01-31,BATCH-7521,2028-03-19,2026-01-31,Below reorder level - reorder placed 2026-02-13
7522,9,4706,112,19,2026-06-26,BATCH-7522,2027-08-15,2026-06-26,
7523,8,1274,54,41,2025-12-20,BATCH-7523,2028-04-25,2025-12-20,
7524,6,1591,108,26,2025-06-02,BATCH-7524,2028-08-04,2025-06-02,
7525,11,3686,85,49,2026-06-01,BATCH-7525,2028-01-11,2026-06-01,
7526,1,3684,70,27,2026-01-03,BATCH-7526,2029-03-10,2026-01-03,
7527,10,555,99,28,2025-06-22,BATCH-7527,2026-01-18,2025-06-22,Expiring in 0 days - flag for clearance
7528,7,2428,118,18,2025-09-21,BATCH-7528,2029-11-24,2025-09-21,
7529,8,556,4,39,2026-01-27,BATCH-7529,2029-03-16,2026-01-27,
7530,10,412,100,43,2025-07-27,BATCH-7530,2028-12-07,2025-07-27,
7531,11,3484,19,26,2026-08-30,BATCH-7531,2028-12-09,2026-08-30,Below reorder level - reorder placed 2026-09-07
7532,4,3613,79,32,2026-01-07,BATCH-7532,2027-12-02,2026-01-07,
7533,3,201,1,50,2026-08-18,BATCH-7533,2026-12-07,2026-08-18,Below reorder level - reorder placed 2026-08-23
7534,6,2387,83,52,2026-06-15,BATCH-7534,2026-11-25,2026-06-15,Expiring in 76 days - monitor
7535,8,4150,118,32,2026-03-12,BATCH-7535,2028-06-18,2026-03-12,
7536,5,1418,44,50,2025-06-11,BATCH-7536,2028-05-27,2025-06-11,
7537,8,4826,113,26,2026-01-03,BATCH-7537,2028-08-07,2026-01-03,
7538,12,1761,43,46,2025-11-13,BATCH-7538,2027-02-19,2025-11-13,Below reorder level - reorder placed 2025-11-16
7539,10,2717,2,32,2026-05-11,BATCH-7539,2026-11-07,2026-05-11,Below reorder level - reorder placed 2026-05-20
7540,10,1805,69,44,2026-05-25,BATCH-7540,2026-10-15,2026-05-25,
7541,11,3775,97,39,2025-10-02,BATCH-7541,2027-07-18,2025-10-02,
7542,11,4087,26,50,2026-02-28,BATCH-7542,2029-09-16,2026-02-28,
7543,10,2630,19,29,2026-03-13,BATCH-7543,2027-06-06,2026-03-13,Below reorder level - reorder placed 2026-03-20
7544,11,695,105,46,2026-04-20,BATCH-7544,2029-07-10,2026-04-20,
7545,1,748,8,39,2026-01-26,BATCH-7545,2027-10-07,2026-01-26,Below reorder level - reorder placed 2026-02-05
7546,11,3699,3,53,2026-04-03,BATCH-7546,2028-02-29,2026-04-03,Below reorder level - reorder placed 2026-04-14
7547,12,4994,27,18,2025-11-11,BATCH-7547,2027-07-08,2025-11-11,
7548,10,3890,54,56,2025-07-02,BATCH-7548,2026-11-07,2025-07-02,Below reorder level - reorder placed 2025-07-06
7549,10,2956,33,43,2025-08-04,BATCH-7549,2026-10-29,2025-08-04,Expiring in 49 days - monitor; Below reorder level - reorder placed 2025-08-09
7550,4,4264,11,28,2026-04-15,BATCH-7550,2027-12-22,2026-04-15,
7551,8,4303,27,57,2025-09-21,BATCH-7551,2027-01-02,2025-09-21,
7552,3,3461,69,48,2025-09-24,BATCH-7552,2027-01-08,2025-09-24,
7553,5,3144,100,36,2026-01-01,BATCH-7553,2028-09-10,2026-01-01,
7554,2,4439,116,46,2026-08-10,BATCH-7554,2026-11-16,2026-08-10,Expiring in 67 days - monitor
7555,1,2529,29,57,2025-11-25,BATCH-7555,2028-01-24,2025-11-25,Below reorder level - reorder placed 2025-12-01
7556,1,779,74,43,2025-06-14,BATCH-7556,2027-10-21,2025-06-14,
7557,2,2747,27,21,2026-07-09,BATCH-7557,2027-07-27,2026-07-09,
7558,6,1342,104,30,2025-09-20,BATCH-7558,2027-03-21,2025-09-20,
7559,7,3139,83,33,2025-10-27,BATCH-7559,2026-09-25,2025-10-27,Expiring in 15 days - flag for clearance
7560,3,4504,54,34,2026-04-21,BATCH-7560,2029-08-24,2026-04-21,
7561,9,4162,115,48,2025-10-31,BATCH-7561,2026-08-22,2025-10-31,Expiring in 0 days - flag for clearance
7562,6,2303,13,49,2025-08-31,BATCH-7562,2028-12-16,2025-08-31,Below reorder level - reorder placed 2025-09-07
7563,1,326,22,18,2025-11-09,BATCH-7563,2026-11-20,2025-11-09,
7564,6,1809,25,56,2026-05-29,BATCH-7564,2029-11-05,2026-05-29,Below reorder level - reorder placed 2026-06-03
7565,1,1606,38,30,2025-09-26,BATCH-7565,2029-03-26,2025-09-26,
7566,7,4573,73,55,2026-08-15,BATCH-7566,2026-06-10,2026-08-15,Expiring in 0 days - flag for clearance
7567,3,2582,36,26,2026-04-03,BATCH-7567,2027-04-30,2026-04-03,
7568,10,4394,73,52,2026-04-14,BATCH-7568,2029-11-20,2026-04-14,
7569,9,207,19,42,2025-10-13,BATCH-7569,2026-03-26,2025-10-13,Expiring in 0 days - flag for clearance; Below reorder level - reorder placed 2025-10-16
7570,1,1978,8,46,2025-12-11,BATCH-7570,2027-02-17,2025-12-11,
7571,11,480,47,46,2025-11-28,BATCH-7571,2029-06-02,2025-11-28,
7572,4,3022,70,47,2026-06-20,BATCH-7572,2026-09-10,2026-06-20,Expiring in 0 days - flag for clearance
7573,6,1237,70,43,2026-08-09,BATCH-7573,2026-12-07,2026-08-09,
7574,7,3315,43,37,2025-12-30,BATCH-7574,2027-08-26,2025-12-30,
7575,9,4685,78,38,2025-10-28,BATCH-7575,2027-02-17,2025-10-28,
7576,11,1371,34,49,2025-08-09,BATCH-7576,2026-10-08,2025-08-09,Expiring in 28 days - flag for clearance
7577,4,4503,64,41,2026-03-14,BATCH-7577,2029-03-23,2026-03-14,
7578,6,2770,37,57,2025-10-12,BATCH-7578,2026-10-11,2025-10-12,Below reorder level - reorder placed 2025-10-25
7579,6,2426,89,21,2025-10-05,BATCH-7579,2030-01-01,2025-10-05,
7580,5,1198,29,38,2026-03-16,BATCH-7580,2027-11-05,2026-03-16,Below reorder level - reorder placed 2026-03-24
7581,9,2996,92,49,2025-10-09,BATCH-7581,2027-10-01,2025-10-09,
7582,5,4879,21,47,2026-08-25,BATCH-7582,2027-01-05,2026-08-25,Below reorder level - reorder placed 2026-09-06
7583,3,2250,34,31,2026-02-12,BATCH-7583,2026-06-04,2026-02-12,Expiring in 0 days - flag for clearance
7584,10,2340,85,54,2026-08-28,BATCH-7584,2028-10-29,2026-08-28,
7585,5,3821,71,25,2025-06-26,BATCH-7585,2027-04-17,2025-06-26,
7586,9,4933,35,20,2026-09-03,BATCH-7586,2029-01-05,2026-09-03,
7587,12,1707,35,48,2026-03-14,BATCH-7587,2028-06-20,2026-03-14,Below reorder level - reorder placed 2026-03-21
7588,9,4336,3,38,2026-04-01,BATCH-7588,2026-12-11,2026-04-01,
7589,9,1288,85,49,2026-07-29,BATCH-7589,2028-04-29,2026-07-29,
7590,2,3740,58,20,2026-08-23,BATCH-7590,2027-09-19,2026-08-23,
7591,12,764,50,52,2026-01-16,BATCH-7591,2026-10-08,2026-01-16,Expiring in 28 days - flag for clearance
7592,5,853,101,24,2025-08-29,BATCH-7592,2027-12-09,2025-08-29,
7593,9,3348,6,33,2026-02-05,BATCH-7593,2026-11-20,2026-02-05,Below reorder level - reorder placed 2026-02-09
7594,5,318,72,19,2026-05-25,BATCH-7594,2028-06-11,2026-05-25,
7595,12,3888,3,15,2025-07-12,BATCH-7595,2029-01-15,2025-07-12,Below reorder level - reorder placed 2025-07-20
7596,2,4379,28,24,2026-03-12,BATCH-7596,2026-11-28,2026-03-12,Expiring in 79 days - monitor
7597,10,617,105,40,2025-12-10,BATCH-7597,2027-12-05,2025-12-10,
7598,3,3023,50,23,2025-08-17,BATCH-7598,2026-11-24,2025-08-17,
7599,8,3909,86,43,2025-06-16,BATCH-7599,2029-12-25,2025-06-16,
7600,10,3810,1,21,2025-10-20,BATCH-7600,2027-09-14,2025-10-20,Below reorder level - reorder placed 2025-10-23
7601,4,959,104,26,2026-05-16,BATCH-7601,2029-11-28,2026-05-16,
7602,2,4096,44,22,2026-05-28,BATCH-7602,2026-05-07,2026-05-28,Expiring in 0 days - flag for clearance
7603,10,2341,53,33,2026-07-24,BATCH-7603,2026-04-30,2026-07-24,Expiring in 0 days - flag for clearance
7604,2,3685,88,31,2025-09-01,BATCH-7604,2029-01-04,2025-09-01,
7605,9,397,39,33,2025-10-19,BATCH-7605,2028-10-19,2025-10-19,
7606,11,860,17,33,2026-06-07,BATCH-7606,2026-11-27,2026-06-07,
7607,10,858,80,47,2026-09-02,BATCH-7607,2027-11-16,2026-09-02,
7608,2,2683,119,56,2025-12-18,BATCH-7608,2026-10-01,2025-12-18,Expiring in 21 days - flag for clearance
7609,11,639,108,41,2026-01-17,BATCH-7609,2027-06-09,2026-01-17,
7610,10,4649,107,37,2025-11-28,BATCH-7610,2026-04-17,2025-11-28,Expiring in 0 days - flag for clearance
7611,5,4542,119,38,2025-07-24,BATCH-7611,2027-10-04,2025-07-24,
7612,12,1823,115,54,2026-05-25,BATCH-7612,2026-12-15,2026-05-25,
7613,9,4126,55,54,2026-02-02,BATCH-7613,2026-06-16,2026-02-02,Expiring in 0 days - flag for clearance
7614,7,4061,47,56,2026-07-29,BATCH-7614,2026-05-29,2026-07-29,Expiring in 0 days - flag for clearance; Below reorder level - reorder placed 2026-08-09
7615,8,1187,44,24,2026-08-03,BATCH-7615,2027-12-06,2026-08-03,
7616,2,4100,19,40,2025-12-08,BATCH-7616,2029-02-19,2025-12-08,Below reorder level - reorder placed 2025-12-17
7617,5,2024,115,24,2025-09-30,BATCH-7617,2026-10-25,2025-09-30,
7618,10,2729,52,31,2025-09-29,BATCH-7618,2026-04-28,2025-09-29,Expiring in 0 days - flag for clearance
7619,10,2811,57,22,2026-02-14,BATCH-7619,2027-01-13,2026-02-14,
7620,5,2969,56,39,2026-04-27,BATCH-7620,2027-12-22,2026-04-27,
7621,8,1972,71,59,2025-07-29,BATCH-7621,2029-05-06,2025-07-29,
7622,5,3111,5,25,2025-06-23,BATCH-7622,2026-09-16,2025-06-23,Expiring in 6 days - flag for clearance; Below reorder level - reorder placed 2025-06-26
7623,10,4568,67,29,2025-12-08,BATCH-7623,2027-02-01,2025-12-08,
7624,4,2692,88,17,2025-09-15,BATCH-7624,2026-12-04,2025-09-15,
7625,6,540,10,53,2025-11-14,BATCH-7625,2026-10-10,2025-11-14,Below reorder level - reorder placed 2025-11-25
7626,5,4148,90,18,2026-01-25,BATCH-7626,2027-12-02,2026-01-25,
7627,4,600,46,36,2025-06-22,BATCH-7627,2027-07-29,2025-06-22,
7628,8,1170,46,54,2025-12-05,BATCH-7628,2027-03-10,2025-12-05,Below reorder level - reorder placed 2025-12-14
7629,6,54,43,59,2026-06-05,BATCH-7629,2028-09-03,2026-06-05,Below reorder level - reorder placed 2026-06-15
7630,1,4149,113,33,2025-10-01,BATCH-7630,2029-09-14,2025-10-01,
7631,9,4809,114,39,2026-02-18,BATCH-7631,2026-05-14,2026-02-18,Expiring in 0 days - flag for clearance
7632,1,4134,105,19,2025-06-22,BATCH-7632,2026-08-14,2025-06-22,Expiring in 0 days - flag for clearance
7633,4,2015,20,32,2025-07-28,BATCH-7633,2028-01-24,2025-07-28,Below reorder level - reorder placed 2025-08-07
7634,1,57,26,20,2026-03-21,BATCH-7634,2029-10-05,2026-03-21,
7635,10,284,49,31,2025-06-28,BATCH-7635,2028-10-27,2025-06-28,
7636,11,3629,106,32,2026-06-03,BATCH-7636,2029-11-27,2026-06-03,
7637,7,4781,14,52,2026-01-29,BATCH-7637,2026-11-27,2026-01-29,
7638,11,2345,75,23,2026-02-06,BATCH-7638,2026-08-15,2026-02-06,Expiring in 0 days - flag for clearance
7639,3,1678,21,24,2026-07-25,BATCH-7639,2028-08-11,2026-07-25,Below reorder level - reorder placed 2026-07-29
7640,2,1007,96,59,2026-05-15,BATCH-7640,2026-08-08,2026-05-15,Expiring in 0 days - flag for clearance
7641,4,4157,51,50,2026-06-07,BATCH-7641,2029-03-18,2026-06-07,
7642,10,696,49,53,2026-04-06,BATCH-7642,2026-09-13,2026-04-06,Expiring in 3 days - flag for clearance
7643,12,3108,117,41,2026-05-04,BATCH-7643,2028-03-11,2026-05-04,
7644,8,1561,111,41,2026-07-20,BATCH-7644,2030-01-01,2026-07-20,
7645,4,3936,58,51,2026-03-31,BATCH-7645,2026-12-20,2026-03-31,
7646,11,4260,116,54,2025-06-30,BATCH-7646,2026-01-22,2025-06-30,Expiring in 0 days - flag for clearance
7647,2,3728,52,55,2025-07-21,BATCH-7647,2027-09-28,2025-07-21,Below reorder level - reorder placed 2025-07-29
7648,5,3479,112,45,2025-07-18,BATCH-7648,2028-12-20,2025-07-18,
7649,12,1825,46,45,2026-07-12,BATCH-7649,2026-11-09,2026-07-12,
7650,5,3871,27,38,2026-04-22,BATCH-7650,2027-05-14,2026-04-22,Below reorder level - reorder placed 2026-05-01
7651,6,1880,21,55,2025-11-28,BATCH-7651,2026-07-25,2025-11-28,Expiring in 0 days - flag for clearance
7652,6,803,23,39,2025-09-13,BATCH-7652,2025-12-15,2025-09-13,Expiring in 0 days - flag for clearance; Below reorder level - reorder placed 2025-09-18
7653,11,372,20,37,2025-07-18,BATCH-7653,2028-08-18,2025-07-18,Below reorder level - reorder placed 2025-07-27
7654,11,400,107,26,2025-07-01,BATCH-7654,2027-01-19,2025-07-01,
7655,4,4802,99,27,2025-09-27,BATCH-7655,2028-08-30,2025-09-27,
7656,6,4037,69,30,2026-01-02,BATCH-7656,2026-10-02,2026-01-02,Expiring in 22 days - flag for clearance
7657,2,4096,76,33,2026-06-13,BATCH-7657,2026-05-07,2026-06-13,Expiring in 0 days - flag for clearance
7658,2,2319,38,32,2025-11-29,BATCH-7658,2029-08-27,2025-11-29,
7659,5,1792,52,18,2026-07-22,BATCH-7659,2029-06-11,2026-07-22,
7660,6,4363,116,15,2026-07-20,BATCH-7660,2026-06-09,2026-07-20,Expiring in 0 days - flag for clearance
7661,7,4257,19,37,2026-06-02,BATCH-7661,2027-09-16,2026-06-02,Below reorder level - reorder placed 2026-06-11
7662,2,485,8,15,2026-04-04,BATCH-7662,2028-11-05,2026-04-04,Below reorder level - reorder placed 2026-04-12
7663,11,1767,90,35,2026-01-05,BATCH-7663,2028-12-30,2026-01-05,
7664,4,4660,39,48,2025-11-25,BATCH-7664,2028-03-04,2025-11-25,
7665,7,336,61,53,2026-08-29,BATCH-7665,2027-01-07,2026-08-29,
7666,12,3248,87,36,2026-06-16,BATCH-7666,2027-07-15,2026-06-16,
7667,5,121,109,30,2026-06-29,BATCH-7667,2026-01-03,2026-06-29,Expiring in 0 days - flag for clearance
7668,3,1766,114,32,2025-06-05,BATCH-7668,2029-05-21,2025-06-05,
7669,9,1106,35,40,2025-06-30,BATCH-7669,2026-08-03,2025-06-30,Expiring in 0 days - flag for clearance; Below reorder level - reorder placed 2025-07-10
7670,9,2087,41,41,2026-08-06,BATCH-7670,2026-05-21,2026-08-06,Expiring in 0 days - flag for clearance
7671,1,2546,10,55,2026-07-10,BATCH-7671,2027-01-09,2026-07-10,
7672,8,86,97,44,2025-10-06,BATCH-7672,2027-08-02,2025-10-06,
7673,3,523,14,38,2026-03-12,BATCH-7673,2026-02-12,2026-03-12,Expiring in 0 days - flag for clearance; Below reorder level - reorder placed 2026-03-22
7674,6,807,19,59,2025-06-25,BATCH-7674,2028-12-11,2025-06-25,Below reorder level - reorder placed 2025-06-29
7675,6,4004,14,53,2025-09-01,BATCH-7675,2026-10-23,2025-09-01,Below reorder level - reorder placed 2025-09-14
7676,12,3507,50,55,2025-12-13,BATCH-7676,2029-11-20,2025-12-13,Below reorder level - reorder placed 2025-12-23
7677,6,4983,37,39,2026-02-06,BATCH-7677,2026-11-06,2026-02-06,
7678,9,1468,101,56,2026-04-03,BATCH-7678,2026-11-17,2026-04-03,
7679,1,1354,13,36,2025-11-22,BATCH-7679,2026-06-05,2025-11-22,Expiring in 0 days - flag for clearance; Below reorder level - reorder placed 2025-12-01
7680,2,4206,58,55,2025-08-31,BATCH-7680,2027-10-08,2025-08-31,
7681,5,3234,50,40,2025-09-21,BATCH-7681,2026-06-13,2025-09-21,Expiring in 0 days - flag for clearance
7682,7,1608,3,37,2025-11-05,BATCH-7682,2027-10-19,2025-11-05,Below reorder level - reorder placed 2025-11-15
7683,9,2144,56,40,2025-11-28,BATCH-7683,2026-11-15,2025-11-28,Expiring in 66 days - monitor
7684,6,1801,115,32,2026-04-14,BATCH-7684,2028-06-17,2026-04-14,
7685,7,2941,107,25,2026-04-11,BATCH-7685,2027-01-29,2026-04-11,
7686,8,549,59,50,2026-08-05,BATCH-7686,2028-07-26,2026-08-05,
7687,2,329,3,31,2026-01-09,BATCH-7687,2026-11-19,2026-01-09,Below reorder level - reorder placed 2026-01-12
7688,2,888,65,46,2026-07-03,BATCH-7688,2026-02-04,2026-07-03,Expiring in 0 days - flag for clearance
7689,7,4570,62,53,2026-06-30,BATCH-7689,2029-01-03,2026-06-30,
7690,1,867,64,37,2026-02-14,BATCH-7690,2029-10-28,2026-02-14,
7691,4,2078,38,57,2025-11-20,BATCH-7691,2027-06-13,2025-11-20,Below reorder level - reorder placed 2025-12-01
7692,8,1857,91,33,2026-03-05,BATCH-7692,2029-08-02,2026-03-05,
7693,10,2217,101,29,2026-05-26,BATCH-7693,2029-10-23,2026-05-26,
7694,12,4204,1,15,2026-02-26,BATCH-7694,2029-05-29,2026-02-26,Below reorder level - reorder placed 2026-03-03
7695,9,1945,7,17,2025-09-06,BATCH-7695,2026-10-15,2025-09-06,
7696,8,2963,17,31,2025-08-04,BATCH-7696,2027-04-10,2025-08-04,Below reorder level - reorder placed 2025-08-07
7697,4,1567,82,31,2025-07-06,BATCH-7697,2026-06-12,2025-07-06,Expiring in 0 days - flag for clearance
7698,11,2866,66,56,2026-04-16,BATCH-7698,2026-12-10,2026-04-16,
7699,9,70,112,43,2025-09-20,BATCH-7699,2029-07-01,2025-09-20,
7700,5,4588,119,53,2025-08-28,BATCH-7700,2029-10-31,2025-08-28,
7701,1,4994,46,18,2026-06-15,BATCH-7701,2027-07-08,2026-06-15,
7702,1,3127,106,19,2025-07-06,BATCH-7702,2028-04-01,2025-07-06,
7703,1,1890,72,56,2025-06-04,BATCH-7703,2029-06-02,2025-06-04,
7704,9,2379,28,44,2026-05-23,BATCH-7704,2026-12-21,2026-05-23,
7705,7,732,88,24,2025-12-27,BATCH-7705,2028-05-09,2025-12-27,
7706,5,4860,29,52,2026-04-18,BATCH-7706,2027-06-16,2026-04-18,
7707,12,4609,44,27,2026-05-04,BATCH-7707,2027-05-03,2026-05-04,
7708,5,1911,95,17,2025-07-09,BATCH-7708,2026-10-08,2025-07-09,Expiring in 28 days - flag for clearance
7709,7,3628,96,23,2026-07-01,BATCH-7709,2026-09-27,2026-07-01,Expiring in 17 days - flag for clearance
7710,9,3758,58,23,2025-09-30,BATCH-7710,2029-04-07,2025-09-30,
7711,12,4689,74,31,2025-09-16,BATCH-7711,2027-09-25,2025-09-16,
7712,12,2552,49,49,2025-11-22,BATCH-7712,2028-12-09,2025-11-22,
7713,8,321,58,49,2025-06-07,BATCH-7713,2029-05-27,2025-06-07,
7714,4,1442,54,19,2026-06-16,BATCH-7714,2029-01-22,2026-06-16,
7715,4,4903,56,22,2026-07-21,BATCH-7715,2025-12-17,2026-07-21,Expiring in 0 days - flag for clearance
7716,8,3905,37,46,2025-08-19,BATCH-7716,2028-12-07,2025-08-19,Below reorder level - reorder placed 2025-08-23
7717,4,4643,94,31,2026-01-19,BATCH-7717,2027-05-11,2026-01-19,
7718,8,781,2,52,2026-03-09,BATCH-7718,2026-01-03,2026-03-09,Expiring in 0 days - flag for clearance; Below reorder level - reorder placed 2026-03-14
7719,2,2440,11,24,2026-01-03,BATCH-7719,2026-03-12,2026-01-03,Expiring in 0 days - flag for clearance; Below reorder level - reorder placed 2026-01-12
7720,1,3041,26,52,2025-10-26,BATCH-7720,2028-05-04,2025-10-26,Below reorder level - reorder placed 2025-11-06
7721,7,919,76,53,2025-08-10,BATCH-7721,2029-07-22,2025-08-10,
7722,4,1794,71,33,2025-11-21,BATCH-7722,2028-07-11,2025-11-21,
7723,2,4488,20,49,2025-09-20,BATCH-7723,2027-10-18,2025-09-20,
7724,4,4198,9,33,2025-06-30,BATCH-7724,2027-06-13,2025-06-30,Below reorder level - reorder placed 2025-07-06
7725,9,251,16,27,2025-07-06,BATCH-7725,2028-04-19,2025-07-06,
7726,4,1182,12,51,2025-09-22,BATCH-7726,2027-01-04,2025-09-22,Below reorder level - reorder placed 2025-09-26
7727,1,1047,100,57,2025-09-23,BATCH-7727,2027-04-25,2025-09-23,
7728,7,696,6,31,2026-07-11,BATCH-7728,2026-09-13,2026-07-11,Expiring in 3 days - flag for clearance; Below reorder level - reorder placed 2026-07-18
7729,1,1794,5,49,2026-06-16,BATCH-7729,2028-07-11,2026-06-16,Below reorder level - reorder placed 2026-06-25
7730,5,1658,97,18,2025-12-29,BATCH-7730,2029-04-21,2025-12-29,
7731,1,716,105,39,2025-06-23,BATCH-7731,2026-03-28,2025-06-23,Expiring in 0 days - flag for clearance
7732,9,1452,50,39,2025-08-12,BATCH-7732,2026-06-12,2025-08-12,Expiring in 0 days - flag for clearance
7733,12,948,28,42,2025-06-15,BATCH-7733,2027-06-23,2025-06-15,
7734,9,430,97,45,2025-07-14,BATCH-7734,2029-05-30,2025-07-14,
7735,3,4584,36,40,2026-01-01,BATCH-7735,2027-06-23,2026-01-01,
7736,1,588,15,42,2026-02-04,BATCH-7736,2026-04-16,2026-02-04,Expiring in 0 days - flag for clearance; Below reorder level - reorder placed 2026-02-08
7737,7,974,23,30,2026-05-02,BATCH-7737,2028-04-02,2026-05-02,
7738,4,1567,28,43,2026-02-17,BATCH-7738,2026-06-12,2026-02-17,Expiring in 0 days - flag for clearance; Below reorder level - reorder placed 2026-02-27
7739,3,332,73,34,2025-08-04,BATCH-7739,2029-01-30,2025-08-04,
7740,5,112,86,24,2026-04-21,BATCH-7740,2027-09-01,2026-04-21,
7741,11,1431,70,50,2026-04-30,BATCH-7741,2028-05-02,2026-04-30,
7742,12,2643,85,19,2025-08-17,BATCH-7742,2028-02-17,2025-08-17,
7743,2,3783,112,23,2025-07-06,BATCH-7743,2027-11-13,2025-07-06,
7744,2,4809,80,36,2026-08-24,BATCH-7744,2026-05-14,2026-08-24,Expiring in 0 days - flag for clearance
7745,4,3061,35,41,2025-07-12,BATCH-7745,2028-01-24,2025-07-12,
7746,11,3471,71,35,2026-06-07,BATCH-7746,2026-05-07,2026-06-07,Expiring in 0 days - flag for clearance
7747,12,3731,112,43,2025-09-18,BATCH-7747,2027-08-17,2025-09-18,
7748,7,1252,4,19,2025-06-23,BATCH-7748,2026-11-03,2025-06-23,Below reorder level - reorder placed 2025-06-29
7749,5,308,108,29,2026-06-11,BATCH-7749,2026-09-11,2026-06-11,Expiring in 1 days - flag for clearance
7750,7,3641,77,19,2025-07-20,BATCH-7750,2026-09-19,2025-07-20,Expiring in 9 days - flag for clearance
7751,5,3136,101,25,2026-07-24,BATCH-7751,2029-11-18,2026-07-24,
7752,1,437,108,18,2026-06-09,BATCH-7752,2027-06-12,2026-06-09,
7753,1,192,96,27,2026-02-14,BATCH-7753,2029-04-14,2026-02-14,
7754,7,2600,11,23,2026-03-04,BATCH-7754,2027-07-13,2026-03-04,Below reorder level - reorder placed 2026-03-08
7755,12,583,63,38,2026-02-27,BATCH-7755,2027-02-09,2026-02-27,
7756,10,3483,70,29,2025-09-15,BATCH-7756,2026-11-27,2025-09-15,
7757,8,3235,77,59,2026-03-12,BATCH-7757,2029-08-25,2026-03-12,
7758,8,4639,44,56,2025-11-02,BATCH-7758,2026-05-21,2025-11-02,Expiring in 0 days - flag for clearance
7759,12,3242,19,49,2026-04-28,BATCH-7759,2028-04-25,2026-04-28,Below reorder level - reorder placed 2026-05-06
7760,7,2714,55,50,2025-08-13,BATCH-7760,2029-07-12,2025-08-13,
7761,4,236,105,57,2025-08-23,BATCH-7761,2029-06-23,2025-08-23,
7762,10,1508,104,53,2025-07-08,BATCH-7762,2028-04-13,2025-07-08,
7763,10,2928,18,58,2026-07-07,BATCH-7763,2028-01-03,2026-07-07,Below reorder level - reorder placed 2026-07-12
7764,5,2967,77,52,2025-07-04,BATCH-7764,2027-09-06,2025-07-04,
7765,2,853,93,48,2026-03-10,BATCH-7765,2027-12-09,2026-03-10,
7766,5,857,57,28,2025-12-02,BATCH-7766,2027-11-18,2025-12-02,
7767,2,4896,35,43,2026-05-16,BATCH-7767,2028-04-07,2026-05-16,Below reorder level - reorder placed 2026-05-19
7768,10,2029,53,25,2026-07-26,BATCH-7768,2027-03-05,2026-07-26,
7769,12,2807,89,36,2026-01-02,BATCH-7769,2027-08-31,2026-01-02,
7770,11,4531,49,20,2025-10-10,BATCH-7770,2028-03-26,2025-10-10,
7771,1,346,4,26,2026-06-06,BATCH-7771,2026-12-18,2026-06-06,Below reorder level - reorder placed 2026-06-17
7772,5,2079,60,54,2025-11-04,BATCH-7772,2028-04-03,2025-11-04,
7773,7,4244,47,46,2026-06-01,BATCH-7773,2028-01-14,2026-06-01,
7774,5,2521,48,32,2026-03-02,BATCH-7774,2027-07-17,2026-03-02,
7775,7,2015,82,23,2026-08-30,BATCH-7775,2028-01-24,2026-08-30,
7776,3,3678,31,31,2026-09-01,BATCH-7776,2028-07-23,2026-09-01,
7777,6,355,15,35,2025-06-26,BATCH-7777,2027-10-26,2025-06-26,Below reorder level - reorder placed 2025-07-01
7778,1,4099,89,56,2025-08-28,BATCH-7778,2026-11-08,2025-08-28,Expiring in 59 days - monitor
7779,3,2367,67,45,2026-05-18,BATCH-7779,2026-08-01,2026-05-18,Expiring in 0 days - flag for clearance
7780,9,1604,22,51,2025-11-11,BATCH-7780,2026-08-10,2025-11-11,Expiring in 0 days - flag for clearance; Below reorder level - reorder placed 2025-11-21
7781,3,747,89,38,2026-03-21,BATCH-7781,2030-01-17,2026-03-21,
7782,1,4143,17,27,2025-11-25,BATCH-7782,2028-01-28,2025-11-25,Below reorder level - reorder placed 2025-12-04
7783,2,1581,111,58,2026-05-11,BATCH-7783,2028-07-14,2026-05-11,
7784,2,3522,85,27,2026-01-17,BATCH-7784,2026-12-25,2026-01-17,
7785,5,115,64,38,2026-07-20,BATCH-7785,2026-12-24,2026-07-20,
7786,8,3108,47,47,2025-12-09,BATCH-7786,2028-03-11,2025-12-09,
7787,12,696,21,32,2025-11-16,BATCH-7787,2026-09-13,2025-11-16,Expiring in 3 days - flag for clearance; Below reorder level - reorder placed 2025-11-27
7788,5,409,12,38,2025-12-28,BATCH-7788,2027-08-10,2025-12-28,Below reorder level - reorder placed 2026-01-03
7789,8,4606,28,47,2026-02-19,BATCH-7789,2026-07-20,2026-02-19,Expiring in 0 days - flag for clearance
7790,7,4630,96,43,2026-04-23,BATCH-7790,2029-02-08,2026-04-23,
7791,6,2560,116,40,2026-01-02,BATCH-7791,2027-04-21,2026-01-02,
7792,8,885,17,19,2026-03-20,BATCH-7792,2028-03-11,2026-03-20,Below reorder level - reorder placed 2026-04-01
7793,6,1790,44,42,2026-04-27,BATCH-7793,2028-03-20,2026-04-27,
7794,1,4103,53,55,2026-08-18,BATCH-7794,2026-06-24,2026-08-18,Expiring in 0 days - flag for clearance
7795,3,122,40,59,2026-04-21,BATCH-7795,2029-02-04,2026-04-21,Below reorder level - reorder placed 2026-05-02
7796,6,2781,64,48,2026-06-22,BATCH-7796,2028-09-30,2026-06-22,
7797,11,2295,77,33,2025-09-16,BATCH-7797,2026-01-07,2025-09-16,Expiring in 0 days - flag for clearance
7798,10,1264,49,18,2026-05-29,BATCH-7798,2026-11-06,2026-05-29,
7799,2,4955,28,56,2025-08-11,BATCH-7799,2029-10-17,2025-08-11,
7800,5,1175,14,20,2025-06-02,BATCH-7800,2027-08-30,2025-06-02,Below reorder level - reorder placed 2025-06-10
7801,2,2091,73,40,2025-08-27,BATCH-7801,2026-11-12,2025-08-27,Expiring in 63 days - monitor
7802,1,4650,99,30,2026-02-01,BATCH-7802,2026-03-08,2026-02-01,Expiring in 0 days - flag for clearance
7803,6,596,29,17,2025-07-27,BATCH-7803,2029-05-19,2025-07-27,
7804,10,191,30,41,2026-08-21,BATCH-7804,2026-11-14,2026-08-21,Below reorder level - reorder placed 2026-08-29
7805,11,1655,31,35,2026-06-07,BATCH-7805,2028-03-05,2026-06-07,Below reorder level - reorder placed 2026-06-11
7806,2,4498,112,41,2025-07-17,BATCH-7806,2028-11-28,2025-07-17,
7807,3,566,50,39,2025-07-09,BATCH-7807,2026-10-24,2025-07-09,Expiring in 44 days - monitor
7808,12,1611,21,41,2026-04-10,BATCH-7808,2029-10-18,2026-04-10,Below reorder level - reorder placed 2026-04-23
7809,9,1219,54,20,2026-05-04,BATCH-7809,2029-01-25,2026-05-04,
7810,4,2078,82,52,2026-01-29,BATCH-7810,2027-06-13,2026-01-29,
7811,6,4826,48,40,2025-10-06,BATCH-7811,2028-08-07,2025-10-06,
7812,6,1609,26,56,2026-02-18,BATCH-7812,2026-02-16,2026-02-18,Expiring in 0 days - flag for clearance
7813,4,736,9,33,2026-08-15,BATCH-7813,2026-09-13,2026-08-15,Expiring in 3 days - flag for clearance
7814,4,3117,7,40,2025-09-02,BATCH-7814,2029-05-18,2025-09-02,Below reorder level - reorder placed 2025-09-08
7815,11,2123,35,32,2026-07-11,BATCH-7815,2026-12-23,2026-07-11,
7816,10,3504,12,54,2026-06-09,BATCH-7816,2027-06-17,2026-06-09,Below reorder level - reorder placed 2026-06-13
7817,4,1758,51,51,2026-03-31,BATCH-7817,2028-04-13,2026-03-31,
7818,6,3280,86,59,2026-01-04,BATCH-7818,2028-01-09,2026-01-04,
7819,12,4637,37,42,2025-07-09,BATCH-7819,2026-06-04,2025-07-09,Expiring in 0 days - flag for clearance; Below reorder level - reorder placed 2025-07-16
7820,7,3835,101,19,2025-06-02,BATCH-7820,2026-12-04,2025-06-02,
7821,1,2541,39,29,2025-07-02,BATCH-7821,2027-05-26,2025-07-02,
7822,8,4521,31,26,2026-06-28,BATCH-7822,2029-01-01,2026-06-28,
7823,3,2950,106,28,2026-07-24,BATCH-7823,2028-01-15,2026-07-24,
7824,10,3065,44,19,2025-10-28,BATCH-7824,2027-03-22,2025-10-28,
7825,4,4751,18,44,2025-11-21,BATCH-7825,2029-07-22,2025-11-21,
7826,6,2499,68,44,2025-10-17,BATCH-7826,2029-11-22,2025-10-17,
7827,12,2476,66,44,2025-08-24,BATCH-7827,2028-05-09,2025-08-24,
7828,2,3071,28,29,2026-01-07,BATCH-7828,2027-08-21,2026-01-07,Below reorder level - reorder placed 2026-01-19
7829,9,2087,9,58,2025-10-04,BATCH-7829,2026-05-21,2025-10-04,Expiring in 0 days - flag for clearance; Below reorder level - reorder placed 2025-10-09
7830,4,4219,12,18,2026-04-28,BATCH-7830,2027-06-24,2026-04-28,Below reorder level - reorder placed 2026-05-04
7831,12,55,48,23,2025-07-01,BATCH-7831,2028-07-26,2025-07-01,
7832,2,1542,71,22,2025-10-21,BATCH-7832,2027-03-16,2025-10-21,
7833,5,3775,19,39,2026-02-18,BATCH-7833,2027-07-18,2026-02-18,Below reorder level - reorder placed 2026-02-26
7834,5,854,102,31,2026-01-10,BATCH-7834,2026-12-12,2026-01-10,
7835,7,656,118,31,2026-02-05,BATCH-7835,2029-10-05,2026-02-05,
7836,5,2035,35,53,2026-01-04,BATCH-7836,2028-02-10,2026-01-04,Below reorder level - reorder placed 2026-01-17
7837,9,597,24,44,2025-09-16,BATCH-7837,2028-10-27,2025-09-16,Below reorder level - reorder placed 2025-09-25
7838,6,4608,17,38,2026-05-18,BATCH-7838,2029-06-11,2026-05-18,Below reorder level - reorder placed 2026-05-30
7839,5,2768,89,32,2026-06-29,BATCH-7839,2029-04-08,2026-06-29,
7840,3,879,66,48,2025-07-22,BATCH-7840,2026-10-07,2025-07-22,Expiring in 27 days - flag for clearance
7841,4,403,87,53,2025-07-15,BATCH-7841,2027-04-26,2025-07-15,
7842,6,527,33,32,2025-11-26,BATCH-7842,2028-07-09,2025-11-26,
7843,2,4233,58,24,2025-10-28,BATCH-7843,2027-12-11,2025-10-28,
7844,4,2129,77,26,2026-04-08,BATCH-7844,2026-10-20,2026-04-08,
7845,8,753,37,42,2026-06-01,BATCH-7845,2025-12-25,2026-06-01,Expiring in 0 days - flag for clearance
7846,4,1719,42,45,2026-05-04,BATCH-7846,2029-11-30,2026-05-04,Below reorder level - reorder placed 2026-05-10
7847,5,32,4,52,2025-11-12,BATCH-7847,2027-04-22,2025-11-12,
7848,10,4724,39,57,2026-02-28,BATCH-7848,2028-07-11,2026-02-28,
7849,5,3804,18,55,2026-04-03,BATCH-7849,2029-12-15,2026-04-03,Below reorder level - reorder placed 2026-04-06
7850,3,4708,89,17,2025-07-13,BATCH-7850,2027-04-27,2025-07-13,
7851,7,3559,1,42,2026-07-01,BATCH-7851,2026-10-08,2026-07-01,Expiring in 28 days - flag for clearance
7852,6,4355,50,54,2026-02-10,BATCH-7852,2026-10-17,2026-02-10,Below reorder level - reorder placed 2026-02-13
7853,1,1861,109,42,2025-06-22,BATCH-7853,2027-05-24,2025-06-22,
7854,5,2744,60,15,2025-06-04,BATCH-7854,2029-09-28,2025-06-04,
7855,1,2058,32,34,2025-12-03,BATCH-7855,2029-10-04,2025-12-03,Below reorder level - reorder placed 2025-12-08
7856,2,4724,79,56,2025-06-03,BATCH-7856,2028-07-11,2025-06-03,
7857,9,2466,82,23,2026-08-14,BATCH-7857,2029-03-25,2026-08-14,
7858,11,4397,77,20,2026-03-26,BATCH-7858,2028-03-16,2026-03-26,
7859,3,3027,4,17,2025-06-17,BATCH-7859,2026-10-16,2025-06-17,Below reorder level - reorder placed 2025-06-29
7860,8,4626,99,39,2025-06-06,BATCH-7860,2028-05-13,2025-06-06,
7861,10,373,118,48,2026-06-16,BATCH-7861,2028-08-01,2026-06-16,
7862,4,3532,81,46,2025-12-06,BATCH-7862,2029-03-28,2025-12-06,
7863,10,3686,88,21,2026-07-26,BATCH-7863,2028-01-11,2026-07-26,
7864,12,4681,0,38,2026-03-25,BATCH-7864,2027-09-19,2026-03-25,Below reorder level - reorder placed 2026-03-31
7865,2,3096,63,52,2026-02-12,BATCH-7865,2026-10-20,2026-02-12,
7866,6,1319,8,22,2026-06-13,BATCH-7866,2028-11-14,2026-06-13,
7867,8,3531,11,42,2026-06-28,BATCH-7867,2026-06-09,2026-06-28,Expiring in 0 days - flag for clearance; Below reorder level - reorder placed 2026-07-08
7868,10,4254,118,49,2025-09-10,BATCH-7868,2028-09-11,2025-09-10,
7869,4,3616,88,30,2025-10-06,BATCH-7869,2028-08-25,2025-10-06,
7870,3,1193,97,47,2026-03-11,BATCH-7870,2026-10-05,2026-03-11,Expiring in 25 days - flag for clearance
7871,9,2474,73,19,2026-08-26,BATCH-7871,2028-08-11,2026-08-26,
7872,9,4989,91,44,2025-09-03,BATCH-7872,2029-05-26,2025-09-03,
7873,9,3458,117,16,2026-06-02,BATCH-7873,2028-05-28,2026-06-02,
7874,4,4083,59,25,2026-08-03,BATCH-7874,2026-11-24,2026-08-03,Expiring in 75 days - monitor
7875,5,4387,21,41,2026-01-09,BATCH-7875,2026-11-14,2026-01-09,Expiring in 65 days - monitor
7876,7,3761,75,45,2026-07-18,BATCH-7876,2026-09-21,2026-07-18,Expiring in 11 days - flag for clearance
7877,11,3292,19,28,2026-01-19,BATCH-7877,2030-01-01,2026-01-19,
7878,4,4515,99,37,2025-07-17,BATCH-7878,2028-11-11,2025-07-17,
7879,5,2357,26,52,2025-08-27,BATCH-7879,2028-07-10,2025-08-27,Below reorder level - reorder placed 2025-09-02
7880,7,411,53,22,2026-02-27,BATCH-7880,2026-12-08,2026-02-27,
7881,2,35,10,22,2025-10-31,BATCH-7881,2026-04-14,2025-10-31,Expiring in 0 days - flag for clearance; Below reorder level - reorder placed 2025-11-12
7882,4,4204,44,52,2025-07-07,BATCH-7882,2029-05-29,2025-07-07,
7883,6,2269,9,24,2026-05-29,BATCH-7883,2026-11-30,2026-05-29,Below reorder level - reorder placed 2026-06-01
7884,8,3901,5,36,2026-02-19,BATCH-7884,2028-11-06,2026-02-19,
7885,8,3013,68,31,2026-08-01,BATCH-7885,2028-07-07,2026-08-01,
7886,3,823,113,27,2026-02-24,BATCH-7886,2029-04-10,2026-02-24,
7887,1,458,65,27,2026-01-05,BATCH-7887,2026-12-10,2026-01-05,
7888,10,1229,0,45,2026-02-22,BATCH-7888,2029-04-07,2026-02-22,Below reorder level - reorder placed 2026-02-27
7889,2,735,9,39,2026-05-18,BATCH-7889,2028-09-15,2026-05-18,
7890,9,4488,43,53,2026-05-16,BATCH-7890,2027-10-18,2026-05-16,Below reorder level - reorder placed 2026-05-26
7891,3,1530,21,55,2025-06-02,BATCH-7891,2026-11-01,2025-06-02,Below reorder level - reorder placed 2025-06-12
7892,6,2792,95,40,2025-10-16,BATCH-7892,2026-01-29,2025-10-16,Expiring in 0 days - flag for clearance
7893,1,846,5,30,2025-07-26,BATCH-7893,2026-10-06,2025-07-26,Expiring in 26 days - flag for clearance; Below reorder level - reorder placed 2025-07-30
7894,7,2600,16,49,2026-05-18,BATCH-7894,2027-07-13,2026-05-18,Below reorder level - reorder placed 2026-05-31
7895,5,2425,66,25,2025-07-18,BATCH-7895,2029-02-23,2025-07-18,
7896,7,1232,106,30,2026-02-01,BATCH-7896,2028-12-23,2026-02-01,
7897,6,709,95,39,2025-09-29,BATCH-7897,2028-03-19,2025-09-29,
7898,12,1493,34,51,2026-07-24,BATCH-7898,2028-04-14,2026-07-24,
7899,11,4438,77,37,2025-12-04,BATCH-7899,2027-02-11,2025-12-04,
7900,5,2775,95,34,2025-08-13,BATCH-7900,2026-08-15,2025-08-13,Expiring in 0 days - flag for clearance
7901,9,1016,83,54,2026-08-10,BATCH-7901,2026-08-10,2026-08-10,Expiring in 0 days - flag for clearance
7902,11,3784,23,35,2026-08-15,BATCH-7902,2026-09-27,2026-08-15,Expiring in 17 days - flag for clearance; Below reorder level - reorder placed 2026-08-24
7903,3,3729,88,41,2026-08-25,BATCH-7903,2029-05-07,2026-08-25,
7904,9,2142,53,50,2026-02-16,BATCH-7904,2029-10-07,2026-02-16,
7905,5,1749,114,47,2026-08-08,BATCH-7905,2028-02-07,2026-08-08,
7906,4,3640,91,15,2026-06-10,BATCH-7906,2026-03-18,2026-06-10,Expiring in 0 days - flag for clearance
7907,8,1229,2,37,2026-01-06,BATCH-7907,2029-04-07,2026-01-06,Below reorder level - reorder placed 2026-01-17
7908,6,2826,40,55,2025-07-07,BATCH-7908,2027-05-06,2025-07-07,
7909,2,250,27,35,2025-07-13,BATCH-7909,2029-07-14,2025-07-13,Below reorder level - reorder placed 2025-07-25
7910,2,2775,84,30,2025-11-05,BATCH-7910,2026-08-15,2025-11-05,Expiring in 0 days - flag for clearance
7911,4,2634,118,30,2025-09-20,BATCH-7911,2029-02-02,2025-09-20,
7912,4,1527,69,24,2025-06-24,BATCH-7912,2029-02-04,2025-06-24,
7913,2,1648,35,45,2025-12-26,BATCH-7913,2027-05-05,2025-12-26,Below reorder level - reorder placed 2026-01-05
7914,6,2322,72,58,2026-01-03,BATCH-7914,2026-04-27,2026-01-03,Expiring in 0 days - flag for clearance
7915,8,3105,61,46,2026-05-18,BATCH-7915,2026-09-30,2026-05-18,Expiring in 20 days - flag for clearance
7916,2,1837,113,36,2026-04-28,BATCH-7916,2026-04-05,2026-04-28,Expiring in 0 days - flag for clearance
7917,10,2982,22,59,2025-08-28,BATCH-7917,2029-04-28,2025-08-28,
7918,8,215,46,57,2026-03-07,BATCH-7918,2028-11-09,2026-03-07,Below reorder level - reorder placed 2026-03-19
7919,4,1349,94,34,2025-08-02,BATCH-7919,2026-03-31,2025-08-02,Expiring in 0 days - flag for clearance
7920,8,815,104,19,2026-02-24,BATCH-7920,2028-10-08,2026-02-24,
7921,1,798,87,36,2026-08-05,BATCH-7921,2029-01-02,2026-08-05,
7922,1,1837,16,47,2026-07-13,BATCH-7922,2026-04-05,2026-07-13,Expiring in 0 days - flag for clearance; Below reorder level - reorder placed 2026-07-17
7923,10,4639,89,41,2026-03-26,BATCH-7923,2026-05-21,2026-03-26,Expiring in 0 days - flag for clearance
7924,4,3954,40,15,2026-06-15,BATCH-7924,2028-10-19,2026-06-15,
7925,2,4055,97,59,2026-08-12,BATCH-7925,2029-09-25,2026-08-12,
7926,8,795,4,33,2025-09-12,BATCH-7926,2029-01-13,2025-09-12,Below reorder level - reorder placed 2025-09-25
7927,5,1964,61,31,2025-11-05,BATCH-7927,2028-08-13,2025-11-05,
7928,6,100,112,58,2025-08-28,BATCH-7928,2028-04-30,2025-08-28,
7929,9,4964,56,44,2026-07-14,BATCH-7929,2026-09-25,2026-07-14,Expiring in 15 days - flag for clearance
7930,7,4587,65,52,2026-08-07,BATCH-7930,2029-10-31,2026-08-07,
7931,11,1889,110,55,2026-07-03,BATCH-7931,2027-04-12,2026-07-03,
7932,1,3508,85,29,2025-07-11,BATCH-7932,2026-03-14,2025-07-11,Expiring in 0 days - flag for clearance
7933,1,1729,115,54,2026-06-20,BATCH-7933,2027-06-13,2026-06-20,
7934,4,1861,4,43,2025-07-30,BATCH-7934,2027-05-24,2025-07-30,
7935,1,1722,89,27,2026-04-28,BATCH-7935,2027-01-16,2026-04-28,
7936,5,4081,84,56,2025-06-22,BATCH-7936,2026-10-21,2025-06-22,
7937,11,2320,65,52,2025-07-31,BATCH-7937,2027-12-27,2025-07-31,
7938,11,3069,98,53,2026-05-19,BATCH-7938,2026-09-23,2026-05-19,Expiring in 13 days - flag for clearance
7939,1,4675,84,27,2025-08-14,BATCH-7939,2028-03-10,2025-08-14,
7940,6,4727,14,42,2026-07-11,BATCH-7940,2027-01-01,2026-07-11,Below reorder level - reorder placed 2026-07-17
7941,10,1535,77,57,2026-02-03,BATCH-7941,2028-10-07,2026-02-03,
7942,5,3907,25,40,2026-04-21,BATCH-7942,2026-03-02,2026-04-21,Expiring in 0 days - flag for clearance
7943,2,1596,7,19,2025-06-04,BATCH-7943,2027-01-04,2025-06-04,Below reorder level - reorder placed 2025-06-07
7944,12,4095,44,31,2025-12-21,BATCH-7944,2026-09-09,2025-12-21,Expiring in 0 days - flag for clearance
7945,12,224,61,25,2025-07-29,BATCH-7945,2027-01-09,2025-07-29,
7946,12,407,15,37,2026-03-27,BATCH-7946,2027-08-21,2026-03-27,Below reorder level - reorder placed 2026-04-03
7947,8,378,101,44,2025-12-09,BATCH-7947,2029-05-28,2025-12-09,
7948,6,4915,21,52,2025-12-31,BATCH-7948,2027-11-05,2025-12-31,Below reorder level - reorder placed 2026-01-13
7949,8,4166,48,21,2026-09-01,BATCH-7949,2027-08-19,2026-09-01,
7950,10,2758,55,20,2026-07-06,BATCH-7950,2027-06-19,2026-07-06,
7951,4,2291,22,40,2026-08-14,BATCH-7951,2029-11-08,2026-08-14,Below reorder level - reorder placed 2026-08-19
7952,12,3651,7,51,2025-06-07,BATCH-7952,2028-11-28,2025-06-07,Below reorder level - reorder placed 2025-06-20
7953,9,1906,70,19,2026-05-03,BATCH-7953,2028-04-27,2026-05-03,
7954,2,3977,91,34,2025-11-02,BATCH-7954,2028-06-19,2025-11-02,
7955,4,2881,25,18,2025-07-29,BATCH-7955,2026-05-30,2025-07-29,Expiring in 0 days - flag for clearance
7956,5,4562,21,48,2026-05-07,BATCH-7956,2028-02-06,2026-05-07,Below reorder level - reorder placed 2026-05-11
7957,12,2079,91,34,2025-06-19,BATCH-7957,2028-04-03,2025-06-19,
7958,9,2562,113,36,2026-02-05,BATCH-7958,2029-04-18,2026-02-05,
7959,2,2206,52,49,2025-08-04,BATCH-7959,2027-09-21,2025-08-04,
7960,8,2740,25,30,2025-10-25,BATCH-7960,2028-04-20,2025-10-25,
7961,4,4160,35,29,2026-08-18,BATCH-7961,2028-08-02,2026-08-18,
7962,8,1016,34,36,2026-02-04,BATCH-7962,2026-08-10,2026-02-04,Expiring in 0 days - flag for clearance; Below reorder level - reorder placed 2026-02-14
7963,8,4856,72,19,2025-11-30,BATCH-7963,2028-02-01,2025-11-30,
7964,9,1134,75,38,2025-07-13,BATCH-7964,2026-02-07,2025-07-13,Expiring in 0 days - flag for clearance
7965,12,19,76,32,2025-11-02,BATCH-7965,2027-07-15,2025-11-02,
7966,3,3548,81,25,2026-03-04,BATCH-7966,2029-07-28,2026-03-04,
7967,12,3202,98,15,2025-12-03,BATCH-7967,2026-10-19,2025-12-03,
7968,6,4367,117,30,2026-06-02,BATCH-7968,2026-09-29,2026-06-02,Expiring in 19 days - flag for clearance
7969,4,303,65,51,2026-05-19,BATCH-7969,2026-05-20,2026-05-19,Expiring in 0 days - flag for clearance
7970,3,2573,2,35,2026-08-07,BATCH-7970,2029-10-13,2026-08-07,
7971,6,1215,100,39,2026-03-28,BATCH-7971,2027-04-19,2026-03-28,
7972,2,694,101,24,2025-06-18,BATCH-7972,2028-03-19,2025-06-18,
7973,8,231,44,16,2025-12-10,BATCH-7973,2026-02-08,2025-12-10,Expiring in 0 days - flag for clearance
7974,4,4535,70,40,2025-09-29,BATCH-7974,2027-04-17,2025-09-29,
7975,10,742,35,22,2025-10-23,BATCH-7975,2026-05-04,2025-10-23,Expiring in 0 days - flag for clearance
7976,8,1006,25,24,2025-11-10,BATCH-7976,2029-05-03,2025-11-10,
7977,8,1375,85,20,2026-05-12,BATCH-7977,2028-11-28,2026-05-12,
7978,8,3729,81,58,2026-06-06,BATCH-7978,2029-05-07,2026-06-06,
7979,1,1286,107,25,2026-08-06,BATCH-7979,2027-03-06,2026-08-06,
7980,5,2679,35,27,2026-07-03,BATCH-7980,2029-09-18,2026-07-03,
7981,10,3832,89,33,2025-07-17,BATCH-7981,2028-03-24,2025-07-17,
7982,6,2670,55,43,2025-10-05,BATCH-7982,2030-01-20,2025-10-05,
7983,12,1419,62,30,2025-10-19,BATCH-7983,2026-04-20,2025-10-19,Expiring in 0 days - flag for clearance
7984,9,4171,6,18,2025-07-01,BATCH-7984,2029-08-16,2025-07-01,Below reorder level - reorder placed 2025-07-12
7985,9,1523,43,28,2025-06-09,BATCH-7985,2029-09-23,2025-06-09,
7986,5,4631,57,15,2026-07-18,BATCH-7986,2026-09-18,2026-07-18,Expiring in 8 days - flag for clearance
7987,3,4874,114,47,2026-01-13,BATCH-7987,2029-09-27,2026-01-13,
7988,9,2761,33,35,2025-09-21,BATCH-7988,2028-11-16,2025-09-21,Below reorder level - reorder placed 2025-10-03
7989,12,4053,25,37,2025-06-16,BATCH-7989,2029-07-02,2025-06-16,
7990,6,1865,45,17,2026-02-22,BATCH-7990,2027-01-06,2026-02-22,
7991,7,554,8,57,2026-08-04,BATCH-7991,2028-03-12,2026-08-04,Below reorder level - reorder placed 2026-08-12
7992,4,3225,39,24,2025-07-26,BATCH-7992,2029-05-18,2025-07-26,
7993,3,1949,34,30,2025-08-09,BATCH-7993,2026-09-26,2025-08-09,Expiring in 16 days - flag for clearance
7994,4,4945,44,42,2026-03-27,BATCH-7994,2029-10-26,2026-03-27,
7995,11,4100,36,40,2026-06-15,BATCH-7995,2029-02-19,2026-06-15,
7996,7,3117,12,32,2026-08-25,BATCH-7996,2029-05-18,2026-08-25,Below reorder level - reorder placed 2026-08-31
7997,7,1317,43,45,2026-01-23,BATCH-7997,2026-09-07,2026-01-23,Expiring in 0 days - flag for clearance
7998,12,2730,112,20,2025-07-05,BATCH-7998,2027-07-11,2025-07-05,
7999,7,328,42,23,2026-06-08,BATCH-7999,2026-01-16,2026-06-08,Expiring in 0 days - flag for clearance
8000,7,2551,9,35,2026-03-24,BATCH-8000,2027-05-12,2026-03-24,Below reorder level - reorder placed 2026-04-03
8001,8,2707,55,54,2025-11-08,BATCH-8001,2026-03-28,2025-11-08,Expiring in 0 days - flag for clearance
8002,10,4768,46,51,2026-03-07,BATCH-8002,2025-12-20,2026-03-07,Expiring in 0 days - flag for clearance; Below reorder level - reorder placed 2026-03-18
8003,12,4781,45,55,2026-03-23,BATCH-8003,2026-11-27,2026-03-23,Below reorder level - reorder placed 2026-04-05
8004,10,594,75,48,2025-10-30,BATCH-8004,2027-01-18,2025-10-30,
8005,10,4521,112,30,2025-07-13,BATCH-8005,2029-01-01,2025-07-13,
8006,12,3282,1,36,2025-11-16,BATCH-8006,2028-02-12,2025-11-16,
8007,7,4922,101,31,2026-07-10,BATCH-8007,2027-04-09,2026-07-10,
8008,10,4825,16,30,2025-08-18,BATCH-8008,2029-04-29,2025-08-18,Below reorder level - reorder placed 2025-08-23
8009,7,1979,102,42,2026-01-29,BATCH-8009,2026-12-01,2026-01-29,
8010,1,4218,69,56,2026-01-14,BATCH-8010,2028-03-22,2026-01-14,
8011,9,1486,111,32,2026-03-05,BATCH-8011,2026-11-02,2026-03-05,Expiring in 53 days - monitor
8012,8,4573,62,36,2026-01-15,BATCH-8012,2026-06-10,2026-01-15,Expiring in 0 days - flag for clearance
8013,12,1198,58,42,2025-07-08,BATCH-8013,2027-11-05,2025-07-08,
8014,7,2440,98,49,2026-05-21,BATCH-8014,2026-03-12,2026-05-21,Expiring in 0 days - flag for clearance
8015,7,4827,101,50,2025-10-26,BATCH-8015,2026-07-22,2025-10-26,Expiring in 0 days - flag for clearance
8016,1,2318,54,16,2026-04-02,BATCH-8016,2029-06-14,2026-04-02,
8017,2,3809,117,53,2025-07-27,BATCH-8017,2026-06-15,2025-07-27,Expiring in 0 days - flag for clearance
8018,6,3227,9,59,2026-02-20,BATCH-8018,2029-05-10,2026-02-20,Below reorder level - reorder placed 2026-03-02
8019,6,2264,14,37,2026-02-13,BATCH-8019,2026-11-04,2026-02-13,
8020,8,4741,50,52,2025-07-11,BATCH-8020,2028-08-06,2025-07-11,Below reorder level - reorder placed 2025-07-18
8021,7,3146,98,55,2026-01-27,BATCH-8021,2026-10-31,2026-01-27,
8022,12,2873,88,43,2026-06-08,BATCH-8022,2025-12-14,2026-06-08,Expiring in 0 days - flag for clearance
8023,3,1512,46,48,2026-06-22,BATCH-8023,2029-02-11,2026-06-22,Below reorder level - reorder placed 2026-06-29
8024,1,2267,118,49,2026-07-22,BATCH-8024,2027-07-22,2026-07-22,
8025,7,2522,90,15,2026-01-17,BATCH-8025,2027-04-12,2026-01-17,
8026,1,1324,17,30,2026-03-14,BATCH-8026,2028-10-05,2026-03-14,Below reorder level - reorder placed 2026-03-19
8027,10,897,107,47,2025-11-26,BATCH-8027,2027-06-09,2025-11-26,
8028,9,2852,4,40,2025-11-09,BATCH-8028,2028-04-15,2025-11-09,Below reorder level - reorder placed 2025-11-19
8029,12,4881,118,31,2025-12-06,BATCH-8029,2026-06-07,2025-12-06,Expiring in 0 days - flag for clearance
8030,5,1075,39,56,2026-07-21,BATCH-8030,2027-08-28,2026-07-21,Below reorder level - reorder placed 2026-07-29
8031,9,4836,20,57,2025-09-06,BATCH-8031,2029-12-19,2025-09-06,
8032,4,1440,48,59,2025-06-03,BATCH-8032,2027-03-16,2025-06-03,
8033,7,1280,28,20,2025-08-27,BATCH-8033,2029-10-10,2025-08-27,
8034,9,1423,74,26,2026-01-02,BATCH-8034,2027-04-26,2026-01-02,
8035,6,12,15,52,2025-08-19,BATCH-8035,2027-11-03,2025-08-19,Below reorder level - reorder placed 2025-08-24
8036,6,2176,85,38,2025-09-25,BATCH-8036,2027-03-31,2025-09-25,
8037,11,4118,43,24,2025-07-13,BATCH-8037,2029-12-28,2025-07-13,
8038,12,3269,97,55,2026-05-15,BATCH-8038,2026-05-12,2026-05-15,Expiring in 0 days - flag for clearance
8039,2,3111,105,50,2025-07-20,BATCH-8039,2026-09-16,2025-07-20,Expiring in 6 days - flag for clearance
8040,8,4769,70,15,2026-07-20,BATCH-8040,2028-01-26,2026-07-20,
8041,2,1068,20,47,2026-03-23,BATCH-8041,2026-12-09,2026-03-23,Below reorder level - reorder placed 2026-03-31
8042,5,4068,49,55,2025-12-27,BATCH-8042,2028-07-26,2025-12-27,
8043,12,2489,23,45,2025-10-02,BATCH-8043,2029-06-28,2025-10-02,Below reorder level - reorder placed 2025-10-12
8044,5,4637,84,41,2026-04-18,BATCH-8044,2026-06-04,2026-04-18,Expiring in 0 days - flag for clearance
8045,4,4757,114,50,2026-02-10,BATCH-8045,2027-01-23,2026-02-10,
8046,1,3442,117,34,2026-03-19,BATCH-8046,2026-12-28,2026-03-19,
8047,9,2237,35,41,2025-06-09,BATCH-8047,2026-06-02,2025-06-09,Expiring in 0 days - flag for clearance; Below reorder level - reorder placed 2025-06-22
8048,4,4236,85,53,2025-08-02,BATCH-8048,2029-12-26,2025-08-02,
8049,6,2139,49,40,2025-06-29,BATCH-8049,2026-10-24,2025-06-29,
8050,4,2252,2,52,2026-07-13,BATCH-8050,2027-05-12,2026-07-13,Below reorder level - reorder placed 2026-07-19
8051,9,3834,51,44,2026-07-02,BATCH-8051,2029-11-10,2026-07-02,
8052,2,830,100,26,2026-08-22,BATCH-8052,2028-03-13,2026-08-22,
8053,9,2024,74,45,2026-09-03,BATCH-8053,2026-10-25,2026-09-03,
8054,11,3416,103,43,2025-07-07,BATCH-8054,2029-05-04,2025-07-07,
8055,6,4954,107,26,2026-01-23,BATCH-8055,2026-03-21,2026-01-23,Expiring in 0 days - flag for clearance
8056,8,1020,33,38,2025-06-02,BATCH-8056,2027-03-25,2025-06-02,
8057,3,4697,89,36,2025-08-17,BATCH-8057,2028-02-14,2025-08-17,
8058,5,3359,22,16,2026-04-01,BATCH-8058,2026-11-17,2026-04-01,Expiring in 68 days - monitor
8059,11,84,103,50,2025-10-10,BATCH-8059,2027-06-19,2025-10-10,
8060,8,988,31,34,2025-11-13,BATCH-8060,2027-04-06,2025-11-13,Below reorder level - reorder placed 2025-11-21
8061,10,1301,83,31,2025-09-18,BATCH-8061,2026-12-28,2025-09-18,
8062,9,3348,8,24,2025-06-25,BATCH-8062,2026-11-20,2025-06-25,Below reorder level - reorder placed 2025-06-30
8063,9,3570,25,46,2025-08-14,BATCH-8063,2027-06-19,2025-08-14,Below reorder level - reorder placed 2025-08-27
8064,9,209,46,28,2026-02-05,BATCH-8064,2026-12-15,2026-02-05,
8065,3,1422,14,24,2026-03-08,BATCH-8065,2027-03-09,2026-03-08,
8066,1,4695,106,54,2026-07-16,BATCH-8066,2029-07-27,2026-07-16,
8067,2,2990,86,53,2025-11-16,BATCH-8067,2027-05-10,2025-11-16,
8068,12,4387,30,33,2026-02-13,BATCH-8068,2026-11-14,2026-02-13,Below reorder level - reorder placed 2026-02-16
8069,10,2934,27,20,2026-07-25,BATCH-8069,2026-03-25,2026-07-25,Expiring in 0 days - flag for clearance
8070,9,1145,51,50,2025-11-17,BATCH-8070,2029-06-30,2025-11-17,
8071,4,2932,8,51,2026-04-24,BATCH-8071,2028-10-24,2026-04-24,Below reorder level - reorder placed 2026-05-04
8072,4,488,115,53,2026-02-15,BATCH-8072,2026-11-11,2026-02-15,
8073,12,4218,4,24,2025-12-29,BATCH-8073,2028-03-22,2025-12-29,Below reorder level - reorder placed 2026-01-04
8074,12,4126,15,55,2025-08-24,BATCH-8074,2026-06-16,2025-08-24,Expiring in 0 days - flag for clearance
8075,11,719,57,36,2025-12-27,BATCH-8075,2028-10-06,2025-12-27,
8076,11,415,32,42,2025-07-04,BATCH-8076,2026-02-11,2025-07-04,Expiring in 0 days - flag for clearance; Below reorder level - reorder placed 2025-07-10
8077,5,4973,93,31,2025-06-17,BATCH-8077,2026-01-14,2025-06-17,Expiring in 0 days - flag for clearance
8078,7,3870,15,31,2025-12-19,BATCH-8078,2029-12-11,2025-12-19,
8079,7,370,73,56,2025-07-17,BATCH-8079,2028-08-06,2025-07-17,
8080,6,4378,21,24,2025-07-21,BATCH-8080,2029-08-12,2025-07-21,
8081,7,3033,91,49,2026-04-06,BATCH-8081,2027-08-25,2026-04-06,
8082,9,404,54,43,2026-01-02,BATCH-8082,2029-11-18,2026-01-02,
8083,7,2208,87,28,2025-06-06,BATCH-8083,2026-04-24,2025-06-06,Expiring in 0 days - flag for clearance
8084,4,3236,33,33,2025-11-05,BATCH-8084,2028-04-13,2025-11-05,
8085,3,3747,77,57,2026-07-17,BATCH-8085,2029-04-29,2026-07-17,
8086,10,2612,46,42,2025-10-06,BATCH-8086,2029-04-09,2025-10-06,
8087,12,2494,110,15,2025-07-10,BATCH-8087,2026-10-24,2025-07-10,
8088,6,387,70,57,2025-06-11,BATCH-8088,2029-09-16,2025-06-11,
8089,3,507,83,46,2026-01-20,BATCH-8089,2027-01-29,2026-01-20,
8090,2,604,75,37,2025-09-05,BATCH-8090,2026-10-19,2025-09-05,
8091,6,161,67,48,2025-11-28,BATCH-8091,2029-10-06,2025-11-28,
8092,4,2260,1,29,2026-01-17,BATCH-8092,2028-12-27,2026-01-17,Below reorder level - reorder placed 2026-01-29
8093,7,4415,119,31,2026-04-13,BATCH-8093,2027-12-12,2026-04-13,
8094,2,972,12,18,2025-06-07,BATCH-8094,2028-08-18,2025-06-07,Below reorder level - reorder placed 2025-06-16
8095,3,3365,11,49,2026-05-26,BATCH-8095,2029-08-09,2026-05-26,Below reorder level - reorder placed 2026-06-01
8096,10,2149,101,42,2026-02-17,BATCH-8096,2026-05-25,2026-02-17,Expiring in 0 days - flag for clearance
8097,5,2712,60,56,2026-08-09,BATCH-8097,2027-03-04,2026-08-09,
8098,8,1145,71,23,2026-04-06,BATCH-8098,2029-06-30,2026-04-06,
8099,5,3142,112,54,2025-06-02,BATCH-8099,2026-04-18,2025-06-02,Expiring in 0 days - flag for clearance
8100,9,4591,39,32,2025-10-14,BATCH-8100,2028-11-30,2025-10-14,
8101,8,791,65,43,2025-10-27,BATCH-8101,2027-09-11,2025-10-27,
8102,2,3448,84,27,2026-05-04,BATCH-8102,2027-11-23,2026-05-04,
8103,8,2699,76,57,2026-01-08,BATCH-8103,2027-02-04,2026-01-08,
8104,11,3227,5,59,2025-12-17,BATCH-8104,2029-05-10,2025-12-17,Below reorder level - reorder placed 2025-12-23
8105,4,2944,5,34,2025-07-03,BATCH-8105,2027-06-14,2025-07-03,Below reorder level - reorder placed 2025-07-06
8106,7,1570,21,33,2025-11-30,BATCH-8106,2029-07-05,2025-11-30,Below reorder level - reorder placed 2025-12-13
8107,7,4005,14,33,2026-01-27,BATCH-8107,2026-07-31,2026-01-27,Expiring in 0 days - flag for clearance; Below reorder level - reorder placed 2026-01-30
8108,2,4951,101,47,2026-08-16,BATCH-8108,2026-11-09,2026-08-16,
8109,1,1298,97,29,2026-03-01,BATCH-8109,2026-07-13,2026-03-01,Expiring in 0 days - flag for clearance
8110,2,279,20,48,2026-04-22,BATCH-8110,2026-09-26,2026-04-22,Expiring in 16 days - flag for clearance; Below reorder level - reorder placed 2026-04-27
8111,12,4178,88,50,2025-11-02,BATCH-8111,2027-06-17,2025-11-02,
8112,4,103,100,32,2026-06-19,BATCH-8112,2029-08-11,2026-06-19,
8113,10,3080,39,30,2025-11-02,BATCH-8113,2027-08-08,2025-11-02,
8114,7,4966,71,29,2026-04-24,BATCH-8114,2029-07-29,2026-04-24,
8115,3,1659,73,18,2026-07-27,BATCH-8115,2028-09-18,2026-07-27,
8116,3,2192,15,42,2025-10-08,BATCH-8116,2026-09-25,2025-10-08,Expiring in 15 days - flag for clearance
8117,6,4586,10,34,2026-03-19,BATCH-8117,2026-11-17,2026-03-19,Expiring in 68 days - monitor; Below reorder level - reorder placed 2026-03-26
8118,6,4887,57,19,2026-01-28,BATCH-8118,2026-09-05,2026-01-28,Expiring in 0 days - flag for clearance
8119,4,2185,4,52,2025-08-27,BATCH-8119,2029-01-10,2025-08-27,
8120,12,4746,83,24,2025-09-12,BATCH-8120,2029-02-17,2025-09-12,
8121,10,864,86,31,2026-04-15,BATCH-8121,2026-09-22,2026-04-15,Expiring in 12 days - flag for clearance
8122,5,587,115,29,2026-06-19,BATCH-8122,2027-05-11,2026-06-19,
8123,4,3275,29,24,2026-06-24,BATCH-8123,2026-10-03,2026-06-24,Expiring in 23 days - flag for clearance
8124,2,1671,56,26,2025-11-22,BATCH-8124,2026-02-03,2025-11-22,Expiring in 0 days - flag for clearance
8125,1,2890,28,52,2026-01-04,BATCH-8125,2026-10-14,2026-01-04,
8126,1,1052,53,15,2025-09-24,BATCH-8126,2026-05-08,2025-09-24,Expiring in 0 days - flag for clearance
8127,11,4719,64,50,2026-07-14,BATCH-8127,2026-12-29,2026-07-14,
8128,3,4127,25,55,2025-12-12,BATCH-8128,2029-03-29,2025-12-12,Below reorder level - reorder placed 2025-12-19
8129,4,3430,18,25,2025-08-06,BATCH-8129,2029-03-19,2025-08-06,
8130,10,638,38,18,2026-05-04,BATCH-8130,2029-01-01,2026-05-04,
8131,7,3796,116,32,2026-01-18,BATCH-8131,2028-08-23,2026-01-18,
8132,1,2753,3,35,2025-10-19,BATCH-8132,2029-02-24,2025-10-19,Below reorder level - reorder placed 2025-10-25
8133,2,1026,19,56,2025-08-24,BATCH-8133,2028-06-20,2025-08-24,Below reorder level - reorder placed 2025-08-30
8134,1,3494,40,15,2025-06-26,BATCH-8134,2028-09-04,2025-06-26,
8135,7,1172,62,27,2026-06-26,BATCH-8135,2027-06-28,2026-06-26,
8136,12,2487,34,59,2026-07-17,BATCH-8136,2027-02-21,2026-07-17,Below reorder level - reorder placed 2026-07-20
8137,2,4734,67,40,2025-12-18,BATCH-8137,2029-06-16,2025-12-18,
8138,3,420,118,32,2026-07-20,BATCH-8138,2026-11-26,2026-07-20,Expiring in 77 days - monitor
8139,6,1814,9,17,2025-06-27,BATCH-8139,2026-09-26,2025-06-27,Expiring in 16 days - flag for clearance; Below reorder level - reorder placed 2025-07-06
8140,10,1548,45,59,2026-01-17,BATCH-8140,2029-07-09,2026-01-17,Below reorder level - reorder placed 2026-01-27
8141,11,1693,45,36,2026-07-07,BATCH-8141,2029-06-22,2026-07-07,
8142,1,4997,38,20,2026-08-29,BATCH-8142,2028-08-04,2026-08-29,
8143,2,2074,56,15,2026-04-06,BATCH-8143,2026-09-01,2026-04-06,Expiring in 0 days - flag for clearance
8144,11,3716,33,34,2026-01-31,BATCH-8144,2029-02-28,2026-01-31,Below reorder level - reorder placed 2026-02-03
8145,10,4003,36,44,2025-08-26,BATCH-8145,2028-05-01,2025-08-26,Below reorder level - reorder placed 2025-08-30
8146,12,2886,30,23,2026-07-26,BATCH-8146,2026-02-10,2026-07-26,Expiring in 0 days - flag for clearance
8147,3,3280,32,29,2026-06-24,BATCH-8147,2028-01-09,2026-06-24,
8148,8,395,115,30,2026-08-12,BATCH-8148,2026-11-10,2026-08-12,Expiring in 61 days - monitor
8149,7,4038,74,27,2025-06-01,BATCH-8149,2029-09-15,2025-06-01,
8150,5,199,14,15,2026-02-04,BATCH-8150,2029-08-27,2026-02-04,Below reorder level - reorder placed 2026-02-15
8151,9,3580,75,56,2026-06-29,BATCH-8151,2029-12-15,2026-06-29,
8152,10,3309,72,18,2026-06-30,BATCH-8152,2027-05-18,2026-06-30,
8153,10,2294,70,33,2025-12-01,BATCH-8153,2029-06-19,2025-12-01,
8154,9,4774,83,23,2026-06-08,BATCH-8154,2025-12-14,2026-06-08,Expiring in 0 days - flag for clearance
8155,8,490,1,59,2025-11-02,BATCH-8155,2029-12-09,2025-11-02,
8156,7,118,31,43,2025-08-18,BATCH-8156,2028-08-15,2025-08-18,
8157,7,1307,53,31,2025-09-14,BATCH-8157,2029-08-19,2025-09-14,
8158,3,3091,90,49,2025-06-01,BATCH-8158,2028-06-29,2025-06-01,
8159,9,2553,33,31,2025-09-10,BATCH-8159,2026-10-22,2025-09-10,
8160,10,3007,102,23,2025-08-25,BATCH-8160,2026-11-11,2025-08-25,
8161,2,2200,25,40,2026-02-26,BATCH-8161,2027-02-03,2026-02-26,Below reorder level - reorder placed 2026-03-05
8162,12,568,3,38,2026-01-09,BATCH-8162,2028-06-13,2026-01-09,
8163,11,4158,13,27,2026-03-30,BATCH-8163,2027-02-23,2026-03-30,Below reorder level - reorder placed 2026-04-04
8164,9,2533,106,23,2026-03-05,BATCH-8164,2029-07-04,2026-03-05,
8165,7,3560,106,57,2026-02-28,BATCH-8165,2027-05-14,2026-02-28,
8166,3,511,110,24,2025-06-03,BATCH-8166,2027-04-09,2025-06-03,
8167,2,3972,71,54,2026-04-29,BATCH-8167,2029-03-03,2026-04-29,
8168,7,683,37,56,2025-10-27,BATCH-8168,2026-10-14,2025-10-27,Below reorder level - reorder placed 2025-11-04
8169,5,2655,104,29,2026-03-16,BATCH-8169,2028-01-14,2026-03-16,
8170,1,824,57,53,2025-06-11,BATCH-8170,2029-08-01,2025-06-11,
8171,8,2921,18,52,2026-03-14,BATCH-8171,2029-09-01,2026-03-14,Below reorder level - reorder placed 2026-03-26
8172,1,355,106,16,2026-02-04,BATCH-8172,2027-10-26,2026-02-04,
8173,10,3122,61,49,2026-05-13,BATCH-8173,2029-02-27,2026-05-13,
8174,6,604,99,40,2025-11-08,BATCH-8174,2026-10-19,2025-11-08,
8175,9,2330,99,27,2025-11-08,BATCH-8175,2026-12-10,2025-11-08,
8176,7,80,41,51,2025-06-24,BATCH-8176,2027-09-14,2025-06-24,Below reorder level - reorder placed 2025-06-28
8177,12,2688,25,19,2025-10-04,BATCH-8177,2028-03-07,2025-10-04,
8178,12,2544,86,49,2026-05-09,BATCH-8178,2026-04-07,2026-05-09,Expiring in 0 days - flag for clearance
8179,7,3244,82,45,2026-04-13,BATCH-8179,2029-08-05,2026-04-13,
8180,11,1121,85,37,2025-09-13,BATCH-8180,2029-07-05,2025-09-13,
8181,8,2100,1,39,2025-07-05,BATCH-8181,2026-01-15,2025-07-05,Expiring in 0 days - flag for clearance; Below reorder level - reorder placed 2025-07-08
8182,4,4353,16,49,2025-10-02,BATCH-8182,2028-09-24,2025-10-02,Below reorder level - reorder placed 2025-10-09
8183,7,4981,67,49,2026-08-22,BATCH-8183,2026-12-02,2026-08-22,Expiring in 83 days - monitor
8184,3,4964,97,52,2026-06-16,BATCH-8184,2026-09-25,2026-06-16,Expiring in 15 days - flag for clearance
8185,7,3907,30,44,2026-01-21,BATCH-8185,2026-03-02,2026-01-21,Expiring in 0 days - flag for clearance
8186,7,4417,1,26,2025-08-29,BATCH-8186,2026-12-08,2025-08-29,Below reorder level - reorder placed 2025-09-11
8187,1,2435,52,58,2026-04-30,BATCH-8187,2027-01-17,2026-04-30,
8188,12,3081,47,47,2026-03-03,BATCH-8188,2027-04-26,2026-03-03,
8189,12,1266,68,27,2025-09-21,BATCH-8189,2026-09-22,2025-09-21,Expiring in 12 days - flag for clearance
8190,2,4237,62,35,2025-06-23,BATCH-8190,2026-09-23,2025-06-23,Expiring in 13 days - flag for clearance
8191,5,2343,94,34,2026-07-24,BATCH-8191,2027-09-27,2026-07-24,
8192,11,3010,106,43,2026-06-24,BATCH-8192,2030-01-17,2026-06-24,
8193,3,2904,49,56,2026-01-13,BATCH-8193,2027-11-24,2026-01-13,Below reorder level - reorder placed 2026-01-16
8194,4,4144,95,43,2025-10-21,BATCH-8194,2029-11-09,2025-10-21,
8195,7,178,82,31,2026-04-13,BATCH-8195,2029-09-08,2026-04-13,
8196,2,3622,116,38,2026-02-11,BATCH-8196,2027-06-25,2026-02-11,
8197,10,1800,26,49,2026-06-30,BATCH-8197,2029-08-01,2026-06-30,Below reorder level - reorder placed 2026-07-13
8198,4,3725,82,47,2026-06-13,BATCH-8198,2028-04-13,2026-06-13,
8199,2,1978,80,23,2026-07-27,BATCH-8199,2027-02-17,2026-07-27,
8200,6,3913,80,35,2025-09-26,BATCH-8200,2026-12-29,2025-09-26,
8201,6,429,75,20,2026-02-06,BATCH-8201,2027-10-27,2026-02-06,
8202,3,3596,33,58,2025-10-16,BATCH-8202,2029-06-30,2025-10-16,
8203,9,3782,36,50,2026-01-22,BATCH-8203,2029-06-09,2026-01-22,Below reorder level - reorder placed 2026-01-26
8204,8,2724,95,44,2026-08-03,BATCH-8204,2026-08-13,2026-08-03,Expiring in 0 days - flag for clearance
8205,7,577,35,32,2026-07-01,BATCH-8205,2027-10-16,2026-07-01,
8206,5,682,79,24,2025-06-03,BATCH-8206,2026-10-28,2025-06-03,Expiring in 48 days - monitor
8207,1,3692,73,31,2025-09-19,BATCH-8207,2028-01-22,2025-09-19,
8208,7,1282,119,38,2025-06-24,BATCH-8208,2027-12-02,2025-06-24,
8209,12,1681,45,49,2026-05-13,BATCH-8209,2029-12-20,2026-05-13,Below reorder level - reorder placed 2026-05-20
8210,9,4001,79,34,2026-03-13,BATCH-8210,2026-11-11,2026-03-13,
8211,3,546,90,28,2025-12-14,BATCH-8211,2029-09-17,2025-12-14,
8212,2,2674,41,18,2025-09-19,BATCH-8212,2029-01-13,2025-09-19,
8213,6,32,101,59,2026-03-26,BATCH-8213,2027-04-22,2026-03-26,
8214,7,3223,99,29,2025-07-19,BATCH-8214,2029-01-06,2025-07-19,
8215,12,3215,69,49,2025-09-22,BATCH-8215,2027-02-27,2025-09-22,
8216,10,1982,85,56,2026-03-27,BATCH-8216,2028-02-13,2026-03-27,
8217,6,663,72,43,2026-05-12,BATCH-8217,2027-10-10,2026-05-12,
8218,2,1097,7,19,2025-10-04,BATCH-8218,2026-10-07,2025-10-04,Expiring in 27 days - flag for clearance; Below reorder level - reorder placed 2025-10-12
8219,2,1323,38,37,2026-02-02,BATCH-8219,2028-02-09,2026-02-02,
8220,8,1715,75,33,2026-02-14,BATCH-8220,2029-02-03,2026-02-14,
8221,7,3999,75,17,2026-08-08,BATCH-8221,2026-12-23,2026-08-08,
8222,9,572,63,36,2026-06-04,BATCH-8222,2026-05-20,2026-06-04,Expiring in 0 days - flag for clearance
8223,5,4716,48,29,2026-06-30,BATCH-8223,2026-03-18,2026-06-30,Expiring in 0 days - flag for clearance
8224,2,1851,82,22,2026-04-22,BATCH-8224,2028-07-29,2026-04-22,
8225,9,1411,76,30,2026-02-20,BATCH-8225,2028-04-06,2026-02-20,
8226,4,2916,43,58,2025-08-11,BATCH-8226,2029-11-20,2025-08-11,
8227,10,3807,90,52,2026-05-10,BATCH-8227,2027-08-30,2026-05-10,
8228,8,3473,25,44,2026-03-02,BATCH-8228,2027-09-07,2026-03-02,
8229,3,4801,26,17,2025-10-30,BATCH-8229,2028-08-18,2025-10-30,
8230,5,1036,70,39,2025-09-15,BATCH-8230,2029-01-08,2025-09-15,
8231,10,3872,73,29,2025-11-09,BATCH-8231,2027-12-11,2025-11-09,
8232,7,764,9,31,2025-12-30,BATCH-8232,2026-10-08,2025-12-30,Expiring in 28 days - flag for clearance; Below reorder level - reorder placed 2026-01-08
8233,7,3126,28,22,2025-12-22,BATCH-8233,2027-04-01,2025-12-22,
8234,12,1733,28,26,2025-11-01,BATCH-8234,2027-01-03,2025-11-01,
8235,7,4961,59,40,2026-02-06,BATCH-8235,2026-03-04,2026-02-06,Expiring in 0 days - flag for clearance
8236,10,669,25,28,2026-08-07,BATCH-8236,2028-12-12,2026-08-07,Below reorder level - reorder placed 2026-08-20
8237,8,1230,102,21,2026-07-28,BATCH-8237,2028-01-19,2026-07-28,
8238,12,1481,30,39,2025-09-26,BATCH-8238,2027-01-07,2025-09-26,Below reorder level - reorder placed 2025-10-09
8239,9,1126,47,44,2026-05-28,BATCH-8239,2029-07-04,2026-05-28,
8240,10,4979,79,32,2025-09-21,BATCH-8240,2026-11-20,2025-09-21,Expiring in 71 days - monitor
8241,10,1355,11,24,2025-08-12,BATCH-8241,2026-10-29,2025-08-12,Expiring in 49 days - monitor; Below reorder level - reorder placed 2025-08-17
8242,6,3754,95,44,2026-04-30,BATCH-8242,2028-08-03,2026-04-30,
8243,8,4241,61,54,2026-05-11,BATCH-8243,2027-10-13,2026-05-11,
8244,9,640,61,35,2026-03-09,BATCH-8244,2029-02-17,2026-03-09,
8245,1,4743,88,16,2025-10-12,BATCH-8245,2026-12-07,2025-10-12,Expiring in 88 days - monitor
8246,8,2980,73,49,2025-08-09,BATCH-8246,2026-10-12,2025-08-09,Expiring in 32 days - monitor
8247,7,2710,57,42,2026-06-06,BATCH-8247,2028-05-23,2026-06-06,
8248,9,766,48,31,2026-04-22,BATCH-8248,2026-10-26,2026-04-22,
8249,1,1209,71,48,2026-07-23,BATCH-8249,2028-10-11,2026-07-23,
8250,7,919,102,18,2026-07-03,BATCH-8250,2029-07-22,2026-07-03,
8251,5,3449,81,47,2025-09-21,BATCH-8251,2028-10-20,2025-09-21,
8252,7,2505,76,55,2026-06-08,BATCH-8252,2026-09-19,2026-06-08,Expiring in 9 days - flag for clearance
8253,6,4793,48,56,2026-01-10,BATCH-8253,2028-06-27,2026-01-10,Below reorder level - reorder placed 2026-01-23
8254,1,2773,70,38,2026-06-16,BATCH-8254,2028-07-08,2026-06-16,
8255,1,4214,73,45,2025-07-20,BATCH-8255,2027-12-28,2025-07-20,
8256,7,4048,23,23,2026-03-25,BATCH-8256,2028-04-13,2026-03-25,
8257,3,4749,83,48,2025-09-23,BATCH-8257,2027-06-20,2025-09-23,
8258,6,2486,105,55,2025-06-26,BATCH-8258,2029-01-03,2025-06-26,
8259,12,957,80,55,2026-03-26,BATCH-8259,2026-09-30,2026-03-26,Expiring in 20 days - flag for clearance
8260,7,1986,104,56,2026-04-21,BATCH-8260,2027-09-25,2026-04-21,
8261,4,2055,93,35,2026-08-18,BATCH-8261,2028-04-12,2026-08-18,
8262,5,731,54,19,2026-07-02,BATCH-8262,2027-03-22,2026-07-02,
8263,6,3902,14,24,2025-12-02,BATCH-8263,2027-06-07,2025-12-02,Below reorder level - reorder placed 2025-12-13
8264,8,3978,94,46,2025-09-03,BATCH-8264,2025-12-29,2025-09-03,Expiring in 0 days - flag for clearance
8265,8,3536,32,19,2026-07-12,BATCH-8265,2027-11-18,2026-07-12,
8266,3,2070,17,22,2025-11-17,BATCH-8266,2027-03-19,2025-11-17,Below reorder level - reorder placed 2025-11-21
8267,1,3332,109,19,2025-12-24,BATCH-8267,2026-05-02,2025-12-24,Expiring in 0 days - flag for clearance
8268,1,2542,58,16,2026-06-17,BATCH-8268,2026-10-22,2026-06-17,
8269,7,3639,48,50,2025-07-16,BATCH-8269,2029-01-19,2025-07-16,Below reorder level - reorder placed 2025-07-20
8270,11,2645,102,46,2026-08-22,BATCH-8270,2029-07-06,2026-08-22,
8271,1,745,117,36,2025-08-02,BATCH-8271,2028-09-28,2025-08-02,
8272,2,4983,14,27,2026-05-13,BATCH-8272,2026-11-06,2026-05-13,Below reorder level - reorder placed 2026-05-25
8273,4,737,60,20,2026-04-16,BATCH-8273,2026-11-30,2026-04-16,
8274,10,4789,74,46,2025-07-22,BATCH-8274,2026-11-25,2025-07-22,
8275,7,713,25,42,2026-02-20,BATCH-8275,2028-06-02,2026-02-20,Below reorder level - reorder placed 2026-02-24
8276,3,3553,79,59,2025-07-23,BATCH-8276,2028-08-31,2025-07-23,
8277,3,515,65,46,2025-10-08,BATCH-8277,2026-10-23,2025-10-08,
8278,4,4704,89,55,2025-07-18,BATCH-8278,2028-03-08,2025-07-18,
8279,11,4677,20,45,2026-03-21,BATCH-8279,2029-04-21,2026-03-21,Below reorder level - reorder placed 2026-03-27
8280,2,351,13,44,2025-11-07,BATCH-8280,2028-08-19,2025-11-07,Below reorder level - reorder placed 2025-11-19
8281,9,2685,7,36,2025-11-28,BATCH-8281,2026-12-11,2025-11-28,Below reorder level - reorder placed 2025-12-03
8282,2,2850,40,19,2026-01-06,BATCH-8282,2026-12-06,2026-01-06,
8283,12,1093,27,55,2025-08-01,BATCH-8283,2028-10-07,2025-08-01,
8284,3,3605,92,34,2026-06-12,BATCH-8284,2026-12-06,2026-06-12,
8285,12,3069,98,27,2026-03-03,BATCH-8285,2026-09-23,2026-03-03,Expiring in 13 days - flag for clearance
8286,3,4964,18,17,2025-11-01,BATCH-8286,2026-09-25,2025-11-01,Expiring in 15 days - flag for clearance
8287,4,1877,83,24,2026-04-29,BATCH-8287,2029-01-12,2026-04-29,
8288,7,2577,83,33,2026-05-31,BATCH-8288,2026-09-14,2026-05-31,Expiring in 4 days - flag for clearance
8289,3,1421,73,31,2025-07-08,BATCH-8289,2027-03-30,2025-07-08,
8290,10,2901,84,51,2025-12-08,BATCH-8290,2029-01-10,2025-12-08,
8291,9,1221,70,43,2025-06-19,BATCH-8291,2027-11-22,2025-06-19,
8292,2,3196,94,17,2026-04-02,BATCH-8292,2026-09-15,2026-04-02,Expiring in 5 days - flag for clearance
8293,10,125,108,52,2026-05-18,BATCH-8293,2026-05-29,2026-05-18,Expiring in 0 days - flag for clearance
8294,3,4902,89,29,2025-11-06,BATCH-8294,2028-11-19,2025-11-06,
8295,5,4923,36,51,2026-06-08,BATCH-8295,2026-11-08,2026-06-08,Below reorder level - reorder placed 2026-06-12
8296,4,1559,22,59,2025-07-23,BATCH-8296,2027-07-23,2025-07-23,
8297,2,4103,65,55,2025-12-07,BATCH-8297,2026-06-24,2025-12-07,Expiring in 0 days - flag for clearance
8298,10,3950,61,22,2026-05-25,BATCH-8298,2027-08-21,2026-05-25,
8299,10,1048,77,58,2026-04-07,BATCH-8299,2026-12-12,2026-04-07,
8300,10,1002,55,32,2026-05-02,BATCH-8300,2026-03-17,2026-05-02,Expiring in 0 days - flag for clearance
8301,7,696,52,43,2025-10-13,BATCH-8301,2026-09-13,2025-10-13,Expiring in 3 days - flag for clearance
8302,10,742,110,50,2025-06-13,BATCH-8302,2026-05-04,2025-06-13,Expiring in 0 days - flag for clearance
8303,6,3543,109,18,2025-10-07,BATCH-8303,2026-10-04,2025-10-07,Expiring in 24 days - flag for clearance
8304,10,3916,99,55,2025-08-26,BATCH-8304,2028-07-28,2025-08-26,
8305,2,2736,14,21,2026-06-17,BATCH-8305,2028-11-22,2026-06-17,Below reorder level - reorder placed 2026-06-29
8306,1,1399,97,56,2026-06-15,BATCH-8306,2029-12-02,2026-06-15,
8307,9,2323,117,51,2026-05-29,BATCH-8307,2027-11-22,2026-05-29,
8308,6,405,74,49,2026-03-15,BATCH-8308,2027-07-22,2026-03-15,
8309,11,3979,0,57,2026-04-15,BATCH-8309,2027-10-30,2026-04-15,Below reorder level - reorder placed 2026-04-18
8310,10,211,28,26,2026-04-29,BATCH-8310,2027-10-11,2026-04-29,
8311,7,4830,42,42,2025-12-15,BATCH-8311,2028-09-10,2025-12-15,
8312,9,4589,82,42,2026-01-11,BATCH-8312,2029-10-16,2026-01-11,
8313,5,2172,31,59,2025-07-25,BATCH-8313,2028-08-22,2025-07-25,Below reorder level - reorder placed 2025-08-06
8314,9,3846,56,33,2026-07-22,BATCH-8314,2028-04-16,2026-07-22,
8315,9,2261,1,57,2025-10-10,BATCH-8315,2029-06-05,2025-10-10,
8316,11,2755,41,25,2026-03-30,BATCH-8316,2029-08-17,2026-03-30,
8317,11,225,34,40,2026-05-11,BATCH-8317,2029-10-24,2026-05-11,Below reorder level - reorder placed 2026-05-15
8318,9,4559,45,51,2025-12-22,BATCH-8318,2026-02-11,2025-12-22,Expiring in 0 days - flag for clearance; Below reorder level - reorder placed 2026-01-03
8319,8,3667,38,53,2026-05-13,BATCH-8319,2029-04-08,2026-05-13,Below reorder level - reorder placed 2026-05-20
8320,2,1295,79,27,2025-10-10,BATCH-8320,2027-06-24,2025-10-10,
8321,3,4137,50,27,2025-11-20,BATCH-8321,2029-10-26,2025-11-20,
8322,5,82,44,51,2026-04-16,BATCH-8322,2026-10-24,2026-04-16,Expiring in 44 days - monitor; Below reorder level - reorder placed 2026-04-25
8323,7,4993,38,31,2025-11-06,BATCH-8323,2026-02-10,2025-11-06,Expiring in 0 days - flag for clearance
8324,10,1085,36,24,2025-11-17,BATCH-8324,2029-10-20,2025-11-17,
8325,4,1785,102,56,2026-05-28,BATCH-8325,2026-11-06,2026-05-28,Expiring in 57 days - monitor
8326,9,3770,87,26,2026-02-20,BATCH-8326,2029-03-22,2026-02-20,
8327,2,2432,118,53,2025-09-12,BATCH-8327,2028-04-29,2025-09-12,
8328,11,978,8,31,2026-04-09,BATCH-8328,2026-09-27,2026-04-09,Expiring in 17 days - flag for clearance; Below reorder level - reorder placed 2026-04-20
8329,7,4999,40,36,2026-01-30,BATCH-8329,2026-11-30,2026-01-30,Expiring in 81 days - monitor
8330,4,4673,119,31,2025-06-19,BATCH-8330,2028-09-08,2025-06-19,
8331,2,2750,108,42,2026-01-10,BATCH-8331,2029-02-15,2026-01-10,
8332,11,1516,119,20,2026-02-19,BATCH-8332,2027-01-08,2026-02-19,
8333,12,1692,49,39,2026-08-08,BATCH-8333,2029-11-24,2026-08-08,
8334,8,3699,48,19,2026-01-23,BATCH-8334,2028-02-29,2026-01-23,
8335,12,3432,9,48,2025-11-18,BATCH-8335,2026-04-27,2025-11-18,Expiring in 0 days - flag for clearance; Below reorder level - reorder placed 2025-11-28
8336,12,191,77,15,2026-04-11,BATCH-8336,2026-11-14,2026-04-11,
8337,4,2223,99,49,2025-12-04,BATCH-8337,2026-03-25,2025-12-04,Expiring in 0 days - flag for clearance
8338,2,4125,91,38,2026-06-14,BATCH-8338,2029-04-12,2026-06-14,
8339,2,41,12,46,2026-07-19,BATCH-8339,2029-05-04,2026-07-19,Below reorder level - reorder placed 2026-07-27
8340,6,4616,1,29,2026-08-12,BATCH-8340,2026-03-20,2026-08-12,Expiring in 0 days - flag for clearance
8341,4,2510,23,58,2025-09-08,BATCH-8341,2029-02-27,2025-09-08,Below reorder level - reorder placed 2025-09-13
8342,1,3020,65,20,2026-02-28,BATCH-8342,2028-06-07,2026-02-28,
8343,3,3076,7,36,2025-12-08,BATCH-8343,2028-03-30,2025-12-08,
8344,9,3322,66,37,2026-02-22,BATCH-8344,2027-02-25,2026-02-22,
8345,8,3063,109,40,2025-10-08,BATCH-8345,2028-11-06,2025-10-08,
8346,5,2888,113,26,2026-07-30,BATCH-8346,2028-06-09,2026-07-30,
8347,9,3176,2,15,2026-06-21,BATCH-8347,2029-12-04,2026-06-21,
8348,4,321,41,52,2025-12-12,BATCH-8348,2029-05-27,2025-12-12,Below reorder level - reorder placed 2025-12-17
8349,5,1101,106,38,2025-11-18,BATCH-8349,2029-10-20,2025-11-18,
8350,1,1064,37,41,2026-05-26,BATCH-8350,2027-12-28,2026-05-26,Below reorder level - reorder placed 2026-06-04
8351,4,2441,97,44,2025-12-03,BATCH-8351,2029-01-16,2025-12-03,
8352,7,3793,119,30,2026-05-26,BATCH-8352,2028-05-17,2026-05-26,
8353,4,1134,13,52,2026-03-08,BATCH-8353,2026-02-07,2026-03-08,Expiring in 0 days - flag for clearance; Below reorder level - reorder placed 2026-03-11
8354,10,3180,50,39,2025-10-17,BATCH-8354,2026-10-23,2025-10-17,
8355,2,261,56,58,2025-11-19,BATCH-8355,2026-12-08,2025-11-19,Below reorder level - reorder placed 2025-11-26
8356,5,1544,85,59,2025-10-20,BATCH-8356,2029-08-22,2025-10-20,
8357,11,4612,72,25,2025-06-21,BATCH-8357,2028-09-09,2025-06-21,
8358,12,1567,16,18,2026-08-28,BATCH-8358,2026-06-12,2026-08-28,Expiring in 0 days - flag for clearance; Below reorder level - reorder placed 2026-09-10
8359,12,748,18,51,2026-01-03,BATCH-8359,2027-10-07,2026-01-03,
8360,12,228,62,46,2025-06-18,BATCH-8360,2028-11-15,2025-06-18,
8361,6,4368,38,39,2026-06-04,BATCH-8361,2026-10-11,2026-06-04,Below reorder level - reorder placed 2026-06-15
8362,8,3963,34,26,2026-03-26,BATCH-8362,2026-05-27,2026-03-26,Expiring in 0 days - flag for clearance
8363,8,1820,29,16,2026-05-29,BATCH-8363,2026-12-07,2026-05-29,Expiring in 88 days - monitor
8364,9,3753,40,52,2025-06-15,BATCH-8364,2027-05-08,2025-06-15,Below reorder level - reorder placed 2025-06-26
8365,6,3916,91,21,2026-04-07,BATCH-8365,2028-07-28,2026-04-07,
8366,9,995,101,24,2026-02-14,BATCH-8366,2026-02-06,2026-02-14,Expiring in 0 days - flag for clearance
8367,12,4739,22,36,2025-11-12,BATCH-8367,2026-11-25,2025-11-12,
8368,3,4056,115,20,2025-08-05,BATCH-8368,2026-09-19,2025-08-05,Expiring in 9 days - flag for clearance
8369,11,2882,12,48,2026-03-18,BATCH-8369,2027-07-03,2026-03-18,Below reorder level - reorder placed 2026-03-24
8370,7,1569,61,43,2025-10-20,BATCH-8370,2029-05-16,2025-10-20,
8371,6,1618,112,15,2026-03-24,BATCH-8371,2026-12-13,2026-03-24,
8372,2,4191,86,36,2026-04-10,BATCH-8372,2026-10-04,2026-04-10,Expiring in 24 days - flag for clearance
8373,1,3566,114,29,2025-06-18,BATCH-8373,2029-05-18,2025-06-18,
8374,7,2590,80,22,2026-06-16,BATCH-8374,2026-01-22,2026-06-16,Expiring in 0 days - flag for clearance
8375,7,3661,106,56,2026-02-05,BATCH-8375,2030-01-19,2026-02-05,
8376,12,1483,61,42,2025-12-25,BATCH-8376,2026-03-08,2025-12-25,Expiring in 0 days - flag for clearance
8377,11,2275,9,25,2025-10-09,BATCH-8377,2029-09-10,2025-10-09,Below reorder level - reorder placed 2025-10-19
8378,9,4576,118,45,2026-07-23,BATCH-8378,2026-05-12,2026-07-23,Expiring in 0 days - flag for clearance
8379,7,760,65,54,2026-04-04,BATCH-8379,2027-08-15,2026-04-04,
8380,2,2089,119,45,2025-12-01,BATCH-8380,2028-10-18,2025-12-01,
8381,4,4075,67,24,2025-09-10,BATCH-8381,2026-02-11,2025-09-10,Expiring in 0 days - flag for clearance
8382,5,4055,106,48,2026-02-27,BATCH-8382,2029-09-25,2026-02-27,
8383,8,2467,105,25,2025-07-01,BATCH-8383,2027-11-29,2025-07-01,
8384,6,1279,42,25,2026-05-22,BATCH-8384,2026-11-13,2026-05-22,Expiring in 64 days - monitor
8385,6,2604,7,40,2025-09-08,BATCH-8385,2029-04-17,2025-09-08,Below reorder level - reorder placed 2025-09-20
8386,6,1947,94,39,2025-07-14,BATCH-8386,2027-01-05,2025-07-14,
8387,12,2694,70,22,2025-12-09,BATCH-8387,2027-05-30,2025-12-09,
8388,6,1997,88,43,2026-07-01,BATCH-8388,2026-07-21,2026-07-01,Expiring in 0 days - flag for clearance
8389,4,422,114,55,2025-10-15,BATCH-8389,2026-11-26,2025-10-15,
8390,9,2989,111,21,2026-01-06,BATCH-8390,2026-04-05,2026-01-06,Expiring in 0 days - flag for clearance
8391,9,4184,43,17,2026-01-21,BATCH-8391,2026-05-12,2026-01-21,Expiring in 0 days - flag for clearance
8392,6,2440,104,48,2026-05-29,BATCH-8392,2026-03-12,2026-05-29,Expiring in 0 days - flag for clearance
8393,9,3311,60,22,2026-05-30,BATCH-8393,2030-01-18,2026-05-30,
8394,11,2146,7,49,2026-05-31,BATCH-8394,2029-07-27,2026-05-31,Below reorder level - reorder placed 2026-06-12
8395,2,1917,59,43,2025-09-15,BATCH-8395,2027-04-14,2025-09-15,
8396,9,626,55,31,2026-05-10,BATCH-8396,2026-11-10,2026-05-10,
8397,10,1190,109,53,2026-06-21,BATCH-8397,2027-09-23,2026-06-21,
8398,8,2283,15,38,2026-08-16,BATCH-8398,2026-05-26,2026-08-16,Expiring in 0 days - flag for clearance; Below reorder level - reorder placed 2026-08-26
8399,9,1665,96,31,2026-03-01,BATCH-8399,2026-10-21,2026-03-01,
8400,3,2973,29,15,2025-09-09,BATCH-8400,2027-12-19,2025-09-09,
8401,10,1979,103,51,2026-06-03,BATCH-8401,2026-12-01,2026-06-03,Expiring in 82 days - monitor
8402,11,2235,20,16,2026-02-20,BATCH-8402,2029-05-14,2026-02-20,
8403,3,4437,88,15,2026-01-10,BATCH-8403,2029-05-15,2026-01-10,
8404,10,3467,27,19,2026-04-20,BATCH-8404,2027-01-30,2026-04-20,
8405,8,3685,5,33,2026-07-06,BATCH-8405,2029-01-04,2026-07-06,Below reorder level - reorder placed 2026-07-17
8406,5,3338,97,54,2026-07-29,BATCH-8406,2026-11-16,2026-07-29,Expiring in 67 days - monitor
8407,7,2213,47,18,2026-02-09,BATCH-8407,2026-11-04,2026-02-09,
8408,12,1408,48,43,2026-08-03,BATCH-8408,2028-11-02,2026-08-03,
8409,5,1339,101,37,2025-11-16,BATCH-8409,2028-03-31,2025-11-16,
8410,8,3073,75,28,2026-08-20,BATCH-8410,2028-09-07,2026-08-20,
8411,10,3881,7,32,2025-11-24,BATCH-8411,2028-02-29,2025-11-24,Below reorder level - reorder placed 2025-11-30
8412,10,1869,100,18,2025-11-26,BATCH-8412,2028-12-09,2025-11-26,
8413,10,505,92,30,2025-12-14,BATCH-8413,2027-06-28,2025-12-14,
8414,8,1056,34,30,2026-05-14,BATCH-8414,2027-01-06,2026-05-14,
8415,1,2698,106,49,2025-07-26,BATCH-8415,2026-11-10,2025-07-26,
8416,6,810,73,25,2026-02-08,BATCH-8416,2027-07-18,2026-02-08,
8417,4,976,71,30,2026-04-08,BATCH-8417,2026-03-19,2026-04-08,Expiring in 0 days - flag for clearance
8418,1,2599,31,47,2026-01-07,BATCH-8418,2029-10-29,2026-01-07,
8419,8,121,13,53,2026-06-18,BATCH-8419,2026-01-03,2026-06-18,Expiring in 0 days - flag for clearance; Below reorder level - reorder placed 2026-06-25
8420,5,3932,68,53,2025-12-12,BATCH-8420,2030-01-08,2025-12-12,
8421,1,2011,29,45,2026-08-01,BATCH-8421,2026-04-17,2026-08-01,Expiring in 0 days - flag for clearance
8422,2,3896,28,44,2025-11-26,BATCH-8422,2028-08-11,2025-11-26,Below reorder level - reorder placed 2025-12-03
8423,11,1313,44,19,2026-05-25,BATCH-8423,2027-04-27,2026-05-25,
8424,12,2546,118,24,2026-06-14,BATCH-8424,2027-01-09,2026-06-14,
8425,7,2370,52,23,2025-12-27,BATCH-8425,2029-05-21,2025-12-27,
8426,10,4266,92,54,2025-11-12,BATCH-8426,2026-08-10,2025-11-12,Expiring in 0 days - flag for clearance
8427,11,346,77,30,2025-06-06,BATCH-8427,2026-12-18,2025-06-06,
8428,9,3140,87,34,2026-05-02,BATCH-8428,2026-04-15,2026-05-02,Expiring in 0 days - flag for clearance
8429,6,549,107,27,2025-08-22,BATCH-8429,2028-07-26,2025-08-22,
8430,10,3970,77,34,2026-04-30,BATCH-8430,2028-10-23,2026-04-30,
8431,4,243,32,30,2025-12-03,BATCH-8431,2026-09-21,2025-12-03,Expiring in 11 days - flag for clearance
8432,3,1767,71,32,2025-06-12,BATCH-8432,2028-12-30,2025-06-12,
8433,1,4770,110,50,2025-09-05,BATCH-8433,2027-06-13,2025-09-05,
8434,4,4644,56,54,2025-07-18,BATCH-8434,2029-12-26,2025-07-18,
8435,3,2115,104,51,2026-01-23,BATCH-8435,2027-10-12,2026-01-23,
8436,3,926,39,21,2025-12-16,BATCH-8436,2029-06-25,2025-12-16,
8437,2,3698,26,17,2026-07-24,BATCH-8437,2027-02-15,2026-07-24,
8438,10,2482,27,39,2025-11-03,BATCH-8438,2026-05-04,2025-11-03,Expiring in 0 days - flag for clearance
8439,2,3487,64,36,2026-01-01,BATCH-8439,2026-02-04,2026-01-01,Expiring in 0 days - flag for clearance
8440,3,870,59,59,2026-07-11,BATCH-8440,2030-01-20,2026-07-11,
8441,7,955,13,16,2025-08-08,BATCH-8441,2028-03-11,2025-08-08,
8442,11,4069,55,25,2026-08-27,BATCH-8442,2026-06-21,2026-08-27,Expiring in 0 days - flag for clearance
8443,3,2371,59,31,2025-08-02,BATCH-8443,2028-04-30,2025-08-02,
8444,1,3077,8,47,2025-11-21,BATCH-8444,2026-11-08,2025-11-21,Expiring in 59 days - monitor; Below reorder level - reorder placed 2025-12-04
8445,5,3739,38,27,2025-12-05,BATCH-8445,2027-07-26,2025-12-05,
8446,8,3740,4,21,2026-01-24,BATCH-8446,2027-09-19,2026-01-24,Below reorder level - reorder placed 2026-01-29
8447,8,877,71,28,2026-05-30,BATCH-8447,2028-05-26,2026-05-30,
8448,5,1476,53,19,2026-04-21,BATCH-8448,2026-10-08,2026-04-21,Expiring in 28 days - flag for clearance
8449,8,4801,82,57,2025-11-16,BATCH-8449,2028-08-18,2025-11-16,
8450,4,4487,70,20,2025-11-21,BATCH-8450,2028-02-07,2025-11-21,
8451,3,1261,100,47,2026-07-31,BATCH-8451,2028-10-18,2026-07-31,
8452,2,2024,111,15,2025-09-12,BATCH-8452,2026-10-25,2025-09-12,
8453,6,3964,89,59,2026-03-09,BATCH-8453,2028-12-17,2026-03-09,
8454,8,405,46,53,2025-09-03,BATCH-8454,2027-07-22,2025-09-03,
8455,8,4826,56,59,2025-12-20,BATCH-8455,2028-08-07,2025-12-20,Below reorder level - reorder placed 2025-12-25
8456,6,2611,58,53,2026-02-06,BATCH-8456,2027-01-06,2026-02-06,
8457,11,1451,6,24,2026-02-11,BATCH-8457,2029-09-02,2026-02-11,Below reorder level - reorder placed 2026-02-20
8458,7,4220,74,29,2026-06-18,BATCH-8458,2029-03-14,2026-06-18,
8459,12,4381,35,28,2025-06-07,BATCH-8459,2027-06-18,2025-06-07,
8460,2,2714,54,19,2026-02-07,BATCH-8460,2029-07-12,2026-02-07,
8461,5,2612,93,15,2025-08-29,BATCH-8461,2029-04-09,2025-08-29,
8462,4,4419,42,52,2026-02-14,BATCH-8462,2027-06-20,2026-02-14,
8463,11,2682,87,29,2026-04-18,BATCH-8463,2026-12-06,2026-04-18,
8464,2,3612,9,19,2026-01-08,BATCH-8464,2027-04-04,2026-01-08,Below reorder level - reorder placed 2026-01-21
8465,8,2790,22,58,2025-12-31,BATCH-8465,2028-08-09,2025-12-31,
8466,7,4892,40,41,2026-06-06,BATCH-8466,2028-08-10,2026-06-06,Below reorder level - reorder placed 2026-06-10
8467,5,733,40,38,2026-05-25,BATCH-8467,2029-04-25,2026-05-25,
8468,10,4219,119,59,2026-01-12,BATCH-8468,2027-06-24,2026-01-12,
8469,5,2176,99,59,2025-06-27,BATCH-8469,2027-03-31,2025-06-27,
8470,7,3467,23,28,2026-06-16,BATCH-8470,2027-01-30,2026-06-16,
8471,9,2575,88,50,2026-05-31,BATCH-8471,2026-05-09,2026-05-31,Expiring in 0 days - flag for clearance
8472,5,2143,112,21,2026-02-06,BATCH-8472,2028-10-31,2026-02-06,
8473,5,1647,46,46,2026-01-27,BATCH-8473,2027-01-24,2026-01-27,
8474,1,1229,0,53,2025-10-11,BATCH-8474,2029-04-07,2025-10-11,
8475,1,554,84,44,2026-05-04,BATCH-8475,2028-03-12,2026-05-04,
8476,4,1763,4,26,2026-04-15,BATCH-8476,2027-03-08,2026-04-15,Below reorder level - reorder placed 2026-04-19
8477,5,3895,65,57,2026-01-14,BATCH-8477,2029-09-15,2026-01-14,
8478,2,3524,93,35,2026-02-01,BATCH-8478,2026-12-16,2026-02-01,
8479,5,627,8,38,2025-09-20,BATCH-8479,2028-06-21,2025-09-20,Below reorder level - reorder placed 2025-09-24
8480,1,1300,100,21,2026-03-05,BATCH-8480,2028-03-03,2026-03-05,
8481,12,2077,99,26,2026-03-24,BATCH-8481,2027-07-13,2026-03-24,
8482,4,3456,84,48,2025-07-24,BATCH-8482,2026-04-20,2025-07-24,Expiring in 0 days - flag for clearance
8483,3,673,33,35,2025-10-28,BATCH-8483,2029-11-29,2025-10-28,
8484,8,4302,51,18,2026-01-18,BATCH-8484,2027-01-18,2026-01-18,
8485,4,2444,87,40,2026-08-19,BATCH-8485,2026-01-22,2026-08-19,Expiring in 0 days - flag for clearance
8486,8,4267,96,34,2026-05-21,BATCH-8486,2029-08-15,2026-05-21,
8487,2,1632,0,27,2026-06-21,BATCH-8487,2027-03-14,2026-06-21,Below reorder level - reorder placed 2026-06-24
8488,1,4820,7,57,2026-01-30,BATCH-8488,2029-04-20,2026-01-30,
8489,1,171,40,43,2025-09-02,BATCH-8489,2029-01-21,2025-09-02,Below reorder level - reorder placed 2025-09-05
8490,4,1162,11,43,2026-02-25,BATCH-8490,2026-12-26,2026-02-25,Below reorder level - reorder placed 2026-03-02
8491,4,1413,1,28,2025-06-14,BATCH-8491,2026-11-08,2025-06-14,
8492,7,4747,102,19,2025-08-04,BATCH-8492,2027-05-04,2025-08-04,
8493,2,496,72,56,2026-01-16,BATCH-8493,2029-01-24,2026-01-16,
8494,12,2579,41,50,2025-12-06,BATCH-8494,2029-07-30,2025-12-06,Below reorder level - reorder placed 2025-12-17
8495,2,1902,97,41,2025-11-07,BATCH-8495,2026-06-23,2025-11-07,Expiring in 0 days - flag for clearance
8496,2,1125,69,24,2026-04-21,BATCH-8496,2028-11-09,2026-04-21,
8497,1,1579,0,51,2025-07-07,BATCH-8497,2028-05-01,2025-07-07,Below reorder level - reorder placed 2025-07-19
8498,3,1276,86,55,2026-05-03,BATCH-8498,2026-01-26,2026-05-03,Expiring in 0 days - flag for clearance
8499,5,2330,98,58,2026-06-19,BATCH-8499,2026-12-10,2026-06-19,
8500,2,620,35,47,2025-11-08,BATCH-8500,2029-10-05,2025-11-08,Below reorder level - reorder placed 2025-11-14
8501,3,3266,37,42,2025-10-06,BATCH-8501,2028-09-04,2025-10-06,Below reorder level - reorder placed 2025-10-10
8502,7,1952,16,41,2026-02-18,BATCH-8502,2026-08-14,2026-02-18,Expiring in 0 days - flag for clearance; Below reorder level - reorder placed 2026-02-28
8503,7,501,58,27,2026-03-14,BATCH-8503,2026-09-08,2026-03-14,Expiring in 0 days - flag for clearance
8504,7,2003,117,53,2026-07-22,BATCH-8504,2027-01-11,2026-07-22,
8505,12,4413,88,39,2026-07-30,BATCH-8505,2026-06-06,2026-07-30,Expiring in 0 days - flag for clearance
8506,11,634,2,29,2026-01-23,BATCH-8506,2028-04-12,2026-01-23,Below reorder level - reorder placed 2026-01-30
8507,1,1127,86,28,2025-06-14,BATCH-8507,2026-06-07,2025-06-14,Expiring in 0 days - flag for clearance
8508,11,1789,80,28,2025-12-26,BATCH-8508,2029-10-15,2025-12-26,
8509,7,2800,15,23,2026-03-28,BATCH-8509,2028-06-30,2026-03-28,Below reorder level - reorder placed 2026-04-08
8510,4,4273,94,56,2026-01-02,BATCH-8510,2026-06-16,2026-01-02,Expiring in 0 days - flag for clearance
8511,7,3421,69,16,2025-10-17,BATCH-8511,2028-07-05,2025-10-17,
8512,4,202,82,44,2025-11-08,BATCH-8512,2028-06-06,2025-11-08,
8513,12,3723,81,31,2025-11-11,BATCH-8513,2027-08-29,2025-11-11,
8514,6,581,33,55,2025-08-12,BATCH-8514,2027-08-17,2025-08-12,Below reorder level - reorder placed 2025-08-25
8515,5,3891,33,22,2026-01-07,BATCH-8515,2026-09-06,2026-01-07,Expiring in 0 days - flag for clearance
8516,3,2522,101,51,2026-01-29,BATCH-8516,2027-04-12,2026-01-29,
8517,1,4192,39,51,2026-03-30,BATCH-8517,2026-06-18,2026-03-30,Expiring in 0 days - flag for clearance; Below reorder level - reorder placed 2026-04-02
8518,5,3455,34,38,2026-03-26,BATCH-8518,2026-10-04,2026-03-26,Expiring in 24 days - flag for clearance; Below reorder level - reorder placed 2026-04-01
8519,1,732,105,42,2026-03-15,BATCH-8519,2028-05-09,2026-03-15,
8520,4,4046,67,38,2025-08-24,BATCH-8520,2029-10-11,2025-08-24,
8521,3,902,104,26,2026-04-10,BATCH-8521,2029-06-13,2026-04-10,
8522,3,1649,24,43,2026-08-08,BATCH-8522,2026-11-01,2026-08-08,Expiring in 52 days - monitor
8523,11,344,85,18,2025-11-25,BATCH-8523,2029-12-18,2025-11-25,
8524,4,1319,16,53,2026-05-19,BATCH-8524,2028-11-14,2026-05-19,
8525,9,3771,90,19,2025-12-13,BATCH-8525,2027-08-27,2025-12-13,
8526,3,3247,107,56,2026-03-14,BATCH-8526,2027-01-18,2026-03-14,
8527,11,3525,12,59,2025-09-30,BATCH-8527,2027-12-03,2025-09-30,Below reorder level - reorder placed 2025-10-07
8528,7,4672,10,23,2026-06-22,BATCH-8528,2028-12-15,2026-06-22,
8529,12,1005,26,55,2026-02-12,BATCH-8529,2029-09-27,2026-02-12,
8530,7,135,49,39,2026-01-19,BATCH-8530,2029-10-07,2026-01-19,
8531,11,1089,53,21,2026-05-30,BATCH-8531,2026-10-17,2026-05-30,Expiring in 37 days - monitor
8532,7,4442,80,46,2025-10-20,BATCH-8532,2028-02-14,2025-10-20,
8533,3,4043,110,59,2026-04-14,BATCH-8533,2026-12-15,2026-04-14,
8534,4,1583,84,49,2025-10-09,BATCH-8534,2026-06-24,2025-10-09,Expiring in 0 days - flag for clearance
8535,11,1243,94,36,2026-04-30,BATCH-8535,2026-05-07,2026-04-30,Expiring in 0 days - flag for clearance
8536,10,3360,11,19,2025-12-07,BATCH-8536,2026-02-27,2025-12-07,Expiring in 0 days - flag for clearance; Below reorder level - reorder placed 2025-12-20
8537,9,2253,94,41,2025-07-07,BATCH-8537,2026-01-13,2025-07-07,Expiring in 0 days - flag for clearance
8538,3,2701,98,16,2025-10-31,BATCH-8538,2026-02-03,2025-10-31,Expiring in 0 days - flag for clearance
8539,6,394,16,53,2025-10-07,BATCH-8539,2026-06-05,2025-10-07,Expiring in 0 days - flag for clearance
8540,9,978,26,51,2026-06-19,BATCH-8540,2026-09-27,2026-06-19,Expiring in 17 days - flag for clearance
8541,10,4160,52,34,2026-03-25,BATCH-8541,2028-08-02,2026-03-25,
8542,3,2294,70,43,2025-12-24,BATCH-8542,2029-06-19,2025-12-24,
8543,10,3867,31,41,2026-08-12,BATCH-8543,2026-05-09,2026-08-12,Expiring in 0 days - flag for clearance; Below reorder level - reorder placed 2026-08-21
8544,9,3810,46,29,2025-06-30,BATCH-8544,2027-09-14,2025-06-30,
8545,12,3235,5,35,2026-08-24,BATCH-8545,2029-08-25,2026-08-24,
8546,9,103,96,16,2025-10-10,BATCH-8546,2029-08-11,2025-10-10,
8547,5,3586,41,54,2025-10-07,BATCH-8547,2027-07-08,2025-10-07,Below reorder level - reorder placed 2025-10-14
8548,12,1375,112,58,2025-11-15,BATCH-8548,2028-11-28,2025-11-15,
8549,3,4631,99,55,2026-06-29,BATCH-8549,2026-09-18,2026-06-29,Expiring in 8 days - flag for clearance
8550,2,3559,53,16,2026-03-13,BATCH-8550,2026-10-08,2026-03-13,Expiring in 28 days - flag for clearance
8551,2,4355,117,32,2026-06-27,BATCH-8551,2026-10-17,2026-06-27,
8552,5,3886,64,19,2025-08-08,BATCH-8552,2028-11-06,2025-08-08,
8553,11,283,17,36,2025-09-20,BATCH-8553,2028-01-02,2025-09-20,
8554,3,1800,68,34,2026-05-01,BATCH-8554,2029-08-01,2026-05-01,
8555,7,1519,63,59,2025-11-18,BATCH-8555,2026-07-16,2025-11-18,Expiring in 0 days - flag for clearance
8556,1,1868,28,37,2026-03-26,BATCH-8556,2029-03-10,2026-03-26,
8557,6,2865,76,58,2025-10-11,BATCH-8557,2026-11-16,2025-10-11,
8558,5,4769,31,53,2025-10-11,BATCH-8558,2028-01-26,2025-10-11,Below reorder level - reorder placed 2025-10-22
8559,12,720,41,58,2026-06-17,BATCH-8559,2026-05-07,2026-06-17,Expiring in 0 days - flag for clearance; Below reorder level - reorder placed 2026-06-20
8560,4,3771,77,24,2025-12-06,BATCH-8560,2027-08-27,2025-12-06,
8561,9,1712,21,54,2026-01-06,BATCH-8561,2026-10-25,2026-01-06,Expiring in 45 days - monitor; Below reorder level - reorder placed 2026-01-12
8562,12,66,80,59,2025-06-28,BATCH-8562,2026-12-01,2025-06-28,
8563,11,1562,31,22,2026-08-28,BATCH-8563,2026-09-21,2026-08-28,Expiring in 11 days - flag for clearance
8564,8,3459,103,36,2025-06-12,BATCH-8564,2026-12-27,2025-06-12,
8565,12,2237,47,37,2026-08-09,BATCH-8565,2026-06-02,2026-08-09,Expiring in 0 days - flag for clearance
8566,3,3239,19,26,2026-08-14,BATCH-8566,2027-10-14,2026-08-14,Below reorder level - reorder placed 2026-08-17
8567,12,3108,8,57,2026-05-19,BATCH-8567,2028-03-11,2026-05-19,Below reorder level - reorder placed 2026-05-28
8568,12,4114,104,32,2025-09-07,BATCH-8568,2026-06-13,2025-09-07,Expiring in 0 days - flag for clearance
8569,12,1963,115,27,2025-11-29,BATCH-8569,2027-09-25,2025-11-29,
8570,6,446,118,29,2026-06-07,BATCH-8570,2027-11-17,2026-06-07,
8571,9,878,118,17,2025-08-26,BATCH-8571,2026-07-11,2025-08-26,Expiring in 0 days - flag for clearance
8572,5,519,119,21,2025-12-09,BATCH-8572,2029-09-02,2025-12-09,
8573,9,3832,113,55,2026-08-30,BATCH-8573,2028-03-24,2026-08-30,
8574,2,4432,0,29,2025-08-24,BATCH-8574,2029-07-07,2025-08-24,
8575,5,2348,72,38,2025-07-09,BATCH-8575,2026-01-11,2025-07-09,Expiring in 0 days - flag for clearance
8576,12,3792,5,52,2026-01-03,BATCH-8576,2029-05-19,2026-01-03,Below reorder level - reorder placed 2026-01-13
8577,2,1643,77,29,2026-04-11,BATCH-8577,2027-05-16,2026-04-11,
8578,6,1654,12,37,2025-08-20,BATCH-8578,2028-05-25,2025-08-20,Below reorder level - reorder placed 2025-08-30
8579,3,2145,98,53,2026-08-06,BATCH-8579,2029-11-23,2026-08-06,
8580,6,807,6,42,2025-07-18,BATCH-8580,2028-12-11,2025-07-18,Below reorder level - reorder placed 2025-07-27
8581,12,4572,46,29,2026-01-02,BATCH-8581,2026-10-06,2026-01-02,Expiring in 26 days - flag for clearance
8582,7,4819,37,43,2025-06-07,BATCH-8582,2026-03-20,2025-06-07,Expiring in 0 days - flag for clearance
8583,5,4638,107,24,2025-08-05,BATCH-8583,2028-02-21,2025-08-05,
8584,6,4576,72,23,2026-04-11,BATCH-8584,2026-05-12,2026-04-11,Expiring in 0 days - flag for clearance
8585,4,4205,117,47,2025-11-02,BATCH-8585,2029-05-10,2025-11-02,
8586,12,662,57,38,2025-12-27,BATCH-8586,2026-06-20,2025-12-27,Expiring in 0 days - flag for clearance
8587,6,3619,53,54,2026-04-11,BATCH-8587,2028-04-22,2026-04-11,
8588,7,3448,97,37,2025-10-12,BATCH-8588,2027-11-23,2025-10-12,
8589,11,2435,64,36,2025-08-03,BATCH-8589,2027-01-17,2025-08-03,
8590,12,1702,14,24,2026-01-12,BATCH-8590,2027-09-28,2026-01-12,Below reorder level - reorder placed 2026-01-17
8591,9,4629,38,39,2026-04-12,BATCH-8591,2026-12-14,2026-04-12,Below reorder level - reorder placed 2026-04-17
8592,3,4792,65,58,2026-05-23,BATCH-8592,2029-09-03,2026-05-23,
8593,3,4945,57,19,2025-06-01,BATCH-8593,2029-10-26,2025-06-01,
8594,1,4950,10,17,2026-01-27,BATCH-8594,2027-07-26,2026-01-27,Below reorder level - reorder placed 2026-02-02
8595,12,679,36,59,2026-03-03,BATCH-8595,2028-10-22,2026-03-03,Below reorder level - reorder placed 2026-03-06
8596,5,4558,59,36,2026-05-12,BATCH-8596,2029-03-09,2026-05-12,
8597,9,1631,8,50,2026-07-15,BATCH-8597,2027-04-19,2026-07-15,Below reorder level - reorder placed 2026-07-22
8598,11,2570,9,46,2025-08-31,BATCH-8598,2028-10-16,2025-08-31,Below reorder level - reorder placed 2025-09-04
8599,6,2330,112,32,2026-08-22,BATCH-8599,2026-12-10,2026-08-22,
8600,3,272,60,41,2025-12-29,BATCH-8600,2029-02-01,2025-12-29,
8601,10,1532,44,57,2025-06-16,BATCH-8601,2027-04-08,2025-06-16,Below reorder level - reorder placed 2025-06-25
8602,7,1253,117,54,2025-10-15,BATCH-8602,2026-06-20,2025-10-15,Expiring in 0 days - flag for clearance
8603,9,4612,88,56,2025-07-03,BATCH-8603,2028-09-09,2025-07-03,
8604,7,96,70,38,2026-07-08,BATCH-8604,2026-11-19,2026-07-08,Expiring in 70 days - monitor
8605,12,3701,46,17,2025-12-08,BATCH-8605,2027-07-21,2025-12-08,
8606,2,3205,70,26,2026-08-23,BATCH-8606,2029-05-29,2026-08-23,
8607,10,2745,32,48,2025-07-30,BATCH-8607,2026-08-01,2025-07-30,Expiring in 0 days - flag for clearance; Below reorder level - reorder placed 2025-08-06
8608,1,47,104,57,2026-05-12,BATCH-8608,2028-11-05,2026-05-12,
8609,1,1976,21,34,2025-06-07,BATCH-8609,2027-09-25,2025-06-07,Below reorder level - reorder placed 2025-06-11
8610,3,333,110,57,2025-11-26,BATCH-8610,2026-02-16,2025-11-26,Expiring in 0 days - flag for clearance
8611,9,3454,56,34,2025-07-28,BATCH-8611,2026-01-29,2025-07-28,Expiring in 0 days - flag for clearance
8612,11,2795,76,52,2025-10-13,BATCH-8612,2027-05-07,2025-10-13,
8613,1,2677,101,15,2026-08-30,BATCH-8613,2028-01-22,2026-08-30,
8614,1,3300,71,43,2025-07-10,BATCH-8614,2029-09-07,2025-07-10,
8615,9,3136,19,21,2025-06-28,BATCH-8615,2029-11-18,2025-06-28,Below reorder level - reorder placed 2025-07-11
8616,12,3886,54,49,2026-03-28,BATCH-8616,2028-11-06,2026-03-28,
8617,8,692,57,21,2025-11-29,BATCH-8617,2028-08-03,2025-11-29,
8618,9,4678,44,26,2025-11-11,BATCH-8618,2028-06-03,2025-11-11,
8619,7,2812,14,36,2025-08-27,BATCH-8619,2029-04-15,2025-08-27,
8620,2,1511,26,16,2026-08-09,BATCH-8620,2029-11-15,2026-08-09,
8621,3,4129,43,46,2026-04-25,BATCH-8621,2028-12-06,2026-04-25,Below reorder level - reorder placed 2026-04-28
8622,5,3944,77,42,2025-12-26,BATCH-8622,2026-09-27,2025-12-26,Expiring in 17 days - flag for clearance
8623,4,3412,117,32,2025-06-30,BATCH-8623,2029-06-07,2025-06-30,
8624,9,410,56,45,2026-07-31,BATCH-8624,2029-05-20,2026-07-31,
8625,3,2305,64,54,2025-07-01,BATCH-8625,2027-04-24,2025-07-01,
8626,6,2857,64,45,2025-12-05,BATCH-8626,2026-07-13,2025-12-05,Expiring in 0 days - flag for clearance
8627,12,1962,68,39,2026-05-27,BATCH-8627,2029-12-20,2026-05-27,
8628,8,1232,32,34,2026-08-02,BATCH-8628,2028-12-23,2026-08-02,Below reorder level - reorder placed 2026-08-14
8629,5,4681,45,58,2025-10-13,BATCH-8629,2027-09-19,2025-10-13,Below reorder level - reorder placed 2025-10-25
8630,7,37,102,52,2026-08-20,BATCH-8630,2026-04-26,2026-08-20,Expiring in 0 days - flag for clearance
8631,6,4366,12,32,2026-05-04,BATCH-8631,2029-09-09,2026-05-04,Below reorder level - reorder placed 2026-05-16
8632,6,4756,41,21,2025-07-17,BATCH-8632,2029-12-31,2025-07-17,
8633,9,3668,63,45,2026-05-10,BATCH-8633,2029-03-05,2026-05-10,
8634,12,562,90,46,2026-02-18,BATCH-8634,2028-04-30,2026-02-18,
8635,3,3583,89,39,2026-01-07,BATCH-8635,2028-07-27,2026-01-07,
8636,1,2981,85,23,2026-02-20,BATCH-8636,2029-03-06,2026-02-20,
8637,6,11,8,23,2026-08-03,BATCH-8637,2030-01-20,2026-08-03,
8638,4,1003,113,43,2025-11-15,BATCH-8638,2029-08-09,2025-11-15,
8639,3,1678,73,43,2025-10-27,BATCH-8639,2028-08-11,2025-10-27,
8640,11,4859,2,59,2026-08-18,BATCH-8640,2028-12-08,2026-08-18,
8641,4,3492,51,44,2026-08-11,BATCH-8641,2029-07-15,2026-08-11,
8642,11,4783,78,39,2025-08-03,BATCH-8642,2029-02-27,2025-08-03,
8643,5,4508,38,32,2025-07-27,BATCH-8643,2029-10-19,2025-07-27,
8644,4,2703,90,57,2026-02-16,BATCH-8644,2028-11-26,2026-02-16,
8645,10,1251,110,52,2026-07-14,BATCH-8645,2029-09-25,2026-07-14,
8646,3,643,13,29,2025-12-18,BATCH-8646,2029-06-20,2025-12-18,Below reorder level - reorder placed 2025-12-21
8647,2,1340,40,44,2025-08-14,BATCH-8647,2027-01-02,2025-08-14,
8648,1,2984,1,17,2026-04-06,BATCH-8648,2027-01-28,2026-04-06,Below reorder level - reorder placed 2026-04-18
8649,12,550,58,58,2026-03-19,BATCH-8649,2028-09-06,2026-03-19,
8650,4,1592,114,37,2026-07-15,BATCH-8650,2029-12-16,2026-07-15,
8651,7,4888,68,17,2025-09-30,BATCH-8651,2026-07-11,2025-09-30,Expiring in 0 days - flag for clearance
8652,2,606,43,52,2026-07-14,BATCH-8652,2027-03-13,2026-07-14,Below reorder level - reorder placed 2026-07-27
8653,10,1218,14,41,2026-05-21,BATCH-8653,2029-06-07,2026-05-21,Below reorder level - reorder placed 2026-06-03
8654,6,1614,48,29,2025-10-10,BATCH-8654,2026-12-29,2025-10-10,
8655,6,2213,101,53,2026-04-09,BATCH-8655,2026-11-04,2026-04-09,Expiring in 55 days - monitor
8656,8,1461,114,58,2026-06-10,BATCH-8656,2029-09-16,2026-06-10,
8657,9,1559,67,34,2026-07-14,BATCH-8657,2027-07-23,2026-07-14,
8658,3,3360,15,43,2026-03-20,BATCH-8658,2026-02-27,2026-03-20,Expiring in 0 days - flag for clearance
8659,11,3974,22,52,2025-06-05,BATCH-8659,2026-09-27,2025-06-05,Expiring in 17 days - flag for clearance; Below reorder level - reorder placed 2025-06-10
8660,10,2373,117,15,2026-05-28,BATCH-8660,2026-11-20,2026-05-28,Expiring in 71 days - monitor
8661,3,3776,58,59,2026-06-24,BATCH-8661,2026-08-29,2026-06-24,Expiring in 0 days - flag for clearance
8662,6,2678,31,41,2025-12-13,BATCH-8662,2029-01-20,2025-12-13,
8663,7,1343,32,20,2026-06-12,BATCH-8663,2027-11-22,2026-06-12,
8664,12,3585,36,57,2026-03-20,BATCH-8664,2027-11-03,2026-03-20,Below reorder level - reorder placed 2026-03-31
8665,7,3060,26,42,2026-06-03,BATCH-8665,2028-11-19,2026-06-03,
8666,11,2563,106,58,2026-03-30,BATCH-8666,2029-12-26,2026-03-30,
8667,3,397,101,41,2025-11-24,BATCH-8667,2028-10-19,2025-11-24,
8668,8,4355,41,16,2026-04-22,BATCH-8668,2026-10-17,2026-04-22,Expiring in 37 days - monitor
8669,11,1566,63,45,2026-07-04,BATCH-8669,2028-03-27,2026-07-04,
8670,3,1594,29,49,2026-07-29,BATCH-8670,2028-02-18,2026-07-29,
8671,9,411,68,21,2026-04-20,BATCH-8671,2026-12-08,2026-04-20,Expiring in 89 days - monitor
8672,2,4888,74,51,2025-07-07,BATCH-8672,2026-07-11,2025-07-07,Expiring in 0 days - flag for clearance
8673,12,191,6,33,2026-04-19,BATCH-8673,2026-11-14,2026-04-19,Expiring in 65 days - monitor; Below reorder level - reorder placed 2026-04-25
8674,7,4576,44,59,2025-07-13,BATCH-8674,2026-05-12,2025-07-13,Expiring in 0 days - flag for clearance; Below reorder level - reorder placed 2025-07-21
8675,2,2121,28,25,2025-09-30,BATCH-8675,2026-12-03,2025-09-30,Expiring in 84 days - monitor
8676,12,3700,0,30,2025-06-29,BATCH-8676,2027-08-11,2025-06-29,Below reorder level - reorder placed 2025-07-07
8677,11,3218,83,22,2025-07-31,BATCH-8677,2026-07-01,2025-07-31,Expiring in 0 days - flag for clearance
8678,2,738,62,38,2025-12-02,BATCH-8678,2027-12-05,2025-12-02,
8679,5,2930,110,43,2026-07-08,BATCH-8679,2028-04-25,2026-07-08,
8680,4,384,21,37,2026-02-06,BATCH-8680,2029-09-10,2026-02-06,
8681,9,3737,2,29,2025-09-21,BATCH-8681,2027-02-22,2025-09-21,Below reorder level - reorder placed 2025-10-04
8682,2,2848,58,18,2026-01-31,BATCH-8682,2030-01-11,2026-01-31,
8683,7,3329,53,54,2026-05-20,BATCH-8683,2029-02-22,2026-05-20,
8684,2,264,54,18,2025-12-22,BATCH-8684,2028-01-09,2025-12-22,
8685,11,4513,68,41,2026-08-04,BATCH-8685,2027-11-20,2026-08-04,
8686,4,49,115,29,2026-08-01,BATCH-8686,2026-03-05,2026-08-01,Expiring in 0 days - flag for clearance
8687,6,3113,90,46,2025-12-20,BATCH-8687,2029-01-05,2025-12-20,
8688,10,4851,95,59,2026-01-23,BATCH-8688,2027-03-23,2026-01-23,
8689,9,545,38,16,2025-11-03,BATCH-8689,2026-11-06,2025-11-03,Expiring in 57 days - monitor
8690,12,2890,7,25,2025-10-17,BATCH-8690,2026-10-14,2025-10-17,
8691,7,4535,9,46,2026-08-24,BATCH-8691,2027-04-17,2026-08-24,Below reorder level - reorder placed 2026-08-28
8692,5,1301,18,20,2025-12-16,BATCH-8692,2026-12-28,2025-12-16,
8693,8,1001,100,38,2025-07-04,BATCH-8693,2028-11-16,2025-07-04,
8694,9,800,32,17,2025-08-10,BATCH-8694,2027-10-17,2025-08-10,
8695,4,1732,101,25,2025-11-18,BATCH-8695,2026-10-15,2025-11-18,
8696,3,3657,42,25,2025-09-20,BATCH-8696,2029-01-10,2025-09-20,
8697,1,3430,105,35,2025-10-15,BATCH-8697,2029-03-19,2025-10-15,
8698,6,3221,46,52,2025-12-15,BATCH-8698,2029-12-15,2025-12-15,Below reorder level - reorder placed 2025-12-20
8699,8,1721,6,33,2026-02-03,BATCH-8699,2027-12-01,2026-02-03,Below reorder level - reorder placed 2026-02-10
8700,1,407,66,16,2026-02-17,BATCH-8700,2027-08-21,2026-02-17,
8701,6,909,7,52,2025-08-21,BATCH-8701,2029-08-14,2025-08-21,Below reorder level - reorder placed 2025-08-31
8702,4,4853,73,36,2025-12-30,BATCH-8702,2029-02-17,2025-12-30,
8703,8,766,104,36,2026-01-14,BATCH-8703,2026-10-26,2026-01-14,
8704,10,1880,95,27,2026-07-23,BATCH-8704,2026-07-25,2026-07-23,Expiring in 0 days - flag for clearance
8705,9,3507,96,55,2025-10-14,BATCH-8705,2029-11-20,2025-10-14,
8706,8,4574,85,56,2025-07-30,BATCH-8706,2026-05-05,2025-07-30,Expiring in 0 days - flag for clearance
8707,3,2425,119,23,2026-02-11,BATCH-8707,2029-02-23,2026-02-11,
8708,5,1883,30,56,2026-05-01,BATCH-8708,2029-04-15,2026-05-01,Below reorder level - reorder placed 2026-05-10
8709,5,3284,46,31,2025-07-26,BATCH-8709,2028-04-28,2025-07-26,
8710,1,4252,33,56,2026-07-09,BATCH-8710,2027-08-21,2026-07-09,
8711,11,3087,83,17,2026-02-16,BATCH-8711,2027-06-10,2026-02-16,
8712,10,4499,12,16,2025-10-23,BATCH-8712,2028-12-30,2025-10-23,Below reorder level - reorder placed 2025-10-29
8713,3,2709,33,32,2026-01-08,BATCH-8713,2028-12-13,2026-01-08,
8714,4,2599,6,35,2026-05-20,BATCH-8714,2029-10-29,2026-05-20,Below reorder level - reorder placed 2026-05-25
8715,1,1575,59,32,2025-10-10,BATCH-8715,2028-02-24,2025-10-10,
8716,7,2344,110,35,2026-05-30,BATCH-8716,2028-12-31,2026-05-30,
8717,2,1508,11,19,2026-02-16,BATCH-8717,2028-04-13,2026-02-16,Below reorder level - reorder placed 2026-02-26
8718,3,3313,97,42,2026-01-16,BATCH-8718,2028-11-25,2026-01-16,
8719,8,4193,59,21,2025-10-16,BATCH-8719,2027-07-07,2025-10-16,
8720,6,2407,24,38,2026-04-27,BATCH-8720,2029-05-31,2026-04-27,
8721,1,3843,2,32,2026-06-19,BATCH-8721,2026-05-09,2026-06-19,Expiring in 0 days - flag for clearance; Below reorder level - reorder placed 2026-06-24
8722,1,2556,39,20,2025-11-11,BATCH-8722,2026-12-27,2025-11-11,
8723,10,3082,65,34,2025-06-18,BATCH-8723,2028-01-13,2025-06-18,
8724,2,910,38,33,2025-07-05,BATCH-8724,2027-09-20,2025-07-05,
8725,10,4989,97,23,2026-07-13,BATCH-8725,2029-05-26,2026-07-13,
8726,12,1334,82,57,2026-04-24,BATCH-8726,2027-12-13,2026-04-24,
8727,6,1280,71,19,2026-04-02,BATCH-8727,2029-10-10,2026-04-02,
8728,8,3280,28,47,2025-08-10,BATCH-8728,2028-01-09,2025-08-10,
8729,1,4201,104,24,2025-08-12,BATCH-8729,2027-02-03,2025-08-12,
8730,12,1159,75,26,2025-12-31,BATCH-8730,2029-11-06,2025-12-31,
8731,5,182,75,24,2025-06-15,BATCH-8731,2028-05-22,2025-06-15,
8732,4,1147,91,49,2025-09-22,BATCH-8732,2027-08-14,2025-09-22,
8733,5,117,87,56,2026-01-07,BATCH-8733,2026-04-14,2026-01-07,Expiring in 0 days - flag for clearance
8734,12,1061,74,55,2026-03-28,BATCH-8734,2029-07-24,2026-03-28,
8735,12,4265,112,45,2025-08-15,BATCH-8735,2029-02-20,2025-08-15,
8736,2,4662,90,44,2025-10-10,BATCH-8736,2029-01-13,2025-10-10,
8737,1,250,97,26,2025-08-25,BATCH-8737,2029-07-14,2025-08-25,
8738,3,3214,43,34,2025-09-22,BATCH-8738,2029-01-08,2025-09-22,
8739,8,1405,57,25,2026-03-19,BATCH-8739,2027-09-02,2026-03-19,
8740,10,2371,3,54,2026-02-02,BATCH-8740,2028-04-30,2026-02-02,Below reorder level - reorder placed 2026-02-14
8741,6,14,93,50,2025-10-12,BATCH-8741,2026-08-02,2025-10-12,Expiring in 0 days - flag for clearance
8742,3,4392,113,23,2025-08-25,BATCH-8742,2027-02-20,2025-08-25,
8743,12,1606,15,28,2026-02-01,BATCH-8743,2029-03-26,2026-02-01,Below reorder level - reorder placed 2026-02-05
8744,6,4353,109,20,2025-12-16,BATCH-8744,2028-09-24,2025-12-16,
8745,6,886,34,24,2026-02-06,BATCH-8745,2028-10-02,2026-02-06,
8746,10,1614,38,18,2025-06-11,BATCH-8746,2026-12-29,2025-06-11,
8747,1,3845,9,34,2026-05-09,BATCH-8747,2026-02-11,2026-05-09,Expiring in 0 days - flag for clearance
8748,7,119,83,17,2025-07-14,BATCH-8748,2029-03-26,2025-07-14,
8749,8,2454,47,48,2026-02-17,BATCH-8749,2026-11-15,2026-02-17,Expiring in 66 days - monitor; Below reorder level - reorder placed 2026-02-27
8750,11,3082,5,30,2026-02-07,BATCH-8750,2028-01-13,2026-02-07,
8751,3,3644,18,49,2026-06-04,BATCH-8751,2027-12-18,2026-06-04,Below reorder level - reorder placed 2026-06-09
8752,4,4474,93,21,2026-08-06,BATCH-8752,2029-11-21,2026-08-06,
8753,7,1987,106,20,2026-01-05,BATCH-8753,2026-08-06,2026-01-05,Expiring in 0 days - flag for clearance
8754,10,4237,81,57,2026-06-26,BATCH-8754,2026-09-23,2026-06-26,Expiring in 13 days - flag for clearance
8755,7,2220,62,45,2026-06-21,BATCH-8755,2028-04-16,2026-06-21,
8756,6,2111,53,53,2025-12-30,BATCH-8756,2026-02-05,2025-12-30,Expiring in 0 days - flag for clearance
8757,4,91,84,41,2025-11-09,BATCH-8757,2029-03-03,2025-11-09,
8758,3,4200,27,15,2025-11-10,BATCH-8758,2027-01-23,2025-11-10,
8759,11,1038,118,55,2026-01-19,BATCH-8759,2028-09-30,2026-01-19,
8760,2,443,84,26,2026-05-18,BATCH-8760,2029-01-17,2026-05-18,
8761,4,2088,71,59,2026-02-10,BATCH-8761,2029-09-13,2026-02-10,
8762,8,4699,76,45,2026-01-14,BATCH-8762,2026-12-23,2026-01-14,
8763,1,4231,10,47,2025-07-03,BATCH-8763,2026-06-10,2025-07-03,Expiring in 0 days - flag for clearance; Below reorder level - reorder placed 2025-07-10
8764,2,2530,81,18,2026-05-12,BATCH-8764,2027-09-19,2026-05-12,
8765,2,4763,41,55,2026-06-29,BATCH-8765,2026-05-19,2026-06-29,Expiring in 0 days - flag for clearance; Below reorder level - reorder placed 2026-07-04
8766,5,2531,0,33,2026-04-16,BATCH-8766,2026-12-28,2026-04-16,
8767,2,1356,80,55,2025-12-16,BATCH-8767,2026-10-19,2025-12-16,Expiring in 39 days - monitor
8768,9,2983,86,58,2025-08-09,BATCH-8768,2026-01-08,2025-08-09,Expiring in 0 days - flag for clearance
8769,1,1688,115,40,2025-08-22,BATCH-8769,2026-07-31,2025-08-22,Expiring in 0 days - flag for clearance
8770,9,1497,54,40,2025-10-18,BATCH-8770,2026-02-15,2025-10-18,Expiring in 0 days - flag for clearance
8771,7,3360,41,40,2026-02-16,BATCH-8771,2026-02-27,2026-02-16,Expiring in 0 days - flag for clearance
8772,10,3825,9,34,2026-07-21,BATCH-8772,2026-05-14,2026-07-21,Expiring in 0 days - flag for clearance
8773,9,4578,40,32,2026-01-08,BATCH-8773,2028-09-19,2026-01-08,
8774,7,3657,108,27,2025-09-16,BATCH-8774,2029-01-10,2025-09-16,
8775,9,4957,92,52,2025-09-23,BATCH-8775,2027-01-17,2025-09-23,
8776,5,4198,45,20,2026-04-30,BATCH-8776,2027-06-13,2026-04-30,
8777,5,588,10,50,2025-06-24,BATCH-8777,2026-04-16,2025-06-24,Expiring in 0 days - flag for clearance; Below reorder level - reorder placed 2025-07-07
8778,11,4897,10,30,2025-10-31,BATCH-8778,2027-10-27,2025-10-31,
8779,10,108,3,28,2026-08-04,BATCH-8779,2029-01-08,2026-08-04,Below reorder level - reorder placed 2026-08-10
8780,12,4849,105,15,2025-10-17,BATCH-8780,2026-11-12,2025-10-17,Expiring in 63 days - monitor
8781,1,1860,14,30,2026-05-15,BATCH-8781,2027-05-29,2026-05-15,Below reorder level - reorder placed 2026-05-23
8782,5,4984,6,53,2025-10-10,BATCH-8782,2029-11-01,2025-10-10,
8783,7,1671,67,39,2026-06-18,BATCH-8783,2026-02-03,2026-06-18,Expiring in 0 days - flag for clearance
8784,8,4025,93,42,2026-01-13,BATCH-8784,2028-02-19,2026-01-13,
8785,1,1643,118,46,2026-08-14,BATCH-8785,2027-05-16,2026-08-14,
8786,2,2360,101,21,2026-08-08,BATCH-8786,2028-03-25,2026-08-08,
8787,8,2073,25,49,2025-12-24,BATCH-8787,2026-12-29,2025-12-24,Below reorder level - reorder placed 2026-01-04
8788,3,1645,66,48,2026-02-25,BATCH-8788,2028-07-02,2026-02-25,
8789,1,3180,101,38,2025-06-05,BATCH-8789,2026-10-23,2025-06-05,Expiring in 43 days - monitor
8790,9,1767,33,48,2026-08-31,BATCH-8790,2028-12-30,2026-08-31,Below reorder level - reorder placed 2026-09-10
8791,11,3432,106,23,2026-04-01,BATCH-8791,2026-04-27,2026-04-01,Expiring in 0 days - flag for clearance
8792,9,2862,29,28,2026-05-27,BATCH-8792,2029-11-09,2026-05-27,
8793,8,1468,37,43,2025-12-27,BATCH-8793,2026-11-17,2025-12-27,Below reorder level - reorder placed 2026-01-08
8794,2,1796,74,57,2025-11-08,BATCH-8794,2026-07-09,2025-11-08,Expiring in 0 days - flag for clearance
8795,4,3481,103,39,2026-03-09,BATCH-8795,2026-06-27,2026-03-09,Expiring in 0 days - flag for clearance
8796,4,1892,71,27,2025-11-03,BATCH-8796,2029-10-30,2025-11-03,
8797,12,2740,30,27,2026-01-12,BATCH-8797,2028-04-20,2026-01-12,
8798,4,708,71,17,2025-08-09,BATCH-8798,2029-04-09,2025-08-09,
8799,6,1063,36,54,2026-04-11,BATCH-8799,2029-02-13,2026-04-11,Below reorder level - reorder placed 2026-04-24
8800,11,1734,59,25,2025-12-28,BATCH-8800,2029-09-06,2025-12-28,
8801,12,334,39,22,2026-01-18,BATCH-8801,2027-10-30,2026-01-18,
8802,5,3968,63,21,2025-10-01,BATCH-8802,2027-07-21,2025-10-01,
8803,4,2032,4,49,2026-01-05,BATCH-8803,2027-10-31,2026-01-05,
8804,7,190,99,51,2026-04-21,BATCH-8804,2026-04-23,2026-04-21,Expiring in 0 days - flag for clearance
8805,7,197,73,47,2026-07-18,BATCH-8805,2026-11-30,2026-07-18,
8806,8,2471,55,21,2025-11-03,BATCH-8806,2028-02-09,2025-11-03,
8807,3,4657,71,52,2025-10-25,BATCH-8807,2029-09-28,2025-10-25,
8808,3,1949,24,43,2025-10-09,BATCH-8808,2026-09-26,2025-10-09,Expiring in 16 days - flag for clearance; Below reorder level - reorder placed 2025-10-19
8809,12,4191,16,55,2025-10-12,BATCH-8809,2026-10-04,2025-10-12,Expiring in 24 days - flag for clearance; Below reorder level - reorder placed 2025-10-17
8810,5,4175,84,42,2026-03-15,BATCH-8810,2028-09-05,2026-03-15,
8811,4,970,28,58,2025-11-24,BATCH-8811,2026-01-23,2025-11-24,Expiring in 0 days - flag for clearance; Below reorder level - reorder placed 2025-12-03
8812,10,1835,82,35,2026-08-03,BATCH-8812,2026-06-17,2026-08-03,Expiring in 0 days - flag for clearance
8813,2,4667,19,16,2026-01-03,BATCH-8813,2028-09-03,2026-01-03,
8814,11,4288,17,41,2025-11-29,BATCH-8814,2028-10-17,2025-11-29,Below reorder level - reorder placed 2025-12-10
8815,4,3963,64,19,2026-01-03,BATCH-8815,2026-05-27,2026-01-03,Expiring in 0 days - flag for clearance
8816,4,1580,16,44,2026-05-17,BATCH-8816,2027-10-09,2026-05-17,Below reorder level - reorder placed 2026-05-27
8817,12,1983,103,31,2026-08-15,BATCH-8817,2029-09-08,2026-08-15,
8818,10,1574,12,35,2026-08-25,BATCH-8818,2028-10-21,2026-08-25,Below reorder level - reorder placed 2026-08-29
8819,10,3118,35,24,2026-06-12,BATCH-8819,2027-12-29,2026-06-12,
8820,2,4264,39,35,2026-06-25,BATCH-8820,2027-12-22,2026-06-25,
8821,9,1947,12,16,2026-08-01,BATCH-8821,2027-01-05,2026-08-01,
8822,4,4308,35,36,2026-05-26,BATCH-8822,2026-09-07,2026-05-26,Expiring in 0 days - flag for clearance; Below reorder level - reorder placed 2026-05-31
8823,11,77,39,34,2025-11-16,BATCH-8823,2027-08-27,2025-11-16,
8824,11,1847,112,40,2025-11-27,BATCH-8824,2025-12-22,2025-11-27,Expiring in 0 days - flag for clearance
8825,9,4619,19,22,2026-08-08,BATCH-8825,2029-07-17,2026-08-08,Below reorder level - reorder placed 2026-08-12
8826,2,481,116,52,2025-09-12,BATCH-8826,2026-06-10,2025-09-12,Expiring in 0 days - flag for clearance
8827,10,2660,98,23,2025-08-16,BATCH-8827,2028-02-25,2025-08-16,
8828,6,3992,107,33,2026-04-28,BATCH-8828,2026-11-09,2026-04-28,Expiring in 60 days - monitor
8829,4,2443,2,40,2026-06-18,BATCH-8829,2027-08-11,2026-06-18,Below reorder level - reorder placed 2026-06-23
8830,6,952,104,42,2026-01-01,BATCH-8830,2027-06-28,2026-01-01,
8831,9,3760,26,55,2025-06-18,BATCH-8831,2026-11-27,2025-06-18,
8832,10,592,14,35,2025-07-06,BATCH-8832,2027-07-10,2025-07-06,
8833,2,283,91,16,2025-07-14,BATCH-8833,2028-01-02,2025-07-14,
8834,7,1724,84,19,2025-07-06,BATCH-8834,2029-01-16,2025-07-06,
8835,11,2176,95,54,2025-08-14,BATCH-8835,2027-03-31,2025-08-14,
8836,11,4079,46,37,2026-07-14,BATCH-8836,2027-08-02,2026-07-14,
8837,10,3387,5,59,2026-06-03,BATCH-8837,2027-10-06,2026-06-03,Below reorder level - reorder placed 2026-06-11
8838,5,4625,119,45,2026-07-09,BATCH-8838,2027-10-04,2026-07-09,
8839,3,1415,60,37,2025-08-17,BATCH-8839,2029-04-25,2025-08-17,
8840,9,208,17,25,2026-03-12,BATCH-8840,2027-08-10,2026-03-12,Below reorder level - reorder placed 2026-03-15
8841,8,4599,0,42,2025-12-19,BATCH-8841,2027-05-01,2025-12-19,Below reorder level - reorder placed 2025-12-24
8842,3,7,87,24,2025-09-17,BATCH-8842,2029-10-01,2025-09-17,
8843,11,452,116,43,2025-12-18,BATCH-8843,2028-09-05,2025-12-18,
8844,2,1948,86,26,2025-09-08,BATCH-8844,2029-01-29,2025-09-08,
8845,12,3988,84,34,2026-08-16,BATCH-8845,2027-12-10,2026-08-16,
8846,1,4178,87,49,2026-06-19,BATCH-8846,2027-06-17,2026-06-19,
8847,10,2533,16,27,2026-07-02,BATCH-8847,2029-07-04,2026-07-02,
8848,12,4063,76,29,2025-06-10,BATCH-8848,2027-07-17,2025-06-10,
8849,12,1787,39,44,2025-11-19,BATCH-8849,2027-09-26,2025-11-19,Below reorder level - reorder placed 2025-12-01
8850,7,3615,91,56,2026-07-15,BATCH-8850,2027-10-17,2026-07-15,
8851,11,1889,33,21,2026-06-11,BATCH-8851,2027-04-12,2026-06-11,
8852,2,752,63,45,2026-08-01,BATCH-8852,2029-04-01,2026-08-01,
8853,5,4222,88,54,2026-01-24,BATCH-8853,2027-04-21,2026-01-24,
8854,4,3122,34,54,2025-09-23,BATCH-8854,2029-02-27,2025-09-23,Below reorder level - reorder placed 2025-09-28
8855,6,2412,52,57,2025-08-12,BATCH-8855,2027-03-06,2025-08-12,
8856,1,3959,35,51,2025-08-04,BATCH-8856,2027-04-14,2025-08-04,Below reorder level - reorder placed 2025-08-17
8857,4,3273,17,48,2025-12-19,BATCH-8857,2029-01-13,2025-12-19,
8858,10,4133,94,53,2026-04-17,BATCH-8858,2028-01-24,2026-04-17,
8859,5,736,14,48,2026-01-31,BATCH-8859,2026-09-13,2026-01-31,Expiring in 3 days - flag for clearance
8860,8,1489,84,32,2025-12-16,BATCH-8860,2029-08-25,2025-12-16,
8861,5,3608,98,29,2026-04-06,BATCH-8861,2026-06-18,2026-04-06,Expiring in 0 days - flag for clearance
8862,5,1688,32,28,2026-02-12,BATCH-8862,2026-07-31,2026-02-12,Expiring in 0 days - flag for clearance
8863,11,3539,88,15,2025-12-28,BATCH-8863,2026-07-17,2025-12-28,Expiring in 0 days - flag for clearance
8864,6,4419,5,53,2025-12-25,BATCH-8864,2027-06-20,2025-12-25,Below reorder level - reorder placed 2026-01-05
8865,3,312,14,25,2026-06-17,BATCH-8865,2026-08-26,2026-06-17,Expiring in 0 days - flag for clearance
8866,10,852,51,41,2025-11-23,BATCH-8866,2029-04-24,2025-11-23,
8867,9,4708,14,38,2025-08-17,BATCH-8867,2027-04-27,2025-08-17,
8868,4,1933,70,24,2025-09-04,BATCH-8868,2029-12-24,2025-09-04,
8869,11,4719,3,50,2025-06-28,BATCH-8869,2026-12-29,2025-06-28,
8870,8,948,37,21,2026-06-27,BATCH-8870,2027-06-23,2026-06-27,
8871,4,1608,5,55,2026-08-09,BATCH-8871,2027-10-19,2026-08-09,Below reorder level - reorder placed 2026-08-13
8872,1,571,26,49,2025-12-04,BATCH-8872,2029-04-02,2025-12-04,
8873,2,2817,119,27,2026-06-08,BATCH-8873,2027-03-16,2026-06-08,
8874,8,1769,113,34,2026-03-16,BATCH-8874,2029-06-04,2026-03-16,
8875,2,3309,69,51,2025-09-21,BATCH-8875,2027-05-18,2025-09-21,
8876,6,109,21,48,2025-12-18,BATCH-8876,2028-09-09,2025-12-18,Below reorder level - reorder placed 2025-12-30
8877,1,1327,17,32,2026-06-01,BATCH-8877,2030-01-05,2026-06-01,Below reorder level - reorder placed 2026-06-11
8878,10,3156,88,21,2025-10-09,BATCH-8878,2027-04-06,2025-10-09,
8879,8,3154,47,17,2025-11-15,BATCH-8879,2026-12-14,2025-11-15,
8880,10,1115,0,19,2025-06-30,BATCH-8880,2025-12-27,2025-06-30,Expiring in 0 days - flag for clearance; Below reorder level - reorder placed 2025-07-05
8881,12,1016,60,34,2026-02-20,BATCH-8881,2026-08-10,2026-02-20,Expiring in 0 days - flag for clearance
8882,3,4775,76,25,2026-03-06,BATCH-8882,2027-08-05,2026-03-06,
8883,3,1006,18,40,2026-06-30,BATCH-8883,2029-05-03,2026-06-30,
8884,4,3991,65,58,2026-05-21,BATCH-8884,2028-04-10,2026-05-21,
8885,1,3616,95,33,2025-06-13,BATCH-8885,2028-08-25,2025-06-13,
8886,4,4536,48,32,2025-12-20,BATCH-8886,2026-08-31,2025-12-20,Expiring in 0 days - flag for clearance
8887,6,2908,48,18,2026-05-09,BATCH-8887,2029-04-20,2026-05-09,
8888,8,1845,96,39,2026-08-21,BATCH-8888,2029-10-05,2026-08-21,
8889,7,513,4,57,2026-02-25,BATCH-8889,2029-12-04,2026-02-25,
8890,9,472,98,21,2025-12-29,BATCH-8890,2027-09-19,2025-12-29,
8891,6,2356,40,15,2026-08-26,BATCH-8891,2026-01-20,2026-08-26,Expiring in 0 days - flag for clearance
8892,7,927,81,39,2026-02-14,BATCH-8892,2026-03-13,2026-02-14,Expiring in 0 days - flag for clearance
8893,8,3809,110,30,2026-02-20,BATCH-8893,2026-06-15,2026-02-20,Expiring in 0 days - flag for clearance
8894,11,2266,61,29,2026-04-15,BATCH-8894,2029-09-24,2026-04-15,
8895,7,1408,19,49,2025-07-24,BATCH-8895,2028-11-02,2025-07-24,Below reorder level - reorder placed 2025-07-29
8896,5,4012,76,15,2025-06-13,BATCH-8896,2029-03-02,2025-06-13,
8897,12,4154,73,32,2025-12-13,BATCH-8897,2029-08-22,2025-12-13,
8898,4,789,107,22,2026-04-03,BATCH-8898,2026-04-20,2026-04-03,Expiring in 0 days - flag for clearance
8899,1,1682,55,32,2025-09-09,BATCH-8899,2028-11-14,2025-09-09,
8900,5,4790,16,32,2026-03-31,BATCH-8900,2027-05-24,2026-03-31,Below reorder level - reorder placed 2026-04-05
8901,2,4199,3,42,2026-08-15,BATCH-8901,2026-10-28,2026-08-15,Expiring in 48 days - monitor; Below reorder level - reorder placed 2026-08-28
8902,7,3008,111,40,2026-08-28,BATCH-8902,2029-08-30,2026-08-28,
8903,10,1705,47,50,2025-06-28,BATCH-8903,2028-01-19,2025-06-28,Below reorder level - reorder placed 2025-07-08
8904,2,74,112,40,2026-01-05,BATCH-8904,2029-07-02,2026-01-05,
8905,6,4537,22,20,2025-09-05,BATCH-8905,2027-01-01,2025-09-05,
8906,11,1567,84,50,2026-07-14,BATCH-8906,2026-06-12,2026-07-14,Expiring in 0 days - flag for clearance
8907,7,1939,57,55,2025-08-14,BATCH-8907,2027-03-20,2025-08-14,
8908,7,4317,0,24,2026-01-14,BATCH-8908,2027-09-11,2026-01-14,Below reorder level - reorder placed 2026-01-17
8909,7,334,50,17,2025-08-29,BATCH-8909,2027-10-30,2025-08-29,
8910,8,1406,98,31,2026-01-25,BATCH-8910,2026-02-17,2026-01-25,Expiring in 0 days - flag for clearance
8911,6,3755,58,37,2026-05-10,BATCH-8911,2026-10-15,2026-05-10,
8912,12,3697,5,42,2026-04-17,BATCH-8912,2027-04-11,2026-04-17,Below reorder level - reorder placed 2026-04-29
8913,2,1885,20,15,2026-02-24,BATCH-8913,2028-07-23,2026-02-24,
8914,4,4419,82,57,2025-08-06,BATCH-8914,2027-06-20,2025-08-06,
8915,10,249,36,38,2025-06-14,BATCH-8915,2029-07-05,2025-06-14,
8916,6,1585,83,48,2025-08-18,BATCH-8916,2028-12-18,2025-08-18,
8917,2,2007,54,57,2026-03-22,BATCH-8917,2028-12-21,2026-03-22,Below reorder level - reorder placed 2026-03-28
8918,12,3243,119,58,2026-04-01,BATCH-8918,2026-11-27,2026-04-01,Expiring in 78 days - monitor
8919,10,4517,10,35,2025-11-12,BATCH-8919,2028-12-08,2025-11-12,
8920,8,2933,49,47,2025-07-05,BATCH-8920,2028-07-30,2025-07-05,
8921,1,2377,63,57,2025-07-14,BATCH-8921,2029-06-22,2025-07-14,
8922,7,3738,69,23,2026-08-23,BATCH-8922,2028-09-07,2026-08-23,
8923,1,2294,17,41,2026-08-18,BATCH-8923,2029-06-19,2026-08-18,Below reorder level - reorder placed 2026-08-22
8924,4,211,29,29,2025-07-14,BATCH-8924,2027-10-11,2025-07-14,
8925,1,1233,18,30,2026-02-14,BATCH-8925,2027-01-24,2026-02-14,
8926,8,1619,29,44,2026-08-03,BATCH-8926,2026-09-16,2026-08-03,Expiring in 6 days - flag for clearance
8927,12,1513,16,47,2025-12-21,BATCH-8927,2029-09-13,2025-12-21,Below reorder level - reorder placed 2026-01-02
8928,3,485,101,28,2026-04-27,BATCH-8928,2028-11-05,2026-04-27,
8929,10,1724,60,53,2026-08-20,BATCH-8929,2029-01-16,2026-08-20,
8930,2,3305,5,36,2025-12-27,BATCH-8930,2026-05-16,2025-12-27,Expiring in 0 days - flag for clearance
8931,12,1267,115,52,2026-03-20,BATCH-8931,2029-01-20,2026-03-20,
8932,10,1533,17,42,2025-09-28,BATCH-8932,2026-06-19,2025-09-28,Expiring in 0 days - flag for clearance
8933,12,4581,13,32,2025-10-11,BATCH-8933,2028-07-23,2025-10-11,
8934,1,1184,101,35,2025-10-02,BATCH-8934,2028-09-13,2025-10-02,
8935,10,4817,4,58,2025-12-07,BATCH-8935,2029-06-23,2025-12-07,Below reorder level - reorder placed 2025-12-10
8936,1,3082,3,46,2025-11-06,BATCH-8936,2028-01-13,2025-11-06,Below reorder level - reorder placed 2025-11-18
8937,10,4671,8,52,2025-08-28,BATCH-8937,2026-10-17,2025-08-28,
8938,11,491,107,24,2025-12-30,BATCH-8938,2028-08-17,2025-12-30,
8939,7,3625,34,59,2025-12-01,BATCH-8939,2029-06-21,2025-12-01,Below reorder level - reorder placed 2025-12-11
8940,4,2144,108,16,2026-03-07,BATCH-8940,2026-11-15,2026-03-07,
8941,8,2015,42,20,2025-06-02,BATCH-8941,2028-01-24,2025-06-02,
8942,12,883,65,43,2025-08-13,BATCH-8942,2027-07-20,2025-08-13,
8943,8,4371,71,31,2025-11-15,BATCH-8943,2028-04-11,2025-11-15,
8944,4,2554,41,27,2025-08-23,BATCH-8944,2028-09-20,2025-08-23,
8945,9,3411,107,37,2026-01-13,BATCH-8945,2029-08-01,2026-01-13,
8946,2,107,27,28,2026-07-02,BATCH-8946,2028-10-03,2026-07-02,
8947,10,2332,80,25,2025-12-27,BATCH-8947,2026-10-30,2025-12-27,Expiring in 50 days - monitor
8948,1,4881,71,41,2025-12-21,BATCH-8948,2026-06-07,2025-12-21,Expiring in 0 days - flag for clearance
8949,12,3276,91,37,2026-06-17,BATCH-8949,2029-01-19,2026-06-17,
8950,8,1569,93,46,2025-06-22,BATCH-8950,2029-05-16,2025-06-22,
8951,2,858,72,25,2025-10-18,BATCH-8951,2027-11-16,2025-10-18,
8952,2,3689,18,54,2026-03-14,BATCH-8952,2027-05-26,2026-03-14,Below reorder level - reorder placed 2026-03-17
8953,11,1150,74,43,2025-10-03,BATCH-8953,2026-10-07,2025-10-03,Expiring in 27 days - flag for clearance
8954,2,230,16,55,2026-01-14,BATCH-8954,2028-06-10,2026-01-14,
8955,5,3883,114,44,2025-09-19,BATCH-8955,2026-04-30,2025-09-19,Expiring in 0 days - flag for clearance
8956,5,2540,59,54,2026-08-24,BATCH-8956,2027-11-08,2026-08-24,
8957,11,3021,31,16,2026-01-09,BATCH-8957,2026-06-22,2026-01-09,Expiring in 0 days - flag for clearance
8958,4,3876,75,38,2026-05-12,BATCH-8958,2027-08-31,2026-05-12,
8959,6,3772,33,53,2025-11-16,BATCH-8959,2027-04-27,2025-11-16,
8960,12,3550,76,33,2025-10-01,BATCH-8960,2029-07-03,2025-10-01,
8961,9,2658,67,49,2026-01-19,BATCH-8961,2026-11-27,2026-01-19,Expiring in 78 days - monitor
8962,5,619,72,52,2026-08-04,BATCH-8962,2027-01-07,2026-08-04,
8963,6,4779,18,27,2026-02-12,BATCH-8963,2029-03-03,2026-02-12,
8964,12,4902,36,30,2026-08-06,BATCH-8964,2028-11-19,2026-08-06,
8965,1,742,67,56,2025-09-02,BATCH-8965,2026-05-04,2025-09-02,Expiring in 0 days - flag for clearance
8966,5,985,114,20,2025-12-31,BATCH-8966,2029-10-27,2025-12-31,
8967,6,886,56,15,2026-04-16,BATCH-8967,2028-10-02,2026-04-16,
8968,1,696,72,31,2025-07-21,BATCH-8968,2026-09-13,2025-07-21,Expiring in 3 days - flag for clearance
8969,7,3748,67,46,2026-07-22,BATCH-8969,2026-01-10,2026-07-22,Expiring in 0 days - flag for clearance
8970,4,339,83,49,2025-06-28,BATCH-8970,2029-08-28,2025-06-28,
8971,6,1371,104,50,2025-12-12,BATCH-8971,2026-10-08,2025-12-12,Expiring in 28 days - flag for clearance
8972,11,1413,29,47,2026-02-22,BATCH-8972,2026-11-08,2026-02-22,Expiring in 59 days - monitor; Below reorder level - reorder placed 2026-03-05
8973,5,4397,114,56,2026-08-02,BATCH-8973,2028-03-16,2026-08-02,
8974,12,3788,53,55,2025-06-19,BATCH-8974,2029-06-20,2025-06-19,Below reorder level - reorder placed 2025-06-22
8975,12,332,17,40,2026-08-06,BATCH-8975,2029-01-30,2026-08-06,
8976,4,2220,29,41,2026-07-31,BATCH-8976,2028-04-16,2026-07-31,
8977,11,92,62,28,2025-10-10,BATCH-8977,2026-11-27,2025-10-10,Expiring in 78 days - monitor
8978,5,4533,72,59,2026-03-24,BATCH-8978,2029-09-08,2026-03-24,
8979,3,4417,30,22,2025-11-15,BATCH-8979,2026-12-08,2025-11-15,
8980,9,334,95,22,2025-12-08,BATCH-8980,2027-10-30,2025-12-08,
8981,1,4197,40,46,2026-07-11,BATCH-8981,2027-09-19,2026-07-11,
8982,9,2842,23,38,2025-08-15,BATCH-8982,2026-12-29,2025-08-15,Below reorder level - reorder placed 2025-08-19
8983,5,4894,72,35,2026-08-02,BATCH-8983,2027-08-21,2026-08-02,
8984,7,3707,11,51,2025-11-04,BATCH-8984,2027-10-16,2025-11-04,Below reorder level - reorder placed 2025-11-12
8985,10,3813,65,30,2026-03-18,BATCH-8985,2027-08-24,2026-03-18,
8986,7,3107,71,33,2026-07-30,BATCH-8986,2026-09-26,2026-07-30,Expiring in 16 days - flag for clearance
8987,4,4208,61,35,2026-07-16,BATCH-8987,2028-02-12,2026-07-16,
8988,10,2414,43,54,2025-07-27,BATCH-8988,2026-04-26,2025-07-27,Expiring in 0 days - flag for clearance; Below reorder level - reorder placed 2025-08-03
8989,2,3454,85,59,2026-02-09,BATCH-8989,2026-01-29,2026-02-09,Expiring in 0 days - flag for clearance
8990,1,3537,88,50,2025-07-14,BATCH-8990,2026-01-01,2025-07-14,Expiring in 0 days - flag for clearance
8991,10,3262,10,43,2025-11-24,BATCH-8991,2028-01-30,2025-11-24,Below reorder level - reorder placed 2025-12-07
8992,7,3994,115,42,2025-12-08,BATCH-8992,2026-10-30,2025-12-08,
8993,2,2893,91,58,2025-07-05,BATCH-8993,2026-06-07,2025-07-05,Expiring in 0 days - flag for clearance
8994,2,4983,111,35,2026-05-05,BATCH-8994,2026-11-06,2026-05-05,Expiring in 57 days - monitor
8995,6,3165,59,39,2026-08-13,BATCH-8995,2029-10-24,2026-08-13,
8996,5,3155,100,50,2026-05-30,BATCH-8996,2026-09-23,2026-05-30,Expiring in 13 days - flag for clearance
8997,5,2094,80,55,2026-09-02,BATCH-8997,2028-09-23,2026-09-02,
8998,12,2013,114,29,2025-09-05,BATCH-8998,2026-11-12,2025-09-05,
8999,2,4679,13,21,2026-08-11,BATCH-8999,2029-10-22,2026-08-11,Below reorder level - reorder placed 2026-08-21
9000,7,1817,44,23,2025-07-12,BATCH-9000,2029-01-19,2025-07-12,
9001,12,4209,44,43,2025-07-30,BATCH-9001,2026-12-12,2025-07-30,
9002,8,4890,49,59,2026-04-05,BATCH-9002,2026-04-10,2026-04-05,Expiring in 0 days - flag for clearance; Below reorder level - reorder placed 2026-04-10
9003,1,3392,32,23,2026-03-03,BATCH-9003,2026-12-15,2026-03-03,
9004,4,2112,43,42,2026-01-07,BATCH-9004,2027-12-26,2026-01-07,
9005,9,783,40,51,2026-07-17,BATCH-9005,2028-07-23,2026-07-17,Below reorder level - reorder placed 2026-07-21
9006,10,3012,84,45,2026-02-10,BATCH-9006,2027-06-18,2026-02-10,
9007,6,1828,4,26,2025-06-23,BATCH-9007,2029-09-23,2025-06-23,Below reorder level - reorder placed 2025-06-30
9008,12,4926,58,55,2025-09-18,BATCH-9008,2027-12-20,2025-09-18,
9009,1,3068,37,41,2025-10-01,BATCH-9009,2028-03-27,2025-10-01,
9010,6,1845,96,29,2026-05-07,BATCH-9010,2029-10-05,2026-05-07,
9011,5,3178,31,25,2025-06-21,BATCH-9011,2028-05-18,2025-06-21,
9012,8,15,17,30,2026-04-25,BATCH-9012,2026-10-25,2026-04-25,Expiring in 45 days - monitor
9013,6,2239,84,51,2026-04-03,BATCH-9013,2026-09-26,2026-04-03,Expiring in 16 days - flag for clearance
9014,3,1851,11,17,2026-07-19,BATCH-9014,2028-07-29,2026-07-19,Below reorder level - reorder placed 2026-07-28
9015,6,3959,48,38,2025-07-16,BATCH-9015,2027-04-14,2025-07-16,
9016,2,2493,54,15,2026-02-15,BATCH-9016,2027-03-04,2026-02-15,
9017,4,980,34,59,2026-02-14,BATCH-9017,2026-12-10,2026-02-14,Below reorder level - reorder placed 2026-02-22
9018,1,1852,24,21,2026-05-24,BATCH-9018,2027-02-12,2026-05-24,
9019,2,4970,22,55,2025-11-20,BATCH-9019,2029-03-04,2025-11-20,Below reorder level - reorder placed 2025-11-28
9020,6,2492,71,47,2026-06-16,BATCH-9020,2026-05-03,2026-06-16,Expiring in 0 days - flag for clearance
9021,4,3088,93,48,2026-06-19,BATCH-9021,2027-05-21,2026-06-19,
9022,10,3478,99,19,2025-10-11,BATCH-9022,2026-02-08,2025-10-11,Expiring in 0 days - flag for clearance
9023,8,4559,24,53,2025-10-29,BATCH-9023,2026-02-11,2025-10-29,Expiring in 0 days - flag for clearance; Below reorder level - reorder placed 2025-11-08
9024,11,3231,4,34,2026-05-25,BATCH-9024,2029-03-13,2026-05-25,Below reorder level - reorder placed 2026-06-04
9025,12,2491,96,42,2026-01-12,BATCH-9025,2027-10-12,2026-01-12,
9026,10,2421,46,50,2025-08-18,BATCH-9026,2028-11-27,2025-08-18,Below reorder level - reorder placed 2025-08-24
9027,8,709,101,24,2026-04-03,BATCH-9027,2028-03-19,2026-04-03,
9028,11,2044,96,42,2025-06-03,BATCH-9028,2026-10-02,2025-06-03,Expiring in 22 days - flag for clearance
9029,10,3980,29,45,2025-07-11,BATCH-9029,2026-11-17,2025-07-11,Below reorder level - reorder placed 2025-07-22
9030,5,485,12,54,2026-08-09,BATCH-9030,2028-11-05,2026-08-09,Below reorder level - reorder placed 2026-08-12
9031,8,840,76,35,2025-09-16,BATCH-9031,2028-12-02,2025-09-16,
9032,12,1307,5,38,2026-05-20,BATCH-9032,2029-08-19,2026-05-20,
9033,4,3785,22,19,2026-01-19,BATCH-9033,2029-03-03,2026-01-19,
9034,7,3196,61,18,2026-06-20,BATCH-9034,2026-09-15,2026-06-20,Expiring in 5 days - flag for clearance
9035,6,4024,108,45,2025-06-11,BATCH-9035,2027-07-06,2025-06-11,
9036,5,4655,92,39,2026-07-06,BATCH-9036,2026-09-24,2026-07-06,Expiring in 14 days - flag for clearance
9037,5,3875,107,45,2025-07-22,BATCH-9037,2026-05-02,2025-07-22,Expiring in 0 days - flag for clearance
9038,5,2145,15,26,2026-07-26,BATCH-9038,2029-11-23,2026-07-26,
9039,3,4894,18,38,2026-01-04,BATCH-9039,2027-08-21,2026-01-04,Below reorder level - reorder placed 2026-01-16
9040,7,4585,113,48,2025-06-29,BATCH-9040,2027-10-08,2025-06-29,
9041,3,3504,2,41,2026-07-21,BATCH-9041,2027-06-17,2026-07-21,Below reorder level - reorder placed 2026-07-31
9042,11,4858,112,37,2025-12-23,BATCH-9042,2028-10-10,2025-12-23,
9043,11,655,99,36,2025-09-28,BATCH-9043,2027-12-03,2025-09-28,
9044,5,323,108,36,2025-10-25,BATCH-9044,2028-03-21,2025-10-25,
9045,9,1859,71,23,2025-07-28,BATCH-9045,2029-12-31,2025-07-28,
9046,6,744,44,44,2026-06-07,BATCH-9046,2027-07-01,2026-06-07,
9047,9,3110,30,55,2026-03-22,BATCH-9047,2029-07-10,2026-03-22,Below reorder level - reorder placed 2026-03-31
9048,7,4878,1,31,2026-07-21,BATCH-9048,2028-06-20,2026-07-21,Below reorder level - reorder placed 2026-08-01
9049,10,4267,109,38,2026-06-08,BATCH-9049,2029-08-15,2026-06-08,
9050,4,4459,62,16,2026-02-18,BATCH-9050,2028-09-07,2026-02-18,
9051,6,921,43,15,2025-10-05,BATCH-9051,2028-05-10,2025-10-05,
9052,5,3495,107,35,2025-10-10,BATCH-9052,2027-01-09,2025-10-10,
9053,6,2865,10,45,2026-01-31,BATCH-9053,2026-11-16,2026-01-31,Below reorder level - reorder placed 2026-02-09
9054,7,4348,15,58,2025-12-04,BATCH-9054,2026-12-19,2025-12-04,Below reorder level - reorder placed 2025-12-11
9055,6,4565,24,16,2026-02-12,BATCH-9055,2025-12-14,2026-02-12,Expiring in 0 days - flag for clearance
9056,2,1135,37,28,2025-12-25,BATCH-9056,2027-10-28,2025-12-25,
9057,7,1524,85,33,2026-05-10,BATCH-9057,2029-11-30,2026-05-10,
9058,7,1781,66,17,2026-05-11,BATCH-9058,2026-07-22,2026-05-11,Expiring in 0 days - flag for clearance
9059,2,2614,69,16,2025-11-26,BATCH-9059,2028-08-18,2025-11-26,
9060,1,3967,39,16,2026-01-30,BATCH-9060,2026-10-13,2026-01-30,
9061,6,2727,11,25,2026-01-23,BATCH-9061,2025-12-31,2026-01-23,Expiring in 0 days - flag for clearance; Below reorder level - reorder placed 2026-02-04
9062,3,525,88,40,2026-04-17,BATCH-9062,2029-01-07,2026-04-17,
9063,12,1325,38,48,2026-07-26,BATCH-9063,2029-10-31,2026-07-26,Below reorder level - reorder placed 2026-08-03
9064,5,915,14,31,2025-12-31,BATCH-9064,2026-06-27,2025-12-31,Expiring in 0 days - flag for clearance; Below reorder level - reorder placed 2026-01-03
9065,2,4512,104,58,2026-03-26,BATCH-9065,2026-09-20,2026-03-26,Expiring in 10 days - flag for clearance
9066,12,4475,43,26,2025-08-25,BATCH-9066,2027-01-07,2025-08-25,
9067,12,378,25,15,2026-04-09,BATCH-9067,2029-05-28,2026-04-09,
9068,4,2388,76,54,2026-03-04,BATCH-9068,2029-11-07,2026-03-04,
9069,5,1826,93,42,2026-05-25,BATCH-9069,2025-12-29,2026-05-25,Expiring in 0 days - flag for clearance
9070,1,763,39,21,2026-01-11,BATCH-9070,2026-12-15,2026-01-11,
9071,7,4776,108,21,2026-05-30,BATCH-9071,2026-10-05,2026-05-30,Expiring in 25 days - flag for clearance
9072,1,3714,71,56,2026-07-18,BATCH-9072,2029-02-26,2026-07-18,
9073,6,908,13,51,2025-10-31,BATCH-9073,2028-10-16,2025-10-31,
9074,2,2372,4,28,2026-01-09,BATCH-9074,2026-06-07,2026-01-09,Expiring in 0 days - flag for clearance
9075,10,4519,40,53,2026-06-26,BATCH-9075,2026-12-27,2026-06-26,
9076,5,3267,42,46,2025-06-30,BATCH-9076,2026-12-04,2025-06-30,Below reorder level - reorder placed 2025-07-08
9077,12,2684,32,57,2026-02-10,BATCH-9077,2027-09-27,2026-02-10,
9078,12,4292,100,28,2026-01-23,BATCH-9078,2026-05-01,2026-01-23,Expiring in 0 days - flag for clearance
9079,9,2144,50,43,2025-08-12,BATCH-9079,2026-11-15,2025-08-12,Expiring in 66 days - monitor
9080,7,49,59,40,2026-03-07,BATCH-9080,2026-03-05,2026-03-07,Expiring in 0 days - flag for clearance
9081,9,3165,78,49,2025-06-12,BATCH-9081,2029-10-24,2025-06-12,
9082,5,600,96,20,2026-04-29,BATCH-9082,2027-07-29,2026-04-29,
9083,7,169,72,26,2025-11-05,BATCH-9083,2027-07-05,2025-11-05,
9084,8,3362,71,47,2025-10-04,BATCH-9084,2028-01-08,2025-10-04,
9085,12,272,117,20,2026-08-19,BATCH-9085,2029-02-01,2026-08-19,
9086,8,2864,13,38,2026-05-19,BATCH-9086,2029-09-17,2026-05-19,
9087,10,492,117,18,2026-04-14,BATCH-9087,2027-08-25,2026-04-14,
9088,8,4859,59,35,2025-06-24,BATCH-9088,2028-12-08,2025-06-24,
9089,7,1588,91,28,2025-08-18,BATCH-9089,2028-12-15,2025-08-18,
9090,3,1965,31,35,2025-10-22,BATCH-9090,2029-12-19,2025-10-22,
9091,10,2732,84,37,2026-06-05,BATCH-9091,2029-12-09,2026-06-05,
9092,4,811,22,57,2026-03-03,BATCH-9092,2028-07-14,2026-03-03,Below reorder level - reorder placed 2026-03-08
9093,7,1201,108,53,2025-08-22,BATCH-9093,2028-05-23,2025-08-22,
9094,11,1971,22,52,2025-11-20,BATCH-9094,2026-12-03,2025-11-20,Below reorder level - reorder placed 2025-11-27
9095,1,1120,63,33,2026-01-27,BATCH-9095,2028-04-05,2026-01-27,
9096,5,3010,84,33,2026-04-11,BATCH-9096,2030-01-17,2026-04-11,
9097,8,3657,45,25,2025-10-25,BATCH-9097,2029-01-10,2025-10-25,
9098,1,933,35,28,2025-06-25,BATCH-9098,2029-10-14,2025-06-25,
9099,11,781,3,59,2025-07-20,BATCH-9099,2026-01-03,2025-07-20,Expiring in 0 days - flag for clearance
9100,3,3984,43,26,2026-02-09,BATCH-9100,2028-09-12,2026-02-09,
9101,9,2956,79,59,2025-11-05,BATCH-9101,2026-10-29,2025-11-05,
9102,2,2670,25,43,2026-04-25,BATCH-9102,2030-01-20,2026-04-25,
9103,3,2020,34,15,2026-07-04,BATCH-9103,2027-10-19,2026-07-04,
9104,11,4900,84,38,2025-07-19,BATCH-9104,2030-01-15,2025-07-19,
9105,6,2544,9,26,2025-12-19,BATCH-9105,2026-04-07,2025-12-19,Expiring in 0 days - flag for clearance
9106,12,2963,112,43,2026-08-10,BATCH-9106,2027-04-10,2026-08-10,
9107,10,142,65,46,2026-03-15,BATCH-9107,2027-07-19,2026-03-15,
9108,7,11,63,25,2026-07-25,BATCH-9108,2030-01-20,2026-07-25,
9109,4,4746,42,40,2025-06-07,BATCH-9109,2029-02-17,2025-06-07,
9110,5,3958,12,51,2026-04-13,BATCH-9110,2026-10-08,2026-04-13,Expiring in 28 days - flag for clearance; Below reorder level - reorder placed 2026-04-17
9111,11,4383,98,49,2025-09-05,BATCH-9111,2029-01-05,2025-09-05,
9112,2,854,87,26,2025-12-19,BATCH-9112,2026-12-12,2025-12-19,
9113,2,210,91,42,2026-03-20,BATCH-9113,2027-05-05,2026-03-20,
9114,9,1600,101,48,2025-08-09,BATCH-9114,2026-12-30,2025-08-09,
9115,4,1636,59,31,2026-05-01,BATCH-9115,2027-09-21,2026-05-01,
9116,1,2996,33,34,2026-02-28,BATCH-9116,2027-10-01,2026-02-28,Below reorder level - reorder placed 2026-03-12
9117,2,2219,83,43,2025-12-17,BATCH-9117,2028-02-12,2025-12-17,
9118,3,1451,105,40,2025-07-08,BATCH-9118,2029-09-02,2025-07-08,
9119,8,884,101,26,2025-08-12,BATCH-9119,2027-06-26,2025-08-12,
9120,9,4930,30,58,2026-05-07,BATCH-9120,2028-09-16,2026-05-07,Below reorder level - reorder placed 2026-05-17
9121,9,315,14,26,2026-05-29,BATCH-9121,2029-05-06,2026-05-29,Below reorder level - reorder placed 2026-06-05
9122,8,2402,57,43,2026-07-16,BATCH-9122,2025-12-17,2026-07-16,Expiring in 0 days - flag for clearance
9123,11,258,38,38,2026-06-23,BATCH-9123,2027-02-23,2026-06-23,
9124,9,3587,22,54,2025-12-26,BATCH-9124,2026-07-30,2025-12-26,Expiring in 0 days - flag for clearance; Below reorder level - reorder placed 2026-01-03
9125,4,939,117,22,2026-05-04,BATCH-9125,2027-05-22,2026-05-04,
9126,10,253,53,42,2025-11-17,BATCH-9126,2026-09-21,2025-11-17,Expiring in 11 days - flag for clearance
9127,6,1177,67,45,2026-05-10,BATCH-9127,2028-09-18,2026-05-10,
9128,2,4650,78,22,2026-05-16,BATCH-9128,2026-03-08,2026-05-16,Expiring in 0 days - flag for clearance
9129,10,3679,42,51,2025-09-08,BATCH-9129,2028-12-28,2025-09-08,Below reorder level - reorder placed 2025-09-20
9130,6,951,30,20,2025-11-10,BATCH-9130,2026-11-26,2025-11-10,
9131,4,1641,79,58,2026-04-27,BATCH-9131,2030-01-17,2026-04-27,
9132,11,852,65,38,2026-03-06,BATCH-9132,2029-04-24,2026-03-06,
9133,1,142,17,27,2025-09-07,BATCH-9133,2027-07-19,2025-09-07,Below reorder level - reorder placed 2025-09-20
9134,11,1382,1,53,2026-06-19,BATCH-9134,2028-08-07,2026-06-19,Below reorder level - reorder placed 2026-06-22
9135,1,1230,49,22,2025-06-13,BATCH-9135,2028-01-19,2025-06-13,
9136,5,4794,113,17,2026-02-18,BATCH-9136,2026-12-30,2026-02-18,
9137,11,4681,65,22,2026-07-01,BATCH-9137,2027-09-19,2026-07-01,
9138,9,3838,32,42,2025-10-30,BATCH-9138,2027-05-10,2025-10-30,Below reorder level - reorder placed 2025-11-02
9139,9,2915,53,52,2025-06-27,BATCH-9139,2027-01-11,2025-06-27,
9140,5,3961,95,41,2026-02-08,BATCH-9140,2025-12-20,2026-02-08,Expiring in 0 days - flag for clearance
9141,10,2994,71,41,2026-03-05,BATCH-9141,2028-09-02,2026-03-05,
9142,12,4828,75,34,2025-09-23,BATCH-9142,2029-03-09,2025-09-23,
9143,2,3603,87,42,2025-12-12,BATCH-9143,2028-05-11,2025-12-12,
9144,1,4303,49,40,2026-02-05,BATCH-9144,2027-01-02,2026-02-05,
9145,5,4356,42,26,2026-07-03,BATCH-9145,2026-06-15,2026-07-03,Expiring in 0 days - flag for clearance
9146,12,3943,53,58,2026-08-03,BATCH-9146,2026-10-31,2026-08-03,Below reorder level - reorder placed 2026-08-13
9147,3,160,61,28,2026-02-19,BATCH-9147,2026-12-18,2026-02-19,
9148,1,838,18,16,2025-11-28,BATCH-9148,2028-07-31,2025-11-28,
9149,1,1027,7,57,2026-04-29,BATCH-9149,2026-09-09,2026-04-29,Expiring in 0 days - flag for clearance
9150,3,1288,62,52,2026-07-04,BATCH-9150,2028-04-29,2026-07-04,
9151,9,632,57,33,2025-07-27,BATCH-9151,2026-10-26,2025-07-27,
9152,8,4654,92,40,2025-08-14,BATCH-9152,2026-10-25,2025-08-14,Expiring in 45 days - monitor
9153,10,2680,41,25,2026-05-28,BATCH-9153,2027-06-20,2026-05-28,
9154,10,2460,50,33,2025-12-09,BATCH-9154,2028-08-17,2025-12-09,
9155,1,4295,21,36,2026-03-02,BATCH-9155,2027-03-12,2026-03-02,Below reorder level - reorder placed 2026-03-08
9156,11,3403,67,46,2026-06-01,BATCH-9156,2026-11-03,2026-06-01,
9157,3,2639,77,35,2025-06-10,BATCH-9157,2026-02-04,2025-06-10,Expiring in 0 days - flag for clearance
9158,7,2577,73,47,2026-05-20,BATCH-9158,2026-09-14,2026-05-20,Expiring in 4 days - flag for clearance
9159,2,1392,21,46,2026-06-16,BATCH-9159,2028-08-14,2026-06-16,Below reorder level - reorder placed 2026-06-26
9160,4,2966,109,32,2026-04-08,BATCH-9160,2029-05-11,2026-04-08,
9161,9,1703,61,41,2026-05-03,BATCH-9161,2026-10-15,2026-05-03,Expiring in 35 days - monitor
9162,7,2625,108,19,2025-12-10,BATCH-9162,2027-01-23,2025-12-10,
9163,8,1474,39,26,2026-04-23,BATCH-9163,2029-12-31,2026-04-23,
9164,3,3169,14,25,2026-01-31,BATCH-9164,2027-01-02,2026-01-31,
9165,4,2814,8,34,2025-08-14,BATCH-9165,2026-12-30,2025-08-14,Below reorder level - reorder placed 2025-08-27
9166,9,320,50,48,2026-08-28,BATCH-9166,2029-11-08,2026-08-28,
9167,10,1389,69,53,2026-01-11,BATCH-9167,2029-01-30,2026-01-11,
9168,8,2889,119,24,2025-10-31,BATCH-9168,2029-08-18,2025-10-31,
9169,4,2408,37,22,2025-08-08,BATCH-9169,2026-12-20,2025-08-08,
9170,7,4452,42,33,2026-02-01,BATCH-9170,2025-12-23,2026-02-01,Expiring in 0 days - flag for clearance
9171,12,3040,41,38,2025-09-10,BATCH-9171,2026-12-18,2025-09-10,
9172,2,1284,56,53,2026-05-27,BATCH-9172,2026-05-31,2026-05-27,Expiring in 0 days - flag for clearance
9173,6,1369,57,15,2026-01-11,BATCH-9173,2029-08-19,2026-01-11,
9174,12,547,100,32,2026-08-11,BATCH-9174,2026-11-01,2026-08-11,
9175,6,3718,52,46,2026-08-08,BATCH-9175,2026-12-21,2026-08-08,
9176,2,2735,70,51,2025-12-28,BATCH-9176,2026-08-23,2025-12-28,Expiring in 0 days - flag for clearance
9177,6,3493,108,21,2026-02-23,BATCH-9177,2026-05-02,2026-02-23,Expiring in 0 days - flag for clearance
9178,8,4684,83,42,2025-07-03,BATCH-9178,2028-03-14,2025-07-03,
9179,4,3887,6,57,2026-08-11,BATCH-9179,2028-04-23,2026-08-11,
9180,5,1953,68,39,2026-01-30,BATCH-9180,2029-12-10,2026-01-30,
9181,8,194,62,55,2025-11-05,BATCH-9181,2026-02-17,2025-11-05,Expiring in 0 days - flag for clearance
9182,3,1825,80,33,2025-07-21,BATCH-9182,2026-11-09,2025-07-21,
9183,10,4844,32,17,2026-07-12,BATCH-9183,2029-06-09,2026-07-12,
9184,9,3864,91,26,2025-11-20,BATCH-9184,2028-12-03,2025-11-20,
9185,4,4044,55,15,2026-07-12,BATCH-9185,2028-03-22,2026-07-12,
9186,6,136,12,28,2025-11-05,BATCH-9186,2026-10-08,2025-11-05,Expiring in 28 days - flag for clearance; Below reorder level - reorder placed 2025-11-11
9187,2,3914,81,52,2026-07-15,BATCH-9187,2026-04-19,2026-07-15,Expiring in 0 days - flag for clearance
9188,8,1334,12,16,2026-02-27,BATCH-9188,2027-12-13,2026-02-27,
9189,11,636,26,38,2026-07-28,BATCH-9189,2028-10-31,2026-07-28,Below reorder level - reorder placed 2026-08-08
9190,3,2389,20,56,2026-05-31,BATCH-9190,2029-08-06,2026-05-31,
9191,11,2076,109,29,2026-05-07,BATCH-9191,2026-01-13,2026-05-07,Expiring in 0 days - flag for clearance
9192,12,1593,112,39,2025-10-15,BATCH-9192,2028-05-14,2025-10-15,
9193,3,883,107,58,2026-08-22,BATCH-9193,2027-07-20,2026-08-22,
9194,5,1672,26,48,2026-08-03,BATCH-9194,2028-12-04,2026-08-03,
9195,1,3691,111,29,2026-07-26,BATCH-9195,2026-06-15,2026-07-26,Expiring in 0 days - flag for clearance
9196,4,3602,113,27,2025-08-21,BATCH-9196,2028-11-16,2025-08-21,
9197,1,2368,43,39,2025-10-05,BATCH-9197,2026-11-11,2025-10-05,Expiring in 62 days - monitor
9198,7,1078,88,16,2026-06-22,BATCH-9198,2030-01-09,2026-06-22,
9199,9,1577,28,48,2025-11-07,BATCH-9199,2030-01-16,2025-11-07,Below reorder level - reorder placed 2025-11-15
9200,4,968,79,47,2025-07-02,BATCH-9200,2026-01-02,2025-07-02,Expiring in 0 days - flag for clearance
9201,6,214,116,49,2025-12-05,BATCH-9201,2026-09-16,2025-12-05,Expiring in 6 days - flag for clearance
9202,3,656,110,26,2025-09-29,BATCH-9202,2029-10-05,2025-09-29,
9203,11,2178,101,47,2026-06-04,BATCH-9203,2029-11-23,2026-06-04,
9204,12,2545,2,49,2026-01-18,BATCH-9204,2026-08-08,2026-01-18,Expiring in 0 days - flag for clearance
9205,4,2469,39,26,2025-11-11,BATCH-9205,2026-10-25,2025-11-11,Expiring in 45 days - monitor
9206,5,904,2,26,2026-04-22,BATCH-9206,2028-12-05,2026-04-22,
9207,3,3219,27,58,2026-04-19,BATCH-9207,2028-12-31,2026-04-19,Below reorder level - reorder placed 2026-04-25
9208,7,3235,2,16,2026-05-06,BATCH-9208,2029-08-25,2026-05-06,
9209,5,297,110,52,2026-07-08,BATCH-9209,2028-07-11,2026-07-08,
9210,10,2798,75,43,2025-10-11,BATCH-9210,2028-09-23,2025-10-11,
9211,4,820,16,36,2025-07-18,BATCH-9211,2028-03-24,2025-07-18,Below reorder level - reorder placed 2025-07-28
9212,3,4139,78,30,2026-04-09,BATCH-9212,2026-12-22,2026-04-09,
9213,12,3338,85,59,2025-12-06,BATCH-9213,2026-11-16,2025-12-06,
9214,1,4485,117,24,2026-06-02,BATCH-9214,2029-07-08,2026-06-02,
9215,7,2572,44,51,2026-09-01,BATCH-9215,2027-09-14,2026-09-01,Below reorder level - reorder placed 2026-09-10
9216,7,4946,77,31,2026-05-25,BATCH-9216,2029-11-27,2026-05-25,
9217,2,1085,69,50,2025-08-03,BATCH-9217,2029-10-20,2025-08-03,
9218,5,2357,108,29,2025-10-17,BATCH-9218,2028-07-10,2025-10-17,
9219,9,2963,77,58,2026-02-28,BATCH-9219,2027-04-10,2026-02-28,
9220,7,3600,34,54,2025-10-26,BATCH-9220,2028-02-05,2025-10-26,Below reorder level - reorder placed 2025-11-02
9221,9,3959,75,45,2026-01-22,BATCH-9221,2027-04-14,2026-01-22,
9222,8,3988,42,37,2026-01-08,BATCH-9222,2027-12-10,2026-01-08,
9223,2,4933,41,45,2025-10-22,BATCH-9223,2029-01-05,2025-10-22,Below reorder level - reorder placed 2025-10-29
9224,10,1008,38,59,2026-04-09,BATCH-9224,2029-11-18,2026-04-09,Below reorder level - reorder placed 2026-04-16
9225,1,3808,97,51,2025-10-10,BATCH-9225,2027-09-12,2025-10-10,
9226,3,3988,17,36,2025-12-29,BATCH-9226,2027-12-10,2025-12-29,Below reorder level - reorder placed 2026-01-08
9227,3,2655,84,21,2026-05-28,BATCH-9227,2028-01-14,2026-05-28,
9228,8,3387,110,24,2025-07-05,BATCH-9228,2027-10-06,2025-07-05,
9229,6,213,77,54,2025-11-13,BATCH-9229,2029-01-06,2025-11-13,
9230,3,3962,94,16,2025-10-27,BATCH-9230,2029-01-03,2025-10-27,
9231,6,1438,28,44,2025-12-30,BATCH-9231,2026-09-30,2025-12-30,Expiring in 20 days - flag for clearance; Below reorder level - reorder placed 2026-01-09
9232,3,2538,0,41,2025-10-20,BATCH-9232,2026-04-04,2025-10-20,Expiring in 0 days - flag for clearance; Below reorder level - reorder placed 2025-10-31
9233,1,1366,1,48,2026-04-26,BATCH-9233,2029-09-12,2026-04-26,Below reorder level - reorder placed 2026-05-05
9234,11,851,39,26,2026-03-13,BATCH-9234,2027-10-05,2026-03-13,
9235,3,4833,58,49,2025-11-24,BATCH-9235,2026-09-14,2025-11-24,Expiring in 4 days - flag for clearance
9236,1,3400,85,54,2026-05-31,BATCH-9236,2027-03-05,2026-05-31,
9237,1,4977,24,57,2025-10-01,BATCH-9237,2029-05-26,2025-10-01,Below reorder level - reorder placed 2025-10-08
9238,12,3381,71,25,2025-12-31,BATCH-9238,2026-02-24,2025-12-31,Expiring in 0 days - flag for clearance
9239,12,4684,118,24,2025-08-09,BATCH-9239,2028-03-14,2025-08-09,
9240,6,1896,102,33,2025-11-17,BATCH-9240,2025-12-23,2025-11-17,Expiring in 0 days - flag for clearance
9241,10,3776,84,38,2026-03-06,BATCH-9241,2026-08-29,2026-03-06,Expiring in 0 days - flag for clearance
9242,7,2101,98,26,2026-01-25,BATCH-9242,2027-12-27,2026-01-25,
9243,7,1999,36,53,2026-03-03,BATCH-9243,2026-04-15,2026-03-03,Expiring in 0 days - flag for clearance; Below reorder level - reorder placed 2026-03-09
9244,10,4242,47,53,2026-02-28,BATCH-9244,2027-10-13,2026-02-28,
9245,4,800,108,35,2025-10-06,BATCH-9245,2027-10-17,2025-10-06,
9246,5,3100,62,36,2025-08-16,BATCH-9246,2029-08-22,2025-08-16,
9247,1,3360,110,59,2026-03-26,BATCH-9247,2026-02-27,2026-03-26,Expiring in 0 days - flag for clearance
9248,8,2424,107,30,2026-07-22,BATCH-9248,2028-06-01,2026-07-22,
9249,4,3441,39,33,2026-02-06,BATCH-9249,2029-01-31,2026-02-06,
9250,1,2886,77,45,2026-01-16,BATCH-9250,2026-02-10,2026-01-16,Expiring in 0 days - flag for clearance
9251,9,3859,19,57,2026-01-26,BATCH-9251,2028-03-21,2026-01-26,Below reorder level - reorder placed 2026-02-08
9252,2,2174,17,27,2026-01-29,BATCH-9252,2029-10-01,2026-01-29,Below reorder level - reorder placed 2026-02-02
9253,4,928,73,49,2026-05-21,BATCH-9253,2027-12-03,2026-05-21,
9254,2,4243,4,26,2026-07-31,BATCH-9254,2027-09-19,2026-07-31,Below reorder level - reorder placed 2026-08-13
9255,2,473,4,52,2026-01-12,BATCH-9255,2026-04-05,2026-01-12,Expiring in 0 days - flag for clearance; Below reorder level - reorder placed 2026-01-16
9256,9,3960,20,17,2026-08-01,BATCH-9256,2026-01-22,2026-08-01,Expiring in 0 days - flag for clearance
9257,2,2590,73,20,2025-12-31,BATCH-9257,2026-01-22,2025-12-31,Expiring in 0 days - flag for clearance
9258,4,2176,81,37,2026-05-18,BATCH-9258,2027-03-31,2026-05-18,
9259,7,587,40,41,2026-02-27,BATCH-9259,2027-05-11,2026-02-27,Below reorder level - reorder placed 2026-03-02
9260,10,4585,57,36,2026-03-15,BATCH-9260,2027-10-08,2026-03-15,
9261,2,4343,103,15,2026-03-27,BATCH-9261,2027-11-20,2026-03-27,
9262,1,3795,5,26,2026-06-10,BATCH-9262,2029-12-10,2026-06-10,Below reorder level - reorder placed 2026-06-20
9263,8,2189,81,47,2025-11-11,BATCH-9263,2027-07-16,2025-11-11,
9264,7,2971,3,19,2025-10-13,BATCH-9264,2026-12-13,2025-10-13,Below reorder level - reorder placed 2025-10-21
9265,4,3735,32,27,2026-08-27,BATCH-9265,2030-01-17,2026-08-27,
9266,12,3871,4,20,2026-04-17,BATCH-9266,2027-05-14,2026-04-17,Below reorder level - reorder placed 2026-04-28
9267,4,4751,27,38,2025-11-23,BATCH-9267,2029-07-22,2025-11-23,Below reorder level - reorder placed 2025-12-04
9268,12,2152,58,59,2025-11-24,BATCH-9268,2028-08-27,2025-11-24,Below reorder level - reorder placed 2025-12-06
9269,8,4224,71,45,2025-11-14,BATCH-9269,2027-07-14,2025-11-14,
9270,2,1823,26,24,2025-10-02,BATCH-9270,2026-12-15,2025-10-02,
9271,12,744,93,48,2026-05-06,BATCH-9271,2027-07-01,2026-05-06,
9272,11,1096,5,58,2025-09-10,BATCH-9272,2026-01-07,2025-09-10,Expiring in 0 days - flag for clearance
9273,11,4165,78,53,2025-09-18,BATCH-9273,2026-04-23,2025-09-18,Expiring in 0 days - flag for clearance
9274,2,4568,55,56,2026-01-07,BATCH-9274,2027-02-01,2026-01-07,Below reorder level - reorder placed 2026-01-14
9275,9,4472,116,39,2025-10-16,BATCH-9275,2029-05-09,2025-10-16,
9276,7,1430,71,59,2025-12-17,BATCH-9276,2027-03-11,2025-12-17,
9277,10,113,85,52,2026-01-21,BATCH-9277,2026-11-13,2026-01-21,Expiring in 64 days - monitor
9278,9,1906,1,48,2025-08-02,BATCH-9278,2028-04-27,2025-08-02,Below reorder level - reorder placed 2025-08-14
9279,3,2660,96,21,2026-01-07,BATCH-9279,2028-02-25,2026-01-07,
9280,4,341,105,33,2026-03-23,BATCH-9280,2028-02-13,2026-03-23,
9281,6,1912,16,41,2026-03-22,BATCH-9281,2026-02-26,2026-03-22,Expiring in 0 days - flag for clearance; Below reorder level - reorder placed 2026-04-02
9282,1,3269,110,58,2026-08-20,BATCH-9282,2026-05-12,2026-08-20,Expiring in 0 days - flag for clearance
9283,11,3648,4,21,2026-05-30,BATCH-9283,2029-12-11,2026-05-30,Below reorder level - reorder placed 2026-06-07
9284,9,2202,107,57,2025-07-08,BATCH-9284,2027-12-05,2025-07-08,
9285,2,1989,2,19,2026-01-23,BATCH-9285,2027-10-10,2026-01-23,
9286,10,4955,71,39,2026-04-20,BATCH-9286,2029-10-17,2026-04-20,
9287,12,2855,9,23,2026-07-29,BATCH-9287,2027-07-26,2026-07-29,Below reorder level - reorder placed 2026-08-10
9288,2,2461,117,21,2026-05-24,BATCH-9288,2029-04-18,2026-05-24,
9289,10,1808,49,36,2026-02-27,BATCH-9289,2027-01-01,2026-02-27,
9290,6,4854,89,22,2025-10-05,BATCH-9290,2028-05-01,2025-10-05,
9291,1,936,116,30,2025-06-04,BATCH-9291,2027-02-09,2025-06-04,
9292,3,4664,52,19,2025-06-13,BATCH-9292,2027-01-27,2025-06-13,
9293,9,1165,28,20,2026-06-20,BATCH-9293,2028-03-13,2026-06-20,
9294,9,927,79,44,2025-09-26,BATCH-9294,2026-03-13,2025-09-26,Expiring in 0 days - flag for clearance
9295,12,3235,86,22,2026-03-05,BATCH-9295,2029-08-25,2026-03-05,
9296,9,4267,57,41,2026-05-28,BATCH-9296,2029-08-15,2026-05-28,
9297,2,3109,7,55,2026-02-13,BATCH-9297,2027-04-17,2026-02-13,Below reorder level - reorder placed 2026-02-26
9298,6,2828,74,17,2026-03-08,BATCH-9298,2027-11-13,2026-03-08,
9299,8,3805,90,51,2026-04-22,BATCH-9299,2029-05-16,2026-04-22,
9300,10,3003,116,32,2026-04-11,BATCH-9300,2028-10-28,2026-04-11,
9301,2,879,74,50,2025-08-24,BATCH-9301,2026-10-07,2025-08-24,Expiring in 27 days - flag for clearance
9302,8,2730,101,34,2025-10-26,BATCH-9302,2027-07-11,2025-10-26,
9303,3,2008,51,31,2026-04-08,BATCH-9303,2027-07-05,2026-04-08,
9304,6,412,109,38,2026-06-25,BATCH-9304,2028-12-07,2026-06-25,
9305,4,1746,11,49,2026-06-19,BATCH-9305,2027-03-15,2026-06-19,Below reorder level - reorder placed 2026-06-26
9306,2,3248,47,22,2026-06-06,BATCH-9306,2027-07-15,2026-06-06,
9307,12,4974,61,19,2025-10-19,BATCH-9307,2027-07-19,2025-10-19,
9308,5,3474,30,18,2025-08-26,BATCH-9308,2026-01-10,2025-08-26,Expiring in 0 days - flag for clearance
9309,10,538,27,50,2026-07-03,BATCH-9309,2026-12-26,2026-07-03,
9310,6,3325,113,37,2025-10-10,BATCH-9310,2029-09-23,2025-10-10,
9311,7,269,110,15,2025-08-02,BATCH-9311,2026-11-27,2025-08-02,
9312,10,4500,79,21,2026-06-09,BATCH-9312,2026-10-05,2026-06-09,Expiring in 25 days - flag for clearance
9313,9,3015,82,31,2025-11-20,BATCH-9313,2026-12-04,2025-11-20,Expiring in 85 days - monitor
9314,6,3029,17,42,2025-10-12,BATCH-9314,2027-11-26,2025-10-12,
9315,5,4839,46,21,2026-08-01,BATCH-9315,2029-10-12,2026-08-01,
9316,8,379,86,58,2026-02-02,BATCH-9316,2028-03-20,2026-02-02,
9317,2,957,77,31,2025-07-30,BATCH-9317,2026-09-30,2025-07-30,Expiring in 20 days - flag for clearance
9318,8,3459,78,49,2026-03-12,BATCH-9318,2026-12-27,2026-03-12,
9319,8,1568,113,46,2025-12-31,BATCH-9319,2027-12-16,2025-12-31,
9320,4,1393,64,39,2025-07-04,BATCH-9320,2026-03-06,2025-07-04,Expiring in 0 days - flag for clearance
9321,8,2029,10,31,2026-01-27,BATCH-9321,2027-03-05,2026-01-27,Below reorder level - reorder placed 2026-02-02
9322,4,2126,112,47,2025-09-24,BATCH-9322,2029-01-29,2025-09-24,
9323,6,4717,107,42,2026-08-27,BATCH-9323,2026-08-18,2026-08-27,Expiring in 0 days - flag for clearance
9324,10,3497,76,48,2025-09-25,BATCH-9324,2029-11-11,2025-09-25,
9325,8,3536,95,54,2025-06-25,BATCH-9325,2027-11-18,2025-06-25,
9326,7,54,43,25,2025-12-09,BATCH-9326,2028-09-03,2025-12-09,
9327,9,4304,76,54,2025-09-09,BATCH-9327,2026-11-27,2025-09-09,
9328,6,1689,38,24,2025-10-26,BATCH-9328,2028-10-01,2025-10-26,
9329,7,4164,65,47,2026-03-20,BATCH-9329,2028-11-28,2026-03-20,
9330,3,3613,79,19,2026-01-02,BATCH-9330,2027-12-02,2026-01-02,
9331,7,2695,38,52,2025-12-28,BATCH-9331,2028-10-06,2025-12-28,
9332,9,4814,40,37,2025-12-03,BATCH-9332,2028-12-19,2025-12-03,
9333,6,1636,14,59,2026-03-22,BATCH-9333,2027-09-21,2026-03-22,Below reorder level - reorder placed 2026-03-31
9334,6,4921,65,36,2025-12-29,BATCH-9334,2027-07-07,2025-12-29,
9335,8,1606,46,19,2026-05-20,BATCH-9335,2029-03-26,2026-05-20,
9336,11,3027,24,39,2025-10-30,BATCH-9336,2026-10-16,2025-10-30,
9337,10,3024,21,47,2026-04-13,BATCH-9337,2026-05-12,2026-04-13,Expiring in 0 days - flag for clearance
9338,6,3023,92,51,2025-08-10,BATCH-9338,2026-11-24,2025-08-10,Expiring in 75 days - monitor
9339,10,238,54,19,2026-07-01,BATCH-9339,2028-10-12,2026-07-01,
9340,6,3877,102,21,2026-07-01,BATCH-9340,2027-07-03,2026-07-01,
9341,2,178,97,16,2025-08-03,BATCH-9341,2029-09-08,2025-08-03,
9342,2,1096,93,26,2026-03-09,BATCH-9342,2026-01-07,2026-03-09,Expiring in 0 days - flag for clearance
9343,2,3175,45,31,2026-06-07,BATCH-9343,2026-10-03,2026-06-07,Expiring in 23 days - flag for clearance
9344,1,4310,102,29,2025-11-02,BATCH-9344,2028-05-10,2025-11-02,
9345,12,4325,30,48,2026-06-11,BATCH-9345,2028-02-21,2026-06-11,
9346,1,4867,22,41,2026-07-12,BATCH-9346,2028-06-08,2026-07-12,Below reorder level - reorder placed 2026-07-16
9347,12,2644,0,18,2026-04-13,BATCH-9347,2027-03-19,2026-04-13,
9348,10,3715,6,19,2025-11-15,BATCH-9348,2028-09-08,2025-11-15,Below reorder level - reorder placed 2025-11-27
9349,3,2580,39,33,2026-08-09,BATCH-9349,2027-04-04,2026-08-09,
9350,11,1147,55,58,2026-01-30,BATCH-9350,2027-08-14,2026-01-30,Below reorder level - reorder placed 2026-02-10
9351,9,1315,0,26,2025-10-05,BATCH-9351,2029-01-14,2025-10-05,
9352,6,3156,25,37,2025-09-09,BATCH-9352,2027-04-06,2025-09-09,Below reorder level - reorder placed 2025-09-14
9353,12,2661,76,34,2026-07-21,BATCH-9353,2026-11-12,2026-07-21,
9354,12,3314,32,15,2025-11-27,BATCH-9354,2027-04-23,2025-11-27,
9355,4,3643,5,29,2025-12-28,BATCH-9355,2029-08-24,2025-12-28,
9356,12,4493,43,35,2026-05-05,BATCH-9356,2028-07-29,2026-05-05,
9357,8,2577,4,24,2026-08-06,BATCH-9357,2026-09-14,2026-08-06,Expiring in 4 days - flag for clearance; Below reorder level - reorder placed 2026-08-12
9358,2,2140,41,51,2026-04-20,BATCH-9358,2029-04-23,2026-04-20,Below reorder level - reorder placed 2026-05-03
9359,11,585,32,15,2025-10-12,BATCH-9359,2026-09-22,2025-10-12,Expiring in 12 days - flag for clearance
9360,3,3449,18,39,2026-03-28,BATCH-9360,2028-10-20,2026-03-28,
9361,9,1645,13,24,2025-11-03,BATCH-9361,2028-07-02,2025-11-03,
9362,5,335,109,34,2026-05-19,BATCH-9362,2030-01-05,2026-05-19,
9363,9,1389,98,57,2026-07-15,BATCH-9363,2029-01-30,2026-07-15,
9364,8,1043,89,26,2026-04-12,BATCH-9364,2028-07-06,2026-04-12,
9365,6,3526,94,57,2026-06-25,BATCH-9365,2029-10-14,2026-06-25,
9366,9,3926,100,41,2025-10-14,BATCH-9366,2029-04-14,2025-10-14,
9367,4,4015,82,50,2025-06-01,BATCH-9367,2028-08-21,2025-06-01,
9368,9,3652,58,26,2025-06-09,BATCH-9368,2028-07-11,2025-06-09,
9369,8,3979,67,23,2026-07-18,BATCH-9369,2027-10-30,2026-07-18,
9370,8,174,33,29,2025-08-21,BATCH-9370,2028-11-25,2025-08-21,
9371,12,1121,89,53,2025-06-16,BATCH-9371,2029-07-05,2025-06-16,
9372,11,4693,5,47,2025-10-30,BATCH-9372,2026-05-14,2025-10-30,Expiring in 0 days - flag for clearance
9373,8,4181,71,59,2025-06-19,BATCH-9373,2028-05-26,2025-06-19,
9374,3,1559,48,19,2026-01-28,BATCH-9374,2027-07-23,2026-01-28,
9375,2,3501,68,55,2026-08-06,BATCH-9375,2028-08-19,2026-08-06,
9376,3,3156,100,17,2026-08-18,BATCH-9376,2027-04-06,2026-08-18,
9377,11,545,58,23,2026-07-03,BATCH-9377,2026-11-06,2026-07-03,Expiring in 57 days - monitor
9378,10,2233,63,52,2025-08-22,BATCH-9378,2026-07-31,2025-08-22,Expiring in 0 days - flag for clearance
9379,5,3299,87,39,2026-03-05,BATCH-9379,2026-12-15,2026-03-05,
9380,11,4338,66,46,2025-10-09,BATCH-9380,2028-01-26,2025-10-09,
9381,6,1418,5,29,2025-11-09,BATCH-9381,2028-05-27,2025-11-09,
9382,4,986,114,31,2025-09-20,BATCH-9382,2027-02-19,2025-09-20,
9383,2,2149,39,54,2025-11-28,BATCH-9383,2026-05-25,2025-11-28,Expiring in 0 days - flag for clearance
9384,4,3439,96,53,2025-10-20,BATCH-9384,2027-01-14,2025-10-20,
9385,6,3900,76,37,2025-12-21,BATCH-9385,2029-05-09,2025-12-21,
9386,2,129,101,30,2026-07-12,BATCH-9386,2027-09-02,2026-07-12,
9387,11,919,46,49,2025-08-31,BATCH-9387,2029-07-22,2025-08-31,Below reorder level - reorder placed 2025-09-08
9388,7,2085,80,32,2026-07-01,BATCH-9388,2028-03-19,2026-07-01,
9389,7,621,111,33,2026-08-02,BATCH-9389,2027-05-19,2026-08-02,
9390,1,1843,38,56,2025-08-08,BATCH-9390,2027-11-08,2025-08-08,Below reorder level - reorder placed 2025-08-20
9391,11,2518,113,46,2026-06-09,BATCH-9391,2029-03-08,2026-06-09,
9392,1,2581,35,28,2026-01-15,BATCH-9392,2028-08-10,2026-01-15,
9393,2,4076,11,28,2025-09-08,BATCH-9393,2029-10-26,2025-09-08,
9394,2,3041,30,39,2025-11-07,BATCH-9394,2028-05-04,2025-11-07,Below reorder level - reorder placed 2025-11-14
9395,4,2073,67,54,2026-05-07,BATCH-9395,2026-12-29,2026-05-07,
9396,5,3175,106,59,2026-07-20,BATCH-9396,2026-10-03,2026-07-20,Expiring in 23 days - flag for clearance
9397,12,1780,25,36,2026-03-23,BATCH-9397,2028-10-15,2026-03-23,
9398,9,3014,12,21,2026-03-23,BATCH-9398,2026-07-28,2026-03-23,Expiring in 0 days - flag for clearance
9399,3,276,40,25,2025-07-24,BATCH-9399,2029-10-26,2025-07-24,
9400,10,11,45,51,2026-07-30,BATCH-9400,2030-01-20,2026-07-30,Below reorder level - reorder placed 2026-08-03
9401,10,402,55,33,2025-09-19,BATCH-9401,2029-09-29,2025-09-19,
9402,1,4745,49,18,2025-11-25,BATCH-9402,2029-06-26,2025-11-25,
9403,2,2461,72,24,2025-10-31,BATCH-9403,2029-04-18,2025-10-31,
9404,6,4766,12,18,2025-10-09,BATCH-9404,2029-11-18,2025-10-09,Below reorder level - reorder placed 2025-10-14
9405,11,2645,106,37,2025-06-26,BATCH-9405,2029-07-06,2025-06-26,
9406,9,1529,43,44,2025-11-15,BATCH-9406,2027-02-25,2025-11-15,Below reorder level - reorder placed 2025-11-22
9407,5,3306,5,52,2025-12-10,BATCH-9407,2026-11-06,2025-12-10,Below reorder level - reorder placed 2025-12-13
9408,4,4288,31,26,2026-06-21,BATCH-9408,2028-10-17,2026-06-21,
9409,2,1563,49,20,2025-10-24,BATCH-9409,2026-12-07,2025-10-24,Expiring in 88 days - monitor
9410,4,241,23,32,2025-12-06,BATCH-9410,2029-02-14,2025-12-06,Below reorder level - reorder placed 2025-12-17
9411,2,4219,99,47,2025-09-16,BATCH-9411,2027-06-24,2025-09-16,
9412,6,4838,19,28,2026-03-17,BATCH-9412,2029-06-14,2026-03-17,Below reorder level - reorder placed 2026-03-20
9413,5,4411,6,18,2025-06-11,BATCH-9413,2027-02-24,2025-06-11,Below reorder level - reorder placed 2025-06-15
9414,5,3971,72,27,2025-08-29,BATCH-9414,2027-07-05,2025-08-29,
9415,1,3243,21,30,2025-06-15,BATCH-9415,2026-11-27,2025-06-15,Below reorder level - reorder placed 2025-06-19
9416,10,4916,33,45,2025-06-24,BATCH-9416,2026-06-28,2025-06-24,Expiring in 0 days - flag for clearance
9417,12,3884,6,37,2026-01-06,BATCH-9417,2026-09-27,2026-01-06,Expiring in 17 days - flag for clearance
9418,1,928,119,35,2025-07-09,BATCH-9418,2027-12-03,2025-07-09,
9419,9,3748,106,40,2025-07-12,BATCH-9419,2026-01-10,2025-07-12,Expiring in 0 days - flag for clearance
9420,8,2945,77,56,2026-03-30,BATCH-9420,2026-10-24,2026-03-30,
9421,8,3802,13,49,2026-07-25,BATCH-9421,2026-11-17,2026-07-25,Expiring in 68 days - monitor; Below reorder level - reorder placed 2026-07-30
9422,11,4775,17,56,2026-07-02,BATCH-9422,2027-08-05,2026-07-02,Below reorder level - reorder placed 2026-07-08
9423,10,429,104,31,2025-08-10,BATCH-9423,2027-10-27,2025-08-10,
9424,10,842,54,43,2025-11-23,BATCH-9424,2026-11-04,2025-11-23,
9425,11,952,81,52,2026-04-29,BATCH-9425,2027-06-28,2026-04-29,
9426,6,4613,84,51,2025-07-06,BATCH-9426,2026-12-31,2025-07-06,
9427,7,3684,87,51,2025-12-28,BATCH-9427,2029-03-10,2025-12-28,
9428,11,2764,36,51,2025-07-10,BATCH-9428,2027-05-17,2025-07-10,
9429,8,2288,31,43,2025-12-29,BATCH-9429,2026-08-15,2025-12-29,Expiring in 0 days - flag for clearance; Below reorder level - reorder placed 2026-01-08
9430,3,3137,81,45,2025-10-12,BATCH-9430,2026-04-17,2025-10-12,Expiring in 0 days - flag for clearance
9431,5,2096,70,19,2025-07-09,BATCH-9431,2026-06-30,2025-07-09,Expiring in 0 days - flag for clearance
9432,11,4628,59,41,2026-04-02,BATCH-9432,2028-11-29,2026-04-02,
9433,10,193,15,50,2025-08-10,BATCH-9433,2026-02-17,2025-08-10,Expiring in 0 days - flag for clearance; Below reorder level - reorder placed 2025-08-19
9434,12,374,118,31,2026-05-05,BATCH-9434,2029-01-19,2026-05-05,
9435,9,4203,28,23,2025-10-07,BATCH-9435,2027-11-16,2025-10-07,
9436,3,4518,73,26,2025-07-31,BATCH-9436,2026-10-02,2025-07-31,Expiring in 22 days - flag for clearance
9437,4,2228,100,29,2025-06-20,BATCH-9437,2026-05-30,2025-06-20,Expiring in 0 days - flag for clearance
9438,12,4504,38,37,2025-09-03,BATCH-9438,2029-08-24,2025-09-03,
9439,12,4900,21,48,2026-08-08,BATCH-9439,2030-01-15,2026-08-08,Below reorder level - reorder placed 2026-08-19
9440,3,3684,13,35,2025-10-03,BATCH-9440,2029-03-10,2025-10-03,Below reorder level - reorder placed 2025-10-07
9441,4,3355,14,23,2026-06-03,BATCH-9441,2026-01-12,2026-06-03,Expiring in 0 days - flag for clearance; Below reorder level - reorder placed 2026-06-07
9442,6,4941,89,16,2026-07-09,BATCH-9442,2027-04-25,2026-07-09,
9443,4,35,58,56,2025-10-23,BATCH-9443,2026-04-14,2025-10-23,Expiring in 0 days - flag for clearance
9444,7,4199,0,24,2026-01-05,BATCH-9444,2026-10-28,2026-01-05,Below reorder level - reorder placed 2026-01-17
9445,5,4531,11,22,2026-08-20,BATCH-9445,2028-03-26,2026-08-20,
9446,12,4386,46,26,2025-10-03,BATCH-9446,2028-10-04,2025-10-03,
9447,12,612,54,57,2026-06-07,BATCH-9447,2026-09-21,2026-06-07,Expiring in 11 days - flag for clearance; Below reorder level - reorder placed 2026-06-17
9448,10,2441,86,52,2026-02-23,BATCH-9448,2029-01-16,2026-02-23,
9449,10,121,106,23,2025-07-13,BATCH-9449,2026-01-03,2025-07-13,Expiring in 0 days - flag for clearance
9450,11,2812,60,49,2025-09-18,BATCH-9450,2029-04-15,2025-09-18,
9451,12,3068,70,53,2025-12-23,BATCH-9451,2028-03-27,2025-12-23,
9452,9,4259,81,22,2025-10-02,BATCH-9452,2029-01-09,2025-10-02,
9453,9,3246,39,37,2026-06-13,BATCH-9453,2029-04-05,2026-06-13,
9454,2,1339,88,58,2026-03-28,BATCH-9454,2028-03-31,2026-03-28,
9455,11,1470,27,19,2025-06-05,BATCH-9455,2026-12-15,2025-06-05,
9456,7,2490,67,28,2025-10-27,BATCH-9456,2029-09-22,2025-10-27,
9457,9,4277,109,31,2026-05-12,BATCH-9457,2027-02-02,2026-05-12,
9458,6,808,22,36,2026-07-22,BATCH-9458,2028-05-14,2026-07-22,
9459,2,1806,33,44,2025-12-21,BATCH-9459,2027-05-23,2025-12-21,
9460,10,85,1,19,2026-03-30,BATCH-9460,2027-08-09,2026-03-30,Below reorder level - reorder placed 2026-04-02
9461,1,3498,77,57,2026-06-10,BATCH-9461,2028-12-06,2026-06-10,
9462,4,1197,11,38,2025-12-31,BATCH-9462,2029-07-13,2025-12-31,Below reorder level - reorder placed 2026-01-07
9463,8,3321,1,43,2026-05-15,BATCH-9463,2027-04-16,2026-05-15,Below reorder level - reorder placed 2026-05-22
9464,5,585,38,47,2025-11-06,BATCH-9464,2026-09-22,2025-11-06,Expiring in 12 days - flag for clearance
9465,1,4372,36,33,2026-05-16,BATCH-9465,2026-12-28,2026-05-16,
9466,7,1432,31,55,2026-07-09,BATCH-9466,2027-05-24,2026-07-09,
9467,11,1549,20,24,2025-10-07,BATCH-9467,2026-03-02,2025-10-07,Expiring in 0 days - flag for clearance; Below reorder level - reorder placed 2025-10-13
9468,2,2587,102,29,2026-02-25,BATCH-9468,2028-01-19,2026-02-25,
9469,10,4964,109,35,2026-07-28,BATCH-9469,2026-09-25,2026-07-28,Expiring in 15 days - flag for clearance
9470,1,1090,26,56,2026-06-16,BATCH-9470,2029-01-02,2026-06-16,
9471,1,458,116,39,2026-04-23,BATCH-9471,2026-12-10,2026-04-23,
9472,1,3662,38,35,2026-09-02,BATCH-9472,2026-12-30,2026-09-02,
9473,11,1206,100,15,2025-09-17,BATCH-9473,2029-11-18,2025-09-17,
9474,5,578,42,37,2025-11-17,BATCH-9474,2029-04-13,2025-11-17,
9475,1,2578,84,31,2026-03-03,BATCH-9475,2026-04-01,2026-03-03,Expiring in 0 days - flag for clearance
9476,10,3412,15,28,2025-12-06,BATCH-9476,2029-06-07,2025-12-06,Below reorder level - reorder placed 2025-12-17
9477,7,4408,110,50,2026-03-19,BATCH-9477,2028-11-13,2026-03-19,
9478,11,4048,6,48,2025-11-29,BATCH-9478,2028-04-13,2025-11-29,Below reorder level - reorder placed 2025-12-07
9479,11,1217,47,35,2026-04-18,BATCH-9479,2027-12-16,2026-04-18,
9480,12,658,88,30,2026-06-14,BATCH-9480,2027-09-24,2026-06-14,
9481,1,1904,13,33,2025-12-22,BATCH-9481,2027-01-17,2025-12-22,
9482,8,1418,10,15,2026-07-18,BATCH-9482,2028-05-27,2026-07-18,
9483,8,3445,74,26,2026-07-26,BATCH-9483,2026-11-12,2026-07-26,
9484,11,2992,51,56,2026-03-26,BATCH-9484,2026-01-13,2026-03-26,Expiring in 0 days - flag for clearance
9485,11,4169,106,42,2025-11-25,BATCH-9485,2027-11-02,2025-11-25,
9486,5,1610,13,56,2026-04-15,BATCH-9486,2026-11-22,2026-04-15,
9487,1,1709,102,58,2026-02-24,BATCH-9487,2028-08-17,2026-02-24,
9488,10,412,99,42,2025-11-02,BATCH-9488,2028-12-07,2025-11-02,
9489,2,4930,40,43,2025-09-18,BATCH-9489,2028-09-16,2025-09-18,Below reorder level - reorder placed 2025-09-28
9490,11,2,98,39,2025-09-08,BATCH-9490,2026-08-08,2025-09-08,Expiring in 0 days - flag for clearance
9491,2,309,72,49,2026-03-06,BATCH-9491,2029-02-10,2026-03-06,
9492,12,424,1,59,2025-08-05,BATCH-9492,2028-04-11,2025-08-05,Below reorder level - reorder placed 2025-08-13
9493,4,4601,98,42,2026-01-29,BATCH-9493,2026-09-10,2026-01-29,Expiring in 0 days - flag for clearance
9494,5,2261,17,40,2025-10-05,BATCH-9494,2029-06-05,2025-10-05,Below reorder level - reorder placed 2025-10-12
9495,4,2992,1,48,2026-06-27,BATCH-9495,2026-01-13,2026-06-27,Expiring in 0 days - flag for clearance; Below reorder level - reorder placed 2026-07-07
9496,11,1217,13,37,2025-10-24,BATCH-9496,2027-12-16,2025-10-24,Below reorder level - reorder placed 2025-11-06
9497,1,1431,3,49,2026-02-10,BATCH-9497,2028-05-02,2026-02-10,Below reorder level - reorder placed 2026-02-16
9498,7,370,111,28,2025-08-11,BATCH-9498,2028-08-06,2025-08-11,
9499,8,2818,16,15,2026-01-27,BATCH-9499,2026-11-07,2026-01-27,
9500,9,4142,106,35,2025-08-04,BATCH-9500,2029-06-28,2025-08-04,
9501,12,1709,28,49,2026-01-02,BATCH-9501,2028-08-17,2026-01-02,Below reorder level - reorder placed 2026-01-08
9502,5,2109,50,40,2026-03-08,BATCH-9502,2027-03-05,2026-03-08,
9503,11,2474,114,54,2025-08-16,BATCH-9503,2028-08-11,2025-08-16,
9504,5,1330,91,36,2026-07-15,BATCH-9504,2026-10-04,2026-07-15,Expiring in 24 days - flag for clearance
9505,8,569,111,58,2026-02-26,BATCH-9505,2029-04-29,2026-02-26,
9506,10,2359,6,27,2026-03-26,BATCH-9506,2027-05-03,2026-03-26,Below reorder level - reorder placed 2026-03-31
9507,4,4055,80,36,2026-07-08,BATCH-9507,2029-09-25,2026-07-08,
9508,1,3869,28,46,2025-10-01,BATCH-9508,2026-01-02,2025-10-01,Expiring in 0 days - flag for clearance; Below reorder level - reorder placed 2025-10-04
9509,2,1224,95,55,2025-07-20,BATCH-9509,2027-06-09,2025-07-20,
9510,5,3720,74,57,2025-08-11,BATCH-9510,2027-01-07,2025-08-11,
9511,2,4235,111,55,2025-10-23,BATCH-9511,2029-05-20,2025-10-23,
9512,6,698,34,26,2025-07-09,BATCH-9512,2026-11-08,2025-07-09,
9513,4,203,35,30,2026-07-11,BATCH-9513,2027-11-21,2026-07-11,
9514,11,4050,48,54,2026-05-22,BATCH-9514,2028-05-03,2026-05-22,Below reorder level - reorder placed 2026-05-25
9515,9,348,85,29,2025-09-30,BATCH-9515,2027-07-12,2025-09-30,
9516,8,3090,4,43,2025-07-03,BATCH-9516,2029-06-08,2025-07-03,Below reorder level - reorder placed 2025-07-13
9517,12,1274,105,22,2026-03-18,BATCH-9517,2028-04-25,2026-03-18,
9518,10,533,96,38,2025-10-18,BATCH-9518,2025-12-18,2025-10-18,Expiring in 0 days - flag for clearance
9519,2,3746,71,29,2026-05-10,BATCH-9519,2026-03-05,2026-05-10,Expiring in 0 days - flag for clearance
9520,6,3918,70,28,2026-01-24,BATCH-9520,2028-07-21,2026-01-24,
9521,9,3503,6,57,2025-12-10,BATCH-9521,2029-12-16,2025-12-10,Below reorder level - reorder placed 2025-12-19
9522,8,4555,93,16,2025-10-22,BATCH-9522,2026-12-18,2025-10-22,
9523,6,4100,105,38,2025-07-10,BATCH-9523,2029-02-19,2025-07-10,
9524,1,3121,59,46,2025-11-16,BATCH-9524,2029-05-23,2025-11-16,
9525,8,758,110,46,2026-03-28,BATCH-9525,2029-10-27,2026-03-28,
9526,1,346,5,30,2025-06-26,BATCH-9526,2026-12-18,2025-06-26,Below reorder level - reorder placed 2025-07-05
9527,11,4540,30,35,2025-08-01,BATCH-9527,2026-06-09,2025-08-01,Expiring in 0 days - flag for clearance
9528,9,4117,45,17,2026-04-19,BATCH-9528,2028-08-13,2026-04-19,
9529,9,4686,116,54,2026-03-08,BATCH-9529,2028-03-12,2026-03-08,
9530,1,3294,115,18,2026-08-03,BATCH-9530,2028-01-07,2026-08-03,
9531,9,1500,21,24,2025-08-27,BATCH-9531,2028-11-18,2025-08-27,Below reorder level - reorder placed 2025-09-04
9532,2,4664,76,58,2026-04-13,BATCH-9532,2027-01-27,2026-04-13,
9533,8,3120,61,15,2026-03-05,BATCH-9533,2028-05-31,2026-03-05,
9534,9,4675,69,17,2025-11-11,BATCH-9534,2028-03-10,2025-11-11,
9535,7,549,41,55,2026-03-11,BATCH-9535,2028-07-26,2026-03-11,Below reorder level - reorder placed 2026-03-23
9536,3,4566,53,21,2026-07-26,BATCH-9536,2026-04-09,2026-07-26,Expiring in 0 days - flag for clearance
9537,2,2516,113,40,2025-11-25,BATCH-9537,2028-09-12,2025-11-25,
9538,2,2740,13,58,2026-01-01,BATCH-9538,2028-04-20,2026-01-01,
9539,11,2644,66,40,2025-06-21,BATCH-9539,2027-03-19,2025-06-21,
9540,4,707,27,28,2026-07-20,BATCH-9540,2028-02-26,2026-07-20,Below reorder level - reorder placed 2026-07-28
9541,5,2304,22,20,2025-07-23,BATCH-9541,2029-11-03,2025-07-23,
9542,7,2413,102,29,2025-07-23,BATCH-9542,2028-11-14,2025-07-23,
9543,9,2847,34,49,2025-11-05,BATCH-9543,2026-09-06,2025-11-05,Expiring in 0 days - flag for clearance; Below reorder level - reorder placed 2025-11-09
9544,9,3065,34,24,2025-12-13,BATCH-9544,2027-03-22,2025-12-13,
9545,9,1254,73,25,2026-01-12,BATCH-9545,2027-07-11,2026-01-12,
9546,10,2867,24,46,2026-03-07,BATCH-9546,2029-03-08,2026-03-07,Below reorder level - reorder placed 2026-03-15
9547,8,1914,95,42,2026-01-24,BATCH-9547,2025-12-19,2026-01-24,Expiring in 0 days - flag for clearance
9548,9,1567,63,19,2026-05-02,BATCH-9548,2026-06-12,2026-05-02,Expiring in 0 days - flag for clearance
9549,8,2088,16,39,2026-02-28,BATCH-9549,2029-09-13,2026-02-28,Below reorder level - reorder placed 2026-03-09
9550,2,3418,50,55,2025-06-28,BATCH-9550,2030-01-11,2025-06-28,Below reorder level - reorder placed 2025-07-01
9551,11,836,27,41,2025-11-15,BATCH-9551,2028-06-27,2025-11-15,Below reorder level - reorder placed 2025-11-26
9552,2,150,12,27,2025-08-24,BATCH-9552,2026-01-23,2025-08-24,Expiring in 0 days - flag for clearance
9553,8,480,23,52,2025-06-30,BATCH-9553,2029-06-02,2025-06-30,
9554,2,344,52,59,2025-07-05,BATCH-9554,2029-12-18,2025-07-05,Below reorder level - reorder placed 2025-07-18
9555,3,3683,26,35,2026-07-08,BATCH-9555,2027-03-15,2026-07-08,Below reorder level - reorder placed 2026-07-14
9556,7,4701,78,55,2026-06-11,BATCH-9556,2026-03-05,2026-06-11,Expiring in 0 days - flag for clearance
9557,4,365,106,25,2026-05-03,BATCH-9557,2029-02-25,2026-05-03,
9558,9,3187,43,38,2026-04-03,BATCH-9558,2026-09-06,2026-04-03,Expiring in 0 days - flag for clearance
9559,11,4022,90,56,2026-08-26,BATCH-9559,2029-04-06,2026-08-26,
9560,12,4534,47,40,2025-09-26,BATCH-9560,2029-01-14,2025-09-26,
9561,10,3724,64,22,2026-06-26,BATCH-9561,2026-11-23,2026-06-26,
9562,12,1964,98,18,2026-03-04,BATCH-9562,2028-08-13,2026-03-04,
9563,10,4936,51,27,2025-06-05,BATCH-9563,2027-08-04,2025-06-05,
9564,8,2797,93,53,2025-12-05,BATCH-9564,2027-07-23,2025-12-05,
9565,5,70,19,45,2025-08-24,BATCH-9565,2029-07-01,2025-08-24,
9566,11,1813,99,43,2026-04-20,BATCH-9566,2026-02-18,2026-04-20,Expiring in 0 days - flag for clearance
9567,4,4720,79,58,2026-08-17,BATCH-9567,2028-02-03,2026-08-17,
9568,2,4784,4,19,2026-07-26,BATCH-9568,2026-09-21,2026-07-26,Expiring in 11 days - flag for clearance; Below reorder level - reorder placed 2026-08-04
9569,10,2316,67,52,2025-11-22,BATCH-9569,2026-01-28,2025-11-22,Expiring in 0 days - flag for clearance
9570,2,119,47,26,2026-09-02,BATCH-9570,2029-03-26,2026-09-02,
9571,4,4078,77,20,2026-02-18,BATCH-9571,2027-10-29,2026-02-18,
9572,4,1976,4,27,2025-06-07,BATCH-9572,2027-09-25,2025-06-07,Below reorder level - reorder placed 2025-06-20
9573,5,341,73,31,2026-05-28,BATCH-9573,2028-02-13,2026-05-28,
9574,2,1862,115,39,2026-04-03,BATCH-9574,2026-09-20,2026-04-03,Expiring in 10 days - flag for clearance
9575,5,987,104,22,2026-03-31,BATCH-9575,2027-02-03,2026-03-31,
9576,2,2427,111,58,2026-02-06,BATCH-9576,2029-01-02,2026-02-06,
9577,2,2900,45,51,2025-09-30,BATCH-9577,2026-11-05,2025-09-30,Below reorder level - reorder placed 2025-10-12
9578,11,596,10,18,2025-06-01,BATCH-9578,2029-05-19,2025-06-01,
9579,3,4080,114,21,2026-04-14,BATCH-9579,2026-11-25,2026-04-14,Expiring in 76 days - monitor
9580,2,2786,21,47,2026-05-12,BATCH-9580,2026-11-12,2026-05-12,Below reorder level - reorder placed 2026-05-16
9581,3,4718,12,26,2026-05-08,BATCH-9581,2027-03-26,2026-05-08,
9582,9,3352,40,51,2026-07-07,BATCH-9582,2028-06-08,2026-07-07,Below reorder level - reorder placed 2026-07-19
9583,10,3299,61,22,2025-08-28,BATCH-9583,2026-12-15,2025-08-28,
9584,2,287,110,26,2026-05-18,BATCH-9584,2028-11-01,2026-05-18,
9585,9,1651,37,39,2026-06-24,BATCH-9585,2027-04-12,2026-06-24,Below reorder level - reorder placed 2026-07-07
9586,7,1230,24,35,2025-07-07,BATCH-9586,2028-01-19,2025-07-07,Below reorder level - reorder placed 2025-07-19
9587,1,4992,74,46,2025-08-02,BATCH-9587,2026-11-13,2025-08-02,Expiring in 64 days - monitor
9588,1,485,79,42,2026-08-19,BATCH-9588,2028-11-05,2026-08-19,
9589,2,4578,27,27,2025-08-08,BATCH-9589,2028-09-19,2025-08-08,
9590,1,2554,110,42,2025-06-30,BATCH-9590,2028-09-20,2025-06-30,
9591,12,3549,84,34,2025-12-08,BATCH-9591,2029-02-19,2025-12-08,
9592,11,2343,8,58,2025-11-18,BATCH-9592,2027-09-27,2025-11-18,Below reorder level - reorder placed 2025-11-22
9593,9,2211,69,29,2025-09-30,BATCH-9593,2026-11-16,2025-09-30,Expiring in 67 days - monitor
9594,8,4547,17,28,2025-08-05,BATCH-9594,2026-07-12,2025-08-05,Expiring in 0 days - flag for clearance; Below reorder level - reorder placed 2025-08-13
9595,9,2612,92,22,2026-02-06,BATCH-9595,2029-04-09,2026-02-06,
9596,3,1922,25,40,2025-11-23,BATCH-9596,2026-09-28,2025-11-23,Expiring in 18 days - flag for clearance; Below reorder level - reorder placed 2025-12-03
9597,4,2685,37,24,2025-12-25,BATCH-9597,2026-12-11,2025-12-25,
9598,6,1639,110,45,2026-09-03,BATCH-9598,2028-01-11,2026-09-03,
9599,3,2815,15,23,2025-07-08,BATCH-9599,2029-04-13,2025-07-08,Below reorder level - reorder placed 2025-07-13
9600,8,3148,71,20,2026-07-10,BATCH-9600,2027-02-19,2026-07-10,
9601,8,1597,45,22,2026-03-30,BATCH-9601,2026-05-07,2026-03-30,Expiring in 0 days - flag for clearance
9602,7,1116,91,59,2025-12-08,BATCH-9602,2026-11-05,2025-12-08,
9603,3,1448,86,54,2026-08-18,BATCH-9603,2029-10-15,2026-08-18,
9604,10,495,106,48,2025-09-30,BATCH-9604,2026-12-02,2025-09-30,Expiring in 83 days - monitor
9605,10,4986,47,21,2026-02-23,BATCH-9605,2028-02-01,2026-02-23,
9606,6,2981,30,32,2026-04-11,BATCH-9606,2029-03-06,2026-04-11,Below reorder level - reorder placed 2026-04-17
9607,4,2346,2,33,2026-08-22,BATCH-9607,2028-01-28,2026-08-22,
9608,8,362,15,45,2025-12-15,BATCH-9608,2029-06-14,2025-12-15,Below reorder level - reorder placed 2025-12-21
9609,10,2856,12,30,2026-08-10,BATCH-9609,2027-04-04,2026-08-10,Below reorder level - reorder placed 2026-08-21
9610,6,1730,68,43,2026-05-20,BATCH-9610,2026-04-25,2026-05-20,Expiring in 0 days - flag for clearance
9611,11,2717,23,36,2025-06-19,BATCH-9611,2026-11-07,2025-06-19,Below reorder level - reorder placed 2025-06-22
9612,7,3964,116,36,2026-07-02,BATCH-9612,2028-12-17,2026-07-02,
9613,7,3218,72,56,2025-08-10,BATCH-9613,2026-07-01,2025-08-10,Expiring in 0 days - flag for clearance
9614,8,1466,78,55,2025-08-14,BATCH-9614,2027-02-04,2025-08-14,
9615,7,4714,5,26,2026-07-29,BATCH-9615,2027-07-21,2026-07-29,Below reorder level - reorder placed 2026-08-06
9616,3,3237,87,30,2026-02-25,BATCH-9616,2029-08-17,2026-02-25,
9617,9,1150,107,56,2025-12-11,BATCH-9617,2026-10-07,2025-12-11,Expiring in 27 days - flag for clearance
9618,6,4152,100,26,2026-03-04,BATCH-9618,2029-11-16,2026-03-04,
9619,4,1645,97,37,2025-12-14,BATCH-9619,2028-07-02,2025-12-14,
9620,4,1035,65,31,2025-08-26,BATCH-9620,2027-01-04,2025-08-26,
9621,5,857,4,46,2025-11-18,BATCH-9621,2027-11-18,2025-11-18,Below reorder level - reorder placed 2025-11-30
9622,5,408,91,23,2025-10-03,BATCH-9622,2028-12-25,2025-10-03,
9623,10,2190,104,36,2026-06-25,BATCH-9623,2026-12-10,2026-06-25,
9624,3,822,107,34,2025-10-28,BATCH-9624,2028-06-14,2025-10-28,
9625,3,3348,95,17,2026-07-08,BATCH-9625,2026-11-20,2026-07-08,Expiring in 71 days - monitor
9626,11,209,17,33,2026-06-10,BATCH-9626,2026-12-15,2026-06-10,
9627,3,1103,104,18,2025-11-08,BATCH-9627,2029-08-15,2025-11-08,
9628,2,1919,42,42,2026-06-17,BATCH-9628,2029-01-12,2026-06-17,
9629,2,350,64,25,2026-05-06,BATCH-9629,2028-09-29,2026-05-06,
9630,8,3443,31,21,2026-06-17,BATCH-9630,2027-12-14,2026-06-17,
9631,6,2888,28,45,2025-09-18,BATCH-9631,2028-06-09,2025-09-18,
9632,1,3221,83,34,2026-04-30,BATCH-9632,2029-12-15,2026-04-30,
9633,7,4802,4,55,2026-01-30,BATCH-9633,2028-08-30,2026-01-30,Below reorder level - reorder placed 2026-02-06
9634,9,1328,8,40,2026-08-14,BATCH-9634,2028-02-17,2026-08-14,Below reorder level - reorder placed 2026-08-17
9635,7,1871,22,24,2026-05-20,BATCH-9635,2029-02-18,2026-05-20,
9636,1,2490,106,52,2025-08-28,BATCH-9636,2029-09-22,2025-08-28,
9637,4,3135,93,31,2025-09-04,BATCH-9637,2029-12-03,2025-09-04,
9638,7,2462,96,49,2026-08-16,BATCH-9638,2026-11-25,2026-08-16,Expiring in 76 days - monitor
9639,10,2463,14,24,2025-08-04,BATCH-9639,2027-10-20,2025-08-04,
9640,1,3036,55,36,2025-10-25,BATCH-9640,2028-04-02,2025-10-25,
9641,10,2237,57,35,2026-02-07,BATCH-9641,2026-06-02,2026-02-07,Expiring in 0 days - flag for clearance
9642,7,1933,54,45,2026-04-25,BATCH-9642,2029-12-24,2026-04-25,
9643,1,1930,109,32,2025-11-02,BATCH-9643,2027-06-19,2025-11-02,
9644,3,778,83,27,2026-01-26,BATCH-9644,2026-04-13,2026-01-26,Expiring in 0 days - flag for clearance
9645,12,1735,48,27,2026-04-05,BATCH-9645,2026-04-27,2026-04-05,Expiring in 0 days - flag for clearance
9646,11,1506,46,15,2026-05-26,BATCH-9646,2029-07-21,2026-05-26,
9647,9,1797,66,38,2026-04-02,BATCH-9647,2029-04-30,2026-04-02,
9648,3,3387,88,24,2026-01-26,BATCH-9648,2027-10-06,2026-01-26,
9649,10,328,1,49,2025-06-12,BATCH-9649,2026-01-16,2025-06-12,Expiring in 0 days - flag for clearance; Below reorder level - reorder placed 2025-06-17
9650,10,3093,6,16,2026-07-19,BATCH-9650,2029-12-14,2026-07-19,Below reorder level - reorder placed 2026-07-25
9651,2,4647,104,58,2026-01-09,BATCH-9651,2028-07-08,2026-01-09,
9652,4,1756,60,22,2026-05-25,BATCH-9652,2028-08-05,2026-05-25,
9653,6,4308,32,16,2026-02-07,BATCH-9653,2026-09-07,2026-02-07,Expiring in 0 days - flag for clearance
9654,3,2627,0,51,2026-05-17,BATCH-9654,2026-12-10,2026-05-17,Below reorder level - reorder placed 2026-05-25
9655,3,3999,23,24,2025-06-26,BATCH-9655,2026-12-23,2025-06-26,
9656,11,4283,59,40,2026-08-07,BATCH-9656,2026-08-29,2026-08-07,Expiring in 0 days - flag for clearance
9657,2,4435,31,23,2025-09-14,BATCH-9657,2026-09-20,2025-09-14,Expiring in 10 days - flag for clearance
9658,1,3748,118,50,2026-02-16,BATCH-9658,2026-01-10,2026-02-16,Expiring in 0 days - flag for clearance
9659,10,4411,62,28,2026-03-15,BATCH-9659,2027-02-24,2026-03-15,
9660,7,2860,14,18,2026-01-29,BATCH-9660,2026-09-08,2026-01-29,Expiring in 0 days - flag for clearance; Below reorder level - reorder placed 2026-02-08
9661,5,1326,0,38,2026-01-16,BATCH-9661,2029-10-20,2026-01-16,
9662,8,1072,36,36,2025-07-19,BATCH-9662,2028-10-12,2025-07-19,
9663,9,3100,96,46,2025-09-28,BATCH-9663,2029-08-22,2025-09-28,
9664,3,2944,78,51,2026-04-30,BATCH-9664,2027-06-14,2026-04-30,
9665,6,1541,22,20,2026-02-14,BATCH-9665,2026-01-23,2026-02-14,Expiring in 0 days - flag for clearance
9666,9,3657,19,26,2026-08-19,BATCH-9666,2029-01-10,2026-08-19,
9667,2,4851,114,41,2025-08-07,BATCH-9667,2027-03-23,2025-08-07,
9668,9,4164,60,49,2025-10-15,BATCH-9668,2028-11-28,2025-10-15,
9669,8,475,71,56,2025-08-05,BATCH-9669,2029-09-27,2025-08-05,
9670,1,1030,107,43,2026-02-12,BATCH-9670,2026-08-11,2026-02-12,Expiring in 0 days - flag for clearance
9671,3,4127,78,54,2025-07-12,BATCH-9671,2029-03-29,2025-07-12,
9672,6,1179,109,22,2026-07-05,BATCH-9672,2028-06-19,2026-07-05,
9673,5,2423,6,16,2025-09-18,BATCH-9673,2028-03-25,2025-09-18,Below reorder level - reorder placed 2025-09-30
9674,7,2595,30,19,2026-02-13,BATCH-9674,2028-02-04,2026-02-13,
9675,11,3932,118,59,2026-05-19,BATCH-9675,2030-01-08,2026-05-19,
9676,2,1859,48,15,2025-09-23,BATCH-9676,2029-12-31,2025-09-23,
9677,9,671,118,59,2026-06-10,BATCH-9677,2029-01-17,2026-06-10,
9678,3,2473,80,24,2026-07-31,BATCH-9678,2026-01-19,2026-07-31,Expiring in 0 days - flag for clearance
9679,9,2249,118,44,2025-08-16,BATCH-9679,2028-10-01,2025-08-16,
9680,8,4259,65,51,2025-08-03,BATCH-9680,2029-01-09,2025-08-03,
9681,5,3732,26,32,2025-09-30,BATCH-9681,2026-12-10,2025-09-30,Below reorder level - reorder placed 2025-10-12
9682,9,494,59,45,2026-07-10,BATCH-9682,2026-11-09,2026-07-10,
9683,7,2423,6,58,2026-03-18,BATCH-9683,2028-03-25,2026-03-18,
9684,4,719,37,17,2025-06-26,BATCH-9684,2028-10-06,2025-06-26,
9685,11,3838,55,21,2026-08-08,BATCH-9685,2027-05-10,2026-08-08,
9686,8,1802,107,49,2026-03-31,BATCH-9686,2026-08-27,2026-03-31,Expiring in 0 days - flag for clearance
9687,8,2866,28,34,2026-06-15,BATCH-9687,2026-12-10,2026-06-15,
9688,4,2458,13,54,2025-08-13,BATCH-9688,2028-05-22,2025-08-13,Below reorder level - reorder placed 2025-08-23
9689,9,60,39,20,2026-01-30,BATCH-9689,2026-10-26,2026-01-30,Expiring in 46 days - monitor
9690,12,1691,47,37,2026-08-26,BATCH-9690,2029-08-14,2026-08-26,
9691,5,2612,117,38,2025-12-11,BATCH-9691,2029-04-09,2025-12-11,
9692,11,255,1,57,2025-08-17,BATCH-9692,2028-11-17,2025-08-17,Below reorder level - reorder placed 2025-08-23
9693,1,1278,48,55,2026-03-25,BATCH-9693,2026-04-08,2026-03-25,Expiring in 0 days - flag for clearance; Below reorder level - reorder placed 2026-03-30
9694,4,978,105,32,2026-03-09,BATCH-9694,2026-09-27,2026-03-09,Expiring in 17 days - flag for clearance
9695,11,1613,85,19,2025-08-22,BATCH-9695,2028-03-29,2025-08-22,
9696,11,2428,96,44,2025-10-02,BATCH-9696,2029-11-24,2025-10-02,
9697,9,785,44,55,2026-06-14,BATCH-9697,2026-08-08,2026-06-14,Expiring in 0 days - flag for clearance
9698,1,955,37,40,2025-09-12,BATCH-9698,2028-03-11,2025-09-12,
9699,7,2738,64,16,2025-07-04,BATCH-9699,2027-06-24,2025-07-04,
9700,11,2557,0,19,2026-04-15,BATCH-9700,2029-04-27,2026-04-15,Below reorder level - reorder placed 2026-04-27
9701,8,2878,90,35,2025-11-27,BATCH-9701,2029-01-04,2025-11-27,
9702,8,1847,79,36,2026-08-26,BATCH-9702,2025-12-22,2026-08-26,Expiring in 0 days - flag for clearance
9703,11,1570,82,47,2025-10-30,BATCH-9703,2029-07-05,2025-10-30,
9704,10,5,3,16,2026-05-23,BATCH-9704,2027-01-05,2026-05-23,
9705,5,900,1,53,2025-07-12,BATCH-9705,2026-06-03,2025-07-12,Expiring in 0 days - flag for clearance
9706,3,2611,6,42,2026-08-22,BATCH-9706,2027-01-06,2026-08-22,
9707,6,3140,107,53,2026-08-16,BATCH-9707,2026-04-15,2026-08-16,Expiring in 0 days - flag for clearance
9708,2,4547,46,40,2025-09-21,BATCH-9708,2026-07-12,2025-09-21,Expiring in 0 days - flag for clearance
9709,9,4516,17,22,2026-01-12,BATCH-9709,2027-05-18,2026-01-12,Below reorder level - reorder placed 2026-01-24
9710,2,512,79,55,2026-02-23,BATCH-9710,2026-01-08,2026-02-23,Expiring in 0 days - flag for clearance
9711,8,3932,102,26,2025-06-26,BATCH-9711,2030-01-08,2025-06-26,
9712,1,2951,78,38,2025-08-12,BATCH-9712,2026-05-25,2025-08-12,Expiring in 0 days - flag for clearance
9713,7,1557,7,57,2026-02-20,BATCH-9713,2029-03-14,2026-02-20,Below reorder level - reorder placed 2026-03-05
9714,1,2261,72,31,2026-04-07,BATCH-9714,2029-06-05,2026-04-07,
9715,5,2978,81,53,2025-09-27,BATCH-9715,2029-09-09,2025-09-27,
9716,5,1715,97,58,2026-06-02,BATCH-9716,2029-02-03,2026-06-02,
9717,10,1446,89,28,2026-04-16,BATCH-9717,2029-10-15,2026-04-16,
9718,8,2731,104,59,2026-04-23,BATCH-9718,2029-04-21,2026-04-23,
9719,1,568,100,47,2026-01-28,BATCH-9719,2028-06-13,2026-01-28,
9720,11,3422,74,19,2025-09-15,BATCH-9720,2028-08-26,2025-09-15,
9721,8,976,57,51,2025-07-29,BATCH-9721,2026-03-19,2025-07-29,Expiring in 0 days - flag for clearance
9722,1,2359,38,24,2025-07-25,BATCH-9722,2027-05-03,2025-07-25,
9723,4,4482,61,55,2025-10-13,BATCH-9723,2026-02-05,2025-10-13,Expiring in 0 days - flag for clearance
9724,5,2178,1,40,2025-08-25,BATCH-9724,2029-11-23,2025-08-25,Below reorder level - reorder placed 2025-08-28
9725,5,2696,29,39,2026-08-15,BATCH-9725,2029-07-13,2026-08-15,Below reorder level - reorder placed 2026-08-21
9726,6,3179,91,37,2025-10-26,BATCH-9726,2026-10-10,2025-10-26,Expiring in 30 days - monitor
9727,5,1885,12,35,2025-12-13,BATCH-9727,2028-07-23,2025-12-13,
9728,9,3153,14,40,2026-03-21,BATCH-9728,2026-12-14,2026-03-21,
9729,4,3814,62,57,2025-09-30,BATCH-9729,2029-01-14,2025-09-30,
9730,12,4037,26,26,2025-06-10,BATCH-9730,2026-10-02,2025-06-10,Expiring in 22 days - flag for clearance
9731,2,3127,86,34,2025-08-28,BATCH-9731,2028-04-01,2025-08-28,
9732,4,939,28,57,2025-11-28,BATCH-9732,2027-05-22,2025-11-28,Below reorder level - reorder placed 2025-12-01
9733,3,706,0,25,2026-06-25,BATCH-9733,2026-08-04,2026-06-25,Expiring in 0 days - flag for clearance; Below reorder level - reorder placed 2026-07-04
9734,8,688,39,48,2025-12-23,BATCH-9734,2026-12-01,2025-12-23,Below reorder level - reorder placed 2025-12-31
9735,2,3521,11,31,2026-03-03,BATCH-9735,2027-07-23,2026-03-03,Below reorder level - reorder placed 2026-03-07
9736,9,905,70,22,2026-03-02,BATCH-9736,2027-06-26,2026-03-02,
9737,4,2077,7,49,2026-01-09,BATCH-9737,2027-07-13,2026-01-09,Below reorder level - reorder placed 2026-01-14
9738,6,892,6,46,2026-04-01,BATCH-9738,2027-04-18,2026-04-01,Below reorder level - reorder placed 2026-04-11
9739,11,406,84,54,2026-04-12,BATCH-9739,2026-12-27,2026-04-12,
9740,11,961,57,33,2025-08-20,BATCH-9740,2026-01-24,2025-08-20,Expiring in 0 days - flag for clearance
9741,8,3651,108,22,2026-02-17,BATCH-9741,2028-11-28,2026-02-17,
9742,8,4249,90,34,2026-08-02,BATCH-9742,2029-07-12,2026-08-02,
9743,5,2562,40,54,2026-05-31,BATCH-9743,2029-04-18,2026-05-31,Below reorder level - reorder placed 2026-06-07
9744,8,885,21,30,2026-07-07,BATCH-9744,2028-03-11,2026-07-07,
9745,12,4612,84,33,2025-06-13,BATCH-9745,2028-09-09,2025-06-13,
9746,10,170,18,17,2026-06-28,BATCH-9746,2027-10-12,2026-06-28,
9747,7,4735,109,34,2025-10-22,BATCH-9747,2027-11-14,2025-10-22,
9748,3,3379,101,33,2025-12-02,BATCH-9748,2027-08-04,2025-12-02,
9749,10,485,33,24,2026-03-02,BATCH-9749,2028-11-05,2026-03-02,
9750,7,3905,46,39,2026-01-03,BATCH-9750,2028-12-07,2026-01-03,
9751,10,489,66,32,2026-07-01,BATCH-9751,2027-05-04,2026-07-01,
9752,2,1249,66,42,2025-07-02,BATCH-9752,2026-06-06,2025-07-02,Expiring in 0 days - flag for clearance
9753,11,322,67,33,2026-04-12,BATCH-9753,2026-09-02,2026-04-12,Expiring in 0 days - flag for clearance
9754,12,3755,43,50,2026-01-22,BATCH-9754,2026-10-15,2026-01-22,Below reorder level - reorder placed 2026-01-28
9755,10,305,91,53,2026-09-02,BATCH-9755,2028-09-16,2026-09-02,
9756,5,106,100,59,2026-07-15,BATCH-9756,2026-03-09,2026-07-15,Expiring in 0 days - flag for clearance
9757,11,4838,103,16,2026-06-03,BATCH-9757,2029-06-14,2026-06-03,
9758,4,4815,91,42,2026-05-02,BATCH-9758,2027-05-09,2026-05-02,
9759,8,302,57,53,2026-03-12,BATCH-9759,2028-07-01,2026-03-12,
9760,6,3696,110,29,2025-08-27,BATCH-9760,2026-11-18,2025-08-27,
9761,9,3668,41,57,2025-11-14,BATCH-9761,2029-03-05,2025-11-14,Below reorder level - reorder placed 2025-11-17
9762,4,3675,75,52,2026-03-15,BATCH-9762,2026-03-12,2026-03-15,Expiring in 0 days - flag for clearance
9763,5,767,37,31,2025-10-22,BATCH-9763,2027-05-24,2025-10-22,
9764,11,3684,49,51,2025-11-27,BATCH-9764,2029-03-10,2025-11-27,Below reorder level - reorder placed 2025-12-05
9765,2,2792,48,36,2025-08-24,BATCH-9765,2026-01-29,2025-08-24,Expiring in 0 days - flag for clearance
9766,12,1814,113,29,2025-08-14,BATCH-9766,2026-09-26,2025-08-14,Expiring in 16 days - flag for clearance
9767,6,4681,10,55,2025-10-22,BATCH-9767,2027-09-19,2025-10-22,Below reorder level - reorder placed 2025-11-03
9768,5,4784,55,26,2026-02-07,BATCH-9768,2026-09-21,2026-02-07,Expiring in 11 days - flag for clearance
9769,4,2558,118,15,2025-06-04,BATCH-9769,2025-12-31,2025-06-04,Expiring in 0 days - flag for clearance
9770,1,1755,0,40,2025-08-12,BATCH-9770,2026-10-23,2025-08-12,Expiring in 43 days - monitor; Below reorder level - reorder placed 2025-08-23
9771,5,2640,67,39,2026-04-14,BATCH-9771,2026-10-21,2026-04-14,Expiring in 41 days - monitor
9772,4,554,45,46,2026-06-19,BATCH-9772,2028-03-12,2026-06-19,Below reorder level - reorder placed 2026-06-24
9773,3,3763,49,17,2026-05-28,BATCH-9773,2026-12-07,2026-05-28,
9774,9,3836,31,58,2025-08-09,BATCH-9774,2027-05-19,2025-08-09,Below reorder level - reorder placed 2025-08-13
9775,7,1948,4,53,2026-02-16,BATCH-9775,2029-01-29,2026-02-16,Below reorder level - reorder placed 2026-02-25
9776,5,4226,60,41,2026-06-01,BATCH-9776,2029-04-08,2026-06-01,
9777,5,3111,3,54,2026-06-05,BATCH-9777,2026-09-16,2026-06-05,Expiring in 6 days - flag for clearance; Below reorder level - reorder placed 2026-06-12
9778,10,2254,108,46,2025-10-26,BATCH-9778,2026-01-06,2025-10-26,Expiring in 0 days - flag for clearance
9779,9,3451,48,47,2025-11-26,BATCH-9779,2027-11-13,2025-11-26,
9780,9,3357,42,45,2026-02-09,BATCH-9780,2026-11-18,2026-02-09,Below reorder level - reorder placed 2026-02-14
9781,10,872,47,52,2026-01-04,BATCH-9781,2028-06-28,2026-01-04,Below reorder level - reorder placed 2026-01-11
9782,1,3877,96,21,2025-12-18,BATCH-9782,2027-07-03,2025-12-18,
9783,12,4845,62,47,2026-05-22,BATCH-9783,2027-12-19,2026-05-22,
9784,10,1684,14,54,2026-03-05,BATCH-9784,2026-07-21,2026-03-05,Expiring in 0 days - flag for clearance; Below reorder level - reorder placed 2026-03-16
9785,2,36,7,47,2026-07-27,BATCH-9785,2026-07-24,2026-07-27,Expiring in 0 days - flag for clearance; Below reorder level - reorder placed 2026-07-30
9786,10,3963,116,42,2025-07-20,BATCH-9786,2026-05-27,2025-07-20,Expiring in 0 days - flag for clearance
9787,5,2848,32,46,2026-08-21,BATCH-9787,2030-01-11,2026-08-21,
9788,8,65,113,23,2025-07-06,BATCH-9788,2026-03-09,2025-07-06,Expiring in 0 days - flag for clearance
9789,9,3681,19,32,2026-03-31,BATCH-9789,2027-04-05,2026-03-31,
9790,4,3771,88,30,2026-03-30,BATCH-9790,2027-08-27,2026-03-30,
9791,2,1557,97,53,2026-07-24,BATCH-9791,2029-03-14,2026-07-24,
9792,7,344,62,51,2026-06-21,BATCH-9792,2029-12-18,2026-06-21,
9793,3,1015,72,39,2025-09-30,BATCH-9793,2028-02-19,2025-09-30,
9794,8,4809,43,47,2025-08-16,BATCH-9794,2026-05-14,2025-08-16,Expiring in 0 days - flag for clearance; Below reorder level - reorder placed 2025-08-22
9795,6,1495,15,35,2025-06-24,BATCH-9795,2028-04-20,2025-06-24,
9796,12,1399,12,25,2025-12-13,BATCH-9796,2029-12-02,2025-12-13,Below reorder level - reorder placed 2025-12-26
9797,3,1876,114,37,2025-07-16,BATCH-9797,2029-07-12,2025-07-16,
9798,10,2010,5,35,2026-01-22,BATCH-9798,2026-05-28,2026-01-22,Expiring in 0 days - flag for clearance; Below reorder level - reorder placed 2026-01-26
9799,3,4714,119,53,2025-07-19,BATCH-9799,2027-07-21,2025-07-19,
9800,8,1095,73,25,2025-10-13,BATCH-9800,2029-12-22,2025-10-13,
9801,6,1802,115,47,2026-03-25,BATCH-9801,2026-08-27,2026-03-25,Expiring in 0 days - flag for clearance
9802,10,235,27,46,2025-12-01,BATCH-9802,2025-12-17,2025-12-01,Expiring in 0 days - flag for clearance; Below reorder level - reorder placed 2025-12-09
9803,8,2083,37,55,2025-12-10,BATCH-9803,2028-03-06,2025-12-10,Below reorder level - reorder placed 2025-12-16
9804,4,872,76,27,2025-11-11,BATCH-9804,2028-06-28,2025-11-11,
9805,2,1341,49,54,2026-07-12,BATCH-9805,2028-03-18,2026-07-12,
9806,4,4004,74,45,2026-08-06,BATCH-9806,2026-10-23,2026-08-06,
9807,1,284,90,59,2025-10-23,BATCH-9807,2028-10-27,2025-10-23,
9808,2,3722,117,43,2026-04-15,BATCH-9808,2026-12-05,2026-04-15,Expiring in 86 days - monitor
9809,6,877,55,34,2026-05-28,BATCH-9809,2028-05-26,2026-05-28,
9810,8,2632,54,46,2026-01-31,BATCH-9810,2028-11-12,2026-01-31,
9811,8,3303,85,46,2026-05-05,BATCH-9811,2028-06-18,2026-05-05,
9812,5,23,25,35,2026-05-28,BATCH-9812,2025-12-29,2026-05-28,Expiring in 0 days - flag for clearance
9813,5,1811,29,16,2025-10-07,BATCH-9813,2026-01-12,2025-10-07,Expiring in 0 days - flag for clearance
9814,7,1169,45,15,2025-11-04,BATCH-9814,2027-08-16,2025-11-04,
9815,5,2424,51,54,2025-10-02,BATCH-9815,2028-06-01,2025-10-02,
9816,1,1516,118,24,2025-08-22,BATCH-9816,2027-01-08,2025-08-22,
9817,10,2514,118,19,2026-01-10,BATCH-9817,2028-01-19,2026-01-10,
9818,11,2123,118,28,2026-08-13,BATCH-9818,2026-12-23,2026-08-13,
9819,8,1306,84,41,2026-04-16,BATCH-9819,2029-10-01,2026-04-16,
9820,8,4303,72,24,2025-12-16,BATCH-9820,2027-01-02,2025-12-16,
9821,3,2182,109,45,2026-07-15,BATCH-9821,2027-04-04,2026-07-15,
9822,12,2871,75,53,2025-11-24,BATCH-9822,2028-11-23,2025-11-24,
9823,5,1617,78,43,2026-03-30,BATCH-9823,2026-09-22,2026-03-30,Expiring in 12 days - flag for clearance
9824,3,3067,81,27,2026-03-14,BATCH-9824,2027-08-12,2026-03-14,
9825,9,3705,6,48,2026-01-09,BATCH-9825,2027-04-26,2026-01-09,Below reorder level - reorder placed 2026-01-12
9826,8,4042,92,22,2025-06-21,BATCH-9826,2026-05-20,2025-06-21,Expiring in 0 days - flag for clearance
9827,10,3984,25,57,2025-12-04,BATCH-9827,2028-09-12,2025-12-04,Below reorder level - reorder placed 2025-12-14
9828,11,1783,21,26,2026-03-25,BATCH-9828,2027-12-07,2026-03-25,Below reorder level - reorder placed 2026-04-07
9829,4,4152,104,47,2026-01-05,BATCH-9829,2029-11-16,2026-01-05,
9830,6,203,26,30,2026-01-03,BATCH-9830,2027-11-21,2026-01-03,Below reorder level - reorder placed 2026-01-08
9831,10,1625,58,20,2026-01-30,BATCH-9831,2026-10-17,2026-01-30,
9832,11,4941,97,40,2026-06-05,BATCH-9832,2027-04-25,2026-06-05,
9833,8,3123,44,55,2025-09-27,BATCH-9833,2028-05-07,2025-09-27,Below reorder level - reorder placed 2025-10-07
9834,11,4154,37,25,2026-05-10,BATCH-9834,2029-08-22,2026-05-10,
9835,4,2647,108,39,2025-08-20,BATCH-9835,2027-01-09,2025-08-20,
9836,3,2988,10,26,2026-01-20,BATCH-9836,2026-12-14,2026-01-20,Below reorder level - reorder placed 2026-02-02
9837,11,1925,21,36,2025-09-11,BATCH-9837,2026-04-15,2025-09-11,Expiring in 0 days - flag for clearance; Below reorder level - reorder placed 2025-09-17
9838,12,304,95,23,2025-07-11,BATCH-9838,2027-05-05,2025-07-11,
9839,4,340,99,53,2025-10-07,BATCH-9839,2027-05-29,2025-10-07,
9840,5,4689,11,25,2026-04-10,BATCH-9840,2027-09-25,2026-04-10,Below reorder level - reorder placed 2026-04-19
9841,7,3053,60,37,2026-03-06,BATCH-9841,2027-03-22,2026-03-06,
9842,3,239,59,16,2025-07-26,BATCH-9842,2029-12-01,2025-07-26,
9843,12,3610,17,48,2025-08-11,BATCH-9843,2028-01-22,2025-08-11,
9844,11,3839,8,38,2026-08-16,BATCH-9844,2029-08-31,2026-08-16,Below reorder level - reorder placed 2026-08-19
9845,3,132,74,44,2026-03-14,BATCH-9845,2028-04-19,2026-03-14,
9846,2,3541,36,15,2026-08-23,BATCH-9846,2026-06-04,2026-08-23,Expiring in 0 days - flag for clearance
9847,1,33,17,44,2025-08-23,BATCH-9847,2027-11-01,2025-08-23,
9848,3,1640,57,53,2025-07-21,BATCH-9848,2029-02-05,2025-07-21,
9849,4,2893,92,34,2025-11-05,BATCH-9849,2026-06-07,2025-11-05,Expiring in 0 days - flag for clearance
9850,10,2654,114,37,2025-10-07,BATCH-9850,2029-05-27,2025-10-07,
9851,11,3214,29,53,2026-07-25,BATCH-9851,2029-01-08,2026-07-25,Below reorder level - reorder placed 2026-08-04
9852,5,1581,13,20,2025-08-21,BATCH-9852,2028-07-14,2025-08-21,
9853,10,4047,97,29,2025-08-05,BATCH-9853,2028-11-09,2025-08-05,
9854,4,3915,81,37,2026-03-15,BATCH-9854,2027-08-23,2026-03-15,
9855,1,2439,32,29,2025-07-04,BATCH-9855,2027-03-20,2025-07-04,
9856,4,1604,72,19,2026-01-10,BATCH-9856,2026-08-10,2026-01-10,Expiring in 0 days - flag for clearance
9857,4,1049,107,45,2025-12-21,BATCH-9857,2026-03-04,2025-12-21,Expiring in 0 days - flag for clearance
9858,1,2716,49,21,2026-03-18,BATCH-9858,2026-07-21,2026-03-18,Expiring in 0 days - flag for clearance
9859,9,4122,15,45,2026-06-25,BATCH-9859,2028-03-20,2026-06-25,
9860,3,146,6,51,2025-11-09,BATCH-9860,2027-04-28,2025-11-09,Below reorder level - reorder placed 2025-11-15
9861,11,3267,116,41,2025-09-02,BATCH-9861,2026-12-04,2025-09-02,
9862,7,4983,58,58,2026-08-24,BATCH-9862,2026-11-06,2026-08-24,
9863,1,4323,66,40,2025-12-27,BATCH-9863,2027-12-14,2025-12-27,
9864,1,3937,102,53,2025-11-05,BATCH-9864,2027-01-06,2025-11-05,
9865,11,3855,5,50,2025-07-05,BATCH-9865,2027-04-02,2025-07-05,Below reorder level - reorder placed 2025-07-17
9866,1,1792,2,51,2026-08-02,BATCH-9866,2029-06-11,2026-08-02,Below reorder level - reorder placed 2026-08-10
9867,11,735,14,42,2025-10-17,BATCH-9867,2028-09-15,2025-10-17,
9868,6,3084,52,49,2025-09-02,BATCH-9868,2028-06-22,2025-09-02,
9869,7,1957,57,17,2026-08-20,BATCH-9869,2026-06-12,2026-08-20,Expiring in 0 days - flag for clearance
9870,12,4793,66,33,2026-08-12,BATCH-9870,2028-06-27,2026-08-12,
9871,7,2893,105,32,2026-04-29,BATCH-9871,2026-06-07,2026-04-29,Expiring in 0 days - flag for clearance
9872,5,461,50,44,2025-10-24,BATCH-9872,2026-11-15,2025-10-24,Expiring in 66 days - monitor
9873,9,58,53,41,2025-07-12,BATCH-9873,2029-03-12,2025-07-12,
9874,8,2028,22,31,2025-10-10,BATCH-9874,2026-01-17,2025-10-10,Expiring in 0 days - flag for clearance
9875,8,845,64,26,2025-12-29,BATCH-9875,2026-11-02,2025-12-29,Expiring in 53 days - monitor
9876,4,1910,24,47,2025-07-04,BATCH-9876,2026-12-15,2025-07-04,Below reorder level - reorder placed 2025-07-09
9877,3,4934,106,46,2026-03-01,BATCH-9877,2026-03-27,2026-03-01,Expiring in 0 days - flag for clearance
9878,3,3830,96,56,2026-02-27,BATCH-9878,2026-12-01,2026-02-27,
9879,1,1545,3,57,2026-08-05,BATCH-9879,2028-05-11,2026-08-05,Below reorder level - reorder placed 2026-08-11
9880,9,2010,53,29,2025-10-21,BATCH-9880,2026-05-28,2025-10-21,Expiring in 0 days - flag for clearance
9881,4,4110,44,17,2025-09-20,BATCH-9881,2027-03-19,2025-09-20,
9882,12,2747,32,41,2026-06-14,BATCH-9882,2027-07-27,2026-06-14,Below reorder level - reorder placed 2026-06-23
9883,4,1112,32,23,2025-08-07,BATCH-9883,2029-07-13,2025-08-07,
9884,10,80,64,53,2026-01-02,BATCH-9884,2027-09-14,2026-01-02,
9885,7,718,103,23,2026-01-10,BATCH-9885,2028-11-08,2026-01-10,
9886,6,2116,23,21,2026-07-20,BATCH-9886,2028-11-03,2026-07-20,
9887,11,4665,95,51,2025-09-17,BATCH-9887,2029-09-18,2025-09-17,
9888,6,2997,44,20,2025-06-06,BATCH-9888,2028-10-30,2025-06-06,
9889,1,4680,55,58,2025-09-12,BATCH-9889,2028-10-25,2025-09-12,
9890,7,4175,44,17,2026-01-20,BATCH-9890,2028-09-05,2026-01-20,
9891,3,3013,26,55,2026-02-26,BATCH-9891,2028-07-07,2026-02-26,Below reorder level - reorder placed 2026-03-11
9892,3,3188,68,45,2026-07-22,BATCH-9892,2028-10-17,2026-07-22,
9893,3,1966,106,27,2025-12-03,BATCH-9893,2028-01-24,2025-12-03,
9894,5,3454,47,32,2025-08-22,BATCH-9894,2026-01-29,2025-08-22,Expiring in 0 days - flag for clearance
9895,4,2260,28,16,2026-06-13,BATCH-9895,2028-12-27,2026-06-13,
9896,5,3410,40,42,2025-08-31,BATCH-9896,2028-02-02,2025-08-31,Below reorder level - reorder placed 2025-09-06
9897,11,3818,91,25,2026-03-06,BATCH-9897,2027-06-15,2026-03-06,
9898,7,2959,74,59,2026-03-28,BATCH-9898,2029-01-12,2026-03-28,
9899,8,3602,103,19,2026-03-23,BATCH-9899,2028-11-16,2026-03-23,
9900,5,2046,29,31,2025-07-07,BATCH-9900,2026-12-05,2025-07-07,Below reorder level - reorder placed 2025-07-19
9901,10,3485,87,25,2025-11-04,BATCH-9901,2029-04-10,2025-11-04,
9902,5,3507,52,51,2025-06-17,BATCH-9902,2029-11-20,2025-06-17,
9903,10,109,89,52,2025-06-18,BATCH-9903,2028-09-09,2025-06-18,
9904,12,716,65,57,2026-03-29,BATCH-9904,2026-03-28,2026-03-29,Expiring in 0 days - flag for clearance
9905,7,3097,97,23,2025-08-10,BATCH-9905,2028-05-11,2025-08-10,
9906,10,3217,116,17,2025-08-12,BATCH-9906,2026-02-26,2025-08-12,Expiring in 0 days - flag for clearance
9907,2,2958,79,29,2026-07-07,BATCH-9907,2026-02-09,2026-07-07,Expiring in 0 days - flag for clearance
9908,4,21,118,57,2025-06-29,BATCH-9908,2026-01-12,2025-06-29,Expiring in 0 days - flag for clearance
9909,11,1200,1,36,2026-03-09,BATCH-9909,2028-01-24,2026-03-09,Below reorder level - reorder placed 2026-03-18
9910,7,1694,11,56,2026-08-07,BATCH-9910,2026-12-12,2026-08-07,Below reorder level - reorder placed 2026-08-15
9911,11,1359,6,57,2025-07-06,BATCH-9911,2027-11-03,2025-07-06,Below reorder level - reorder placed 2025-07-14
9912,9,4817,50,29,2026-02-15,BATCH-9912,2029-06-23,2026-02-15,
9913,11,1424,58,17,2025-06-30,BATCH-9913,2029-08-03,2025-06-30,
9914,6,3958,77,22,2026-04-24,BATCH-9914,2026-10-08,2026-04-24,Expiring in 28 days - flag for clearance
9915,12,3176,31,28,2026-03-30,BATCH-9915,2029-12-04,2026-03-30,
9916,11,3837,70,37,2026-04-24,BATCH-9916,2026-03-02,2026-04-24,Expiring in 0 days - flag for clearance
9917,6,2079,52,20,2026-08-02,BATCH-9917,2028-04-03,2026-08-02,
9918,6,976,35,30,2026-01-01,BATCH-9918,2026-03-19,2026-01-01,Expiring in 0 days - flag for clearance
9919,9,2695,53,32,2025-08-12,BATCH-9919,2028-10-06,2025-08-12,
9920,10,1925,50,55,2025-07-30,BATCH-9920,2026-04-15,2025-07-30,Expiring in 0 days - flag for clearance; Below reorder level - reorder placed 2025-08-10
9921,8,4462,98,53,2026-03-29,BATCH-9921,2027-03-07,2026-03-29,
9922,8,3080,81,55,2025-09-03,BATCH-9922,2027-08-08,2025-09-03,
9923,1,2940,95,18,2026-07-21,BATCH-9923,2026-11-29,2026-07-21,
9924,2,4940,76,36,2025-07-11,BATCH-9924,2027-12-22,2025-07-11,
9925,11,4677,73,42,2025-09-27,BATCH-9925,2029-04-21,2025-09-27,
9926,6,2701,110,15,2025-07-06,BATCH-9926,2026-02-03,2025-07-06,Expiring in 0 days - flag for clearance
9927,8,4773,11,28,2025-08-26,BATCH-9927,2029-10-11,2025-08-26,Below reorder level - reorder placed 2025-08-29
9928,9,4821,2,21,2026-03-04,BATCH-9928,2026-10-31,2026-03-04,Expiring in 51 days - monitor; Below reorder level - reorder placed 2026-03-07
9929,11,4399,85,40,2025-10-09,BATCH-9929,2027-05-10,2025-10-09,
9930,8,1830,83,36,2026-04-10,BATCH-9930,2026-11-07,2026-04-10,
9931,2,468,72,25,2026-08-15,BATCH-9931,2028-05-15,2026-08-15,
9932,6,797,9,20,2026-02-09,BATCH-9932,2026-07-08,2026-02-09,Expiring in 0 days - flag for clearance; Below reorder level - reorder placed 2026-02-18
9933,6,1296,107,50,2025-08-07,BATCH-9933,2027-10-21,2025-08-07,
9934,1,4358,59,28,2025-09-30,BATCH-9934,2029-07-15,2025-09-30,
9935,6,800,119,57,2025-10-28,BATCH-9935,2027-10-17,2025-10-28,
9936,9,4992,113,52,2026-07-26,BATCH-9936,2026-11-13,2026-07-26,
9937,2,1373,113,37,2025-12-09,BATCH-9937,2026-06-26,2025-12-09,Expiring in 0 days - flag for clearance
9938,6,1571,65,44,2026-07-16,BATCH-9938,2029-12-05,2026-07-16,
9939,8,431,88,27,2025-07-07,BATCH-9939,2026-06-12,2025-07-07,Expiring in 0 days - flag for clearance
9940,11,3959,51,44,2026-01-25,BATCH-9940,2027-04-14,2026-01-25,
9941,1,2423,107,30,2026-08-03,BATCH-9941,2028-03-25,2026-08-03,
9942,2,4210,111,56,2026-04-10,BATCH-9942,2026-01-05,2026-04-10,Expiring in 0 days - flag for clearance
9943,8,2924,6,54,2026-08-11,BATCH-9943,2026-11-19,2026-08-11,Below reorder level - reorder placed 2026-08-16
9944,11,945,56,57,2025-06-16,BATCH-9944,2026-08-20,2025-06-16,Expiring in 0 days - flag for clearance; Below reorder level - reorder placed 2025-06-27
9945,8,2038,66,33,2026-01-07,BATCH-9945,2029-04-20,2026-01-07,
9946,1,4274,68,24,2025-08-07,BATCH-9946,2027-02-07,2025-08-07,
9947,6,3352,80,45,2025-07-08,BATCH-9947,2028-06-08,2025-07-08,
9948,12,959,115,23,2025-07-05,BATCH-9948,2029-11-28,2025-07-05,
9949,8,931,87,20,2025-06-01,BATCH-9949,2029-01-08,2025-06-01,
9950,1,3599,50,31,2026-07-05,BATCH-9950,2027-11-05,2026-07-05,
9951,2,818,6,34,2025-11-29,BATCH-9951,2026-12-16,2025-11-29,Below reorder level - reorder placed 2025-12-09
9952,5,4774,114,53,2025-12-15,BATCH-9952,2025-12-14,2025-12-15,Expiring in 0 days - flag for clearance
9953,5,3475,109,38,2025-08-15,BATCH-9953,2027-10-04,2025-08-15,
9954,10,4121,14,42,2026-06-16,BATCH-9954,2030-01-20,2026-06-16,Below reorder level - reorder placed 2026-06-26
9955,4,1877,94,34,2025-11-30,BATCH-9955,2029-01-12,2025-11-30,
9956,4,3733,12,50,2025-10-27,BATCH-9956,2028-12-24,2025-10-27,Below reorder level - reorder placed 2025-11-09
9957,8,1502,36,23,2025-07-21,BATCH-9957,2029-05-08,2025-07-21,
9958,11,1215,3,38,2026-03-06,BATCH-9958,2027-04-19,2026-03-06,Below reorder level - reorder placed 2026-03-13
9959,11,4220,10,39,2026-07-25,BATCH-9959,2029-03-14,2026-07-25,
9960,6,2535,63,27,2026-07-31,BATCH-9960,2029-06-13,2026-07-31,
9961,1,3318,98,47,2026-06-17,BATCH-9961,2027-05-29,2026-06-17,
9962,11,1695,13,38,2026-08-25,BATCH-9962,2026-12-26,2026-08-25,Below reorder level - reorder placed 2026-08-28
9963,4,866,81,22,2025-10-15,BATCH-9963,2027-06-16,2025-10-15,
9964,4,3969,7,55,2026-06-23,BATCH-9964,2028-09-02,2026-06-23,Below reorder level - reorder placed 2026-07-06
9965,8,1425,32,55,2026-04-05,BATCH-9965,2026-02-01,2026-04-05,Expiring in 0 days - flag for clearance
9966,11,3739,8,54,2026-02-09,BATCH-9966,2027-07-26,2026-02-09,Below reorder level - reorder placed 2026-02-17
9967,2,393,26,46,2025-10-23,BATCH-9967,2026-12-18,2025-10-23,Below reorder level - reorder placed 2025-11-03
9968,2,3397,111,58,2026-04-02,BATCH-9968,2028-04-12,2026-04-02,
9969,12,4929,47,56,2025-11-30,BATCH-9969,2026-07-27,2025-11-30,Expiring in 0 days - flag for clearance
9970,12,2384,35,23,2026-05-07,BATCH-9970,2026-07-28,2026-05-07,Expiring in 0 days - flag for clearance
9971,7,512,20,18,2025-10-10,BATCH-9971,2026-01-08,2025-10-10,Expiring in 0 days - flag for clearance
9972,2,726,111,58,2026-08-18,BATCH-9972,2028-01-23,2026-08-18,
9973,5,1285,99,20,2025-10-04,BATCH-9973,2026-01-05,2025-10-04,Expiring in 0 days - flag for clearance
9974,5,1118,18,42,2026-01-02,BATCH-9974,2029-07-24,2026-01-02,Below reorder level - reorder placed 2026-01-13
9975,3,438,17,27,2026-01-12,BATCH-9975,2027-08-02,2026-01-12,
9976,1,4594,13,25,2025-10-24,BATCH-9976,2028-05-26,2025-10-24,Below reorder level - reorder placed 2025-10-29
9977,3,4465,61,55,2026-04-01,BATCH-9977,2029-04-08,2026-04-01,
9978,8,1532,89,57,2026-08-29,BATCH-9978,2027-04-08,2026-08-29,
9979,8,3415,2,33,2025-11-07,BATCH-9979,2026-05-13,2025-11-07,Expiring in 0 days - flag for clearance; Below reorder level - reorder placed 2025-11-11
9980,4,1024,34,53,2025-08-19,BATCH-9980,2028-09-13,2025-08-19,Below reorder level - reorder placed 2025-08-26
9981,11,3899,101,45,2025-11-30,BATCH-9981,2026-04-02,2025-11-30,Expiring in 0 days - flag for clearance
9982,10,2075,95,17,2026-08-15,BATCH-9982,2029-05-20,2026-08-15,
9983,1,3791,67,24,2026-07-31,BATCH-9983,2026-06-20,2026-07-31,Expiring in 0 days - flag for clearance
9984,4,3308,110,30,2025-08-23,BATCH-9984,2026-12-31,2025-08-23,
9985,9,4290,116,43,2025-10-14,BATCH-9985,2026-01-24,2025-10-14,Expiring in 0 days - flag for clearance
9986,10,3354,67,56,2025-11-18,BATCH-9986,2026-02-14,2025-11-18,Expiring in 0 days - flag for clearance
9987,8,2072,12,44,2026-01-28,BATCH-9987,2027-02-05,2026-01-28,
9988,3,854,87,25,2026-08-29,BATCH-9988,2026-12-12,2026-08-29,
9989,2,4323,8,32,2025-10-12,BATCH-9989,2027-12-14,2025-10-12,Below reorder level - reorder placed 2025-10-24
9990,4,551,22,16,2025-10-31,BATCH-9990,2026-03-26,2025-10-31,Expiring in 0 days - flag for clearance
9991,4,1282,8,47,2025-11-25,BATCH-9991,2027-12-02,2025-11-25,Below reorder level - reorder placed 2025-12-06
9992,11,3129,48,27,2026-02-01,BATCH-9992,2028-09-26,2026-02-01,
9993,3,2876,49,51,2026-02-17,BATCH-9993,2028-07-06,2026-02-17,
9994,4,4476,113,59,2026-06-29,BATCH-9994,2029-01-06,2026-06-29,
9995,4,3294,26,43,2025-08-02,BATCH-9995,2028-01-07,2025-08-02,Below reorder level - reorder placed 2025-08-08
9996,5,4862,53,28,2025-08-11,BATCH-9996,2029-01-05,2025-08-11,
9997,1,1401,72,21,2026-04-23,BATCH-9997,2027-01-06,2026-04-23,
9998,7,362,28,18,2026-06-07,BATCH-9998,2029-06-14,2026-06-07,
9999,8,586,97,33,2025-11-29,BATCH-9999,2027-06-18,2025-11-29,
10000,3,3031,44,41,2025-09-16,BATCH-10000,2027-07-15,2025-09-16,
